Synthesis report
Wed Jun 24 12:34:54 2026
Quartus Prime Version 25.1.1 Build 125 07/31/2025 Patches 1.31 SC Pro Edition


---------------------
; Table of Contents ;
---------------------
  1. Legal Notice
  2. Synthesis Summary
  3. Synthesis Settings
  4. Synthesis Source Files Read
  5. Synthesis IP Cores Summary
  6. Synthesis Partition Summary
---- Analysis & Elaboration Stage Reports ----
       7. Source Assignments for User Entity altera_reset_controller Instance: rst_controller
       8. Source Assignments for User Entity altera_reset_controller_1 Instance: rst_controller_001
       9. Source Assignments for User Entity altera_avalon_jtag_uart Instance: debug|debug
      10. Ignored Source Level Assignments for User Entity altera_avalon_jtag_uart Instance: debug|debug
      11. Source Assignments for User Entity niosv_altera_merlin_demultiplexer_1921_gf66usy Instance: mm_interconnect_0|rsp_demux_002
      12. Source Assignments for User Entity niosv_altera_merlin_demultiplexer_1921_eqthw6y Instance: mm_interconnect_0|cmd_demux_003
      13. Source Assignments for User Entity niosv_altera_merlin_demultiplexer_1921_s633mky Instance: mm_interconnect_0|rsp_demux_003
      14. Source Assignments for User Entity altera_reset_synchronizer Instance: my_niosv|my_niosv|rst_controller_001|alt_rst_sync_uq1
      15. Source Assignments for User Entity altera_reset_synchronizer_1 Instance: my_niosv|my_niosv|rst_controller_001|alt_rst_req_sync_uq1
      16. Source Assignments for User Entity altera_reset_synchronizer_2 Instance: rst_controller_001|alt_rst_sync_uq1
      17. Ignored Source Level Assignments for User Entity altera_avalon_jtag_uart_scfifo_w Instance: debug|debug|altera_avalon_jtag_uart_scfifo_w
      18. Ignored Source Level Assignments for User Entity altera_avalon_jtag_uart_scfifo_r Instance: debug|debug|altera_avalon_jtag_uart_scfifo_r
      19. Source Assignments for User Entity altera_reset_controller_2 Instance: my_niosv|my_niosv|rst_controller
      20. Source Assignments for User Entity altera_reset_controller_3 Instance: my_niosv|my_niosv|rst_controller_001
      21. Parameter Settings for User Entity altera_reset_controller Instance: rst_controller
      22. Parameter Settings for User Entity altera_reset_controller_1 Instance: rst_controller_001
      23. Parameter Settings for User Entity altera_avalon_jtag_uart Instance: debug|debug
      24. Parameter Settings for User Entity niosv_intel_onchip_memory_0_intel_onchip_memory_1410_tz44c5y Instance: sram|intel_onchip_memory_0
      25. Parameter Settings for User Entity niosv_altera_merlin_slave_translator_191_xg7rzxi Instance: mm_interconnect_0|debug_avalon_jtag_slave_translator
      26. Parameter Settings for User Entity niosv_altera_merlin_slave_translator_191_xg7rzxi_1 Instance: mm_interconnect_0|my_niosv_dm_agent_translator
      27. Parameter Settings for User Entity niosv_altera_merlin_slave_translator_191_xg7rzxi_2 Instance: mm_interconnect_0|sram_s1_translator
      28. Parameter Settings for User Entity niosv_altera_merlin_slave_translator_191_xg7rzxi_3 Instance: mm_interconnect_0|my_niosv_timer_sw_agent_translator
      29. Parameter Settings for User Entity niosv_altera_merlin_axi_master_ni_19112_2jrcixq Instance: mm_interconnect_0|my_niosv_data_manager_agent
      30. Parameter Settings for User Entity niosv_altera_merlin_axi_master_ni_19112_2jrcixq_1 Instance: mm_interconnect_0|my_niosv_instruction_manager_agent
      31. Parameter Settings for User Entity niosv_altera_merlin_slave_agent_1930_jxauz3i Instance: mm_interconnect_0|my_niosv_timer_sw_agent_agent
      32. Parameter Settings for User Entity niosv_altera_avalon_sc_fifo_1932_22gxxgi Instance: mm_interconnect_0|my_niosv_timer_sw_agent_agent_rsp_fifo
      33. Parameter Settings for User Entity niosv_altera_avalon_sc_fifo_1932_22gxxgi_1 Instance: mm_interconnect_0|my_niosv_timer_sw_agent_agent_rdata_fifo
      34. Parameter Settings for User Entity niosv_altera_avalon_sc_fifo_1932_22gxxgi_2 Instance: mm_interconnect_0|my_niosv_dm_agent_agent_rsp_fifo
      35. Parameter Settings for User Entity niosv_altera_avalon_sc_fifo_1932_22gxxgi_3 Instance: mm_interconnect_0|my_niosv_dm_agent_agent_rdata_fifo
      36. Parameter Settings for User Entity niosv_altera_merlin_traffic_limiter_1921_2thi65i Instance: mm_interconnect_0|my_niosv_instruction_manager_rd_limiter
      37. Parameter Settings for User Entity altera_reset_synchronizer Instance: my_niosv|my_niosv|rst_controller_001|alt_rst_sync_uq1
      38. Parameter Settings for User Entity altera_reset_synchronizer_1 Instance: my_niosv|my_niosv|rst_controller_001|alt_rst_req_sync_uq1
      39. Parameter Settings for User Entity altera_reset_synchronizer_2 Instance: rst_controller_001|alt_rst_sync_uq1
      40. Parameter Settings for User Entity altera_avalon_jtag_uart_scfifo_w Instance: debug|debug|altera_avalon_jtag_uart_scfifo_w
      41. Parameter Settings for User Entity altera_avalon_jtag_uart_scfifo_r Instance: debug|debug|altera_avalon_jtag_uart_scfifo_r
      42. Parameter Settings for User Entity niosv_intel_niosv_m_0_intel_niosv_m_unit_2600_ez2mqoy Instance: my_niosv|my_niosv|hart
      43. Parameter Settings for User Entity altera_reset_controller_2 Instance: my_niosv|my_niosv|rst_controller
      44. Parameter Settings for User Entity altera_reset_controller_3 Instance: my_niosv|my_niosv|rst_controller_001
      45. Parameter Settings for User Entity altera_syncram Instance: sram|intel_onchip_memory_0|altera_syncram_component
      46. Parameter Settings for User Entity altera_merlin_burst_uncompressor Instance: mm_interconnect_0|my_niosv_timer_sw_agent_agent|uncompressor
      47. Parameter Settings for User Entity niosv_altera_merlin_router_1921_f7bfoqi_default_decode Instance: mm_interconnect_0|router_001|the_default_decode
      48. Parameter Settings for User Entity niosv_altera_merlin_router_1921_6midycq_default_decode Instance: mm_interconnect_0|router_003|the_default_decode
      49. Parameter Settings for User Entity niosv_altera_merlin_router_1921_m7xr3oa_default_decode Instance: mm_interconnect_0|router_007|the_default_decode
      50. Parameter Settings for User Entity niosv_altera_merlin_router_1921_5zprxna_default_decode Instance: mm_interconnect_0|router_006|the_default_decode
      51. Parameter Settings for User Entity altera_merlin_arbitrator Instance: mm_interconnect_0|cmd_mux_003|arb
      52. Parameter Settings for User Entity altera_merlin_arbitrator_1 Instance: mm_interconnect_0|cmd_mux_002|arb
      53. Parameter Settings for User Entity altera_merlin_arbitrator_2 Instance: mm_interconnect_0|rsp_mux_001|arb
      54. Parameter Settings for User Entity altera_merlin_arbitrator_3 Instance: mm_interconnect_0|rsp_mux_003|arb
      55. Parameter Settings for User Entity scfifo Instance: debug|debug|altera_avalon_jtag_uart_scfifo_r|rfifo
      56. Parameter Settings for User Entity altera_merlin_arb_adder Instance: mm_interconnect_0|cmd_mux_003|arb|adder
      57. Parameter Settings for User Entity altera_merlin_arb_adder_1 Instance: mm_interconnect_0|cmd_mux_002|arb|adder
      58. System Level Debug Agent Report
      59. Top Causes of Logic Optimized Away During Sweep
---- Logic Synthesis Stage Reports ----
      60. Partition "root_partition" Resource Utilization by Entity
      61. State Machine - Summary
      62. State Machine - my_niosv|my_niosv|dbg_mod|dm_inst|dm_state
      63. Registers Protected by Synthesis
      64. Registers Removed During Synthesis
      65. Removed Registers Triggering Further Register Optimizations
      66. General Register Statistics for Partition "root_partition"
      67. Inverted Register Statistics
      68. Multiplexer Restructuring Statistics (Restructuring Performed)
      69. Post-Synthesis Netlist Statistics for Partition "root_partition"
      70. Synthesis Resource Usage Summary for Partition "root_partition"
      71. Synthesis RAM Summary for Partition "root_partition"
      72. Partition "auto_fab_0" Resource Utilization by Entity
      73. General Register Statistics for Partition "auto_fab_0"
      74. Inverted Register Statistics
      75. Multiplexer Restructuring Statistics (Restructuring Performed)
      76. Post-Synthesis Netlist Statistics for Partition "auto_fab_0"
      77. Synthesis Resource Usage Summary for Partition "auto_fab_0"
 78. General Warnings
 79. Synthesis Messages



----------------
; Legal Notice ;
----------------
Copyright (C) 2025  Altera Corporation. All rights reserved.
Your use of Altera Corporation's design tools, logic functions 
and other software and tools, and any partner logic 
functions, and any output files from any of the foregoing 
(including device programming or simulation files), and any 
associated documentation or information are expressly subject 
to the terms and conditions of the Altera Program License 
Subscription Agreement, the Altera Quartus Prime License Agreement,
the Altera IP License Agreement, or other applicable license
agreement, including, without limitation, that your use is for
the sole purpose of programming logic devices manufactured by
Altera and sold by Altera or its authorized distributors.  Please
refer to the Altera Software License Subscription Agreements 
on the Quartus Prime software download page.



+------------------------------------------------------------------------------------------------+
; Synthesis Summary                                                                              ;
+--------------------------------------+---------------------------------------------------------+
; Synthesis Status                     ; Successful - Wed Jun 24 12:34:53 2026                   ;
; Revision Name                        ; niosv                                                   ;
; Top-level Entity Name                ; niosv                                                   ;
; Family                               ; Agilex 5                                                ;
; Quartus Prime Version                ; 25.1.1 Build 125 07/31/2025 Patches 1.31 SC Pro Edition ;
; Device                               ; A5ED065BB32AE6SR0                                       ;
; Logic utilization estimate (in ALMs) ; 2,357 / 222,400 ( 1 % )                                 ;
; Total dedicated logic registers      ; 3056                                                    ;
; Estimated DSP Blocks Post-Merging    ; 0                                                       ;
+--------------------------------------+---------------------------------------------------------+


+-------------------------------------------------------------------------------------------------------------------------------------+
; Synthesis Settings                                                                                                                  ;
+---------------------------------------------------------------------------------+-------------------------+-------------------------+
; Option                                                                          ; Setting                 ; Default Value           ;
+---------------------------------------------------------------------------------+-------------------------+-------------------------+
; Device                                                                          ; A5ED065BB32AE6SR0       ;                         ;
; Top-level entity name                                                           ; niosv                   ; niosv                   ;
; Family name                                                                     ; Agilex 5                ; Cyclone 10 GX           ;
; Enable parallel Assembler and Timing Analyzer during compilation                ; On                      ; On                      ;
; Enable compact report table                                                     ; Off                     ; Off                     ;
; Enable Design Assistant in the compilation flow                                 ; On                      ; On                      ;
; Design Assistant include IP blocks                                              ; Off                     ; Off                     ;
; High fanout net threshold for RAM inference                                     ; 15                      ; 15                      ;
; Design Assistant limit on reported violations per rule                          ; 5000                    ; 5000                    ;
; Optimization Mode                                                               ; Balanced                ; Balanced                ;
; Allow Register Retiming                                                         ; On                      ; On                      ;
; Allow RAM Retiming                                                              ; Off                     ; Off                     ;
; Allow DSP Retiming                                                              ; Off                     ; Off                     ;
; Restructure Multiplexers                                                        ; Auto                    ; Auto                    ;
; Waive gated clock synchronizer check                                            ; On                      ; On                      ;
; MLAB Add Timing Constraints For Mixed-Port Feed-Through Mode Setting Don't Care ; Off                     ; Off                     ;
; Preserve fewer node names                                                       ; On                      ; On                      ;
; Intel FPGA IP Evaluation Mode                                                   ; Enable                  ; Enable                  ;
; Verilog Version                                                                 ; Verilog_2001            ; Verilog_2001            ;
; VHDL Version                                                                    ; VHDL_1993               ; VHDL_1993               ;
; State Machine Processing                                                        ; Auto                    ; Auto                    ;
; Safe State Machine                                                              ; Auto                    ; Auto                    ;
; Iteration limit for constant Verilog loops                                      ; 5000                    ; 5000                    ;
; Iteration limit for non-constant Verilog loops                                  ; 250                     ; 250                     ;
; Infer RAMs from Raw Logic                                                       ; On                      ; On                      ;
; DSP Action on miss                                                              ; Ignore                  ; Ignore                  ;
; DSP Block Balancing                                                             ; Auto                    ; Auto                    ;
; NOT Gate Push-Back                                                              ; On                      ; On                      ;
; Power-Up Don't Care                                                             ; On                      ; On                      ;
; Remove Redundant Logic Cells                                                    ; Off                     ; Off                     ;
; Remove Duplicate Registers                                                      ; On                      ; On                      ;
; Ignore GLOBAL Buffers                                                           ; Off                     ; Off                     ;
; Ignore LCELL Buffers                                                            ; Off                     ; Off                     ;
; Ignore SOFT Buffers                                                             ; On                      ; On                      ;
; Optimization Technique                                                          ; Balanced                ; Balanced                ;
; Auto Open-Drain Pins                                                            ; On                      ; On                      ;
; Perform WYSIWYG Primitive Resynthesis                                           ; Off                     ; Off                     ;
; Auto ROM Replacement                                                            ; On                      ; On                      ;
; Auto RAM Replacement                                                            ; On                      ; On                      ;
; Auto DSP Block Replacement                                                      ; On                      ; On                      ;
; Auto Shift Register Replacement                                                 ; Auto                    ; Auto                    ;
; Allow Shift Register Merging across Hierarchies                                 ; Auto                    ; Auto                    ;
; Physical Shift Register Inference                                               ; On                      ; On                      ;
; Auto Clock Enable Replacement                                                   ; On                      ; On                      ;
; Strict RAM Replacement                                                          ; Off                     ; Off                     ;
; Allow Synchronous Control Signals                                               ; On                      ; On                      ;
; Force Use of Synchronous Clear Signals                                          ; Off                     ; Off                     ;
; Auto Resource Sharing                                                           ; Off                     ; Off                     ;
; Allow Any RAM Size For Recognition                                              ; Off                     ; Off                     ;
; Allow Any Shift Register Size For Recognition                                   ; Off                     ; Off                     ;
; Ignore translate_off and synthesis_off directives                               ; Off                     ; Off                     ;
; Report Propagation of Constraints                                               ; On                      ; On                      ;
; Ignore Maximum Fan-Out Assignments                                              ; Off                     ; Off                     ;
; Synchronization Register Chain Length                                           ; 3                       ; 3                       ;
; Power Optimization During Synthesis                                             ; Normal compilation      ; Normal compilation      ;
; HDL message level                                                               ; Level2                  ; Level2                  ;
; Number of Protected Registers Reported in Synthesis Report                      ; 100                     ; 100                     ;
; Number of Removed Registers Reported in Synthesis Report                        ; 5000                    ; 5000                    ;
; Number of Optimized Away Hierarchies Reported in Synthesis Report               ; 100                     ; 100                     ;
; Number of Top Root Causes Reported in Synthesis Report                          ; 10                      ; 10                      ;
; Group Identical Hierarchies in Optimized Away Hierarchies Report                ; On                      ; On                      ;
; Number of Swept Nodes Reported in Synthesis Report                              ; 5000                    ; 5000                    ;
; Number of Inverted Registers Reported in Synthesis Report                       ; 100                     ; 100                     ;
; Clock MUX Protection                                                            ; On                      ; On                      ;
; Auto Gated Clock Conversion                                                     ; Off                     ; Off                     ;
; Block Design Naming                                                             ; Auto                    ; Auto                    ;
; SDC constraint protection                                                       ; Off                     ; Off                     ;
; Optimization and Constraint Precedence                                          ; Prioritize Optimization ; Prioritize Optimization ;
; Synthesis Effort                                                                ; Auto                    ; Auto                    ;
; Shift Register Replacement - Allow Asynchronous Clear Signal                    ; On                      ; On                      ;
; Analysis & Synthesis Message Level                                              ; Medium                  ; Medium                  ;
; Disable Register Merging Across Hierarchies                                     ; Auto                    ; Auto                    ;
; Resource Aware Inference For Block RAM                                          ; On                      ; On                      ;
; Automatic Parallel Synthesis                                                    ; On                      ; On                      ;
; Partial Reconfiguration Bitstream ID                                            ; Off                     ; Off                     ;
; Disable DSP Negate Inferencing                                                  ; Off                     ; Off                     ;
; Report Parameter Settings                                                       ; On                      ; On                      ;
; Report Parameter Settings to ASCII                                              ; On                      ; On                      ;
; Report Source Assignments                                                       ; On                      ; On                      ;
; Report Source Assignments to ASCII                                              ; On                      ; On                      ;
; Report Resource Utilization by Entity to ASCII                                  ; On                      ; On                      ;
; Size of the Latch Report                                                        ; 100                     ; 100                     ;
; Enable VHDL static assertion support                                            ; Off                     ; Off                     ;
; Enable SystemVerilog static assertion support                                   ; Off                     ; Off                     ;
; Enable State Machines Inference                                                 ; On                      ; On                      ;
; Allow RAMs Inferred In Generate-For Loop For Verilog                            ; Off                     ; Off                     ;
; Enable formal verification support during compilation                           ; Off                     ; Off                     ;
; Size of the PR Initial Conditions Report                                        ; 100                     ; 100                     ;
; Number of Registers with Ignored Power-Up Settings Reported in Synthesis Report ; 500                     ; 500                     ;
; Report PR Initial Values as Errors                                              ; Off                     ; Off                     ;
; Fractal Synthesis                                                               ; Off                     ; Off                     ;
; Aggressive Multiplexer Area Optimization                                        ; Auto                    ; Auto                    ;
; 6LUT to Extended Mode Conversion                                                ; Auto                    ; Auto                    ;
; Synthesis Available Resource Multiplier                                         ; 1                       ; 1                       ;
; Message Level for Unconnected Output Ports                                      ; Warning                 ; Warning                 ;
; Pack Barrelshifters into Carry Chains for Better Area                           ; Auto                    ; Auto                    ;
; Initialize Verilog enums to X                                                   ; Off                     ; Off                     ;
; Enable dynamic report                                                           ; Off                     ; Off                     ;
; Show Collapsible Rows in Ascii Report for Warning Summary Reports               ; On                      ; On                      ;
; Enable RTL Analysis Debug Mode                                                  ; Off                     ; Off                     ;
; Enable preserve for debug assignments                                           ; Off                     ; Off                     ;
+---------------------------------------------------------------------------------+-------------------------+-------------------------+


+-------------------------------------------------------------------------------------------------------------------------------------------------------------------------------------------------------------------------------------------------------------------------------------------------------------------------------------------------------------------------------------------------------------------------------------------------------------------------------------------------------------------------------------------------------------------------------------------------------------------------------------------------------------------------+
; Synthesis Source Files Read                                                                                                                                                                                                                                                                                                                                                                                                                                                                                                                                                                                                                                             ;
+----------------------------------------------------------------------------------------------------------------------------------------------------------------------------------------+-------------------------------------------------+--------------------------------------------------------------------------------------------------------------------------------------------------------------------------------------------------------------------+------------------------------------------------------+----------------------------------------------------------------------------+----------------------------------+----------------------------------+
; File Name with User-Entered Path                                                                                                                                                       ; File Type                                       ; File Name with Absolute Path                                                                                                                                                                                       ; Library                                              ; IP Source                                                                  ; Include Files                    ; MD5                              ;
+----------------------------------------------------------------------------------------------------------------------------------------------------------------------------------------+-------------------------------------------------+--------------------------------------------------------------------------------------------------------------------------------------------------------------------------------------------------------------------+------------------------------------------------------+----------------------------------------------------------------------------+----------------------------------+----------------------------------+
; ip/niosv/niosv_clock_in.ip                                                                                                                                                             ; User-Specified IP File                          ; /mnt/ssd2/hamza/hello_world/ip/niosv/niosv_clock_in.ip                                                                                                                                                             ;                                                      ;                                                                            ;                                  ; 1cf917222defb9219a0b89ee73cf3f7c ;
; ip/niosv/niosv_clock_in/synth/niosv_clock_in.v                                                                                                                                         ; User-Specified Verilog HDL File                 ; /mnt/ssd2/hamza/hello_world/ip/niosv/niosv_clock_in/synth/niosv_clock_in.v                                                                                                                                         ; niosv_clock_in                                       ; ip/niosv/niosv_clock_in.ip                                                 ;                                  ; c358e1e425b14d1e6f96c9ee82c4323d ;
; ip/niosv/niosv_reset_in.ip                                                                                                                                                             ; User-Specified IP File                          ; /mnt/ssd2/hamza/hello_world/ip/niosv/niosv_reset_in.ip                                                                                                                                                             ;                                                      ;                                                                            ;                                  ; 06368efc9c9712b7bc8b3a908e4df6ac ;
; ip/niosv/niosv_reset_in/synth/niosv_reset_in.v                                                                                                                                         ; User-Specified Verilog HDL File                 ; /mnt/ssd2/hamza/hello_world/ip/niosv/niosv_reset_in/synth/niosv_reset_in.v                                                                                                                                         ; niosv_reset_in                                       ; ip/niosv/niosv_reset_in.ip                                                 ;                                  ; fed073b97f4de174bff37c5fd1731571 ;
; niosv.qsys                                                                                                                                                                             ; User-Specified IP File                          ; /mnt/ssd2/hamza/hello_world/niosv.qsys                                                                                                                                                                             ;                                                      ;                                                                            ;                                  ; 70a1fab4786ef35b2e5f5de490a7b54f ;
; niosv/altera_merlin_slave_translator_191/synth/niosv_altera_merlin_slave_translator_191_xg7rzxi.sv                                                                                     ; User-Specified SystemVerilog HDL File           ; /mnt/ssd2/hamza/hello_world/niosv/altera_merlin_slave_translator_191/synth/niosv_altera_merlin_slave_translator_191_xg7rzxi.sv                                                                                     ; altera_merlin_slave_translator_191                   ; niosv.qsys                                                                 ;                                  ; 04bfb0e351841677114959e94a0398f1 ;
; niosv/altera_merlin_axi_master_ni_19112/synth/altera_merlin_address_alignment.sv                                                                                                       ; User-Specified SystemVerilog HDL File           ; /mnt/ssd2/hamza/hello_world/niosv/altera_merlin_axi_master_ni_19112/synth/altera_merlin_address_alignment.sv                                                                                                       ; altera_merlin_axi_master_ni_19112                    ; niosv.qsys                                                                 ;                                  ; 96c18e64113d2de20655c49876cc2ec2 ;
; niosv/altera_merlin_axi_master_ni_19112/synth/niosv_altera_merlin_axi_master_ni_19112_2jrcixq.sv                                                                                       ; User-Specified SystemVerilog HDL File           ; /mnt/ssd2/hamza/hello_world/niosv/altera_merlin_axi_master_ni_19112/synth/niosv_altera_merlin_axi_master_ni_19112_2jrcixq.sv                                                                                       ; altera_merlin_axi_master_ni_19112                    ; niosv.qsys                                                                 ;                                  ; ac4e19c11e5f03a0338c32141560fb6e ;
; niosv/altera_merlin_slave_agent_1930/synth/niosv_altera_merlin_slave_agent_1930_jxauz3i.sv                                                                                             ; User-Specified SystemVerilog HDL File           ; /mnt/ssd2/hamza/hello_world/niosv/altera_merlin_slave_agent_1930/synth/niosv_altera_merlin_slave_agent_1930_jxauz3i.sv                                                                                             ; altera_merlin_slave_agent_1930                       ; niosv.qsys                                                                 ;                                  ; fa0d175fa263f9bcf4d4d4ca90f34955 ;
; niosv/altera_merlin_slave_agent_1930/synth/altera_merlin_burst_uncompressor.sv                                                                                                         ; User-Specified SystemVerilog HDL File           ; /mnt/ssd2/hamza/hello_world/niosv/altera_merlin_slave_agent_1930/synth/altera_merlin_burst_uncompressor.sv                                                                                                         ; altera_merlin_slave_agent_1930                       ; niosv.qsys                                                                 ;                                  ; 7d4630a7ca27a77c5df68a40aa6794fd ;
; niosv/altera_avalon_sc_fifo_1932/synth/niosv_altera_avalon_sc_fifo_1932_22gxxgi.v                                                                                                      ; User-Specified Verilog HDL File                 ; /mnt/ssd2/hamza/hello_world/niosv/altera_avalon_sc_fifo_1932/synth/niosv_altera_avalon_sc_fifo_1932_22gxxgi.v                                                                                                      ; altera_avalon_sc_fifo_1932                           ; niosv.qsys                                                                 ;                                  ; 84640863e59828e242355b5e79551dbe ;
; niosv/altera_merlin_router_1921/synth/niosv_altera_merlin_router_1921_f7bfoqi.sv                                                                                                       ; User-Specified SystemVerilog HDL File           ; /mnt/ssd2/hamza/hello_world/niosv/altera_merlin_router_1921/synth/niosv_altera_merlin_router_1921_f7bfoqi.sv                                                                                                       ; altera_merlin_router_1921                            ; niosv.qsys                                                                 ;                                  ; 107231db573769a3a3d80f2de36d4903 ;
; niosv/altera_merlin_router_1921/synth/niosv_altera_merlin_router_1921_6midycq.sv                                                                                                       ; User-Specified SystemVerilog HDL File           ; /mnt/ssd2/hamza/hello_world/niosv/altera_merlin_router_1921/synth/niosv_altera_merlin_router_1921_6midycq.sv                                                                                                       ; altera_merlin_router_1921                            ; niosv.qsys                                                                 ;                                  ; 05a06e2caca4094e0ab068369ca48b6e ;
; niosv/altera_merlin_router_1921/synth/niosv_altera_merlin_router_1921_m7xr3oa.sv                                                                                                       ; User-Specified SystemVerilog HDL File           ; /mnt/ssd2/hamza/hello_world/niosv/altera_merlin_router_1921/synth/niosv_altera_merlin_router_1921_m7xr3oa.sv                                                                                                       ; altera_merlin_router_1921                            ; niosv.qsys                                                                 ;                                  ; ec655b45c4b75a3670d54a2d4053a920 ;
; niosv/altera_merlin_router_1921/synth/niosv_altera_merlin_router_1921_5zprxna.sv                                                                                                       ; User-Specified SystemVerilog HDL File           ; /mnt/ssd2/hamza/hello_world/niosv/altera_merlin_router_1921/synth/niosv_altera_merlin_router_1921_5zprxna.sv                                                                                                       ; altera_merlin_router_1921                            ; niosv.qsys                                                                 ;                                  ; d2c0f853b233190a01787add518cba15 ;
; niosv/altera_merlin_traffic_limiter_1921/synth/niosv_altera_merlin_traffic_limiter_altera_avalon_sc_fifo_1921_jyjty3i.v                                                                ; User-Specified Verilog HDL File                 ; /mnt/ssd2/hamza/hello_world/niosv/altera_merlin_traffic_limiter_1921/synth/niosv_altera_merlin_traffic_limiter_altera_avalon_sc_fifo_1921_jyjty3i.v                                                                ; altera_merlin_traffic_limiter_1921                   ; niosv.qsys                                                                 ;                                  ; 52dc4e9682ad461ddc96a44a3971283c ;
; niosv/altera_merlin_traffic_limiter_1921/synth/altera_merlin_reorder_memory.sv                                                                                                         ; User-Specified SystemVerilog HDL File           ; /mnt/ssd2/hamza/hello_world/niosv/altera_merlin_traffic_limiter_1921/synth/altera_merlin_reorder_memory.sv                                                                                                         ; altera_merlin_traffic_limiter_1921                   ; niosv.qsys                                                                 ;                                  ; c738915f439cabccac92a95713197cbd ;
; niosv/altera_merlin_traffic_limiter_1921/synth/altera_avalon_st_pipeline_base.v                                                                                                        ; User-Specified SystemVerilog HDL File           ; /mnt/ssd2/hamza/hello_world/niosv/altera_merlin_traffic_limiter_1921/synth/altera_avalon_st_pipeline_base.v                                                                                                        ; altera_merlin_traffic_limiter_1921                   ; niosv.qsys                                                                 ;                                  ; f7ab081ac1780fbba78121d055cead20 ;
; niosv/altera_merlin_traffic_limiter_1921/synth/niosv_altera_merlin_traffic_limiter_1921_2thi65i.sv                                                                                     ; User-Specified SystemVerilog HDL File           ; /mnt/ssd2/hamza/hello_world/niosv/altera_merlin_traffic_limiter_1921/synth/niosv_altera_merlin_traffic_limiter_1921_2thi65i.sv                                                                                     ; altera_merlin_traffic_limiter_1921                   ; niosv.qsys                                                                 ;                                  ; 2053db4896f6a3ca5e128347b90b80d9 ;
; niosv/altera_merlin_demultiplexer_1921/synth/niosv_altera_merlin_demultiplexer_1921_gf66usy.sv                                                                                         ; User-Specified SystemVerilog HDL File           ; /mnt/ssd2/hamza/hello_world/niosv/altera_merlin_demultiplexer_1921/synth/niosv_altera_merlin_demultiplexer_1921_gf66usy.sv                                                                                         ; altera_merlin_demultiplexer_1921                     ; niosv.qsys                                                                 ;                                  ; 6256e85e3fe3b9d79ac6baf4d731e9a6 ;
; niosv/altera_merlin_demultiplexer_1921/synth/niosv_altera_merlin_demultiplexer_1921_eqthw6y.sv                                                                                         ; User-Specified SystemVerilog HDL File           ; /mnt/ssd2/hamza/hello_world/niosv/altera_merlin_demultiplexer_1921/synth/niosv_altera_merlin_demultiplexer_1921_eqthw6y.sv                                                                                         ; altera_merlin_demultiplexer_1921                     ; niosv.qsys                                                                 ;                                  ; 4c524812b87faffe9395c4910ddb5be0 ;
; niosv/altera_merlin_multiplexer_1922/synth/niosv_altera_merlin_multiplexer_1922_szjlx7q.sv                                                                                             ; User-Specified SystemVerilog HDL File           ; /mnt/ssd2/hamza/hello_world/niosv/altera_merlin_multiplexer_1922/synth/niosv_altera_merlin_multiplexer_1922_szjlx7q.sv                                                                                             ; altera_merlin_multiplexer_1922                       ; niosv.qsys                                                                 ;                                  ; 7e93c5c4b5a3097401b1d7368cb8b709 ;
; niosv/altera_merlin_multiplexer_1922/synth/altera_merlin_arbitrator.sv                                                                                                                 ; User-Specified SystemVerilog HDL File           ; /mnt/ssd2/hamza/hello_world/niosv/altera_merlin_multiplexer_1922/synth/altera_merlin_arbitrator.sv                                                                                                                 ; altera_merlin_multiplexer_1922                       ; niosv.qsys                                                                 ;                                  ; 27cf35bc7c26ecc86eaf2737dc8c7a33 ;
; niosv/altera_merlin_multiplexer_1922/synth/niosv_altera_merlin_multiplexer_1922_lxeu3ki.sv                                                                                             ; User-Specified SystemVerilog HDL File           ; /mnt/ssd2/hamza/hello_world/niosv/altera_merlin_multiplexer_1922/synth/niosv_altera_merlin_multiplexer_1922_lxeu3ki.sv                                                                                             ; altera_merlin_multiplexer_1922                       ; niosv.qsys                                                                 ;                                  ; 310546dc8927b655e0d1586138314a88 ;
; niosv/altera_merlin_demultiplexer_1921/synth/niosv_altera_merlin_demultiplexer_1921_s633mky.sv                                                                                         ; User-Specified SystemVerilog HDL File           ; /mnt/ssd2/hamza/hello_world/niosv/altera_merlin_demultiplexer_1921/synth/niosv_altera_merlin_demultiplexer_1921_s633mky.sv                                                                                         ; altera_merlin_demultiplexer_1921                     ; niosv.qsys                                                                 ;                                  ; 5c1f300d2a79a7b698ca19f7176e3f39 ;
; niosv/altera_merlin_multiplexer_1922/synth/niosv_altera_merlin_multiplexer_1922_pkoothq.sv                                                                                             ; User-Specified SystemVerilog HDL File           ; /mnt/ssd2/hamza/hello_world/niosv/altera_merlin_multiplexer_1922/synth/niosv_altera_merlin_multiplexer_1922_pkoothq.sv                                                                                             ; altera_merlin_multiplexer_1922                       ; niosv.qsys                                                                 ;                                  ; c6aea7f6f5a01c9e8892bcea90149fa5 ;
; niosv/altera_merlin_multiplexer_1922/synth/niosv_altera_merlin_multiplexer_1922_y4jafty.sv                                                                                             ; User-Specified SystemVerilog HDL File           ; /mnt/ssd2/hamza/hello_world/niosv/altera_merlin_multiplexer_1922/synth/niosv_altera_merlin_multiplexer_1922_y4jafty.sv                                                                                             ; altera_merlin_multiplexer_1922                       ; niosv.qsys                                                                 ;                                  ; 6c2704ed89a12d29618b65601a3c2a1b ;
; niosv/altera_mm_interconnect_1920/synth/niosv_altera_mm_interconnect_1920_4pky6ba.v                                                                                                    ; User-Specified Verilog HDL File                 ; /mnt/ssd2/hamza/hello_world/niosv/altera_mm_interconnect_1920/synth/niosv_altera_mm_interconnect_1920_4pky6ba.v                                                                                                    ; altera_mm_interconnect_1920                          ; niosv.qsys                                                                 ;                                  ; 30bc00eca22d8d05ccaec0e343217e69 ;
; niosv/altera_irq_mapper_2001/synth/niosv_altera_irq_mapper_2001_x43qi7i.sv                                                                                                             ; User-Specified SystemVerilog HDL File           ; /mnt/ssd2/hamza/hello_world/niosv/altera_irq_mapper_2001/synth/niosv_altera_irq_mapper_2001_x43qi7i.sv                                                                                                             ; altera_irq_mapper_2001                               ; niosv.qsys                                                                 ;                                  ; afc3fc31e82bd2be9c7b44d1d7f3a67a ;
; niosv/altera_reset_controller_1924/synth/altera_reset_controller.v                                                                                                                     ; User-Specified Verilog HDL File                 ; /mnt/ssd2/hamza/hello_world/niosv/altera_reset_controller_1924/synth/altera_reset_controller.v                                                                                                                     ; altera_reset_controller_1924                         ; niosv.qsys                                                                 ;                                  ; e8fd52f1903c85f16085f2a56d26364b ;
; niosv/altera_reset_controller_1924/synth/altera_reset_synchronizer.v                                                                                                                   ; User-Specified Verilog HDL File                 ; /mnt/ssd2/hamza/hello_world/niosv/altera_reset_controller_1924/synth/altera_reset_synchronizer.v                                                                                                                   ; altera_reset_controller_1924                         ; niosv.qsys                                                                 ;                                  ; e32adfda96a8565a642de2647bb67642 ;
; niosv/synth/niosv.v                                                                                                                                                                    ; User-Specified Verilog HDL File                 ; /mnt/ssd2/hamza/hello_world/niosv/synth/niosv.v                                                                                                                                                                    ; niosv                                                ; niosv.qsys                                                                 ;                                  ; 6c850a25ffc3cacdf98422bb3795edea ;
; ip/niosv/niosv_intel_niosv_m_0.ip                                                                                                                                                      ; User-Specified IP File                          ; /mnt/ssd2/hamza/hello_world/ip/niosv/niosv_intel_niosv_m_0.ip                                                                                                                                                      ;                                                      ;                                                                            ;                                  ; 7432760189b90b6901dc32746c786025 ;
; ip/niosv/niosv_intel_niosv_m_0/altera_reset_controller_1924/synth/altera_reset_controller.v                                                                                            ; User-Specified Verilog HDL File                 ; /mnt/ssd2/hamza/hello_world/ip/niosv/niosv_intel_niosv_m_0/altera_reset_controller_1924/synth/altera_reset_controller.v                                                                                            ; altera_reset_controller_1924                         ; ip/niosv/niosv_intel_niosv_m_0.ip                                          ;                                  ; e8fd52f1903c85f16085f2a56d26364b ;
; ip/niosv/niosv_intel_niosv_m_0/altera_reset_controller_1924/synth/altera_reset_synchronizer.v                                                                                          ; User-Specified Verilog HDL File                 ; /mnt/ssd2/hamza/hello_world/ip/niosv/niosv_intel_niosv_m_0/altera_reset_controller_1924/synth/altera_reset_synchronizer.v                                                                                          ; altera_reset_controller_1924                         ; ip/niosv/niosv_intel_niosv_m_0.ip                                          ;                                  ; e32adfda96a8565a642de2647bb67642 ;
; ip/niosv/niosv_intel_niosv_m_0/intel_niosv_m_unit_2600/synth/niosv_reset_controller.v                                                                                                  ; User-Specified Verilog HDL File                 ; /mnt/ssd2/hamza/hello_world/ip/niosv/niosv_intel_niosv_m_0/intel_niosv_m_unit_2600/synth/niosv_reset_controller.v                                                                                                  ; intel_niosv_m_unit_2600                              ; ip/niosv/niosv_intel_niosv_m_0.ip                                          ;                                  ; 7ac1c1c3f46e239400854c002a8773bf ;
; ip/niosv/niosv_intel_niosv_m_0/intel_niosv_m_unit_2600/synth/niosv_opcode_def.sv                                                                                                       ; Encrypted Altera IP File                        ; /mnt/ssd2/hamza/hello_world/ip/niosv/niosv_intel_niosv_m_0/intel_niosv_m_unit_2600/synth/niosv_opcode_def.sv                                                                                                       ; intel_niosv_m_unit_2600                              ; ip/niosv/niosv_intel_niosv_m_0.ip                                          ;                                  ; 0e1b7b6a81cabe914bc0f43db3cb5cfb ;
; ip/niosv/niosv_intel_niosv_m_0/intel_niosv_m_unit_2600/synth/niosv_clic_pkg.sv                                                                                                         ; Encrypted Altera IP File                        ; /mnt/ssd2/hamza/hello_world/ip/niosv/niosv_intel_niosv_m_0/intel_niosv_m_unit_2600/synth/niosv_clic_pkg.sv                                                                                                         ; intel_niosv_m_unit_2600                              ; ip/niosv/niosv_intel_niosv_m_0.ip                                          ;                                  ; 19c14f1988bb0cdcb2026e61f2663a0d ;
; ip/niosv/niosv_intel_niosv_m_0/intel_niosv_m_unit_2600/synth/niosv_mem_op_state.sv                                                                                                     ; Encrypted Altera IP File                        ; /mnt/ssd2/hamza/hello_world/ip/niosv/niosv_intel_niosv_m_0/intel_niosv_m_unit_2600/synth/niosv_mem_op_state.sv                                                                                                     ; intel_niosv_m_unit_2600                              ; ip/niosv/niosv_intel_niosv_m_0.ip                                          ;                                  ; 6d7c85e9b723bafa96ed229a1c8d8703 ;
; ip/niosv/niosv_intel_niosv_m_0/intel_niosv_m_unit_2600/synth/niosv_ram.sv                                                                                                              ; Encrypted Altera IP File                        ; /mnt/ssd2/hamza/hello_world/ip/niosv/niosv_intel_niosv_m_0/intel_niosv_m_unit_2600/synth/niosv_ram.sv                                                                                                              ; intel_niosv_m_unit_2600                              ; ip/niosv/niosv_intel_niosv_m_0.ip                                          ;                                  ; 540d737b2fede7a857f15aa969e72d09 ;
; ip/niosv/niosv_intel_niosv_m_0/intel_niosv_m_unit_2600/synth/ecc_enc.sv                                                                                                                ; Encrypted Altera IP File                        ; /mnt/ssd2/hamza/hello_world/ip/niosv/niosv_intel_niosv_m_0/intel_niosv_m_unit_2600/synth/ecc_enc.sv                                                                                                                ; intel_niosv_m_unit_2600                              ; ip/niosv/niosv_intel_niosv_m_0.ip                                          ;                                  ; 2f0dc1da2fa2178c7a0c77f440b9d68b ;
; ip/niosv/niosv_intel_niosv_m_0/intel_niosv_m_unit_2600/synth/ecc_dec.sv                                                                                                                ; Encrypted Altera IP File                        ; /mnt/ssd2/hamza/hello_world/ip/niosv/niosv_intel_niosv_m_0/intel_niosv_m_unit_2600/synth/ecc_dec.sv                                                                                                                ; intel_niosv_m_unit_2600                              ; ip/niosv/niosv_intel_niosv_m_0.ip                                          ;                                  ; cc8607d5c953ce9afa32b35a2683c05b ;
; ip/niosv/niosv_intel_niosv_m_0/intel_niosv_m_unit_2600/synth/altecc_enc.sv                                                                                                             ; Encrypted Altera IP File                        ; /mnt/ssd2/hamza/hello_world/ip/niosv/niosv_intel_niosv_m_0/intel_niosv_m_unit_2600/synth/altecc_enc.sv                                                                                                             ; intel_niosv_m_unit_2600                              ; ip/niosv/niosv_intel_niosv_m_0.ip                                          ;                                  ; 36af56b0817b086454f5676b3021d3b1 ;
; ip/niosv/niosv_intel_niosv_m_0/intel_niosv_m_unit_2600/synth/altecc_dec.sv                                                                                                             ; Encrypted Altera IP File                        ; /mnt/ssd2/hamza/hello_world/ip/niosv/niosv_intel_niosv_m_0/intel_niosv_m_unit_2600/synth/altecc_dec.sv                                                                                                             ; intel_niosv_m_unit_2600                              ; ip/niosv/niosv_intel_niosv_m_0.ip                                          ;                                  ; ee4682b0c9a2b311654c8ec6d016c90f ;
; ip/niosv/niosv_intel_niosv_m_0/intel_niosv_m_unit_2600/synth/niosv_reg_file.sv                                                                                                         ; Encrypted Altera IP File                        ; /mnt/ssd2/hamza/hello_world/ip/niosv/niosv_intel_niosv_m_0/intel_niosv_m_unit_2600/synth/niosv_reg_file.sv                                                                                                         ; intel_niosv_m_unit_2600                              ; ip/niosv/niosv_intel_niosv_m_0.ip                                          ;                                  ; 7c4a5f2c34d0433992134bf9b82c2ad3 ;
; ip/niosv/niosv_intel_niosv_m_0/intel_niosv_m_unit_2600/synth/niosv_csr.sv                                                                                                              ; Encrypted Altera IP File                        ; /mnt/ssd2/hamza/hello_world/ip/niosv/niosv_intel_niosv_m_0/intel_niosv_m_unit_2600/synth/niosv_csr.sv                                                                                                              ; intel_niosv_m_unit_2600                              ; ip/niosv/niosv_intel_niosv_m_0.ip                                          ;                                  ; 53bb82e054f3ca6d07679dab22f84cd0 ;
; ip/niosv/niosv_intel_niosv_m_0/intel_niosv_m_unit_2600/synth/niosv_csrind_if.sv                                                                                                        ; Encrypted Altera IP File                        ; /mnt/ssd2/hamza/hello_world/ip/niosv/niosv_intel_niosv_m_0/intel_niosv_m_unit_2600/synth/niosv_csrind_if.sv                                                                                                        ; intel_niosv_m_unit_2600                              ; ip/niosv/niosv_intel_niosv_m_0.ip                                          ;                                  ; fdf8b03db73a53d721f47395aaabe55c ;
; ip/niosv/niosv_intel_niosv_m_0/intel_niosv_m_unit_2600/synth/niosv_csrind_host.sv                                                                                                      ; Encrypted Altera IP File                        ; /mnt/ssd2/hamza/hello_world/ip/niosv/niosv_intel_niosv_m_0/intel_niosv_m_unit_2600/synth/niosv_csrind_host.sv                                                                                                      ; intel_niosv_m_unit_2600                              ; ip/niosv/niosv_intel_niosv_m_0.ip                                          ;                                  ; 6e96339f2083d37114ce288902931117 ;
; ip/niosv/niosv_intel_niosv_m_0/intel_niosv_m_unit_2600/synth/niosv_interrupt_handler.sv                                                                                                ; Encrypted Altera IP File                        ; /mnt/ssd2/hamza/hello_world/ip/niosv/niosv_intel_niosv_m_0/intel_niosv_m_unit_2600/synth/niosv_interrupt_handler.sv                                                                                                ; intel_niosv_m_unit_2600                              ; ip/niosv/niosv_intel_niosv_m_0.ip                                          ;                                  ; a931a27362b030fd4ebd357ae95a1cc2 ;
; ip/niosv/niosv_intel_niosv_m_0/intel_niosv_m_unit_2600/synth/niosv_instr_buffer.sv                                                                                                     ; Encrypted Altera IP File                        ; /mnt/ssd2/hamza/hello_world/ip/niosv/niosv_intel_niosv_m_0/intel_niosv_m_unit_2600/synth/niosv_instr_buffer.sv                                                                                                     ; intel_niosv_m_unit_2600                              ; ip/niosv/niosv_intel_niosv_m_0.ip                                          ;                                  ; 02057ab5b7e0103898343bad803405e9 ;
; ip/niosv/niosv_intel_niosv_m_0/intel_niosv_m_unit_2600/synth/niosv_bus_req.sv                                                                                                          ; Encrypted Altera IP File                        ; /mnt/ssd2/hamza/hello_world/ip/niosv/niosv_intel_niosv_m_0/intel_niosv_m_unit_2600/synth/niosv_bus_req.sv                                                                                                          ; intel_niosv_m_unit_2600                              ; ip/niosv/niosv_intel_niosv_m_0.ip                                          ;                                  ; b871e7a1f77863fea0fe8638dfc16a81 ;
; ip/niosv/niosv_intel_niosv_m_0/intel_niosv_m_unit_2600/synth/niosv_shift.sv                                                                                                            ; Encrypted Altera IP File                        ; /mnt/ssd2/hamza/hello_world/ip/niosv/niosv_intel_niosv_m_0/intel_niosv_m_unit_2600/synth/niosv_shift.sv                                                                                                            ; intel_niosv_m_unit_2600                              ; ip/niosv/niosv_intel_niosv_m_0.ip                                          ;                                  ; a465f498120620cb0e779639a3e340c2 ;
; ip/niosv/niosv_intel_niosv_m_0/intel_niosv_m_unit_2600/synth/niosv_alu.sv                                                                                                              ; Encrypted Altera IP File                        ; /mnt/ssd2/hamza/hello_world/ip/niosv/niosv_intel_niosv_m_0/intel_niosv_m_unit_2600/synth/niosv_alu.sv                                                                                                              ; intel_niosv_m_unit_2600                              ; ip/niosv/niosv_intel_niosv_m_0.ip                                          ;                                  ; b5f4d69f49a630b97f9a0e337e1d9c43 ;
; ip/niosv/niosv_intel_niosv_m_0/intel_niosv_m_unit_2600/synth/niosv_lsu.sv                                                                                                              ; Encrypted Altera IP File                        ; /mnt/ssd2/hamza/hello_world/ip/niosv/niosv_intel_niosv_m_0/intel_niosv_m_unit_2600/synth/niosv_lsu.sv                                                                                                              ; intel_niosv_m_unit_2600                              ; ip/niosv/niosv_intel_niosv_m_0.ip                                          ;                                  ; 0cb8292bfe70d99664f8c9443e006f18 ;
; ip/niosv/niosv_intel_niosv_m_0/intel_niosv_m_unit_2600/synth/niosv_c_decoder.sv                                                                                                        ; Encrypted Altera IP File                        ; /mnt/ssd2/hamza/hello_world/ip/niosv/niosv_intel_niosv_m_0/intel_niosv_m_unit_2600/synth/niosv_c_decoder.sv                                                                                                        ; intel_niosv_m_unit_2600                              ; ip/niosv/niosv_intel_niosv_m_0.ip                                          ;                                  ; 4e7ece863a18a32e3de6a52c1a6d1c71 ;
; ip/niosv/niosv_intel_niosv_m_0/intel_niosv_m_unit_2600/synth/niosv_c_core.sv                                                                                                           ; Encrypted Altera IP File                        ; /mnt/ssd2/hamza/hello_world/ip/niosv/niosv_intel_niosv_m_0/intel_niosv_m_unit_2600/synth/niosv_c_core.sv                                                                                                           ; intel_niosv_m_unit_2600                              ; ip/niosv/niosv_intel_niosv_m_0.ip                                          ;                                  ; f3ff4b4eed7967dd87de04878c2dec09 ;
; ip/niosv/niosv_intel_niosv_m_0/intel_niosv_m_unit_2600/synth/niosv_c_csr.sv                                                                                                            ; Encrypted Altera IP File                        ; /mnt/ssd2/hamza/hello_world/ip/niosv/niosv_intel_niosv_m_0/intel_niosv_m_unit_2600/synth/niosv_c_csr.sv                                                                                                            ; intel_niosv_m_unit_2600                              ; ip/niosv/niosv_intel_niosv_m_0.ip                                          ;                                  ; 7d236de785c50a15ca53fde6463bcf9e ;
; ip/niosv/niosv_intel_niosv_m_0/intel_niosv_m_unit_2600/synth/niosv_c_D_stage.sv                                                                                                        ; Encrypted Altera IP File                        ; /mnt/ssd2/hamza/hello_world/ip/niosv/niosv_intel_niosv_m_0/intel_niosv_m_unit_2600/synth/niosv_c_D_stage.sv                                                                                                        ; intel_niosv_m_unit_2600                              ; ip/niosv/niosv_intel_niosv_m_0.ip                                          ;                                  ; 4927189a7c1fed4087d31bf53b553f1c ;
; ip/niosv/niosv_intel_niosv_m_0/intel_niosv_m_unit_2600/synth/niosv_c_E_stage.sv                                                                                                        ; Encrypted Altera IP File                        ; /mnt/ssd2/hamza/hello_world/ip/niosv/niosv_intel_niosv_m_0/intel_niosv_m_unit_2600/synth/niosv_c_E_stage.sv                                                                                                        ; intel_niosv_m_unit_2600                              ; ip/niosv/niosv_intel_niosv_m_0.ip                                          ;                                  ; 0e0b5098443f7859aeff57696c2ec935 ;
; ip/niosv/niosv_intel_niosv_m_0/intel_niosv_m_unit_2600/synth/niosv_c_M0_stage.sv                                                                                                       ; Encrypted Altera IP File                        ; /mnt/ssd2/hamza/hello_world/ip/niosv/niosv_intel_niosv_m_0/intel_niosv_m_unit_2600/synth/niosv_c_M0_stage.sv                                                                                                       ; intel_niosv_m_unit_2600                              ; ip/niosv/niosv_intel_niosv_m_0.ip                                          ;                                  ; 6fea6e1583333d68266311eb00640a48 ;
; ip/niosv/niosv_intel_niosv_m_0/intel_niosv_m_unit_2600/synth/niosv_m_decoder.sv                                                                                                        ; Encrypted Altera IP File                        ; /mnt/ssd2/hamza/hello_world/ip/niosv/niosv_intel_niosv_m_0/intel_niosv_m_unit_2600/synth/niosv_m_decoder.sv                                                                                                        ; intel_niosv_m_unit_2600                              ; ip/niosv/niosv_intel_niosv_m_0.ip                                          ;                                  ; b450c350dbdc54b2b8d606c3f5526e32 ;
; ip/niosv/niosv_intel_niosv_m_0/intel_niosv_m_unit_2600/synth/niosv_m_core.sv                                                                                                           ; Encrypted Altera IP File                        ; /mnt/ssd2/hamza/hello_world/ip/niosv/niosv_intel_niosv_m_0/intel_niosv_m_unit_2600/synth/niosv_m_core.sv                                                                                                           ; intel_niosv_m_unit_2600                              ; ip/niosv/niosv_intel_niosv_m_0.ip                                          ;                                  ; de134a2332a0271a2d227b24cc00ec70 ;
; ip/niosv/niosv_intel_niosv_m_0/intel_niosv_m_unit_2600/synth/niosv_m_instr_prefetch.sv                                                                                                 ; Encrypted Altera IP File                        ; /mnt/ssd2/hamza/hello_world/ip/niosv/niosv_intel_niosv_m_0/intel_niosv_m_unit_2600/synth/niosv_m_instr_prefetch.sv                                                                                                 ; intel_niosv_m_unit_2600                              ; ip/niosv/niosv_intel_niosv_m_0.ip                                          ;                                  ; ad0c75697e98e9126e5d7b566215d852 ;
; ip/niosv/niosv_intel_niosv_m_0/intel_niosv_m_unit_2600/synth/niosv_m_D_stage.sv                                                                                                        ; Encrypted Altera IP File                        ; /mnt/ssd2/hamza/hello_world/ip/niosv/niosv_intel_niosv_m_0/intel_niosv_m_unit_2600/synth/niosv_m_D_stage.sv                                                                                                        ; intel_niosv_m_unit_2600                              ; ip/niosv/niosv_intel_niosv_m_0.ip                                          ;                                  ; c6f31816c5b4be2ba88e1794fc8c9303 ;
; ip/niosv/niosv_intel_niosv_m_0/intel_niosv_m_unit_2600/synth/niosv_m_E_stage.sv                                                                                                        ; Encrypted Altera IP File                        ; /mnt/ssd2/hamza/hello_world/ip/niosv/niosv_intel_niosv_m_0/intel_niosv_m_unit_2600/synth/niosv_m_E_stage.sv                                                                                                        ; intel_niosv_m_unit_2600                              ; ip/niosv/niosv_intel_niosv_m_0.ip                                          ;                                  ; 6a9f509d5125db10739ea1eae79c8f55 ;
; ip/niosv/niosv_intel_niosv_m_0/intel_niosv_m_unit_2600/synth/niosv_m_M0_stage.sv                                                                                                       ; Encrypted Altera IP File                        ; /mnt/ssd2/hamza/hello_world/ip/niosv/niosv_intel_niosv_m_0/intel_niosv_m_unit_2600/synth/niosv_m_M0_stage.sv                                                                                                       ; intel_niosv_m_unit_2600                              ; ip/niosv/niosv_intel_niosv_m_0.ip                                          ;                                  ; 6404cc02741b2f6390dcdea445fb7c6e ;
; ip/niosv/niosv_intel_niosv_m_0/intel_niosv_m_unit_2600/synth/niosv_m_W_stage.sv                                                                                                        ; Encrypted Altera IP File                        ; /mnt/ssd2/hamza/hello_world/ip/niosv/niosv_intel_niosv_m_0/intel_niosv_m_unit_2600/synth/niosv_m_W_stage.sv                                                                                                        ; intel_niosv_m_unit_2600                              ; ip/niosv/niosv_intel_niosv_m_0.ip                                          ;                                  ; c47d64179da11b86e582bf923b2c5844 ;
; ip/niosv/niosv_intel_niosv_m_0/intel_niosv_m_unit_2600/synth/niosv_intel_niosv_m_0_intel_niosv_m_unit_2600_ez2mqoy.sv                                                                  ; User-Specified SystemVerilog HDL File           ; /mnt/ssd2/hamza/hello_world/ip/niosv/niosv_intel_niosv_m_0/intel_niosv_m_unit_2600/synth/niosv_intel_niosv_m_0_intel_niosv_m_unit_2600_ez2mqoy.sv                                                                  ; intel_niosv_m_unit_2600                              ; ip/niosv/niosv_intel_niosv_m_0.ip                                          ;                                  ; dc9307ee4e6b3385653c9eb30fd73286 ;
; ip/niosv/niosv_intel_niosv_m_0/intel_niosv_timer_msip_120/synth/niosv_timer_msip.sv                                                                                                    ; Encrypted Altera IP File                        ; /mnt/ssd2/hamza/hello_world/ip/niosv/niosv_intel_niosv_m_0/intel_niosv_timer_msip_120/synth/niosv_timer_msip.sv                                                                                                    ; intel_niosv_timer_msip_120                           ; ip/niosv/niosv_intel_niosv_m_0.ip                                          ;                                  ; f31a0c26afa7c4a059b4de9a852d3a1a ;
; ip/niosv/niosv_intel_niosv_m_0/intel_niosv_dbg_mod_210/synth/csr_mlab.mif                                                                                                              ; User-Specified Memory Initialization File       ; /mnt/ssd2/hamza/hello_world/ip/niosv/niosv_intel_niosv_m_0/intel_niosv_dbg_mod_210/synth/csr_mlab.mif                                                                                                              ; intel_niosv_dbg_mod_210                              ; ip/niosv/niosv_intel_niosv_m_0.ip                                          ;                                  ; 5bd1d0d79a8a047b4a0d2554bc5d3ce2 ;
; ip/niosv/niosv_intel_niosv_m_0/intel_niosv_dbg_mod_210/synth/debug_rom.mif                                                                                                             ; User-Specified Memory Initialization File       ; /mnt/ssd2/hamza/hello_world/ip/niosv/niosv_intel_niosv_m_0/intel_niosv_dbg_mod_210/synth/debug_rom.mif                                                                                                             ; intel_niosv_dbg_mod_210                              ; ip/niosv/niosv_intel_niosv_m_0.ip                                          ;                                  ; 60158b72df1975160783f9d46f40bc3b ;
; ip/niosv/niosv_intel_niosv_m_0/intel_niosv_dbg_mod_210/synth/niosv_dm_def.sv                                                                                                           ; Encrypted Altera IP File                        ; /mnt/ssd2/hamza/hello_world/ip/niosv/niosv_intel_niosv_m_0/intel_niosv_dbg_mod_210/synth/niosv_dm_def.sv                                                                                                           ; intel_niosv_dbg_mod_210                              ; ip/niosv/niosv_intel_niosv_m_0.ip                                          ;                                  ; 9c590cc1c62708f7a4a1bdfdf6cbf757 ;
; ip/niosv/niosv_intel_niosv_m_0/intel_niosv_dbg_mod_210/synth/niosv_ram.sv                                                                                                              ; Encrypted Altera IP File                        ; /mnt/ssd2/hamza/hello_world/ip/niosv/niosv_intel_niosv_m_0/intel_niosv_dbg_mod_210/synth/niosv_ram.sv                                                                                                              ; intel_niosv_dbg_mod_210                              ; ip/niosv/niosv_intel_niosv_m_0.ip                                          ;                                  ; 540d737b2fede7a857f15aa969e72d09 ;
; ip/niosv/niosv_intel_niosv_m_0/intel_niosv_dbg_mod_210/synth/niosv_dm_jtag2mm.sv                                                                                                       ; Encrypted Altera IP File                        ; /mnt/ssd2/hamza/hello_world/ip/niosv/niosv_intel_niosv_m_0/intel_niosv_dbg_mod_210/synth/niosv_dm_jtag2mm.sv                                                                                                       ; intel_niosv_dbg_mod_210                              ; ip/niosv/niosv_intel_niosv_m_0.ip                                          ;                                  ; c3557e2863230a2ac10877c37819d902 ;
; ip/niosv/niosv_intel_niosv_m_0/intel_niosv_dbg_mod_210/synth/niosv_dm_top.sv                                                                                                           ; Encrypted Altera IP File                        ; /mnt/ssd2/hamza/hello_world/ip/niosv/niosv_intel_niosv_m_0/intel_niosv_dbg_mod_210/synth/niosv_dm_top.sv                                                                                                           ; intel_niosv_dbg_mod_210                              ; ip/niosv/niosv_intel_niosv_m_0.ip                                          ;                                  ; 97a8dea22ecade950be88631bd2117af ;
; ip/niosv/niosv_intel_niosv_m_0/intel_niosv_dbg_mod_210/synth/niosv_debug_module.sv                                                                                                     ; Encrypted Altera IP File                        ; /mnt/ssd2/hamza/hello_world/ip/niosv/niosv_intel_niosv_m_0/intel_niosv_dbg_mod_210/synth/niosv_debug_module.sv                                                                                                     ; intel_niosv_dbg_mod_210                              ; ip/niosv/niosv_intel_niosv_m_0.ip                                          ;                                  ; bce7419314c0220b167d8482e33cae50 ;
; ip/niosv/niosv_intel_niosv_m_0/intel_niosv_dbg_mod_210/synth/niosv_debug_rom.sv                                                                                                        ; Encrypted Altera IP File                        ; /mnt/ssd2/hamza/hello_world/ip/niosv/niosv_intel_niosv_m_0/intel_niosv_dbg_mod_210/synth/niosv_debug_rom.sv                                                                                                        ; intel_niosv_dbg_mod_210                              ; ip/niosv/niosv_intel_niosv_m_0.ip                                          ;                                  ; 8fcee28bfb7955939f89fb270be9aeeb ;
; ip/niosv/niosv_intel_niosv_m_0/intel_niosv_dbg_mod_210/synth/altera_std_synchronizer_bundle.v                                                                                          ; User-Specified SystemVerilog HDL File           ; /mnt/ssd2/hamza/hello_world/ip/niosv/niosv_intel_niosv_m_0/intel_niosv_dbg_mod_210/synth/altera_std_synchronizer_bundle.v                                                                                          ; intel_niosv_dbg_mod_210                              ; ip/niosv/niosv_intel_niosv_m_0.ip                                          ;                                  ; aa3f52f60b2ee2d1039e287935dbce23 ;
; ip/niosv/niosv_intel_niosv_m_0/intel_niosv_dbg_mod_210/synth/altera_std_synchronizer_nocut.v                                                                                           ; User-Specified SystemVerilog HDL File           ; /mnt/ssd2/hamza/hello_world/ip/niosv/niosv_intel_niosv_m_0/intel_niosv_dbg_mod_210/synth/altera_std_synchronizer_nocut.v                                                                                           ; intel_niosv_dbg_mod_210                              ; ip/niosv/niosv_intel_niosv_m_0.ip                                          ;                                  ; 0fae8e2dcb5d0960998f115f26a218ea ;
; ip/niosv/niosv_intel_niosv_m_0/intel_niosv_dbg_mod_210/synth/altera_std_synchronizer.v                                                                                                 ; User-Specified SystemVerilog HDL File           ; /mnt/ssd2/hamza/hello_world/ip/niosv/niosv_intel_niosv_m_0/intel_niosv_dbg_mod_210/synth/altera_std_synchronizer.v                                                                                                 ; intel_niosv_dbg_mod_210                              ; ip/niosv/niosv_intel_niosv_m_0.ip                                          ;                                  ; 5151f4fb298611481341ed57c5144701 ;
; ip/niosv/niosv_intel_niosv_m_0/intel_niosv_dbg_mod_210/synth/altera_avalon_st_clock_crosser.v                                                                                          ; User-Specified SystemVerilog HDL File           ; /mnt/ssd2/hamza/hello_world/ip/niosv/niosv_intel_niosv_m_0/intel_niosv_dbg_mod_210/synth/altera_avalon_st_clock_crosser.v                                                                                          ; intel_niosv_dbg_mod_210                              ; ip/niosv/niosv_intel_niosv_m_0.ip                                          ;                                  ; 69c09838c3c1fc8d83b2336dd8785c21 ;
; ip/niosv/niosv_intel_niosv_m_0/intel_niosv_dbg_mod_210/synth/altera_avalon_st_handshake_clock_crosser.v                                                                                ; User-Specified SystemVerilog HDL File           ; /mnt/ssd2/hamza/hello_world/ip/niosv/niosv_intel_niosv_m_0/intel_niosv_dbg_mod_210/synth/altera_avalon_st_handshake_clock_crosser.v                                                                                ; intel_niosv_dbg_mod_210                              ; ip/niosv/niosv_intel_niosv_m_0.ip                                          ;                                  ; e13bdae4f244236293e63b0242f65e62 ;
; ip/niosv/niosv_intel_niosv_m_0/intel_niosv_dbg_mod_210/synth/altera_avalon_st_pipeline_base.v                                                                                          ; User-Specified SystemVerilog HDL File           ; /mnt/ssd2/hamza/hello_world/ip/niosv/niosv_intel_niosv_m_0/intel_niosv_dbg_mod_210/synth/altera_avalon_st_pipeline_base.v                                                                                          ; intel_niosv_dbg_mod_210                              ; ip/niosv/niosv_intel_niosv_m_0.ip                                          ;                                  ; f7ab081ac1780fbba78121d055cead20 ;
; ip/niosv/niosv_intel_niosv_m_0/intel_niosv_dbg_mod_210/synth/altera_avalon_st_pipeline_stage.sv                                                                                        ; User-Specified SystemVerilog HDL File           ; /mnt/ssd2/hamza/hello_world/ip/niosv/niosv_intel_niosv_m_0/intel_niosv_dbg_mod_210/synth/altera_avalon_st_pipeline_stage.sv                                                                                        ; intel_niosv_dbg_mod_210                              ; ip/niosv/niosv_intel_niosv_m_0.ip                                          ;                                  ; 5a4d2c43d1517598891401e49d2c27d8 ;
; ip/niosv/niosv_intel_niosv_m_0/intel_niosv_dbg_mod_210/synth/altera_reset_synchronizer.v                                                                                               ; User-Specified SystemVerilog HDL File           ; /mnt/ssd2/hamza/hello_world/ip/niosv/niosv_intel_niosv_m_0/intel_niosv_dbg_mod_210/synth/altera_reset_synchronizer.v                                                                                               ; intel_niosv_dbg_mod_210                              ; ip/niosv/niosv_intel_niosv_m_0.ip                                          ;                                  ; e32adfda96a8565a642de2647bb67642 ;
; ip/niosv/niosv_intel_niosv_m_0/intel_niosv_dbg_mod_210/synth/altera_reset_controller.v                                                                                                 ; User-Specified SystemVerilog HDL File           ; /mnt/ssd2/hamza/hello_world/ip/niosv/niosv_intel_niosv_m_0/intel_niosv_dbg_mod_210/synth/altera_reset_controller.v                                                                                                 ; intel_niosv_dbg_mod_210                              ; ip/niosv/niosv_intel_niosv_m_0.ip                                          ;                                  ; e8fd52f1903c85f16085f2a56d26364b ;
; ip/niosv/niosv_intel_niosv_m_0/altera_irq_mapper_2001/synth/niosv_intel_niosv_m_0_altera_irq_mapper_2001_wgtbcyy.sv                                                                    ; User-Specified SystemVerilog HDL File           ; /mnt/ssd2/hamza/hello_world/ip/niosv/niosv_intel_niosv_m_0/altera_irq_mapper_2001/synth/niosv_intel_niosv_m_0_altera_irq_mapper_2001_wgtbcyy.sv                                                                    ; altera_irq_mapper_2001                               ; ip/niosv/niosv_intel_niosv_m_0.ip                                          ;                                  ; ef48f8565606b60ebc0de6f4441b640e ;
; ip/niosv/niosv_intel_niosv_m_0/intel_niosv_m_2600/synth/niosv_intel_niosv_m_0_intel_niosv_m_2600_yimltqq.v                                                                             ; User-Specified Verilog HDL File                 ; /mnt/ssd2/hamza/hello_world/ip/niosv/niosv_intel_niosv_m_0/intel_niosv_m_2600/synth/niosv_intel_niosv_m_0_intel_niosv_m_2600_yimltqq.v                                                                             ; intel_niosv_m_2600                                   ; ip/niosv/niosv_intel_niosv_m_0.ip                                          ;                                  ; 340265c6b97ab6174cae3b672c60b642 ;
; ip/niosv/niosv_intel_niosv_m_0/synth/niosv_intel_niosv_m_0.v                                                                                                                           ; User-Specified Verilog HDL File                 ; /mnt/ssd2/hamza/hello_world/ip/niosv/niosv_intel_niosv_m_0/synth/niosv_intel_niosv_m_0.v                                                                                                                           ; niosv_intel_niosv_m_0                                ; ip/niosv/niosv_intel_niosv_m_0.ip                                          ;                                  ; cc7d5c5752d5499b0d048b914c26e77f ;
; ip/niosv/niosv_jtag_uart_0.ip                                                                                                                                                          ; User-Specified IP File                          ; /mnt/ssd2/hamza/hello_world/ip/niosv/niosv_jtag_uart_0.ip                                                                                                                                                          ;                                                      ;                                                                            ;                                  ; 6eafc215cc8b44191b2785f5722de23d ;
; ip/niosv/niosv_jtag_uart_0/altera_avalon_jtag_uart_1931/synth/altera_avalon_jtag_uart.sv                                                                                               ; User-Specified SystemVerilog HDL File           ; /mnt/ssd2/hamza/hello_world/ip/niosv/niosv_jtag_uart_0/altera_avalon_jtag_uart_1931/synth/altera_avalon_jtag_uart.sv                                                                                               ; altera_avalon_jtag_uart_1931                         ; ip/niosv/niosv_jtag_uart_0.ip                                              ;                                  ; 9f03d1699f44435e6892b5268563ba7b ;
; ip/niosv/niosv_jtag_uart_0/altera_avalon_jtag_uart_1931/synth/altera_avalon_jtag_uart_log_module.sv                                                                                    ; User-Specified SystemVerilog HDL File           ; /mnt/ssd2/hamza/hello_world/ip/niosv/niosv_jtag_uart_0/altera_avalon_jtag_uart_1931/synth/altera_avalon_jtag_uart_log_module.sv                                                                                    ; altera_avalon_jtag_uart_1931                         ; ip/niosv/niosv_jtag_uart_0.ip                                              ;                                  ; 4c1e7d45cc1b6d601355c16b5afe4cc3 ;
; ip/niosv/niosv_jtag_uart_0/altera_avalon_jtag_uart_1931/synth/altera_avalon_jtag_uart_scfifo_r.sv                                                                                      ; User-Specified SystemVerilog HDL File           ; /mnt/ssd2/hamza/hello_world/ip/niosv/niosv_jtag_uart_0/altera_avalon_jtag_uart_1931/synth/altera_avalon_jtag_uart_scfifo_r.sv                                                                                      ; altera_avalon_jtag_uart_1931                         ; ip/niosv/niosv_jtag_uart_0.ip                                              ;                                  ; 4ebe7d814441ade8f6098a75a80295f0 ;
; ip/niosv/niosv_jtag_uart_0/altera_avalon_jtag_uart_1931/synth/altera_avalon_jtag_uart_scfifo_w.sv                                                                                      ; User-Specified SystemVerilog HDL File           ; /mnt/ssd2/hamza/hello_world/ip/niosv/niosv_jtag_uart_0/altera_avalon_jtag_uart_1931/synth/altera_avalon_jtag_uart_scfifo_w.sv                                                                                      ; altera_avalon_jtag_uart_1931                         ; ip/niosv/niosv_jtag_uart_0.ip                                              ;                                  ; 7cb8554d75d9fc4cf9cbf4f1e67e1350 ;
; ip/niosv/niosv_jtag_uart_0/altera_avalon_jtag_uart_1931/synth/altera_avalon_jtag_uart_sim_scfifo_r.sv                                                                                  ; User-Specified SystemVerilog HDL File           ; /mnt/ssd2/hamza/hello_world/ip/niosv/niosv_jtag_uart_0/altera_avalon_jtag_uart_1931/synth/altera_avalon_jtag_uart_sim_scfifo_r.sv                                                                                  ; altera_avalon_jtag_uart_1931                         ; ip/niosv/niosv_jtag_uart_0.ip                                              ;                                  ; 1cbc48b296edbae39fba815801b9bfdf ;
; ip/niosv/niosv_jtag_uart_0/altera_avalon_jtag_uart_1931/synth/altera_avalon_jtag_uart_sim_scfifo_w.sv                                                                                  ; User-Specified SystemVerilog HDL File           ; /mnt/ssd2/hamza/hello_world/ip/niosv/niosv_jtag_uart_0/altera_avalon_jtag_uart_1931/synth/altera_avalon_jtag_uart_sim_scfifo_w.sv                                                                                  ; altera_avalon_jtag_uart_1931                         ; ip/niosv/niosv_jtag_uart_0.ip                                              ;                                  ; 8d43b5f14fa930bc5c2bb014df3bd144 ;
; ip/niosv/niosv_jtag_uart_0/synth/niosv_jtag_uart_0.v                                                                                                                                   ; User-Specified Verilog HDL File                 ; /mnt/ssd2/hamza/hello_world/ip/niosv/niosv_jtag_uart_0/synth/niosv_jtag_uart_0.v                                                                                                                                   ; niosv_jtag_uart_0                                    ; ip/niosv/niosv_jtag_uart_0.ip                                              ;                                  ; 173ea2c3e4a11b4c2a5790bc833e3c68 ;
; ip/niosv/niosv_intel_onchip_memory_0.ip                                                                                                                                                ; User-Specified IP File                          ; /mnt/ssd2/hamza/hello_world/ip/niosv/niosv_intel_onchip_memory_0.ip                                                                                                                                                ;                                                      ;                                                                            ;                                  ; 6ddd151686931387314c5ce40eaedf5e ;
; ip/niosv/niosv_intel_onchip_memory_0/intel_onchip_memory_1410/synth/niosv_intel_onchip_memory_0_intel_onchip_memory_1410_tz44c5y.sv                                                    ; User-Specified SystemVerilog HDL File           ; /mnt/ssd2/hamza/hello_world/ip/niosv/niosv_intel_onchip_memory_0/intel_onchip_memory_1410/synth/niosv_intel_onchip_memory_0_intel_onchip_memory_1410_tz44c5y.sv                                                    ; intel_onchip_memory_1410                             ; ip/niosv/niosv_intel_onchip_memory_0.ip                                    ;                                  ; 0e8a82a083e2099992a4ab0897a32afd ;
; ip/niosv/niosv_intel_onchip_memory_0/intel_onchip_memory_1410/synth/niosv_intel_onchip_memory_0_intel_onchip_memory_0.hex                                                              ; User-Specified Hexadecimal (Intel-Format) File  ; /mnt/ssd2/hamza/hello_world/ip/niosv/niosv_intel_onchip_memory_0/intel_onchip_memory_1410/synth/niosv_intel_onchip_memory_0_intel_onchip_memory_0.hex                                                              ; intel_onchip_memory_1410                             ; ip/niosv/niosv_intel_onchip_memory_0.ip                                    ;                                  ; 33c88c2984af09006be227dd7494b39c ;
; ip/niosv/niosv_intel_onchip_memory_0/synth/niosv_intel_onchip_memory_0.v                                                                                                               ; User-Specified Verilog HDL File                 ; /mnt/ssd2/hamza/hello_world/ip/niosv/niosv_intel_onchip_memory_0/synth/niosv_intel_onchip_memory_0.v                                                                                                               ; niosv_intel_onchip_memory_0                          ; ip/niosv/niosv_intel_onchip_memory_0.ip                                    ;                                  ; a27aa1faa7db508f557e8fca961f75cf ;
; dni/sandboxes/ipaa-10xe_140841_0/sld/ipgen/alt_sld_fab_0/alt_sld_fab_0.qip                                                                                                             ; User-Specified IP File                          ; /mnt/ssd2/hamza/hello_world/dni/sandboxes/ipaa-10xe_140841_0/sld/ipgen/alt_sld_fab_0/alt_sld_fab_0.qip                                                                                                             ;                                                      ;                                                                            ;                                  ; c000819f2a60aee5a479c7d02da9bad5 ;
; qdb/_compiler/niosv/_flat/25.1.1/source/1/.temp/cpt_proxy/alt_sld_fab_0_altera_sld_splitter_1920_lwajxka.sv                                                                            ; Encrypted Auto-Generated Megafunction           ; /mnt/ssd2/hamza/hello_world/qdb/_compiler/niosv/_flat/25.1.1/source/1/.temp/cpt_proxy/alt_sld_fab_0_altera_sld_splitter_1920_lwajxka.sv                                                                            ; altera_sld_splitter_1920                             ; dni/sandboxes/ipaa-10xe_140841_0/sld/ipgen/alt_sld_fab_0/alt_sld_fab_0.qip ;                                  ;                                  ;
; qdb/_compiler/niosv/_flat/25.1.1/source/1/.temp/cpt_proxy/altera_jtag_wys_atom.sv                                                                                                      ; Encrypted Auto-Generated Megafunction           ; /mnt/ssd2/hamza/hello_world/qdb/_compiler/niosv/_flat/25.1.1/source/1/.temp/cpt_proxy/altera_jtag_wys_atom.sv                                                                                                      ; altera_jtag_wys_atom_1920                            ; dni/sandboxes/ipaa-10xe_140841_0/sld/ipgen/alt_sld_fab_0/alt_sld_fab_0.qip ;                                  ;                                  ;
; qdb/_compiler/niosv/_flat/25.1.1/source/1/.temp/cpt_proxy/alt_sld_fab_0_altera_sld_jtag_hub_1920_nxacx4i.vhd                                                                           ; Encrypted Auto-Generated Megafunction           ; /mnt/ssd2/hamza/hello_world/qdb/_compiler/niosv/_flat/25.1.1/source/1/.temp/cpt_proxy/alt_sld_fab_0_altera_sld_jtag_hub_1920_nxacx4i.vhd                                                                           ; altera_sld_jtag_hub_1920                             ; dni/sandboxes/ipaa-10xe_140841_0/sld/ipgen/alt_sld_fab_0/alt_sld_fab_0.qip ;                                  ;                                  ;
; dni/sandboxes/ipaa-10xe_140841_0/sld/ipgen/alt_sld_fab_0/altera_connection_identification_hub_1920/synth/alt_sld_fab_0_altera_connection_identification_hub_1920_b6d6vty.sv            ; Auto-Generated Megafunction                     ; /mnt/ssd2/hamza/hello_world/dni/sandboxes/ipaa-10xe_140841_0/sld/ipgen/alt_sld_fab_0/altera_connection_identification_hub_1920/synth/alt_sld_fab_0_altera_connection_identification_hub_1920_b6d6vty.sv            ; altera_connection_identification_hub_1920            ; dni/sandboxes/ipaa-10xe_140841_0/sld/ipgen/alt_sld_fab_0/alt_sld_fab_0.qip ;                                  ;                                  ;
; dni/sandboxes/ipaa-10xe_140841_0/sld/ipgen/alt_sld_fab_0/intel_configuration_reset_release_for_debug_203/synth/intel_configuration_reset_release_for_debug.v                           ; Auto-Generated Megafunction                     ; /mnt/ssd2/hamza/hello_world/dni/sandboxes/ipaa-10xe_140841_0/sld/ipgen/alt_sld_fab_0/intel_configuration_reset_release_for_debug_203/synth/intel_configuration_reset_release_for_debug.v                           ; intel_configuration_reset_release_for_debug_203      ; dni/sandboxes/ipaa-10xe_140841_0/sld/ipgen/alt_sld_fab_0/alt_sld_fab_0.qip ;                                  ;                                  ;
; dni/sandboxes/ipaa-10xe_140841_0/sld/ipgen/alt_sld_fab_0/intel_configuration_debug_reset_release_hub_203/synth/conf_reset_src.v                                                        ; Auto-Generated Megafunction                     ; /mnt/ssd2/hamza/hello_world/dni/sandboxes/ipaa-10xe_140841_0/sld/ipgen/alt_sld_fab_0/intel_configuration_debug_reset_release_hub_203/synth/conf_reset_src.v                                                        ; intel_configuration_debug_reset_release_hub_203      ; dni/sandboxes/ipaa-10xe_140841_0/sld/ipgen/alt_sld_fab_0/alt_sld_fab_0.qip ;                                  ; a1391d5566df5822bbed7f150f63e1b7 ;
; dni/sandboxes/ipaa-10xe_140841_0/sld/ipgen/alt_sld_fab_0/intel_configuration_reset_release_to_debug_logic_203/synth/intel_configuration_reset_release_to_debug_logic.v                 ; Auto-Generated Megafunction                     ; /mnt/ssd2/hamza/hello_world/dni/sandboxes/ipaa-10xe_140841_0/sld/ipgen/alt_sld_fab_0/intel_configuration_reset_release_to_debug_logic_203/synth/intel_configuration_reset_release_to_debug_logic.v                 ; intel_configuration_reset_release_to_debug_logic_203 ; dni/sandboxes/ipaa-10xe_140841_0/sld/ipgen/alt_sld_fab_0/alt_sld_fab_0.qip ;                                  ; 5fda166fff20a1bb078ace173de8e9a1 ;
; dni/sandboxes/ipaa-10xe_140841_0/sld/ipgen/alt_sld_fab_0/intel_configuration_debug_reset_release_hub_203/synth/grounded_conf_reset_src.v                                               ; Auto-Generated Megafunction                     ; /mnt/ssd2/hamza/hello_world/dni/sandboxes/ipaa-10xe_140841_0/sld/ipgen/alt_sld_fab_0/intel_configuration_debug_reset_release_hub_203/synth/grounded_conf_reset_src.v                                               ; intel_configuration_debug_reset_release_hub_203      ; dni/sandboxes/ipaa-10xe_140841_0/sld/ipgen/alt_sld_fab_0/alt_sld_fab_0.qip ;                                  ; 989987b5dd3a53243cea52122459264b ;
; dni/sandboxes/ipaa-10xe_140841_0/sld/ipgen/alt_sld_fab_0/intel_configuration_debug_reset_release_hub_203/synth/alt_sld_fab_0_intel_configuration_debug_reset_release_hub_203_ku24h5y.v ; Auto-Generated Megafunction                     ; /mnt/ssd2/hamza/hello_world/dni/sandboxes/ipaa-10xe_140841_0/sld/ipgen/alt_sld_fab_0/intel_configuration_debug_reset_release_hub_203/synth/alt_sld_fab_0_intel_configuration_debug_reset_release_hub_203_ku24h5y.v ; intel_configuration_debug_reset_release_hub_203      ; dni/sandboxes/ipaa-10xe_140841_0/sld/ipgen/alt_sld_fab_0/alt_sld_fab_0.qip ;                                  ;                                  ;
; qdb/_compiler/niosv/_flat/25.1.1/source/1/.temp/cpt_proxy/alt_sld_fab_0_alt_sld_fab_1920_dopew5i.v                                                                                     ; Encrypted Auto-Generated Megafunction           ; /mnt/ssd2/hamza/hello_world/qdb/_compiler/niosv/_flat/25.1.1/source/1/.temp/cpt_proxy/alt_sld_fab_0_alt_sld_fab_1920_dopew5i.v                                                                                     ; alt_sld_fab_1920                                     ; dni/sandboxes/ipaa-10xe_140841_0/sld/ipgen/alt_sld_fab_0/alt_sld_fab_0.qip ;                                  ;                                  ;
; qdb/_compiler/niosv/_flat/25.1.1/source/1/.temp/cpt_proxy/alt_sld_fab_0_alt_sld_fab_0_10_fkimwiy.v                                                                                     ; Encrypted Auto-Generated Megafunction           ; /mnt/ssd2/hamza/hello_world/qdb/_compiler/niosv/_flat/25.1.1/source/1/.temp/cpt_proxy/alt_sld_fab_0_alt_sld_fab_0_10_fkimwiy.v                                                                                     ; alt_sld_fab_0_10                                     ; dni/sandboxes/ipaa-10xe_140841_0/sld/ipgen/alt_sld_fab_0/alt_sld_fab_0.qip ;                                  ;                                  ;
; dni/sandboxes/ipaa-10xe_140841_0/sld/ipgen/alt_sld_fab_0/synth/alt_sld_fab_0.v                                                                                                         ; Auto-Generated Megafunction                     ; /mnt/ssd2/hamza/hello_world/dni/sandboxes/ipaa-10xe_140841_0/sld/ipgen/alt_sld_fab_0/synth/alt_sld_fab_0.v                                                                                                         ; alt_sld_fab_0                                        ; dni/sandboxes/ipaa-10xe_140841_0/sld/ipgen/alt_sld_fab_0/alt_sld_fab_0.qip ;                                  ;                                  ;
; /mnt/ssd2/Quartus_25_1_1_Setup_Installation/quartus/libraries/megafunctions/sld_virtual_jtag_basic.v                                                                                   ; Megafunction                                    ; /mnt/ssd2/Quartus_25_1_1_Setup_Installation/quartus/libraries/megafunctions/sld_virtual_jtag_basic.v                                                                                                               ; altera_work                                          ;                                                                            ;                                  ; 9b8bf11af25c24b859e8293bd3d74548 ;
; /mnt/ssd2/Quartus_25_1_1_Setup_Installation/quartus/libraries/megafunctions/alt_jtag_atlantic.v                                                                                        ; Encrypted Megafunction                          ; /mnt/ssd2/Quartus_25_1_1_Setup_Installation/quartus/libraries/megafunctions/alt_jtag_atlantic.v                                                                                                                    ; altera_work                                          ;                                                                            ;                                  ; 3b7a746629bdaca6f63435e87fa10b78 ;
; /mnt/ssd2/Quartus_25_1_1_Setup_Installation/quartus/libraries/megafunctions/sld_jtag_endpoint_adapter.vhd                                                                              ; Encrypted Megafunction                          ; /mnt/ssd2/Quartus_25_1_1_Setup_Installation/quartus/libraries/megafunctions/sld_jtag_endpoint_adapter.vhd                                                                                                          ; altera_work                                          ;                                                                            ;                                  ; a6469c1383aae2c8814e9b0192bd68e1 ;
; /mnt/ssd2/Quartus_25_1_1_Setup_Installation/quartus/libraries/megafunctions/sld_jtag_endpoint_adapter_impl.sv                                                                          ; Encrypted Megafunction                          ; /mnt/ssd2/Quartus_25_1_1_Setup_Installation/quartus/libraries/megafunctions/sld_jtag_endpoint_adapter_impl.sv                                                                                                      ; altera_work                                          ;                                                                            ;                                  ; 68f32742557102ea2db3088731d4343f ;
; /mnt/ssd2/Quartus_25_1_1_Setup_Installation/quartus/libraries/megafunctions/altera_sld_agent_endpoint.vhd                                                                              ; Megafunction                                    ; /mnt/ssd2/Quartus_25_1_1_Setup_Installation/quartus/libraries/megafunctions/altera_sld_agent_endpoint.vhd                                                                                                          ; altera_work                                          ;                                                                            ;                                  ; 4714ae4667fb6abe35f59875fb70840b ;
; /mnt/ssd2/Quartus_25_1_1_Setup_Installation/quartus/libraries/megafunctions/altera_fabric_endpoint.vhd                                                                                 ; Encrypted Megafunction                          ; /mnt/ssd2/Quartus_25_1_1_Setup_Installation/quartus/libraries/megafunctions/altera_fabric_endpoint.vhd                                                                                                             ; altera_work                                          ;                                                                            ;                                  ; 6256b5d6e0a120264bd8e7a62ecef4fb ;
; /mnt/ssd2/Quartus_25_1_1_Setup_Installation/quartus/libraries/megafunctions/altera_syncram.tdf                                                                                         ; Megafunction                                    ; /mnt/ssd2/Quartus_25_1_1_Setup_Installation/quartus/libraries/megafunctions/altera_syncram.tdf                                                                                                                     ; altera_work                                          ;                                                                            ;                                  ; 12b545893c688d9c78d2ce59771b522c ;
; /mnt/ssd2/Quartus_25_1_1_Setup_Installation/quartus/libraries/megafunctions/scfifo.tdf                                                                                                 ; Megafunction                                    ; /mnt/ssd2/Quartus_25_1_1_Setup_Installation/quartus/libraries/megafunctions/scfifo.tdf                                                                                                                             ; altera_work                                          ;                                                                            ;                                  ; 57b7ae0121dcb458ddaf3796dae73b72 ;
; a_regfifo.inc                                                                                                                                                                          ; Megafunction                                    ; /mnt/ssd2/Quartus_25_1_1_Setup_Installation/quartus/libraries/megafunctions/a_regfifo.inc                                                                                                                          ;                                                      ;                                                                            ;                                  ; af0e6b0fc54c15224ce61beaea9e71dc ;
; a_dpfifo.inc                                                                                                                                                                           ; Megafunction                                    ; /mnt/ssd2/Quartus_25_1_1_Setup_Installation/quartus/libraries/megafunctions/a_dpfifo.inc                                                                                                                           ;                                                      ;                                                                            ;                                  ; 0748303753a041187a5d4113b5f62acf ;
; a_i2fifo.inc                                                                                                                                                                           ; Megafunction                                    ; /mnt/ssd2/Quartus_25_1_1_Setup_Installation/quartus/libraries/megafunctions/a_i2fifo.inc                                                                                                                           ;                                                      ;                                                                            ;                                  ; ca5bb76c5a051df22b24c8b01cbcc918 ;
; a_fffifo.inc                                                                                                                                                                           ; Megafunction                                    ; /mnt/ssd2/Quartus_25_1_1_Setup_Installation/quartus/libraries/megafunctions/a_fffifo.inc                                                                                                                           ;                                                      ;                                                                            ;                                  ; ebf62e69b8fb10b5db33a57861298d55 ;
; a_f2fifo.inc                                                                                                                                                                           ; Megafunction                                    ; /mnt/ssd2/Quartus_25_1_1_Setup_Installation/quartus/libraries/megafunctions/a_f2fifo.inc                                                                                                                           ;                                                      ;                                                                            ;                                  ; 9bc132bd4e9e2ef10fb96303f6a7420f ;
; aglobal251.inc                                                                                                                                                                         ; Megafunction                                    ; /mnt/ssd2/Quartus_25_1_1_Setup_Installation/quartus/libraries/megafunctions/aglobal251.inc                                                                                                                         ;                                                      ;                                                                            ;                                  ; cf34178046f20594f0652bd25b5ee814 ;
; /mnt/ssd2/Quartus_25_1_1_Setup_Installation/quartus/libraries/megafunctions/altsyncram.tdf                                                                                             ; Megafunction                                    ; /mnt/ssd2/Quartus_25_1_1_Setup_Installation/quartus/libraries/megafunctions/altsyncram.tdf                                                                                                                         ; altera_work                                          ;                                                                            ;                                  ; c5f931bcfd6a227c7dd15c9093dd5f3a ;
; stratix_ram_block.inc                                                                                                                                                                  ; Megafunction                                    ; /mnt/ssd2/Quartus_25_1_1_Setup_Installation/quartus/libraries/megafunctions/stratix_ram_block.inc                                                                                                                  ;                                                      ;                                                                            ;                                  ; 2263a3bdfffeb150af0977ee13902f70 ;
; lpm_mux.inc                                                                                                                                                                            ; Megafunction                                    ; /mnt/ssd2/Quartus_25_1_1_Setup_Installation/quartus/libraries/megafunctions/lpm_mux.inc                                                                                                                            ;                                                      ;                                                                            ;                                  ; c22bfd353214c01495b560fc34e47d79 ;
; lpm_decode.inc                                                                                                                                                                         ; Megafunction                                    ; /mnt/ssd2/Quartus_25_1_1_Setup_Installation/quartus/libraries/megafunctions/lpm_decode.inc                                                                                                                         ;                                                      ;                                                                            ;                                  ; 0bd0e20f5e001c1bd360461dceb53d48 ;
; a_rdenreg.inc                                                                                                                                                                          ; Megafunction                                    ; /mnt/ssd2/Quartus_25_1_1_Setup_Installation/quartus/libraries/megafunctions/a_rdenreg.inc                                                                                                                          ;                                                      ;                                                                            ;                                  ; 60d2293400bc3c24acb0a137b4849830 ;
; altrom.inc                                                                                                                                                                             ; Megafunction                                    ; /mnt/ssd2/Quartus_25_1_1_Setup_Installation/quartus/libraries/megafunctions/altrom.inc                                                                                                                             ;                                                      ;                                                                            ;                                  ; d4e3a69a331d3a99d3281790d99a1ebd ;
; altram.inc                                                                                                                                                                             ; Megafunction                                    ; /mnt/ssd2/Quartus_25_1_1_Setup_Installation/quartus/libraries/megafunctions/altram.inc                                                                                                                             ;                                                      ;                                                                            ;                                  ; e66a83eccf67170bed97c99d891ad085 ;
; altdpram.inc                                                                                                                                                                           ; Megafunction                                    ; /mnt/ssd2/Quartus_25_1_1_Setup_Installation/quartus/libraries/megafunctions/altdpram.inc                                                                                                                           ;                                                      ;                                                                            ;                                  ; ef8da121368208b56cc93fbf1bd671b8 ;
; /mnt/ssd2/hamza/hello_world/tmp-clearbox/niosv/140841/decode_m7op.tdf                                                                                                                  ; Auto-Generated Megafunction                     ; /mnt/ssd2/hamza/hello_world/tmp-clearbox/niosv/140841/decode_m7op.tdf                                                                                                                                              ;                                                      ;                                                                            ;                                  ; 00a4c75345f2da1efbdb4394cb1606a0 ;
; /mnt/ssd2/hamza/hello_world/tmp-clearbox/niosv/140841/mux_lrsc1.tdf                                                                                                                    ; Auto-Generated Megafunction                     ; /mnt/ssd2/hamza/hello_world/tmp-clearbox/niosv/140841/mux_lrsc1.tdf                                                                                                                                                ;                                                      ;                                                                            ;                                  ; 7829239aab8f789ed9054d5beeb09767 ;
; /mnt/ssd2/hamza/hello_world/tmp-clearbox/niosv/140841/altera_syncram_rio3.tdf                                                                                                          ; Auto-Generated Megafunction                     ; /mnt/ssd2/hamza/hello_world/tmp-clearbox/niosv/140841/altera_syncram_rio3.tdf                                                                                                                                      ;                                                      ;                                                                            ;                                  ; 77f89c2e2a3ecd15e4d76862c07f12e6 ;
; /mnt/ssd2/hamza/hello_world/tmp-clearbox/niosv/140841/altera_syncram_impl_h2j3.tdf                                                                                                     ; Auto-Generated Megafunction                     ; /mnt/ssd2/hamza/hello_world/tmp-clearbox/niosv/140841/altera_syncram_impl_h2j3.tdf                                                                                                                                 ;                                                      ;                                                                            ;                                  ; b567a8f004040d7d7049fd44bd74948b ;
; /mnt/ssd2/hamza/hello_world/tmp-clearbox/niosv/140841/altera_syncram_impl_d6o82.tdf                                                                                                    ; Auto-Generated Megafunction                     ; /mnt/ssd2/hamza/hello_world/tmp-clearbox/niosv/140841/altera_syncram_impl_d6o82.tdf                                                                                                                                ;                                                      ;                                                                            ;                                  ; 36ccd9437a344912f879102b6965b19c ;
; /mnt/ssd2/hamza/hello_world/tmp-clearbox/niosv/140841/scfifo_v1n72.tdf                                                                                                                 ; Auto-Generated Megafunction                     ; /mnt/ssd2/hamza/hello_world/tmp-clearbox/niosv/140841/scfifo_v1n72.tdf                                                                                                                                             ;                                                      ;                                                                            ;                                  ; 9fc720838dd6830adff4d5cfe3bce887 ;
; /mnt/ssd2/hamza/hello_world/tmp-clearbox/niosv/140841/altera_syncram_5s9i1.tdf                                                                                                         ; Auto-Generated Megafunction                     ; /mnt/ssd2/hamza/hello_world/tmp-clearbox/niosv/140841/altera_syncram_5s9i1.tdf                                                                                                                                     ;                                                      ;                                                                            ;                                  ; 1b48a880f420d577a17fb3bd5d3628c6 ;
; /mnt/ssd2/hamza/hello_world/tmp-clearbox/niosv/140841/cntr_mdq02.tdf                                                                                                                   ; Auto-Generated Megafunction                     ; /mnt/ssd2/hamza/hello_world/tmp-clearbox/niosv/140841/cntr_mdq02.tdf                                                                                                                                               ;                                                      ;                                                                            ;                                  ; c8a5d3db6c6be6d0e116dde3357134a4 ;
; /mnt/ssd2/hamza/hello_world/tmp-clearbox/niosv/140841/a_fefifo_1pu6.tdf                                                                                                                ; Auto-Generated Megafunction                     ; /mnt/ssd2/hamza/hello_world/tmp-clearbox/niosv/140841/a_fefifo_1pu6.tdf                                                                                                                                            ;                                                      ;                                                                            ;                                  ; aa00254d21eeb1256e1a9a644092ff99 ;
; /mnt/ssd2/hamza/hello_world/tmp-clearbox/niosv/140841/a_dpfifo_thtu.tdf                                                                                                                ; Auto-Generated Megafunction                     ; /mnt/ssd2/hamza/hello_world/tmp-clearbox/niosv/140841/a_dpfifo_thtu.tdf                                                                                                                                            ;                                                      ;                                                                            ;                                  ; 88fe14f9f587614d45b6086a5e8840c6 ;
; /mnt/ssd2/hamza/hello_world/tmp-clearbox/niosv/140841/altsyncram_gm7r1.tdf                                                                                                             ; Auto-Generated Megafunction                     ; /mnt/ssd2/hamza/hello_world/tmp-clearbox/niosv/140841/altsyncram_gm7r1.tdf                                                                                                                                         ;                                                      ;                                                                            ;                                  ; 9b29a11dd5b14a9226f3be75354c131a ;
; /mnt/ssd2/hamza/hello_world/tmp-clearbox/niosv/140841/altera_syncram_impl_22tt1.tdf                                                                                                    ; Auto-Generated Megafunction                     ; /mnt/ssd2/hamza/hello_world/tmp-clearbox/niosv/140841/altera_syncram_impl_22tt1.tdf                                                                                                                                ;                                                      ;                                                                            ;                                  ; f8f0d928e64721985885b1f23454fd1b ;
; /mnt/ssd2/hamza/hello_world/tmp-clearbox/niosv/140841/altera_syncram_impl_vara.tdf                                                                                                     ; Auto-Generated Megafunction                     ; /mnt/ssd2/hamza/hello_world/tmp-clearbox/niosv/140841/altera_syncram_impl_vara.tdf                                                                                                                                 ;                                                      ;                                                                            ;                                  ; ef7a254ddb4f1704b081d46646b4ad16 ;
; /mnt/ssd2/hamza/hello_world/tmp-clearbox/niosv/140841/altsyncram_f37e1.tdf                                                                                                             ; Auto-Generated Megafunction                     ; /mnt/ssd2/hamza/hello_world/tmp-clearbox/niosv/140841/altsyncram_f37e1.tdf                                                                                                                                         ;                                                      ;                                                                            ;                                  ; 4d1d7438616f4c297ca941fa3f3ee6eb ;
; /mnt/ssd2/hamza/hello_world/tmp-clearbox/niosv/140841/mux_torm.tdf                                                                                                                     ; Auto-Generated Megafunction                     ; /mnt/ssd2/hamza/hello_world/tmp-clearbox/niosv/140841/mux_torm.tdf                                                                                                                                                 ;                                                      ;                                                                            ;                                  ; 3564fb7451f0b1186eaa006b84764b67 ;
; /mnt/ssd2/hamza/hello_world/tmp-clearbox/niosv/140841/altera_syncram_impl_37g7.tdf                                                                                                     ; Auto-Generated Megafunction                     ; /mnt/ssd2/hamza/hello_world/tmp-clearbox/niosv/140841/altera_syncram_impl_37g7.tdf                                                                                                                                 ;                                                      ;                                                                            ;                                  ; 8512935a8230506b9e3e0d837411a946 ;
; /mnt/ssd2/hamza/hello_world/tmp-clearbox/niosv/140841/altsyncram_pl301.tdf                                                                                                             ; Auto-Generated Megafunction                     ; /mnt/ssd2/hamza/hello_world/tmp-clearbox/niosv/140841/altsyncram_pl301.tdf                                                                                                                                         ;                                                      ;                                                                            ;                                  ; c9fa5a7f17b22b6bf7153d605bf14c5b ;
; /mnt/ssd2/hamza/hello_world/tmp-clearbox/niosv/140841/decode_71al.tdf                                                                                                                  ; Auto-Generated Megafunction                     ; /mnt/ssd2/hamza/hello_world/tmp-clearbox/niosv/140841/decode_71al.tdf                                                                                                                                              ;                                                      ;                                                                            ;                                  ; a11b27a0c8668a37a787210cc4ae1ea7 ;
; /mnt/ssd2/Quartus_25_1_1_Setup_Installation/quartus/libraries/megafunctions/altera_counter.sv                                                                                          ; Megafunction                                    ; /mnt/ssd2/Quartus_25_1_1_Setup_Installation/quartus/libraries/megafunctions/altera_counter.sv                                                                                                                      ; altera_work                                          ;                                                                            ;                                  ; 13341a61af49feca62b1c065ab7f44c9 ;
; /mnt/ssd2/Quartus_25_1_1_Setup_Installation/quartus/libraries/megafunctions/sld_hub.vhd                                                                                                ; Encrypted Auto-Generated Megafunction           ; /mnt/ssd2/Quartus_25_1_1_Setup_Installation/quartus/libraries/megafunctions/sld_hub.vhd                                                                                                                            ; altera_sld                                           ;                                                                            ;                                  ;                                  ;
; /mnt/ssd2/Quartus_25_1_1_Setup_Installation/quartus/libraries/megafunctions/sld_jtag_hub.vhd                                                                                           ; Encrypted Megafunction                          ; /mnt/ssd2/Quartus_25_1_1_Setup_Installation/quartus/libraries/megafunctions/sld_jtag_hub.vhd                                                                                                                       ; altera_work                                          ;                                                                            ;                                  ;                                  ;
; /mnt/ssd2/Quartus_25_1_1_Setup_Installation/quartus/libraries/megafunctions/altera_debug_config_reset_release_source_endpoint.v                                                        ; Encrypted Megafunction                          ; /mnt/ssd2/Quartus_25_1_1_Setup_Installation/quartus/libraries/megafunctions/altera_debug_config_reset_release_source_endpoint.v                                                                                    ; altera_work                                          ;                                                                            ;                                  ; 3968f414bf11d67b79d1ea90a70167df ;
; /mnt/ssd2/Quartus_25_1_1_Setup_Installation/quartus/libraries/megafunctions/sld_rom_sr.vhd                                                                                             ; Encrypted Megafunction                          ; /mnt/ssd2/Quartus_25_1_1_Setup_Installation/quartus/libraries/megafunctions/sld_rom_sr.vhd                                                                                                                         ; altera_work                                          ;                                                                            ;                                  ;                                  ;
; /mnt/ssd2/Quartus_25_1_1_Setup_Installation/quartus/libraries/megafunctions/altera_debug_config_reset_release_endpoint.vhd                                                             ; Megafunction                                    ; /mnt/ssd2/Quartus_25_1_1_Setup_Installation/quartus/libraries/megafunctions/altera_debug_config_reset_release_endpoint.vhd                                                                                         ; altera_work                                          ;                                                                            ;                                  ; 02fad31b8231b295fb41a6b44b6fa038 ;
; niosv/altera_reset_controller_1924/synth/altera_reset_controller.sdc                                                                                                                   ; User-Specified Synopsys Design Constraints File ; niosv/altera_reset_controller_1924/synth/altera_reset_controller.sdc                                                                                                                                               ;                                                      ; niosv.qsys                                                                 ; 6fe5e7ad5fc8693577ba0723514b2aa1 ;                                  ;
; ip/niosv/niosv_intel_niosv_m_0/altera_reset_controller_1924/synth/altera_reset_controller.sdc                                                                                          ; User-Specified Synopsys Design Constraints File ; ip/niosv/niosv_intel_niosv_m_0/altera_reset_controller_1924/synth/altera_reset_controller.sdc                                                                                                                      ;                                                      ; ip/niosv/niosv_intel_niosv_m_0.ip                                          ; 6fe5e7ad5fc8693577ba0723514b2aa1 ;                                  ;
; ip/niosv/niosv_intel_niosv_m_0/intel_niosv_dbg_mod_210/synth/altera_avalon_st_handshake_clock_crosser.sdc                                                                              ; User-Specified Synopsys Design Constraints File ; ip/niosv/niosv_intel_niosv_m_0/intel_niosv_dbg_mod_210/synth/altera_avalon_st_handshake_clock_crosser.sdc                                                                                                          ;                                                      ; ip/niosv/niosv_intel_niosv_m_0.ip                                          ; 0a9e05143b293a98b3a87e4e60f9ad2e ;                                  ;
; ip/niosv/niosv_intel_niosv_m_0/intel_niosv_dbg_mod_210/synth/altera_reset_controller.sdc                                                                                               ; User-Specified Synopsys Design Constraints File ; ip/niosv/niosv_intel_niosv_m_0/intel_niosv_dbg_mod_210/synth/altera_reset_controller.sdc                                                                                                                           ;                                                      ; ip/niosv/niosv_intel_niosv_m_0.ip                                          ; 6fe5e7ad5fc8693577ba0723514b2aa1 ;                                  ;
+----------------------------------------------------------------------------------------------------------------------------------------------------------------------------------------+-------------------------------------------------+--------------------------------------------------------------------------------------------------------------------------------------------------------------------------------------------------------------------+------------------------------------------------------+----------------------------------------------------------------------------+----------------------------------+----------------------------------+


+-------------------------------------------------------------------------------------------------------------------------------------------------------------------------------------------------------------------------------------------------------------------------------------------------------------------------------------------------------------+
; Synthesis IP Cores Summary                                                                                                                                                                                                                                                                                                                                  ;
+-------------------+---------------------------------------------+----------------------------------------+------------+---------------------------------------------+---------+--------------+--------------+---------------------------------------------------------------------------------+-------------------------------------------------------------+
; Vendor            ; IP Name                                     ; Product Name                           ; Product ID ; IP Core Name                                ; Version ; Release Date ; License Type ; Entity Instance                                                                 ; IP Include File                                             ;
+-------------------+---------------------------------------------+----------------------------------------+------------+---------------------------------------------+---------+--------------+--------------+---------------------------------------------------------------------------------+-------------------------------------------------------------+
; N/A               ; <Platform Designer>                         ; N/A                                    ; N/A        ; QsysPrimePro                                ; 25.1.1  ; N/A          ; N/A          ;                                                                                 ; niosv.qsys                                                  ;
; Intel Corporation ; altera_irq_mapper                           ; N/A                                    ; N/A        ; altera_irq_mapper                           ; 20.0.1  ; N/A          ; N/A          ; irq_mapper                                                                      ; niosv.qsys                                                  ;
; Intel Corporation ; altera_reset_controller                     ; N/A                                    ; N/A        ; altera_reset_controller                     ; 19.2.4  ; N/A          ; N/A          ; rst_controller_001                                                              ; niosv.qsys                                                  ;
; Intel Corporation ; altera_reset_controller                     ; N/A                                    ; N/A        ; altera_reset_controller                     ; 19.2.4  ; N/A          ; N/A          ; rst_controller                                                                  ; niosv.qsys                                                  ;
; Intel Corporation ; intel_onchip_memory                         ; N/A                                    ; N/A        ; intel_onchip_memory                         ; 1.4.10  ; N/A          ; N/A          ; sram                                                                            ; ip/niosv/niosv_intel_onchip_memory_0.ip                     ;
; Intel Corporation ; <Platform Designer>                         ; N/A                                    ; N/A        ; QsysPrimePro                                ; 25.1.1  ; N/A          ; N/A          ; clock_in                                                                        ; ip/niosv/niosv_clock_in.ip                                  ;
; Intel Corporation ; Nios V/m Microcontroller Intel FPGA IP      ; N/A                                    ; N/A        ; intel_niosv_m                               ; 26.0.0  ; N/A          ; N/A          ; my_niosv                                                                        ; ip/niosv/niosv_intel_niosv_m_0.ip                           ;
; Intel Corporation ; Nios V/m Microcontroller Intel FPGA IP      ; Nios V/m Microcontroller Intel FPGA IP ; 6AF7_D036  ; Nios V/m Microcontroller Intel FPGA IP      ; N/A     ; N/A          ; OpenCore     ; my_niosv|my_niosv|timer_module                                                  ;                                                             ;
; Intel Corporation ; altera_reset_controller                     ; N/A                                    ; N/A        ; altera_reset_controller                     ; 19.2.4  ; N/A          ; N/A          ; my_niosv|my_niosv|rst_controller_001                                            ; niosv.qsys                                                  ;
; Intel Corporation ; altera_irq_mapper                           ; N/A                                    ; N/A        ; altera_irq_mapper                           ; 20.0.1  ; N/A          ; N/A          ; my_niosv|my_niosv|irq_mapper_001                                                ; ip/niosv/niosv_intel_niosv_m_0.ip                           ;
; Intel Corporation ; Nios V/m Microcontroller Intel FPGA IP      ; Nios V/m Microcontroller Intel FPGA IP ; 6AF7_D036  ; Nios V/m Microcontroller Intel FPGA IP      ; N/A     ; N/A          ; OpenCore     ; my_niosv|my_niosv|dbg_mod                                                       ;                                                             ;
; Intel Corporation ; Nios V/m Microcontroller Intel FPGA IP      ; Nios V/m Microcontroller Intel FPGA IP ; 6AF7_D036  ; Nios V/m Microcontroller Intel FPGA IP      ; N/A     ; N/A          ; OpenCore     ; my_niosv|my_niosv|dbg_mod|dm_inst                                               ;                                                             ;
; Intel Corporation ; Nios V/m Microcontroller Intel FPGA IP      ; Nios V/m Microcontroller Intel FPGA IP ; 6AF7_D036  ; Nios V/m Microcontroller Intel FPGA IP      ; N/A     ; N/A          ; OpenCore     ; my_niosv|my_niosv|dbg_mod|dm_inst|niosv_dm_csr_mem_inst                         ;                                                             ;
; Intel Corporation ; Nios V/m Microcontroller Intel FPGA IP      ; Nios V/m Microcontroller Intel FPGA IP ; 6AF7_D036  ; Nios V/m Microcontroller Intel FPGA IP      ; N/A     ; N/A          ; OpenCore     ; my_niosv|my_niosv|dbg_mod|dm_inst|dbg_rom_inst                                  ;                                                             ;
; Intel Corporation ; Nios V/m Microcontroller Intel FPGA IP      ; Nios V/m Microcontroller Intel FPGA IP ; 6AF7_D036  ; Nios V/m Microcontroller Intel FPGA IP      ; N/A     ; N/A          ; OpenCore     ; my_niosv|my_niosv|dbg_mod|dm_inst|dbg_rom_inst|gen_mlab_rom.dbg_rom_inst        ;                                                             ;
; Intel Corporation ; altera_reset_controller                     ; N/A                                    ; N/A        ; altera_reset_controller                     ; 19.2.4  ; N/A          ; N/A          ; my_niosv|my_niosv|dbg_mod|rst_controller                                        ; ip/niosv/niosv_intel_niosv_m_0.ip                           ;
; Intel Corporation ; Nios V/m Microcontroller Intel FPGA IP      ; Nios V/m Microcontroller Intel FPGA IP ; 6AF7_D036  ; Nios V/m Microcontroller Intel FPGA IP      ; N/A     ; N/A          ; OpenCore     ; my_niosv|my_niosv|dbg_mod|dtm_inst                                              ;                                                             ;
; Intel Corporation ; altera_reset_controller                     ; N/A                                    ; N/A        ; altera_reset_controller                     ; 19.2.4  ; N/A          ; N/A          ; my_niosv|my_niosv|dbg_mod|dtm_inst|rst_controller                               ; ip/niosv/niosv_intel_niosv_m_0.ip                           ;
; Intel Corporation ; altera_irq_mapper                           ; N/A                                    ; N/A        ; altera_irq_mapper                           ; 20.0.1  ; N/A          ; N/A          ; my_niosv|my_niosv|irq_mapper_002                                                ; ip/niosv/niosv_intel_niosv_m_0.ip                           ;
; Intel Corporation ; altera_reset_controller                     ; N/A                                    ; N/A        ; altera_reset_controller                     ; 19.2.4  ; N/A          ; N/A          ; my_niosv|my_niosv|rst_controller                                                ; niosv.qsys                                                  ;
; Intel Corporation ; altera_irq_mapper                           ; N/A                                    ; N/A        ; altera_irq_mapper                           ; 20.0.1  ; N/A          ; N/A          ; my_niosv|my_niosv|irq_mapper                                                    ; ip/niosv/niosv_intel_niosv_m_0.ip                           ;
; Intel Corporation ; intel_niosv_m_unit                          ; N/A                                    ; N/A        ; intel_niosv_m_unit                          ; 26.0.0  ; N/A          ; N/A          ; my_niosv|my_niosv|hart                                                          ; ip/niosv/niosv_intel_niosv_m_0.ip                           ;
; Intel Corporation ; Nios V/m Microcontroller Intel FPGA IP      ; Nios V/m Microcontroller Intel FPGA IP ; 6AF7_D036  ; Nios V/m Microcontroller Intel FPGA IP      ; N/A     ; N/A          ; OpenCore     ; my_niosv|my_niosv|hart|m_core.niosv_m_full_inst                                 ;                                                             ;
; Intel Corporation ; Nios V/m Microcontroller Intel FPGA IP      ; Nios V/m Microcontroller Intel FPGA IP ; 6AF7_D036  ; Nios V/m Microcontroller Intel FPGA IP      ; N/A     ; N/A          ; OpenCore     ; my_niosv|my_niosv|hart|m_core.niosv_m_full_inst|prefetch_inst                   ;                                                             ;
; Intel Corporation ; Nios V/m Microcontroller Intel FPGA IP      ; Nios V/m Microcontroller Intel FPGA IP ; 6AF7_D036  ; Nios V/m Microcontroller Intel FPGA IP      ; N/A     ; N/A          ; OpenCore     ; my_niosv|my_niosv|hart|m_core.niosv_m_full_inst|prefetch_inst|buffer_inst       ;                                                             ;
; Intel Corporation ; Nios V/m Microcontroller Intel FPGA IP      ; Nios V/m Microcontroller Intel FPGA IP ; 6AF7_D036  ; Nios V/m Microcontroller Intel FPGA IP      ; N/A     ; N/A          ; OpenCore     ; my_niosv|my_niosv|hart|m_core.niosv_m_full_inst|D_stage_inst                    ;                                                             ;
; Intel Corporation ; Nios V/m Microcontroller Intel FPGA IP      ; Nios V/m Microcontroller Intel FPGA IP ; 6AF7_D036  ; Nios V/m Microcontroller Intel FPGA IP      ; N/A     ; N/A          ; OpenCore     ; my_niosv|my_niosv|hart|m_core.niosv_m_full_inst|D_stage_inst|instr_decoder_inst ;                                                             ;
; Intel Corporation ; Nios V/m Microcontroller Intel FPGA IP      ; Nios V/m Microcontroller Intel FPGA IP ; 6AF7_D036  ; Nios V/m Microcontroller Intel FPGA IP      ; N/A     ; N/A          ; OpenCore     ; my_niosv|my_niosv|hart|m_core.niosv_m_full_inst|E_stage_inst                    ;                                                             ;
; Intel Corporation ; Nios V/m Microcontroller Intel FPGA IP      ; Nios V/m Microcontroller Intel FPGA IP ; 6AF7_D036  ; Nios V/m Microcontroller Intel FPGA IP      ; N/A     ; N/A          ; OpenCore     ; my_niosv|my_niosv|hart|m_core.niosv_m_full_inst|E_stage_inst|alu_inst           ;                                                             ;
; Intel Corporation ; Nios V/m Microcontroller Intel FPGA IP      ; Nios V/m Microcontroller Intel FPGA IP ; 6AF7_D036  ; Nios V/m Microcontroller Intel FPGA IP      ; N/A     ; N/A          ; OpenCore     ; my_niosv|my_niosv|hart|m_core.niosv_m_full_inst|M0_stage_inst                   ;                                                             ;
; Intel Corporation ; Nios V/m Microcontroller Intel FPGA IP      ; Nios V/m Microcontroller Intel FPGA IP ; 6AF7_D036  ; Nios V/m Microcontroller Intel FPGA IP      ; N/A     ; N/A          ; OpenCore     ; my_niosv|my_niosv|hart|m_core.niosv_m_full_inst|M0_stage_inst|shifter_inst      ;                                                             ;
; Intel Corporation ; Nios V/m Microcontroller Intel FPGA IP      ; Nios V/m Microcontroller Intel FPGA IP ; 6AF7_D036  ; Nios V/m Microcontroller Intel FPGA IP      ; N/A     ; N/A          ; OpenCore     ; my_niosv|my_niosv|hart|m_core.niosv_m_full_inst|W_stage_inst                    ;                                                             ;
; Intel Corporation ; Nios V/m Microcontroller Intel FPGA IP      ; Nios V/m Microcontroller Intel FPGA IP ; 6AF7_D036  ; Nios V/m Microcontroller Intel FPGA IP      ; N/A     ; N/A          ; OpenCore     ; my_niosv|my_niosv|hart|m_core.niosv_m_full_inst|reg_file_inst                   ;                                                             ;
; Intel Corporation ; Nios V/m Microcontroller Intel FPGA IP      ; Nios V/m Microcontroller Intel FPGA IP ; 6AF7_D036  ; Nios V/m Microcontroller Intel FPGA IP      ; N/A     ; N/A          ; OpenCore     ; my_niosv|my_niosv|hart|m_core.niosv_m_full_inst|reg_file_inst|reg_file_a        ;                                                             ;
; Intel Corporation ; Nios V/m Microcontroller Intel FPGA IP      ; Nios V/m Microcontroller Intel FPGA IP ; 6AF7_D036  ; Nios V/m Microcontroller Intel FPGA IP      ; N/A     ; N/A          ; OpenCore     ; my_niosv|my_niosv|hart|m_core.niosv_m_full_inst|reg_file_inst|reg_file_b        ;                                                             ;
; Intel Corporation ; Nios V/m Microcontroller Intel FPGA IP      ; Nios V/m Microcontroller Intel FPGA IP ; 6AF7_D036  ; Nios V/m Microcontroller Intel FPGA IP      ; N/A     ; N/A          ; OpenCore     ; my_niosv|my_niosv|hart|m_core.niosv_m_full_inst|lsu_inst                        ;                                                             ;
; Intel Corporation ; Nios V/m Microcontroller Intel FPGA IP      ; Nios V/m Microcontroller Intel FPGA IP ; 6AF7_D036  ; Nios V/m Microcontroller Intel FPGA IP      ; N/A     ; N/A          ; OpenCore     ; my_niosv|my_niosv|hart|m_core.niosv_m_full_inst|lsu_inst|read_cmd               ;                                                             ;
; Intel Corporation ; Nios V/m Microcontroller Intel FPGA IP      ; Nios V/m Microcontroller Intel FPGA IP ; 6AF7_D036  ; Nios V/m Microcontroller Intel FPGA IP      ; N/A     ; N/A          ; OpenCore     ; my_niosv|my_niosv|hart|m_core.niosv_m_full_inst|lsu_inst|wr_data                ;                                                             ;
; Intel Corporation ; Nios V/m Microcontroller Intel FPGA IP      ; Nios V/m Microcontroller Intel FPGA IP ; 6AF7_D036  ; Nios V/m Microcontroller Intel FPGA IP      ; N/A     ; N/A          ; OpenCore     ; my_niosv|my_niosv|hart|m_core.niosv_m_full_inst|lsu_inst|wr_addr                ;                                                             ;
; Intel Corporation ; Nios V/m Microcontroller Intel FPGA IP      ; Nios V/m Microcontroller Intel FPGA IP ; 6AF7_D036  ; Nios V/m Microcontroller Intel FPGA IP      ; N/A     ; N/A          ; OpenCore     ; my_niosv|my_niosv|hart|m_core.niosv_m_full_inst|csr_inst                        ;                                                             ;
; Intel Corporation ; Nios V/m Microcontroller Intel FPGA IP      ; Nios V/m Microcontroller Intel FPGA IP ; 6AF7_D036  ; Nios V/m Microcontroller Intel FPGA IP      ; N/A     ; N/A          ; OpenCore     ; my_niosv|my_niosv|hart|m_core.niosv_m_full_inst|csr_inst|irq_inst               ;                                                             ;
; Intel Corporation ; altera_avalon_jtag_uart                     ; N/A                                    ; N/A        ; altera_avalon_jtag_uart                     ; 19.3.1  ; N/A          ; N/A          ; debug                                                                           ; ip/niosv/niosv_jtag_uart_0.ip                               ;
; Intel Corporation ; <Platform Designer>                         ; N/A                                    ; N/A        ; QsysPrimePro                                ; 25.1.1  ; N/A          ; N/A          ; reset_in                                                                        ; ip/niosv/niosv_reset_in.ip                                  ;
; Intel Corporation ; alt_sld_fab                                 ; N/A                                    ; N/A        ; alt_sld_fab                                 ; 19.2.0  ; N/A          ; N/A          ; auto_fab_0                                                                      ; dni/sandboxes/ipaa-10xe_140841_0/sld/ipgen/alt_sld_fab_0.ip ;
; Intel Corporation ; Signal Tap                                  ; Signal Tap                             ; 6AF7_BCEC  ; Signal Tap                                  ; N/A     ; N/A          ; Licensed     ; auto_fab_0|alt_sld_fab_0                                                        ;                                                             ;
; Intel Corporation ; Signal Tap                                  ; Signal Tap                             ; 6AF7_BCEC  ; Signal Tap                                  ; N/A     ; N/A          ; Licensed     ; auto_fab_0|alt_sld_fab_0|alt_sld_fab_0                                          ;                                                             ;
; Intel Corporation ; Signal Tap                                  ; Signal Tap                             ; 6AF7_BCEC  ; Signal Tap                                  ; N/A     ; N/A          ; Licensed     ; auto_fab_0|alt_sld_fab_0|alt_sld_fab_0|splitter                                 ;                                                             ;
; Intel Corporation ; Signal Tap                                  ; Signal Tap                             ; 6AF7_BCEC  ; Signal Tap                                  ; N/A     ; N/A          ; Licensed     ; auto_fab_0|alt_sld_fab_0|alt_sld_fab_0|sldfabric                                ;                                                             ;
; Intel Corporation ; Signal Tap                                  ; Signal Tap                             ; 6AF7_BCEC  ; Signal Tap                                  ; N/A     ; N/A          ; Licensed     ; auto_fab_0|alt_sld_fab_0|alt_sld_fab_0|jtagpins                                 ;                                                             ;
; Intel Corporation ; Signal Tap                                  ; Signal Tap                             ; 6AF7_BCEC  ; Signal Tap                                  ; N/A     ; N/A          ; Licensed     ; auto_fab_0|alt_sld_fab_0|alt_sld_fab_0|jtagpins|atom_inst                       ;                                                             ;
; Intel Corporation ; Signal Tap                                  ; Signal Tap                             ; 6AF7_BCEC  ; Signal Tap                                  ; N/A     ; N/A          ; Licensed     ; auto_fab_0|alt_sld_fab_0|alt_sld_fab_0|jtagpins|atom_mod_inst                   ;                                                             ;
; Intel Corporation ; intel_configuration_debug_reset_release_hub ; N/A                                    ; N/A        ; intel_configuration_debug_reset_release_hub ; 20.3    ; N/A          ; N/A          ; auto_fab_0|alt_sld_fab_0|alt_sld_fab_0|configresetfabric                        ; dni/sandboxes/ipaa-10xe_140841_0/sld/ipgen/alt_sld_fab_0.ip ;
; Intel Corporation ; intel_configuration_reset_release_for_debug ; N/A                                    ; N/A        ; intel_configuration_reset_release_for_debug ; 20.3    ; N/A          ; N/A          ; auto_fab_0|alt_sld_fab_0|alt_sld_fab_0|configresetfabric|conf_reset_src         ; dni/sandboxes/ipaa-10xe_140841_0/sld/ipgen/alt_sld_fab_0.ip ;
; Intel Corporation ; altera_mm_interconnect                      ; N/A                                    ; N/A        ; altera_mm_interconnect                      ; 19.2.0  ; N/A          ; N/A          ; mm_interconnect_0                                                               ; niosv.qsys                                                  ;
; Intel Corporation ; altera_merlin_slave_agent                   ; N/A                                    ; N/A        ; altera_merlin_slave_agent                   ; 19.3.0  ; N/A          ; N/A          ; mm_interconnect_0|debug_avalon_jtag_slave_agent                                 ; niosv.qsys                                                  ;
; Intel Corporation ; altera_merlin_router                        ; N/A                                    ; N/A        ; altera_merlin_router                        ; 19.2.1  ; N/A          ; N/A          ; mm_interconnect_0|router_005                                                    ; niosv.qsys                                                  ;
; Intel Corporation ; altera_avalon_sc_fifo                       ; N/A                                    ; N/A        ; altera_avalon_sc_fifo                       ; 19.3.2  ; N/A          ; N/A          ; mm_interconnect_0|my_niosv_dm_agent_agent_rdata_fifo                            ; niosv.qsys                                                  ;
; Intel Corporation ; altera_merlin_demultiplexer                 ; N/A                                    ; N/A        ; altera_merlin_demultiplexer                 ; 19.2.1  ; N/A          ; N/A          ; mm_interconnect_0|rsp_demux_002                                                 ; niosv.qsys                                                  ;
; Intel Corporation ; altera_merlin_traffic_limiter               ; N/A                                    ; N/A        ; altera_merlin_traffic_limiter               ; 19.2.1  ; N/A          ; N/A          ; mm_interconnect_0|my_niosv_instruction_manager_rd_limiter                       ; niosv.qsys                                                  ;
; Intel Corporation ; altera_avalon_sc_fifo                       ; N/A                                    ; N/A        ; altera_avalon_sc_fifo                       ; 19.3.2  ; N/A          ; N/A          ; mm_interconnect_0|my_niosv_timer_sw_agent_agent_rsp_fifo                        ; niosv.qsys                                                  ;
; Intel Corporation ; altera_merlin_slave_translator              ; N/A                                    ; N/A        ; altera_merlin_slave_translator              ; 19.1    ; N/A          ; N/A          ; mm_interconnect_0|my_niosv_dm_agent_translator                                  ; niosv.qsys                                                  ;
; Intel Corporation ; altera_avalon_sc_fifo                       ; N/A                                    ; N/A        ; altera_avalon_sc_fifo                       ; 19.3.2  ; N/A          ; N/A          ; mm_interconnect_0|debug_avalon_jtag_slave_agent_rsp_fifo                        ; niosv.qsys                                                  ;
; Intel Corporation ; altera_merlin_multiplexer                   ; N/A                                    ; N/A        ; altera_merlin_multiplexer                   ; 19.2.2  ; N/A          ; N/A          ; mm_interconnect_0|cmd_mux_003                                                   ; niosv.qsys                                                  ;
; Intel Corporation ; altera_merlin_router                        ; N/A                                    ; N/A        ; altera_merlin_router                        ; 19.2.1  ; N/A          ; N/A          ; mm_interconnect_0|router_006                                                    ; niosv.qsys                                                  ;
; Intel Corporation ; altera_merlin_multiplexer                   ; N/A                                    ; N/A        ; altera_merlin_multiplexer                   ; 19.2.2  ; N/A          ; N/A          ; mm_interconnect_0|rsp_mux                                                       ; niosv.qsys                                                  ;
; Intel Corporation ; altera_merlin_demultiplexer                 ; N/A                                    ; N/A        ; altera_merlin_demultiplexer                 ; 19.2.1  ; N/A          ; N/A          ; mm_interconnect_0|cmd_demux_001                                                 ; niosv.qsys                                                  ;
; Intel Corporation ; altera_merlin_router                        ; N/A                                    ; N/A        ; altera_merlin_router                        ; 19.2.1  ; N/A          ; N/A          ; mm_interconnect_0|router                                                        ; niosv.qsys                                                  ;
; Intel Corporation ; altera_merlin_slave_translator              ; N/A                                    ; N/A        ; altera_merlin_slave_translator              ; 19.1    ; N/A          ; N/A          ; mm_interconnect_0|my_niosv_timer_sw_agent_translator                            ; niosv.qsys                                                  ;
; Intel Corporation ; altera_merlin_slave_agent                   ; N/A                                    ; N/A        ; altera_merlin_slave_agent                   ; 19.3.0  ; N/A          ; N/A          ; mm_interconnect_0|my_niosv_dm_agent_agent                                       ; niosv.qsys                                                  ;
; Intel Corporation ; altera_merlin_router                        ; N/A                                    ; N/A        ; altera_merlin_router                        ; 19.2.1  ; N/A          ; N/A          ; mm_interconnect_0|router_007                                                    ; niosv.qsys                                                  ;
; Intel Corporation ; altera_avalon_sc_fifo                       ; N/A                                    ; N/A        ; altera_avalon_sc_fifo                       ; 19.3.2  ; N/A          ; N/A          ; mm_interconnect_0|sram_s1_agent_rdata_fifo                                      ; niosv.qsys                                                  ;
; Intel Corporation ; altera_merlin_demultiplexer                 ; N/A                                    ; N/A        ; altera_merlin_demultiplexer                 ; 19.2.1  ; N/A          ; N/A          ; mm_interconnect_0|cmd_demux_003                                                 ; niosv.qsys                                                  ;
; Intel Corporation ; altera_merlin_router                        ; N/A                                    ; N/A        ; altera_merlin_router                        ; 19.2.1  ; N/A          ; N/A          ; mm_interconnect_0|router_001                                                    ; niosv.qsys                                                  ;
; Intel Corporation ; altera_merlin_axi_master_ni                 ; N/A                                    ; N/A        ; altera_merlin_axi_master_ni                 ; 19.11.2 ; N/A          ; N/A          ; mm_interconnect_0|my_niosv_instruction_manager_agent                            ; niosv.qsys                                                  ;
; Intel Corporation ; altera_merlin_multiplexer                   ; N/A                                    ; N/A        ; altera_merlin_multiplexer                   ; 19.2.2  ; N/A          ; N/A          ; mm_interconnect_0|cmd_mux_002                                                   ; niosv.qsys                                                  ;
; Intel Corporation ; altera_avalon_sc_fifo                       ; N/A                                    ; N/A        ; altera_avalon_sc_fifo                       ; 19.3.2  ; N/A          ; N/A          ; mm_interconnect_0|my_niosv_dm_agent_agent_rsp_fifo                              ; niosv.qsys                                                  ;
; Intel Corporation ; altera_merlin_demultiplexer                 ; N/A                                    ; N/A        ; altera_merlin_demultiplexer                 ; 19.2.1  ; N/A          ; N/A          ; mm_interconnect_0|rsp_demux_001                                                 ; niosv.qsys                                                  ;
; Intel Corporation ; altera_merlin_traffic_limiter               ; N/A                                    ; N/A        ; altera_merlin_traffic_limiter               ; 19.2.1  ; N/A          ; N/A          ; mm_interconnect_0|my_niosv_instruction_manager_wr_limiter                       ; niosv.qsys                                                  ;
; Intel Corporation ; altera_merlin_multiplexer                   ; N/A                                    ; N/A        ; altera_merlin_multiplexer                   ; 19.2.2  ; N/A          ; N/A          ; mm_interconnect_0|rsp_mux_003                                                   ; niosv.qsys                                                  ;
; Intel Corporation ; altera_merlin_slave_translator              ; N/A                                    ; N/A        ; altera_merlin_slave_translator              ; 19.1    ; N/A          ; N/A          ; mm_interconnect_0|debug_avalon_jtag_slave_translator                            ; niosv.qsys                                                  ;
; Intel Corporation ; altera_merlin_router                        ; N/A                                    ; N/A        ; altera_merlin_router                        ; 19.2.1  ; N/A          ; N/A          ; mm_interconnect_0|router_002                                                    ; niosv.qsys                                                  ;
; Intel Corporation ; altera_merlin_slave_agent                   ; N/A                                    ; N/A        ; altera_merlin_slave_agent                   ; 19.3.0  ; N/A          ; N/A          ; mm_interconnect_0|sram_s1_agent                                                 ; niosv.qsys                                                  ;
; Intel Corporation ; altera_merlin_demultiplexer                 ; N/A                                    ; N/A        ; altera_merlin_demultiplexer                 ; 19.2.1  ; N/A          ; N/A          ; mm_interconnect_0|rsp_demux_003                                                 ; niosv.qsys                                                  ;
; Intel Corporation ; altera_merlin_demultiplexer                 ; N/A                                    ; N/A        ; altera_merlin_demultiplexer                 ; 19.2.1  ; N/A          ; N/A          ; mm_interconnect_0|cmd_demux                                                     ; niosv.qsys                                                  ;
; Intel Corporation ; altera_avalon_sc_fifo                       ; N/A                                    ; N/A        ; altera_avalon_sc_fifo                       ; 19.3.2  ; N/A          ; N/A          ; mm_interconnect_0|my_niosv_timer_sw_agent_agent_rdata_fifo                      ; niosv.qsys                                                  ;
; Intel Corporation ; altera_merlin_slave_translator              ; N/A                                    ; N/A        ; altera_merlin_slave_translator              ; 19.1    ; N/A          ; N/A          ; mm_interconnect_0|sram_s1_translator                                            ; niosv.qsys                                                  ;
; Intel Corporation ; altera_merlin_multiplexer                   ; N/A                                    ; N/A        ; altera_merlin_multiplexer                   ; 19.2.2  ; N/A          ; N/A          ; mm_interconnect_0|cmd_mux_001                                                   ; niosv.qsys                                                  ;
; Intel Corporation ; altera_merlin_router                        ; N/A                                    ; N/A        ; altera_merlin_router                        ; 19.2.1  ; N/A          ; N/A          ; mm_interconnect_0|router_003                                                    ; niosv.qsys                                                  ;
; Intel Corporation ; altera_avalon_sc_fifo                       ; N/A                                    ; N/A        ; altera_avalon_sc_fifo                       ; 19.3.2  ; N/A          ; N/A          ; mm_interconnect_0|debug_avalon_jtag_slave_agent_rdata_fifo                      ; niosv.qsys                                                  ;
; Intel Corporation ; altera_avalon_sc_fifo                       ; N/A                                    ; N/A        ; altera_avalon_sc_fifo                       ; 19.3.2  ; N/A          ; N/A          ; mm_interconnect_0|sram_s1_agent_rsp_fifo                                        ; niosv.qsys                                                  ;
; Intel Corporation ; altera_merlin_demultiplexer                 ; N/A                                    ; N/A        ; altera_merlin_demultiplexer                 ; 19.2.1  ; N/A          ; N/A          ; mm_interconnect_0|cmd_demux_002                                                 ; niosv.qsys                                                  ;
; Intel Corporation ; altera_merlin_axi_master_ni                 ; N/A                                    ; N/A        ; altera_merlin_axi_master_ni                 ; 19.11.2 ; N/A          ; N/A          ; mm_interconnect_0|my_niosv_data_manager_agent                                   ; niosv.qsys                                                  ;
; Intel Corporation ; altera_merlin_router                        ; N/A                                    ; N/A        ; altera_merlin_router                        ; 19.2.1  ; N/A          ; N/A          ; mm_interconnect_0|router_004                                                    ; niosv.qsys                                                  ;
; Intel Corporation ; altera_merlin_demultiplexer                 ; N/A                                    ; N/A        ; altera_merlin_demultiplexer                 ; 19.2.1  ; N/A          ; N/A          ; mm_interconnect_0|rsp_demux                                                     ; niosv.qsys                                                  ;
; Intel Corporation ; altera_merlin_multiplexer                   ; N/A                                    ; N/A        ; altera_merlin_multiplexer                   ; 19.2.2  ; N/A          ; N/A          ; mm_interconnect_0|rsp_mux_002                                                   ; niosv.qsys                                                  ;
; Intel Corporation ; altera_merlin_slave_agent                   ; N/A                                    ; N/A        ; altera_merlin_slave_agent                   ; 19.3.0  ; N/A          ; N/A          ; mm_interconnect_0|my_niosv_timer_sw_agent_agent                                 ; niosv.qsys                                                  ;
; Intel Corporation ; altera_merlin_multiplexer                   ; N/A                                    ; N/A        ; altera_merlin_multiplexer                   ; 19.2.2  ; N/A          ; N/A          ; mm_interconnect_0|rsp_mux_001                                                   ; niosv.qsys                                                  ;
; Intel Corporation ; altera_merlin_multiplexer                   ; N/A                                    ; N/A        ; altera_merlin_multiplexer                   ; 19.2.2  ; N/A          ; N/A          ; mm_interconnect_0|cmd_mux                                                       ; niosv.qsys                                                  ;
+-------------------+---------------------------------------------+----------------------------------------+------------+---------------------------------------------+---------+--------------+--------------+---------------------------------------------------------------------------------+-------------------------------------------------------------+
OpenCore Simulation-Only Evaluation feature is turned on for all cores in the design.


+--------------------------------------------------------------------------------------------+
; Synthesis Partition Summary                                                                ;
+----------------+----------------+---------+--------------+-------+-------------------------+
; Partition Name ; Hierarchy Path ; Type    ; Preservation ; Empty ; Partition Database File ;
+----------------+----------------+---------+--------------+-------+-------------------------+
; root_partition ; |              ; Default ;              ;       ;                         ;
;  auto_fab_0    ; auto_fab_0     ; Default ;              ;       ;                         ;
+----------------+----------------+---------+--------------+-------+-------------------------+


+--------------------------------------------------------------------------------------------------------+
; Source Assignments for User Entity altera_reset_controller Instance: rst_controller                    ;
+-------------------+-------+------+-------------------------------------+-------------------------------+
; Assignment        ; Value ; From ; To                                  ; Source Location               ;
+-------------------+-------+------+-------------------------------------+-------------------------------+
; PRESERVE_REGISTER ; ON    ; -    ; altera_reset_synchronizer_int_chain ; altera_reset_controller.v:140 ;
+-------------------+-------+------+-------------------------------------+-------------------------------+
All Instances:
rst_controller



+--------------------------------------------------------------------------------------------------------+
; Source Assignments for User Entity altera_reset_controller_1 Instance: rst_controller_001              ;
+-------------------+-------+------+-------------------------------------+-------------------------------+
; Assignment        ; Value ; From ; To                                  ; Source Location               ;
+-------------------+-------+------+-------------------------------------+-------------------------------+
; PRESERVE_REGISTER ; ON    ; -    ; altera_reset_synchronizer_int_chain ; altera_reset_controller.v:140 ;
+-------------------+-------+------+-------------------------------------+-------------------------------+
All Instances:
rst_controller_001



+---------------------------------------------------------------------------------------------+
; Source Assignments for User Entity altera_avalon_jtag_uart Instance: debug|debug            ;
+---------------------------+---------------------+------+----+-------------------------------+
; Assignment                ; Value               ; From ; To ; Source Location               ;
+---------------------------+---------------------+------+----+-------------------------------+
; SUPPRESS_DA_RULE_INTERNAL ; R101,C106,D101,D103 ; -    ; -  ; altera_avalon_jtag_uart.sv:22 ;
+---------------------------+---------------------+------+----+-------------------------------+
All Instances:
debug|debug



+----------------------------------------------------------------------------------------------------------------------------------------------------+
; Ignored Source Level Assignments for User Entity altera_avalon_jtag_uart Instance: debug|debug                                                     ;
+---------------+-------+----+-------------------------+---------------------------------------------------------------------------------------------+
; Assignment    ; Value ; To ; Reason                  ; Source Location                                                                             ;
+---------------+-------+----+-------------------------+---------------------------------------------------------------------------------------------+
; Level1        ; 1     ; -  ; Invalid assignment name ; ip/niosv/niosv_jtag_uart_0/altera_avalon_jtag_uart_1931/synth/altera_avalon_jtag_uart.sv:19 ;
; message_level ; 1     ; -  ; Invalid assignment name ; ip/niosv/niosv_jtag_uart_0/altera_avalon_jtag_uart_1931/synth/altera_avalon_jtag_uart.sv:19 ;
+---------------+-------+----+-------------------------+---------------------------------------------------------------------------------------------+
All Instances:
debug|debug



+-----------------------------------------------------------------------------------------------------------------------------+
; Source Assignments for User Entity niosv_altera_merlin_demultiplexer_1921_gf66usy Instance: mm_interconnect_0|rsp_demux_002 ;
+-----------------+-------+------+-------+------------------------------------------------------------------------------------+
; Assignment      ; Value ; From ; To    ; Source Location                                                                    ;
+-----------------+-------+------+-------+------------------------------------------------------------------------------------+
; MESSAGE_DISABLE ; 15610 ; -    ; clk   ; niosv_altera_merlin_demultiplexer_1921_gf66usy.sv:91                               ;
; MESSAGE_DISABLE ; 15610 ; -    ; reset ; niosv_altera_merlin_demultiplexer_1921_gf66usy.sv:93                               ;
+-----------------+-------+------+-------+------------------------------------------------------------------------------------+
All Instances:
mm_interconnect_0|cmd_demux
mm_interconnect_0|cmd_demux_001
mm_interconnect_0|rsp_demux_001
mm_interconnect_0|rsp_demux_002



+-----------------------------------------------------------------------------------------------------------------------------+
; Source Assignments for User Entity niosv_altera_merlin_demultiplexer_1921_eqthw6y Instance: mm_interconnect_0|cmd_demux_003 ;
+-----------------+-------+------+-------+------------------------------------------------------------------------------------+
; Assignment      ; Value ; From ; To    ; Source Location                                                                    ;
+-----------------+-------+------+-------+------------------------------------------------------------------------------------+
; MESSAGE_DISABLE ; 15610 ; -    ; clk   ; niosv_altera_merlin_demultiplexer_1921_eqthw6y.sv:77                               ;
; MESSAGE_DISABLE ; 15610 ; -    ; reset ; niosv_altera_merlin_demultiplexer_1921_eqthw6y.sv:79                               ;
+-----------------+-------+------+-------+------------------------------------------------------------------------------------+
All Instances:
mm_interconnect_0|cmd_demux_002
mm_interconnect_0|cmd_demux_003



+-----------------------------------------------------------------------------------------------------------------------------+
; Source Assignments for User Entity niosv_altera_merlin_demultiplexer_1921_s633mky Instance: mm_interconnect_0|rsp_demux_003 ;
+-----------------+-------+------+-------+------------------------------------------------------------------------------------+
; Assignment      ; Value ; From ; To    ; Source Location                                                                    ;
+-----------------+-------+------+-------+------------------------------------------------------------------------------------+
; MESSAGE_DISABLE ; 15610 ; -    ; clk   ; niosv_altera_merlin_demultiplexer_1921_s633mky.sv:77                               ;
; MESSAGE_DISABLE ; 15610 ; -    ; reset ; niosv_altera_merlin_demultiplexer_1921_s633mky.sv:79                               ;
+-----------------+-------+------+-------+------------------------------------------------------------------------------------+
All Instances:
mm_interconnect_0|rsp_demux
mm_interconnect_0|rsp_demux_003



+------------------------------------------------------------------------------------------------------------------------------+
; Source Assignments for User Entity altera_reset_synchronizer Instance: my_niosv|my_niosv|rst_controller_001|alt_rst_sync_uq1 ;
+---------------------------+-------+------+-------------------------------------+---------------------------------------------+
; Assignment                ; Value ; From ; To                                  ; Source Location                             ;
+---------------------------+-------+------+-------------------------------------+---------------------------------------------+
; SUPPRESS_DA_RULE_INTERNAL ; R101  ; -    ; reset_in                            ; altera_reset_synchronizer.v:29              ;
; PRESERVE_REGISTER         ; ON    ; -    ; altera_reset_synchronizer_int_chain ; altera_reset_synchronizer.v:47              ;
+---------------------------+-------+------+-------------------------------------+---------------------------------------------+
All Instances:
rst_controller|alt_rst_sync_uq1
my_niosv|my_niosv|rst_controller_001|alt_rst_sync_uq1



+------------------------------------------------------------------------------------------------------------------------------------+
; Source Assignments for User Entity altera_reset_synchronizer_1 Instance: my_niosv|my_niosv|rst_controller_001|alt_rst_req_sync_uq1 ;
+---------------------------+-------+------+-------------------------------------+---------------------------------------------------+
; Assignment                ; Value ; From ; To                                  ; Source Location                                   ;
+---------------------------+-------+------+-------------------------------------+---------------------------------------------------+
; SUPPRESS_DA_RULE_INTERNAL ; R101  ; -    ; reset_in                            ; altera_reset_synchronizer.v:29                    ;
; PRESERVE_REGISTER         ; ON    ; -    ; altera_reset_synchronizer_int_chain ; altera_reset_synchronizer.v:47                    ;
+---------------------------+-------+------+-------------------------------------+---------------------------------------------------+
All Instances:
rst_controller|alt_rst_req_sync_uq1
rst_controller_001|alt_rst_req_sync_uq1
my_niosv|my_niosv|rst_controller_001|alt_rst_req_sync_uq1



+-----------------------------------------------------------------------------------------------------------------+
; Source Assignments for User Entity altera_reset_synchronizer_2 Instance: rst_controller_001|alt_rst_sync_uq1    ;
+---------------------------+-------+------+-------------------------------------+--------------------------------+
; Assignment                ; Value ; From ; To                                  ; Source Location                ;
+---------------------------+-------+------+-------------------------------------+--------------------------------+
; SUPPRESS_DA_RULE_INTERNAL ; R101  ; -    ; reset_in                            ; altera_reset_synchronizer.v:29 ;
; PRESERVE_REGISTER         ; ON    ; -    ; altera_reset_synchronizer_int_chain ; altera_reset_synchronizer.v:47 ;
+---------------------------+-------+------+-------------------------------------+--------------------------------+
All Instances:
rst_controller_001|alt_rst_sync_uq1



+-------------------------------------------------------------------------------------------------------------------------------------------------------------+
; Ignored Source Level Assignments for User Entity altera_avalon_jtag_uart_scfifo_w Instance: debug|debug|altera_avalon_jtag_uart_scfifo_w                    ;
+---------------+-------+----+-------------------------+------------------------------------------------------------------------------------------------------+
; Assignment    ; Value ; To ; Reason                  ; Source Location                                                                                      ;
+---------------+-------+----+-------------------------+------------------------------------------------------------------------------------------------------+
; Level1        ; 1     ; -  ; Invalid assignment name ; ip/niosv/niosv_jtag_uart_0/altera_avalon_jtag_uart_1931/synth/altera_avalon_jtag_uart_scfifo_w.sv:19 ;
; message_level ; 1     ; -  ; Invalid assignment name ; ip/niosv/niosv_jtag_uart_0/altera_avalon_jtag_uart_1931/synth/altera_avalon_jtag_uart_scfifo_w.sv:19 ;
+---------------+-------+----+-------------------------+------------------------------------------------------------------------------------------------------+
All Instances:
debug|debug|altera_avalon_jtag_uart_scfifo_w



+-------------------------------------------------------------------------------------------------------------------------------------------------------------+
; Ignored Source Level Assignments for User Entity altera_avalon_jtag_uart_scfifo_r Instance: debug|debug|altera_avalon_jtag_uart_scfifo_r                    ;
+---------------+-------+----+-------------------------+------------------------------------------------------------------------------------------------------+
; Assignment    ; Value ; To ; Reason                  ; Source Location                                                                                      ;
+---------------+-------+----+-------------------------+------------------------------------------------------------------------------------------------------+
; Level1        ; 1     ; -  ; Invalid assignment name ; ip/niosv/niosv_jtag_uart_0/altera_avalon_jtag_uart_1931/synth/altera_avalon_jtag_uart_scfifo_r.sv:19 ;
; message_level ; 1     ; -  ; Invalid assignment name ; ip/niosv/niosv_jtag_uart_0/altera_avalon_jtag_uart_1931/synth/altera_avalon_jtag_uart_scfifo_r.sv:19 ;
+---------------+-------+----+-------------------------+------------------------------------------------------------------------------------------------------+
All Instances:
debug|debug|altera_avalon_jtag_uart_scfifo_r



+---------------------------------------------------------------------------------------------------------+
; Source Assignments for User Entity altera_reset_controller_2 Instance: my_niosv|my_niosv|rst_controller ;
+-------------------+-------+------+-------------------------------------+--------------------------------+
; Assignment        ; Value ; From ; To                                  ; Source Location                ;
+-------------------+-------+------+-------------------------------------+--------------------------------+
; PRESERVE_REGISTER ; ON    ; -    ; altera_reset_synchronizer_int_chain ; altera_reset_controller.v:140  ;
+-------------------+-------+------+-------------------------------------+--------------------------------+
All Instances:
my_niosv|my_niosv|rst_controller



+-------------------------------------------------------------------------------------------------------------+
; Source Assignments for User Entity altera_reset_controller_3 Instance: my_niosv|my_niosv|rst_controller_001 ;
+-------------------+-------+------+-------------------------------------+------------------------------------+
; Assignment        ; Value ; From ; To                                  ; Source Location                    ;
+-------------------+-------+------+-------------------------------------+------------------------------------+
; PRESERVE_REGISTER ; ON    ; -    ; altera_reset_synchronizer_int_chain ; altera_reset_controller.v:140      ;
+-------------------+-------+------+-------------------------------------+------------------------------------+
All Instances:
my_niosv|my_niosv|rst_controller_001



+-------------------------------------------------------------------------------------+
; Parameter Settings for User Entity altera_reset_controller Instance: rst_controller ;
+---------------------------+----------+----------------------------------------------+
; Parameter Name            ; Value    ; Type                                         ;
+---------------------------+----------+----------------------------------------------+
; ADAPT_RESET_REQUEST       ; 0        ; Signed Integer                               ;
; MIN_RST_ASSERTION_TIME    ; 3        ; Signed Integer                               ;
; NUM_RESET_INPUTS          ; 1        ; Signed Integer                               ;
; OUTPUT_RESET_SYNC_EDGES   ; deassert ; String                                       ;
; RESET_REQUEST_PRESENT     ; 1        ; Signed Integer                               ;
; RESET_REQ_EARLY_DSRT_TIME ; 1        ; Signed Integer                               ;
; RESET_REQ_WAIT_TIME       ; 1        ; Signed Integer                               ;
; SYNC_DEPTH                ; 2        ; Signed Integer                               ;
; USE_RESET_REQUEST_IN0     ; 0        ; Signed Integer                               ;
; USE_RESET_REQUEST_IN1     ; 0        ; Signed Integer                               ;
; USE_RESET_REQUEST_IN10    ; 0        ; Signed Integer                               ;
; USE_RESET_REQUEST_IN11    ; 0        ; Signed Integer                               ;
; USE_RESET_REQUEST_IN12    ; 0        ; Signed Integer                               ;
; USE_RESET_REQUEST_IN13    ; 0        ; Signed Integer                               ;
; USE_RESET_REQUEST_IN14    ; 0        ; Signed Integer                               ;
; USE_RESET_REQUEST_IN15    ; 0        ; Signed Integer                               ;
; USE_RESET_REQUEST_IN2     ; 0        ; Signed Integer                               ;
; USE_RESET_REQUEST_IN3     ; 0        ; Signed Integer                               ;
; USE_RESET_REQUEST_IN4     ; 0        ; Signed Integer                               ;
; USE_RESET_REQUEST_IN5     ; 0        ; Signed Integer                               ;
; USE_RESET_REQUEST_IN6     ; 0        ; Signed Integer                               ;
; USE_RESET_REQUEST_IN7     ; 0        ; Signed Integer                               ;
; USE_RESET_REQUEST_IN8     ; 0        ; Signed Integer                               ;
; USE_RESET_REQUEST_IN9     ; 0        ; Signed Integer                               ;
+---------------------------+----------+----------------------------------------------+
All Instances:
rst_controller



+-------------------------------------------------------------------------------------------+
; Parameter Settings for User Entity altera_reset_controller_1 Instance: rst_controller_001 ;
+---------------------------+-------+-------------------------------------------------------+
; Parameter Name            ; Value ; Type                                                  ;
+---------------------------+-------+-------------------------------------------------------+
; ADAPT_RESET_REQUEST       ; 0     ; Signed Integer                                        ;
; MIN_RST_ASSERTION_TIME    ; 3     ; Signed Integer                                        ;
; NUM_RESET_INPUTS          ; 1     ; Signed Integer                                        ;
; OUTPUT_RESET_SYNC_EDGES   ; both  ; String                                                ;
; RESET_REQUEST_PRESENT     ; 0     ; Signed Integer                                        ;
; RESET_REQ_EARLY_DSRT_TIME ; 1     ; Signed Integer                                        ;
; RESET_REQ_WAIT_TIME       ; 1     ; Signed Integer                                        ;
; SYNC_DEPTH                ; 2     ; Signed Integer                                        ;
; USE_RESET_REQUEST_IN0     ; 0     ; Signed Integer                                        ;
; USE_RESET_REQUEST_IN1     ; 0     ; Signed Integer                                        ;
; USE_RESET_REQUEST_IN10    ; 0     ; Signed Integer                                        ;
; USE_RESET_REQUEST_IN11    ; 0     ; Signed Integer                                        ;
; USE_RESET_REQUEST_IN12    ; 0     ; Signed Integer                                        ;
; USE_RESET_REQUEST_IN13    ; 0     ; Signed Integer                                        ;
; USE_RESET_REQUEST_IN14    ; 0     ; Signed Integer                                        ;
; USE_RESET_REQUEST_IN15    ; 0     ; Signed Integer                                        ;
; USE_RESET_REQUEST_IN2     ; 0     ; Signed Integer                                        ;
; USE_RESET_REQUEST_IN3     ; 0     ; Signed Integer                                        ;
; USE_RESET_REQUEST_IN4     ; 0     ; Signed Integer                                        ;
; USE_RESET_REQUEST_IN5     ; 0     ; Signed Integer                                        ;
; USE_RESET_REQUEST_IN6     ; 0     ; Signed Integer                                        ;
; USE_RESET_REQUEST_IN7     ; 0     ; Signed Integer                                        ;
; USE_RESET_REQUEST_IN8     ; 0     ; Signed Integer                                        ;
; USE_RESET_REQUEST_IN9     ; 0     ; Signed Integer                                        ;
+---------------------------+-------+-------------------------------------------------------+
All Instances:
rst_controller_001



+----------------------------------------------------------------------------------+
; Parameter Settings for User Entity altera_avalon_jtag_uart Instance: debug|debug ;
+----------------------------+-------+---------------------------------------------+
; Parameter Name             ; Value ; Type                                        ;
+----------------------------+-------+---------------------------------------------+
; FIFO_WIDTH                 ; 8     ; Signed Integer                              ;
; HEX_READ_DEPTH_STR         ; 64    ; Signed Integer                              ;
; HEX_WRITE_DEPTH_STR        ; 64    ; Signed Integer                              ;
; RD_WIDTHU                  ; 6     ; Signed Integer                              ;
; WR_WIDTHU                  ; 6     ; Signed Integer                              ;
; legacySignalAllow          ; 0     ; Signed Integer                              ;
; printingMethod             ; 0     ; Signed Integer                              ;
; readBufferDepth            ; 64    ; Signed Integer                              ;
; readIRQThreshold           ; 8     ; Signed Integer                              ;
; read_le                    ; ON    ; String                                      ;
; useRegistersForReadBuffer  ; 0     ; Signed Integer                              ;
; useRegistersForWriteBuffer ; 0     ; Signed Integer                              ;
; writeBufferDepth           ; 64    ; Signed Integer                              ;
; writeIRQThreshold          ; 8     ; Signed Integer                              ;
; write_le                   ; ON    ; String                                      ;
+----------------------------+-------+---------------------------------------------+
All Instances:
debug|debug



+--------------------------------------------------------------------------------------------------------------------------------------+
; Parameter Settings for User Entity niosv_intel_onchip_memory_0_intel_onchip_memory_1410_tz44c5y Instance: sram|intel_onchip_memory_0 ;
+----------------+-------------------------------------------------------+-------------------------------------------------------------+
; Parameter Name ; Value                                                 ; Type                                                        ;
+----------------+-------------------------------------------------------+-------------------------------------------------------------+
; INIT_FILE      ; niosv_intel_onchip_memory_0_intel_onchip_memory_0.hex ; String                                                      ;
; deviceFamily   ; Agilex 5                                              ; String                                                      ;
+----------------+-------------------------------------------------------+-------------------------------------------------------------+
All Instances:
sram|intel_onchip_memory_0



+----------------------------------------------------------------------------------------------------------------------------------------------------+
; Parameter Settings for User Entity niosv_altera_merlin_slave_translator_191_xg7rzxi Instance: mm_interconnect_0|debug_avalon_jtag_slave_translator ;
+--------------------------------+-------+-----------------------------------------------------------------------------------------------------------+
; Parameter Name                 ; Value ; Type                                                                                                      ;
+--------------------------------+-------+-----------------------------------------------------------------------------------------------------------+
; AV_ADDRESS_SYMBOLS             ; 0     ; Signed Integer                                                                                            ;
; AV_ADDRESS_W                   ; 1     ; Signed Integer                                                                                            ;
; AV_BURSTCOUNT_SYMBOLS          ; 0     ; Signed Integer                                                                                            ;
; AV_BURSTCOUNT_W                ; 1     ; Signed Integer                                                                                            ;
; AV_BYTEENABLE_W                ; 1     ; Signed Integer                                                                                            ;
; AV_CONSTANT_BURST_BEHAVIOR     ; 0     ; Signed Integer                                                                                            ;
; AV_DATA_HOLD_CYCLES            ; 0     ; Signed Integer                                                                                            ;
; AV_DATA_W                      ; 32    ; Signed Integer                                                                                            ;
; AV_READLATENCY                 ; 0     ; Signed Integer                                                                                            ;
; AV_READ_WAIT_CYCLES            ; 1     ; Signed Integer                                                                                            ;
; AV_REQUIRE_UNALIGNED_ADDRESSES ; 0     ; Signed Integer                                                                                            ;
; AV_SETUP_WAIT_CYCLES           ; 0     ; Signed Integer                                                                                            ;
; AV_SYMBOLS_PER_WORD            ; 4     ; Signed Integer                                                                                            ;
; AV_WRITE_WAIT_CYCLES           ; 0     ; Signed Integer                                                                                            ;
; BITS_PER_WORD                  ; 2     ; Signed Integer                                                                                            ;
; CHIPSELECT_THROUGH_READLATENCY ; 0     ; Signed Integer                                                                                            ;
; SYNC_RESET                     ; 1     ; Signed Integer                                                                                            ;
; UAV_ADDRESS_W                  ; 32    ; Signed Integer                                                                                            ;
; UAV_BURSTCOUNT_W               ; 3     ; Signed Integer                                                                                            ;
; UAV_BYTEENABLE_W               ; 4     ; Signed Integer                                                                                            ;
; UAV_CONSTANT_BURST_BEHAVIOR    ; 0     ; Signed Integer                                                                                            ;
; UAV_DATA_W                     ; 32    ; Signed Integer                                                                                            ;
; USE_READDATAVALID              ; 0     ; Signed Integer                                                                                            ;
; USE_READRESPONSE               ; 0     ; Signed Integer                                                                                            ;
; USE_UAV_CLKEN                  ; 0     ; Signed Integer                                                                                            ;
; USE_WAITREQUEST                ; 1     ; Signed Integer                                                                                            ;
; USE_WRITERESPONSE              ; 0     ; Signed Integer                                                                                            ;
; WAITREQUEST_ALLOWANCE          ; 0     ; Signed Integer                                                                                            ;
+--------------------------------+-------+-----------------------------------------------------------------------------------------------------------+
All Instances:
mm_interconnect_0|debug_avalon_jtag_slave_translator



+------------------------------------------------------------------------------------------------------------------------------------------------+
; Parameter Settings for User Entity niosv_altera_merlin_slave_translator_191_xg7rzxi_1 Instance: mm_interconnect_0|my_niosv_dm_agent_translator ;
+--------------------------------+-------+-------------------------------------------------------------------------------------------------------+
; Parameter Name                 ; Value ; Type                                                                                                  ;
+--------------------------------+-------+-------------------------------------------------------------------------------------------------------+
; AV_ADDRESS_SYMBOLS             ; 1     ; Signed Integer                                                                                        ;
; AV_ADDRESS_W                   ; 16    ; Signed Integer                                                                                        ;
; AV_BURSTCOUNT_SYMBOLS          ; 0     ; Signed Integer                                                                                        ;
; AV_BURSTCOUNT_W                ; 1     ; Signed Integer                                                                                        ;
; AV_BYTEENABLE_W                ; 4     ; Signed Integer                                                                                        ;
; AV_CONSTANT_BURST_BEHAVIOR     ; 0     ; Signed Integer                                                                                        ;
; AV_DATA_HOLD_CYCLES            ; 0     ; Signed Integer                                                                                        ;
; AV_DATA_W                      ; 32    ; Signed Integer                                                                                        ;
; AV_READLATENCY                 ; 0     ; Signed Integer                                                                                        ;
; AV_READ_WAIT_CYCLES            ; 1     ; Signed Integer                                                                                        ;
; AV_REQUIRE_UNALIGNED_ADDRESSES ; 0     ; Signed Integer                                                                                        ;
; AV_SETUP_WAIT_CYCLES           ; 0     ; Signed Integer                                                                                        ;
; AV_SYMBOLS_PER_WORD            ; 4     ; Signed Integer                                                                                        ;
; AV_WRITE_WAIT_CYCLES           ; 0     ; Signed Integer                                                                                        ;
; BITS_PER_WORD                  ; 2     ; Signed Integer                                                                                        ;
; CHIPSELECT_THROUGH_READLATENCY ; 0     ; Signed Integer                                                                                        ;
; SYNC_RESET                     ; 1     ; Signed Integer                                                                                        ;
; UAV_ADDRESS_W                  ; 32    ; Signed Integer                                                                                        ;
; UAV_BURSTCOUNT_W               ; 3     ; Signed Integer                                                                                        ;
; UAV_BYTEENABLE_W               ; 4     ; Signed Integer                                                                                        ;
; UAV_CONSTANT_BURST_BEHAVIOR    ; 0     ; Signed Integer                                                                                        ;
; UAV_DATA_W                     ; 32    ; Signed Integer                                                                                        ;
; USE_READDATAVALID              ; 1     ; Signed Integer                                                                                        ;
; USE_READRESPONSE               ; 0     ; Signed Integer                                                                                        ;
; USE_UAV_CLKEN                  ; 0     ; Signed Integer                                                                                        ;
; USE_WAITREQUEST                ; 1     ; Signed Integer                                                                                        ;
; USE_WRITERESPONSE              ; 0     ; Signed Integer                                                                                        ;
; WAITREQUEST_ALLOWANCE          ; 0     ; Signed Integer                                                                                        ;
+--------------------------------+-------+-------------------------------------------------------------------------------------------------------+
All Instances:
mm_interconnect_0|my_niosv_dm_agent_translator



+--------------------------------------------------------------------------------------------------------------------------------------+
; Parameter Settings for User Entity niosv_altera_merlin_slave_translator_191_xg7rzxi_2 Instance: mm_interconnect_0|sram_s1_translator ;
+--------------------------------+-------+---------------------------------------------------------------------------------------------+
; Parameter Name                 ; Value ; Type                                                                                        ;
+--------------------------------+-------+---------------------------------------------------------------------------------------------+
; AV_ADDRESS_SYMBOLS             ; 0     ; Signed Integer                                                                              ;
; AV_ADDRESS_W                   ; 15    ; Signed Integer                                                                              ;
; AV_BURSTCOUNT_SYMBOLS          ; 0     ; Signed Integer                                                                              ;
; AV_BURSTCOUNT_W                ; 1     ; Signed Integer                                                                              ;
; AV_BYTEENABLE_W                ; 4     ; Signed Integer                                                                              ;
; AV_CONSTANT_BURST_BEHAVIOR     ; 0     ; Signed Integer                                                                              ;
; AV_DATA_HOLD_CYCLES            ; 0     ; Signed Integer                                                                              ;
; AV_DATA_W                      ; 32    ; Signed Integer                                                                              ;
; AV_READLATENCY                 ; 1     ; Signed Integer                                                                              ;
; AV_READ_WAIT_CYCLES            ; 0     ; Signed Integer                                                                              ;
; AV_REQUIRE_UNALIGNED_ADDRESSES ; 0     ; Signed Integer                                                                              ;
; AV_SETUP_WAIT_CYCLES           ; 0     ; Signed Integer                                                                              ;
; AV_SYMBOLS_PER_WORD            ; 4     ; Signed Integer                                                                              ;
; AV_WRITE_WAIT_CYCLES           ; 0     ; Signed Integer                                                                              ;
; BITS_PER_WORD                  ; 2     ; Signed Integer                                                                              ;
; CHIPSELECT_THROUGH_READLATENCY ; 0     ; Signed Integer                                                                              ;
; SYNC_RESET                     ; 1     ; Signed Integer                                                                              ;
; UAV_ADDRESS_W                  ; 32    ; Signed Integer                                                                              ;
; UAV_BURSTCOUNT_W               ; 3     ; Signed Integer                                                                              ;
; UAV_BYTEENABLE_W               ; 4     ; Signed Integer                                                                              ;
; UAV_CONSTANT_BURST_BEHAVIOR    ; 0     ; Signed Integer                                                                              ;
; UAV_DATA_W                     ; 32    ; Signed Integer                                                                              ;
; USE_READDATAVALID              ; 0     ; Signed Integer                                                                              ;
; USE_READRESPONSE               ; 0     ; Signed Integer                                                                              ;
; USE_UAV_CLKEN                  ; 0     ; Signed Integer                                                                              ;
; USE_WAITREQUEST                ; 0     ; Signed Integer                                                                              ;
; USE_WRITERESPONSE              ; 0     ; Signed Integer                                                                              ;
; WAITREQUEST_ALLOWANCE          ; 0     ; Signed Integer                                                                              ;
+--------------------------------+-------+---------------------------------------------------------------------------------------------+
All Instances:
mm_interconnect_0|sram_s1_translator



+------------------------------------------------------------------------------------------------------------------------------------------------------+
; Parameter Settings for User Entity niosv_altera_merlin_slave_translator_191_xg7rzxi_3 Instance: mm_interconnect_0|my_niosv_timer_sw_agent_translator ;
+--------------------------------+-------+-------------------------------------------------------------------------------------------------------------+
; Parameter Name                 ; Value ; Type                                                                                                        ;
+--------------------------------+-------+-------------------------------------------------------------------------------------------------------------+
; AV_ADDRESS_SYMBOLS             ; 1     ; Signed Integer                                                                                              ;
; AV_ADDRESS_W                   ; 6     ; Signed Integer                                                                                              ;
; AV_BURSTCOUNT_SYMBOLS          ; 0     ; Signed Integer                                                                                              ;
; AV_BURSTCOUNT_W                ; 1     ; Signed Integer                                                                                              ;
; AV_BYTEENABLE_W                ; 4     ; Signed Integer                                                                                              ;
; AV_CONSTANT_BURST_BEHAVIOR     ; 0     ; Signed Integer                                                                                              ;
; AV_DATA_HOLD_CYCLES            ; 0     ; Signed Integer                                                                                              ;
; AV_DATA_W                      ; 32    ; Signed Integer                                                                                              ;
; AV_READLATENCY                 ; 0     ; Signed Integer                                                                                              ;
; AV_READ_WAIT_CYCLES            ; 1     ; Signed Integer                                                                                              ;
; AV_REQUIRE_UNALIGNED_ADDRESSES ; 0     ; Signed Integer                                                                                              ;
; AV_SETUP_WAIT_CYCLES           ; 0     ; Signed Integer                                                                                              ;
; AV_SYMBOLS_PER_WORD            ; 4     ; Signed Integer                                                                                              ;
; AV_WRITE_WAIT_CYCLES           ; 0     ; Signed Integer                                                                                              ;
; BITS_PER_WORD                  ; 2     ; Signed Integer                                                                                              ;
; CHIPSELECT_THROUGH_READLATENCY ; 0     ; Signed Integer                                                                                              ;
; SYNC_RESET                     ; 1     ; Signed Integer                                                                                              ;
; UAV_ADDRESS_W                  ; 32    ; Signed Integer                                                                                              ;
; UAV_BURSTCOUNT_W               ; 3     ; Signed Integer                                                                                              ;
; UAV_BYTEENABLE_W               ; 4     ; Signed Integer                                                                                              ;
; UAV_CONSTANT_BURST_BEHAVIOR    ; 0     ; Signed Integer                                                                                              ;
; UAV_DATA_W                     ; 32    ; Signed Integer                                                                                              ;
; USE_READDATAVALID              ; 1     ; Signed Integer                                                                                              ;
; USE_READRESPONSE               ; 0     ; Signed Integer                                                                                              ;
; USE_UAV_CLKEN                  ; 0     ; Signed Integer                                                                                              ;
; USE_WAITREQUEST                ; 1     ; Signed Integer                                                                                              ;
; USE_WRITERESPONSE              ; 0     ; Signed Integer                                                                                              ;
; WAITREQUEST_ALLOWANCE          ; 0     ; Signed Integer                                                                                              ;
+--------------------------------+-------+-------------------------------------------------------------------------------------------------------------+
All Instances:
mm_interconnect_0|my_niosv_timer_sw_agent_translator



+--------------------------------------------------------------------------------------------------------------------------------------------+
; Parameter Settings for User Entity niosv_altera_merlin_axi_master_ni_19112_2jrcixq Instance: mm_interconnect_0|my_niosv_data_manager_agent ;
+---------------------------+----------+-----------------------------------------------------------------------------------------------------+
; Parameter Name            ; Value    ; Type                                                                                                ;
+---------------------------+----------+-----------------------------------------------------------------------------------------------------+
; ACE5_LITE_SUPPORT         ; 0        ; Signed Integer                                                                                      ;
; ACE_LITE_SUPPORT          ; 0        ; Signed Integer                                                                                      ;
; ADDRCHK_WIDTH             ; 1        ; Signed Integer                                                                                      ;
; ADDR_USER_WIDTH           ; 1        ; Signed Integer                                                                                      ;
; ADDR_WIDTH                ; 32       ; Signed Integer                                                                                      ;
; AWSNOOP_WIDTH             ; 3        ; Signed Integer                                                                                      ;
; AXI_BURST_LENGTH_WIDTH    ; 4        ; Signed Integer                                                                                      ;
; AXI_LOCK_WIDTH            ; 2        ; Signed Integer                                                                                      ;
; AXI_VERSION               ; AXI4Lite ; String                                                                                              ;
; DATACHK_WIDTH             ; 4        ; Signed Integer                                                                                      ;
; DATA_USER_WIDTH           ; 1        ; Signed Integer                                                                                      ;
; ID                        ; 0        ; Signed Integer                                                                                      ;
; ID_WIDTH                  ; 1        ; Signed Integer                                                                                      ;
; PADDING_ZERO              ; -24      ; Untyped                                                                                             ;
; PARITY_ADDR_WIDTH         ; 8        ; Signed Integer                                                                                      ;
; PKT_ADDRCHK_H             ; 117      ; Signed Integer                                                                                      ;
; PKT_ADDRCHK_L             ; 116      ; Signed Integer                                                                                      ;
; PKT_ADDR_H                ; 67       ; Signed Integer                                                                                      ;
; PKT_ADDR_L                ; 36       ; Signed Integer                                                                                      ;
; PKT_ADDR_SIDEBAND_H       ; 83       ; Signed Integer                                                                                      ;
; PKT_ADDR_SIDEBAND_L       ; 83       ; Signed Integer                                                                                      ;
; PKT_ADDR_W                ; 32       ; Signed Integer                                                                                      ;
; PKT_ATRACE                ; 125      ; Signed Integer                                                                                      ;
; PKT_AWAKEUP               ; 127      ; Signed Integer                                                                                      ;
; PKT_AWATOP_H              ; 133      ; Signed Integer                                                                                      ;
; PKT_AWATOP_L              ; 128      ; Signed Integer                                                                                      ;
; PKT_AWSTASHLPIDEN         ; 151      ; Signed Integer                                                                                      ;
; PKT_AWSTASHLPID_H         ; 150      ; Signed Integer                                                                                      ;
; PKT_AWSTASHLPID_L         ; 146      ; Signed Integer                                                                                      ;
; PKT_AWSTASHNIDEN          ; 145      ; Signed Integer                                                                                      ;
; PKT_AWSTASHNID_H          ; 144      ; Signed Integer                                                                                      ;
; PKT_AWSTASHNID_L          ; 134      ; Signed Integer                                                                                      ;
; PKT_BARRIER_H             ; 105      ; Signed Integer                                                                                      ;
; PKT_BARRIER_L             ; 104      ; Signed Integer                                                                                      ;
; PKT_BEGIN_BURST           ; 85       ; Signed Integer                                                                                      ;
; PKT_BURSTWRAP_H           ; 77       ; Signed Integer                                                                                      ;
; PKT_BURSTWRAP_L           ; 77       ; Signed Integer                                                                                      ;
; PKT_BURSTWRAP_W           ; 1        ; Signed Integer                                                                                      ;
; PKT_BURST_SIZE_H          ; 80       ; Signed Integer                                                                                      ;
; PKT_BURST_SIZE_L          ; 78       ; Signed Integer                                                                                      ;
; PKT_BURST_TYPE_H          ; 82       ; Signed Integer                                                                                      ;
; PKT_BURST_TYPE_L          ; 81       ; Signed Integer                                                                                      ;
; PKT_BYTEEN_H              ; 35       ; Signed Integer                                                                                      ;
; PKT_BYTEEN_L              ; 32       ; Signed Integer                                                                                      ;
; PKT_BYTEEN_W              ; 4        ; Signed Integer                                                                                      ;
; PKT_BYTE_CNT_H            ; 76       ; Signed Integer                                                                                      ;
; PKT_BYTE_CNT_L            ; 74       ; Signed Integer                                                                                      ;
; PKT_BYTE_CNT_W            ; 3        ; Signed Integer                                                                                      ;
; PKT_CACHE_H               ; 98       ; Signed Integer                                                                                      ;
; PKT_CACHE_L               ; 95       ; Signed Integer                                                                                      ;
; PKT_DATACHK_H             ; 114      ; Signed Integer                                                                                      ;
; PKT_DATACHK_L             ; 114      ; Signed Integer                                                                                      ;
; PKT_DATALESS              ; 154      ; Signed Integer                                                                                      ;
; PKT_DATA_H                ; 31       ; Signed Integer                                                                                      ;
; PKT_DATA_L                ; 0        ; Signed Integer                                                                                      ;
; PKT_DATA_SIDEBAND_H       ; 84       ; Signed Integer                                                                                      ;
; PKT_DATA_SIDEBAND_L       ; 84       ; Signed Integer                                                                                      ;
; PKT_DATA_W                ; 32       ; Signed Integer                                                                                      ;
; PKT_DEST_ID_H             ; 90       ; Signed Integer                                                                                      ;
; PKT_DEST_ID_L             ; 89       ; Signed Integer                                                                                      ;
; PKT_DEST_ID_W             ; 2        ; Signed Integer                                                                                      ;
; PKT_DOMAIN_H              ; 111      ; Signed Integer                                                                                      ;
; PKT_DOMAIN_L              ; 110      ; Signed Integer                                                                                      ;
; PKT_EOP_OOO               ; 119      ; Signed Integer                                                                                      ;
; PKT_MMUSECSID             ; 153      ; Signed Integer                                                                                      ;
; PKT_MMUSID_H              ; 152      ; Signed Integer                                                                                      ;
; PKT_MMUSID_L              ; 152      ; Signed Integer                                                                                      ;
; PKT_ORI_BURST_SIZE_H      ; 103      ; Signed Integer                                                                                      ;
; PKT_ORI_BURST_SIZE_L      ; 101      ; Signed Integer                                                                                      ;
; PKT_POISON_H              ; 113      ; Signed Integer                                                                                      ;
; PKT_POISON_L              ; 113      ; Signed Integer                                                                                      ;
; PKT_PROTECTION_H          ; 94       ; Signed Integer                                                                                      ;
; PKT_PROTECTION_L          ; 92       ; Signed Integer                                                                                      ;
; PKT_QOS_H                 ; 86       ; Signed Integer                                                                                      ;
; PKT_QOS_L                 ; 86       ; Signed Integer                                                                                      ;
; PKT_RESPONSE_STATUS_H     ; 100      ; Signed Integer                                                                                      ;
; PKT_RESPONSE_STATUS_L     ; 99       ; Signed Integer                                                                                      ;
; PKT_SAI_H                 ; 118      ; Signed Integer                                                                                      ;
; PKT_SAI_L                 ; 118      ; Signed Integer                                                                                      ;
; PKT_SNOOP_H               ; 109      ; Signed Integer                                                                                      ;
; PKT_SNOOP_L               ; 106      ; Signed Integer                                                                                      ;
; PKT_SOP_OOO               ; 120      ; Signed Integer                                                                                      ;
; PKT_SRC_ID_H              ; 88       ; Signed Integer                                                                                      ;
; PKT_SRC_ID_L              ; 87       ; Signed Integer                                                                                      ;
; PKT_SRC_ID_W              ; 2        ; Signed Integer                                                                                      ;
; PKT_THREAD_ID_H           ; 91       ; Signed Integer                                                                                      ;
; PKT_THREAD_ID_L           ; 91       ; Signed Integer                                                                                      ;
; PKT_TRACE                 ; 126      ; Signed Integer                                                                                      ;
; PKT_TRANS_COMPRESSED_READ ; 68       ; Signed Integer                                                                                      ;
; PKT_TRANS_EXCLUSIVE       ; 73       ; Signed Integer                                                                                      ;
; PKT_TRANS_LOCK            ; 72       ; Signed Integer                                                                                      ;
; PKT_TRANS_POSTED          ; 69       ; Signed Integer                                                                                      ;
; PKT_TRANS_READ            ; 71       ; Signed Integer                                                                                      ;
; PKT_TRANS_WRITE           ; 70       ; Signed Integer                                                                                      ;
; PKT_USER_DATA_H           ; 115      ; Signed Integer                                                                                      ;
; PKT_USER_DATA_L           ; 115      ; Signed Integer                                                                                      ;
; PKT_WUNIQUE               ; 112      ; Signed Integer                                                                                      ;
; POISON_WIDTH              ; 1        ; Signed Integer                                                                                      ;
; RDATA_WIDTH               ; 32       ; Signed Integer                                                                                      ;
; READ_ISSUING_CAPABILITY   ; 1        ; Signed Integer                                                                                      ;
; RESP_USER_WIDTH           ; 1        ; Signed Integer                                                                                      ;
; ROLE_BASED_USER           ; 0        ; Signed Integer                                                                                      ;
; SAI_WIDTH                 ; 1        ; Signed Integer                                                                                      ;
; SID_WIDTH                 ; 1        ; Signed Integer                                                                                      ;
; SKIP_USER_ADDRCHK_CAL     ; 1        ; Unsigned Binary                                                                                     ;
; ST_CHANNEL_W              ; 4        ; Signed Integer                                                                                      ;
; ST_DATA_W                 ; 155      ; Signed Integer                                                                                      ;
; SYNC_RESET                ; 1        ; Signed Integer                                                                                      ;
; USER_DATA_WIDTH           ; 1        ; Signed Integer                                                                                      ;
; USE_PKT_ADDRCHK           ; 0        ; Signed Integer                                                                                      ;
; USE_PKT_DATACHK           ; 0        ; Signed Integer                                                                                      ;
; WDATA_WIDTH               ; 32       ; Signed Integer                                                                                      ;
; WRITE_ISSUING_CAPABILITY  ; 1        ; Signed Integer                                                                                      ;
+---------------------------+----------+-----------------------------------------------------------------------------------------------------+
All Instances:
mm_interconnect_0|my_niosv_data_manager_agent



+-----------------------------------------------------------------------------------------------------------------------------------------------------+
; Parameter Settings for User Entity niosv_altera_merlin_axi_master_ni_19112_2jrcixq_1 Instance: mm_interconnect_0|my_niosv_instruction_manager_agent ;
+---------------------------+----------+--------------------------------------------------------------------------------------------------------------+
; Parameter Name            ; Value    ; Type                                                                                                         ;
+---------------------------+----------+--------------------------------------------------------------------------------------------------------------+
; ACE5_LITE_SUPPORT         ; 0        ; Signed Integer                                                                                               ;
; ACE_LITE_SUPPORT          ; 0        ; Signed Integer                                                                                               ;
; ADDRCHK_WIDTH             ; 1        ; Signed Integer                                                                                               ;
; ADDR_USER_WIDTH           ; 1        ; Signed Integer                                                                                               ;
; ADDR_WIDTH                ; 32       ; Signed Integer                                                                                               ;
; AWSNOOP_WIDTH             ; 3        ; Signed Integer                                                                                               ;
; AXI_BURST_LENGTH_WIDTH    ; 4        ; Signed Integer                                                                                               ;
; AXI_LOCK_WIDTH            ; 2        ; Signed Integer                                                                                               ;
; AXI_VERSION               ; AXI4Lite ; String                                                                                                       ;
; DATACHK_WIDTH             ; 4        ; Signed Integer                                                                                               ;
; DATA_USER_WIDTH           ; 1        ; Signed Integer                                                                                               ;
; ID                        ; 1        ; Signed Integer                                                                                               ;
; ID_WIDTH                  ; 1        ; Signed Integer                                                                                               ;
; PADDING_ZERO              ; -24      ; Untyped                                                                                                      ;
; PARITY_ADDR_WIDTH         ; 8        ; Signed Integer                                                                                               ;
; PKT_ADDRCHK_H             ; 117      ; Signed Integer                                                                                               ;
; PKT_ADDRCHK_L             ; 116      ; Signed Integer                                                                                               ;
; PKT_ADDR_H                ; 67       ; Signed Integer                                                                                               ;
; PKT_ADDR_L                ; 36       ; Signed Integer                                                                                               ;
; PKT_ADDR_SIDEBAND_H       ; 83       ; Signed Integer                                                                                               ;
; PKT_ADDR_SIDEBAND_L       ; 83       ; Signed Integer                                                                                               ;
; PKT_ADDR_W                ; 32       ; Signed Integer                                                                                               ;
; PKT_ATRACE                ; 125      ; Signed Integer                                                                                               ;
; PKT_AWAKEUP               ; 127      ; Signed Integer                                                                                               ;
; PKT_AWATOP_H              ; 133      ; Signed Integer                                                                                               ;
; PKT_AWATOP_L              ; 128      ; Signed Integer                                                                                               ;
; PKT_AWSTASHLPIDEN         ; 151      ; Signed Integer                                                                                               ;
; PKT_AWSTASHLPID_H         ; 150      ; Signed Integer                                                                                               ;
; PKT_AWSTASHLPID_L         ; 146      ; Signed Integer                                                                                               ;
; PKT_AWSTASHNIDEN          ; 145      ; Signed Integer                                                                                               ;
; PKT_AWSTASHNID_H          ; 144      ; Signed Integer                                                                                               ;
; PKT_AWSTASHNID_L          ; 134      ; Signed Integer                                                                                               ;
; PKT_BARRIER_H             ; 105      ; Signed Integer                                                                                               ;
; PKT_BARRIER_L             ; 104      ; Signed Integer                                                                                               ;
; PKT_BEGIN_BURST           ; 85       ; Signed Integer                                                                                               ;
; PKT_BURSTWRAP_H           ; 77       ; Signed Integer                                                                                               ;
; PKT_BURSTWRAP_L           ; 77       ; Signed Integer                                                                                               ;
; PKT_BURSTWRAP_W           ; 1        ; Signed Integer                                                                                               ;
; PKT_BURST_SIZE_H          ; 80       ; Signed Integer                                                                                               ;
; PKT_BURST_SIZE_L          ; 78       ; Signed Integer                                                                                               ;
; PKT_BURST_TYPE_H          ; 82       ; Signed Integer                                                                                               ;
; PKT_BURST_TYPE_L          ; 81       ; Signed Integer                                                                                               ;
; PKT_BYTEEN_H              ; 35       ; Signed Integer                                                                                               ;
; PKT_BYTEEN_L              ; 32       ; Signed Integer                                                                                               ;
; PKT_BYTEEN_W              ; 4        ; Signed Integer                                                                                               ;
; PKT_BYTE_CNT_H            ; 76       ; Signed Integer                                                                                               ;
; PKT_BYTE_CNT_L            ; 74       ; Signed Integer                                                                                               ;
; PKT_BYTE_CNT_W            ; 3        ; Signed Integer                                                                                               ;
; PKT_CACHE_H               ; 98       ; Signed Integer                                                                                               ;
; PKT_CACHE_L               ; 95       ; Signed Integer                                                                                               ;
; PKT_DATACHK_H             ; 114      ; Signed Integer                                                                                               ;
; PKT_DATACHK_L             ; 114      ; Signed Integer                                                                                               ;
; PKT_DATALESS              ; 154      ; Signed Integer                                                                                               ;
; PKT_DATA_H                ; 31       ; Signed Integer                                                                                               ;
; PKT_DATA_L                ; 0        ; Signed Integer                                                                                               ;
; PKT_DATA_SIDEBAND_H       ; 84       ; Signed Integer                                                                                               ;
; PKT_DATA_SIDEBAND_L       ; 84       ; Signed Integer                                                                                               ;
; PKT_DATA_W                ; 32       ; Signed Integer                                                                                               ;
; PKT_DEST_ID_H             ; 90       ; Signed Integer                                                                                               ;
; PKT_DEST_ID_L             ; 89       ; Signed Integer                                                                                               ;
; PKT_DEST_ID_W             ; 2        ; Signed Integer                                                                                               ;
; PKT_DOMAIN_H              ; 111      ; Signed Integer                                                                                               ;
; PKT_DOMAIN_L              ; 110      ; Signed Integer                                                                                               ;
; PKT_EOP_OOO               ; 119      ; Signed Integer                                                                                               ;
; PKT_MMUSECSID             ; 153      ; Signed Integer                                                                                               ;
; PKT_MMUSID_H              ; 152      ; Signed Integer                                                                                               ;
; PKT_MMUSID_L              ; 152      ; Signed Integer                                                                                               ;
; PKT_ORI_BURST_SIZE_H      ; 103      ; Signed Integer                                                                                               ;
; PKT_ORI_BURST_SIZE_L      ; 101      ; Signed Integer                                                                                               ;
; PKT_POISON_H              ; 113      ; Signed Integer                                                                                               ;
; PKT_POISON_L              ; 113      ; Signed Integer                                                                                               ;
; PKT_PROTECTION_H          ; 94       ; Signed Integer                                                                                               ;
; PKT_PROTECTION_L          ; 92       ; Signed Integer                                                                                               ;
; PKT_QOS_H                 ; 86       ; Signed Integer                                                                                               ;
; PKT_QOS_L                 ; 86       ; Signed Integer                                                                                               ;
; PKT_RESPONSE_STATUS_H     ; 100      ; Signed Integer                                                                                               ;
; PKT_RESPONSE_STATUS_L     ; 99       ; Signed Integer                                                                                               ;
; PKT_SAI_H                 ; 118      ; Signed Integer                                                                                               ;
; PKT_SAI_L                 ; 118      ; Signed Integer                                                                                               ;
; PKT_SNOOP_H               ; 109      ; Signed Integer                                                                                               ;
; PKT_SNOOP_L               ; 106      ; Signed Integer                                                                                               ;
; PKT_SOP_OOO               ; 120      ; Signed Integer                                                                                               ;
; PKT_SRC_ID_H              ; 88       ; Signed Integer                                                                                               ;
; PKT_SRC_ID_L              ; 87       ; Signed Integer                                                                                               ;
; PKT_SRC_ID_W              ; 2        ; Signed Integer                                                                                               ;
; PKT_THREAD_ID_H           ; 91       ; Signed Integer                                                                                               ;
; PKT_THREAD_ID_L           ; 91       ; Signed Integer                                                                                               ;
; PKT_TRACE                 ; 126      ; Signed Integer                                                                                               ;
; PKT_TRANS_COMPRESSED_READ ; 68       ; Signed Integer                                                                                               ;
; PKT_TRANS_EXCLUSIVE       ; 73       ; Signed Integer                                                                                               ;
; PKT_TRANS_LOCK            ; 72       ; Signed Integer                                                                                               ;
; PKT_TRANS_POSTED          ; 69       ; Signed Integer                                                                                               ;
; PKT_TRANS_READ            ; 71       ; Signed Integer                                                                                               ;
; PKT_TRANS_WRITE           ; 70       ; Signed Integer                                                                                               ;
; PKT_USER_DATA_H           ; 115      ; Signed Integer                                                                                               ;
; PKT_USER_DATA_L           ; 115      ; Signed Integer                                                                                               ;
; PKT_WUNIQUE               ; 112      ; Signed Integer                                                                                               ;
; POISON_WIDTH              ; 1        ; Signed Integer                                                                                               ;
; RDATA_WIDTH               ; 32       ; Signed Integer                                                                                               ;
; READ_ISSUING_CAPABILITY   ; 8        ; Signed Integer                                                                                               ;
; RESP_USER_WIDTH           ; 1        ; Signed Integer                                                                                               ;
; ROLE_BASED_USER           ; 0        ; Signed Integer                                                                                               ;
; SAI_WIDTH                 ; 1        ; Signed Integer                                                                                               ;
; SID_WIDTH                 ; 1        ; Signed Integer                                                                                               ;
; SKIP_USER_ADDRCHK_CAL     ; 1        ; Unsigned Binary                                                                                              ;
; ST_CHANNEL_W              ; 4        ; Signed Integer                                                                                               ;
; ST_DATA_W                 ; 155      ; Signed Integer                                                                                               ;
; SYNC_RESET                ; 1        ; Signed Integer                                                                                               ;
; USER_DATA_WIDTH           ; 1        ; Signed Integer                                                                                               ;
; USE_PKT_ADDRCHK           ; 0        ; Signed Integer                                                                                               ;
; USE_PKT_DATACHK           ; 0        ; Signed Integer                                                                                               ;
; WDATA_WIDTH               ; 32       ; Signed Integer                                                                                               ;
; WRITE_ISSUING_CAPABILITY  ; 1        ; Signed Integer                                                                                               ;
+---------------------------+----------+--------------------------------------------------------------------------------------------------------------+
All Instances:
mm_interconnect_0|my_niosv_instruction_manager_agent



+-------------------------------------------------------------------------------------------------------------------------------------------+
; Parameter Settings for User Entity niosv_altera_merlin_slave_agent_1930_jxauz3i Instance: mm_interconnect_0|my_niosv_timer_sw_agent_agent ;
+---------------------------+-------+-------------------------------------------------------------------------------------------------------+
; Parameter Name            ; Value ; Type                                                                                                  ;
+---------------------------+-------+-------------------------------------------------------------------------------------------------------+
; ADDR_W                    ; 32    ; Signed Integer                                                                                        ;
; AVS_BE_W                  ; 4     ; Signed Integer                                                                                        ;
; AVS_BURSTCOUNT_W          ; 3     ; Signed Integer                                                                                        ;
; AVS_DATA_W                ; 32    ; Signed Integer                                                                                        ;
; BURST_SIZE_W              ; 3     ; Signed Integer                                                                                        ;
; ECC_ENABLE                ; 0     ; Signed Integer                                                                                        ;
; ENABLE_AXI5               ; 0     ; Signed Integer                                                                                        ;
; FIFO_DATA_W               ; 156   ; Signed Integer                                                                                        ;
; PKT_ADDRCHK_H             ; 117   ; Signed Integer                                                                                        ;
; PKT_ADDRCHK_L             ; 116   ; Signed Integer                                                                                        ;
; PKT_ADDR_H                ; 67    ; Signed Integer                                                                                        ;
; PKT_ADDR_L                ; 36    ; Signed Integer                                                                                        ;
; PKT_ATRACE                ; 125   ; Signed Integer                                                                                        ;
; PKT_AWAKEUP               ; 127   ; Signed Integer                                                                                        ;
; PKT_AWATOP_H              ; 133   ; Signed Integer                                                                                        ;
; PKT_AWATOP_L              ; 128   ; Signed Integer                                                                                        ;
; PKT_AWSTASHLPIDEN         ; 151   ; Signed Integer                                                                                        ;
; PKT_AWSTASHLPID_H         ; 150   ; Signed Integer                                                                                        ;
; PKT_AWSTASHLPID_L         ; 146   ; Signed Integer                                                                                        ;
; PKT_AWSTASHNIDEN          ; 145   ; Signed Integer                                                                                        ;
; PKT_AWSTASHNID_H          ; 144   ; Signed Integer                                                                                        ;
; PKT_AWSTASHNID_L          ; 134   ; Signed Integer                                                                                        ;
; PKT_BEGIN_BURST           ; 85    ; Signed Integer                                                                                        ;
; PKT_BURSTWRAP_H           ; 77    ; Signed Integer                                                                                        ;
; PKT_BURSTWRAP_L           ; 77    ; Signed Integer                                                                                        ;
; PKT_BURST_SIZE_H          ; 80    ; Signed Integer                                                                                        ;
; PKT_BURST_SIZE_L          ; 78    ; Signed Integer                                                                                        ;
; PKT_BYTEEN_H              ; 35    ; Signed Integer                                                                                        ;
; PKT_BYTEEN_L              ; 32    ; Signed Integer                                                                                        ;
; PKT_BYTE_CNT_H            ; 76    ; Signed Integer                                                                                        ;
; PKT_BYTE_CNT_L            ; 74    ; Signed Integer                                                                                        ;
; PKT_DATACHK_H             ; 114   ; Signed Integer                                                                                        ;
; PKT_DATACHK_L             ; 114   ; Signed Integer                                                                                        ;
; PKT_DATALESS              ; 154   ; Signed Integer                                                                                        ;
; PKT_DATA_H                ; 31    ; Signed Integer                                                                                        ;
; PKT_DATA_L                ; 0     ; Signed Integer                                                                                        ;
; PKT_DEST_ID_H             ; 90    ; Signed Integer                                                                                        ;
; PKT_DEST_ID_L             ; 89    ; Signed Integer                                                                                        ;
; PKT_MMUSECSID             ; 153   ; Signed Integer                                                                                        ;
; PKT_MMUSID_H              ; 152   ; Signed Integer                                                                                        ;
; PKT_MMUSID_L              ; 152   ; Signed Integer                                                                                        ;
; PKT_ORI_BURST_SIZE_H      ; 103   ; Signed Integer                                                                                        ;
; PKT_ORI_BURST_SIZE_L      ; 101   ; Signed Integer                                                                                        ;
; PKT_POISON_H              ; 113   ; Signed Integer                                                                                        ;
; PKT_POISON_L              ; 113   ; Signed Integer                                                                                        ;
; PKT_PROTECTION_H          ; 94    ; Signed Integer                                                                                        ;
; PKT_PROTECTION_L          ; 92    ; Signed Integer                                                                                        ;
; PKT_RESPONSE_STATUS_H     ; 100   ; Signed Integer                                                                                        ;
; PKT_RESPONSE_STATUS_L     ; 99    ; Signed Integer                                                                                        ;
; PKT_SAI_H                 ; 118   ; Signed Integer                                                                                        ;
; PKT_SAI_L                 ; 118   ; Signed Integer                                                                                        ;
; PKT_SRC_ID_H              ; 88    ; Signed Integer                                                                                        ;
; PKT_SRC_ID_L              ; 87    ; Signed Integer                                                                                        ;
; PKT_SYMBOLS               ; 4     ; Signed Integer                                                                                        ;
; PKT_SYMBOL_W              ; 8     ; Signed Integer                                                                                        ;
; PKT_TRACE                 ; 126   ; Signed Integer                                                                                        ;
; PKT_TRANS_COMPRESSED_READ ; 68    ; Signed Integer                                                                                        ;
; PKT_TRANS_LOCK            ; 72    ; Signed Integer                                                                                        ;
; PKT_TRANS_POSTED          ; 69    ; Signed Integer                                                                                        ;
; PKT_TRANS_READ            ; 71    ; Signed Integer                                                                                        ;
; PKT_TRANS_WRITE           ; 70    ; Signed Integer                                                                                        ;
; PKT_USER_DATA_H           ; 115   ; Signed Integer                                                                                        ;
; PKT_USER_DATA_L           ; 115   ; Signed Integer                                                                                        ;
; PREVENT_FIFO_OVERFLOW     ; 1     ; Signed Integer                                                                                        ;
; ROLE_BASED_USER           ; 0     ; Signed Integer                                                                                        ;
; ST_CHANNEL_W              ; 4     ; Signed Integer                                                                                        ;
; ST_DATA_W                 ; 155   ; Signed Integer                                                                                        ;
; SUPPRESS_0_BYTEEN_CMD     ; 1     ; Signed Integer                                                                                        ;
; SYNC_RESET                ; 1     ; Signed Integer                                                                                        ;
; USE_MEMORY_BLOCKS         ; 0     ; Signed Integer                                                                                        ;
; USE_PKT_DATACHK           ; 0     ; Signed Integer                                                                                        ;
; USE_READRESPONSE          ; 0     ; Signed Integer                                                                                        ;
; USE_WRITERESPONSE         ; 0     ; Signed Integer                                                                                        ;
+---------------------------+-------+-------------------------------------------------------------------------------------------------------+
All Instances:
mm_interconnect_0|debug_avalon_jtag_slave_agent
mm_interconnect_0|my_niosv_dm_agent_agent
mm_interconnect_0|sram_s1_agent
mm_interconnect_0|my_niosv_timer_sw_agent_agent



+------------------------------------------------------------------------------------------------------------------------------------------------+
; Parameter Settings for User Entity niosv_altera_avalon_sc_fifo_1932_22gxxgi Instance: mm_interconnect_0|my_niosv_timer_sw_agent_agent_rsp_fifo ;
+-----------------------+-------+----------------------------------------------------------------------------------------------------------------+
; Parameter Name        ; Value ; Type                                                                                                           ;
+-----------------------+-------+----------------------------------------------------------------------------------------------------------------+
; ALMOST_FULL_THRESHOLD ; 1     ; Signed Integer                                                                                                 ;
; BITS_PER_SYMBOL       ; 156   ; Signed Integer                                                                                                 ;
; CHANNEL_WIDTH         ; 0     ; Signed Integer                                                                                                 ;
; DATA_WIDTH            ; 156   ; Signed Integer                                                                                                 ;
; EMPTY_LATENCY         ; 1     ; Signed Integer                                                                                                 ;
; EMPTY_WIDTH           ; 1     ; Signed Integer                                                                                                 ;
; ERROR_WIDTH           ; 0     ; Signed Integer                                                                                                 ;
; FIFO_DEPTH            ; 2     ; Signed Integer                                                                                                 ;
; MEM_TYPE              ; M20K  ; String                                                                                                         ;
; SYMBOLS_PER_BEAT      ; 1     ; Signed Integer                                                                                                 ;
; SYNC_RESET            ; 1     ; Signed Integer                                                                                                 ;
; USE_ALMOST_EMPTY_IF   ; 0     ; Signed Integer                                                                                                 ;
; USE_ALMOST_FULL_IF    ; 0     ; Signed Integer                                                                                                 ;
; USE_FILL_LEVEL        ; 0     ; Signed Integer                                                                                                 ;
; USE_MEMORY_BLOCKS     ; 0     ; Signed Integer                                                                                                 ;
; USE_PACKETS           ; 1     ; Signed Integer                                                                                                 ;
; USE_STORE_FORWARD     ; 0     ; Signed Integer                                                                                                 ;
+-----------------------+-------+----------------------------------------------------------------------------------------------------------------+
All Instances:
mm_interconnect_0|debug_avalon_jtag_slave_agent_rsp_fifo
mm_interconnect_0|sram_s1_agent_rsp_fifo
mm_interconnect_0|my_niosv_timer_sw_agent_agent_rsp_fifo



+----------------------------------------------------------------------------------------------------------------------------------------------------+
; Parameter Settings for User Entity niosv_altera_avalon_sc_fifo_1932_22gxxgi_1 Instance: mm_interconnect_0|my_niosv_timer_sw_agent_agent_rdata_fifo ;
+-----------------------+-------+--------------------------------------------------------------------------------------------------------------------+
; Parameter Name        ; Value ; Type                                                                                                               ;
+-----------------------+-------+--------------------------------------------------------------------------------------------------------------------+
; ALMOST_FULL_THRESHOLD ; 1     ; Signed Integer                                                                                                     ;
; BITS_PER_SYMBOL       ; 34    ; Signed Integer                                                                                                     ;
; CHANNEL_WIDTH         ; 0     ; Signed Integer                                                                                                     ;
; DATA_WIDTH            ; 34    ; Signed Integer                                                                                                     ;
; EMPTY_LATENCY         ; 0     ; Signed Integer                                                                                                     ;
; EMPTY_WIDTH           ; 1     ; Signed Integer                                                                                                     ;
; ERROR_WIDTH           ; 0     ; Signed Integer                                                                                                     ;
; FIFO_DEPTH            ; 2     ; Signed Integer                                                                                                     ;
; MEM_TYPE              ; M20K  ; String                                                                                                             ;
; SYMBOLS_PER_BEAT      ; 1     ; Signed Integer                                                                                                     ;
; SYNC_RESET            ; 1     ; Signed Integer                                                                                                     ;
; USE_ALMOST_EMPTY_IF   ; 0     ; Signed Integer                                                                                                     ;
; USE_ALMOST_FULL_IF    ; 0     ; Signed Integer                                                                                                     ;
; USE_FILL_LEVEL        ; 0     ; Signed Integer                                                                                                     ;
; USE_MEMORY_BLOCKS     ; 0     ; Signed Integer                                                                                                     ;
; USE_PACKETS           ; 0     ; Signed Integer                                                                                                     ;
; USE_STORE_FORWARD     ; 0     ; Signed Integer                                                                                                     ;
+-----------------------+-------+--------------------------------------------------------------------------------------------------------------------+
All Instances:
mm_interconnect_0|debug_avalon_jtag_slave_agent_rdata_fifo
mm_interconnect_0|sram_s1_agent_rdata_fifo
mm_interconnect_0|my_niosv_timer_sw_agent_agent_rdata_fifo



+--------------------------------------------------------------------------------------------------------------------------------------------+
; Parameter Settings for User Entity niosv_altera_avalon_sc_fifo_1932_22gxxgi_2 Instance: mm_interconnect_0|my_niosv_dm_agent_agent_rsp_fifo ;
+-----------------------+-------+------------------------------------------------------------------------------------------------------------+
; Parameter Name        ; Value ; Type                                                                                                       ;
+-----------------------+-------+------------------------------------------------------------------------------------------------------------+
; ALMOST_FULL_THRESHOLD ; 2     ; Signed Integer                                                                                             ;
; BITS_PER_SYMBOL       ; 156   ; Signed Integer                                                                                             ;
; CHANNEL_WIDTH         ; 0     ; Signed Integer                                                                                             ;
; DATA_WIDTH            ; 156   ; Signed Integer                                                                                             ;
; EMPTY_LATENCY         ; 1     ; Signed Integer                                                                                             ;
; EMPTY_WIDTH           ; 1     ; Signed Integer                                                                                             ;
; ERROR_WIDTH           ; 0     ; Signed Integer                                                                                             ;
; FIFO_DEPTH            ; 3     ; Signed Integer                                                                                             ;
; MEM_TYPE              ; M20K  ; String                                                                                                     ;
; SYMBOLS_PER_BEAT      ; 1     ; Signed Integer                                                                                             ;
; SYNC_RESET            ; 1     ; Signed Integer                                                                                             ;
; USE_ALMOST_EMPTY_IF   ; 0     ; Signed Integer                                                                                             ;
; USE_ALMOST_FULL_IF    ; 0     ; Signed Integer                                                                                             ;
; USE_FILL_LEVEL        ; 0     ; Signed Integer                                                                                             ;
; USE_MEMORY_BLOCKS     ; 0     ; Signed Integer                                                                                             ;
; USE_PACKETS           ; 1     ; Signed Integer                                                                                             ;
; USE_STORE_FORWARD     ; 0     ; Signed Integer                                                                                             ;
+-----------------------+-------+------------------------------------------------------------------------------------------------------------+
All Instances:
mm_interconnect_0|my_niosv_dm_agent_agent_rsp_fifo



+----------------------------------------------------------------------------------------------------------------------------------------------+
; Parameter Settings for User Entity niosv_altera_avalon_sc_fifo_1932_22gxxgi_3 Instance: mm_interconnect_0|my_niosv_dm_agent_agent_rdata_fifo ;
+-----------------------+-------+--------------------------------------------------------------------------------------------------------------+
; Parameter Name        ; Value ; Type                                                                                                         ;
+-----------------------+-------+--------------------------------------------------------------------------------------------------------------+
; ALMOST_FULL_THRESHOLD ; 2     ; Signed Integer                                                                                               ;
; BITS_PER_SYMBOL       ; 34    ; Signed Integer                                                                                               ;
; CHANNEL_WIDTH         ; 0     ; Signed Integer                                                                                               ;
; DATA_WIDTH            ; 34    ; Signed Integer                                                                                               ;
; EMPTY_LATENCY         ; 0     ; Signed Integer                                                                                               ;
; EMPTY_WIDTH           ; 1     ; Signed Integer                                                                                               ;
; ERROR_WIDTH           ; 0     ; Signed Integer                                                                                               ;
; FIFO_DEPTH            ; 3     ; Signed Integer                                                                                               ;
; MEM_TYPE              ; M20K  ; String                                                                                                       ;
; SYMBOLS_PER_BEAT      ; 1     ; Signed Integer                                                                                               ;
; SYNC_RESET            ; 1     ; Signed Integer                                                                                               ;
; USE_ALMOST_EMPTY_IF   ; 0     ; Signed Integer                                                                                               ;
; USE_ALMOST_FULL_IF    ; 0     ; Signed Integer                                                                                               ;
; USE_FILL_LEVEL        ; 0     ; Signed Integer                                                                                               ;
; USE_MEMORY_BLOCKS     ; 0     ; Signed Integer                                                                                               ;
; USE_PACKETS           ; 0     ; Signed Integer                                                                                               ;
; USE_STORE_FORWARD     ; 0     ; Signed Integer                                                                                               ;
+-----------------------+-------+--------------------------------------------------------------------------------------------------------------+
All Instances:
mm_interconnect_0|my_niosv_dm_agent_agent_rdata_fifo



+---------------------------------------------------------------------------------------------------------------------------------------------------------+
; Parameter Settings for User Entity niosv_altera_merlin_traffic_limiter_1921_2thi65i Instance: mm_interconnect_0|my_niosv_instruction_manager_rd_limiter ;
+--------------------------------------+-------+----------------------------------------------------------------------------------------------------------+
; Parameter Name                       ; Value ; Type                                                                                                     ;
+--------------------------------------+-------+----------------------------------------------------------------------------------------------------------+
; ENABLE_CONCURRENT_SUBORDINATE_ACCESS ; 0     ; Signed Integer                                                                                           ;
; ENABLE_OOO                           ; 0     ; Signed Integer                                                                                           ;
; ENFORCE_ORDER                        ; 1     ; Signed Integer                                                                                           ;
; MAX_OUTSTANDING_RESPONSES            ; 3     ; Signed Integer                                                                                           ;
; NO_REPEATED_IDS_BETWEEN_SUBORDINATES ; 0     ; Signed Integer                                                                                           ;
; PIPELINED                            ; 0     ; Signed Integer                                                                                           ;
; PKT_BYTEEN_H                         ; 35    ; Signed Integer                                                                                           ;
; PKT_BYTEEN_L                         ; 32    ; Signed Integer                                                                                           ;
; PKT_BYTE_CNT_H                       ; 76    ; Signed Integer                                                                                           ;
; PKT_BYTE_CNT_L                       ; 74    ; Signed Integer                                                                                           ;
; PKT_DEST_ID_H                        ; 90    ; Signed Integer                                                                                           ;
; PKT_DEST_ID_L                        ; 89    ; Signed Integer                                                                                           ;
; PKT_SRC_ID_H                         ; 88    ; Signed Integer                                                                                           ;
; PKT_SRC_ID_L                         ; 87    ; Signed Integer                                                                                           ;
; PKT_THREAD_ID_H                      ; 0     ; Signed Integer                                                                                           ;
; PKT_THREAD_ID_L                      ; 0     ; Signed Integer                                                                                           ;
; PKT_TRANS_POSTED                     ; 69    ; Signed Integer                                                                                           ;
; PKT_TRANS_READ                       ; 0     ; Signed Integer                                                                                           ;
; PKT_TRANS_SEQ_H                      ; 124   ; Signed Integer                                                                                           ;
; PKT_TRANS_SEQ_L                      ; 121   ; Signed Integer                                                                                           ;
; PKT_TRANS_WRITE                      ; 70    ; Signed Integer                                                                                           ;
; PREVENT_HAZARDS                      ; 0     ; Signed Integer                                                                                           ;
; REORDER                              ; 0     ; Signed Integer                                                                                           ;
; ST_CHANNEL_W                         ; 4     ; Signed Integer                                                                                           ;
; ST_DATA_W                            ; 155   ; Signed Integer                                                                                           ;
; SUPPORTS_NONPOSTED_WRITES            ; 0     ; Signed Integer                                                                                           ;
; SUPPORTS_POSTED_WRITES               ; 1     ; Signed Integer                                                                                           ;
; SYNC_RESET                           ; 1     ; Signed Integer                                                                                           ;
; USE_FIFO                             ; 0     ; Signed Integer                                                                                           ;
; VALID_WIDTH                          ; 4     ; Signed Integer                                                                                           ;
+--------------------------------------+-------+----------------------------------------------------------------------------------------------------------+
All Instances:
mm_interconnect_0|my_niosv_instruction_manager_wr_limiter
mm_interconnect_0|my_niosv_instruction_manager_rd_limiter



+------------------------------------------------------------------------------------------------------------------------------+
; Parameter Settings for User Entity altera_reset_synchronizer Instance: my_niosv|my_niosv|rst_controller_001|alt_rst_sync_uq1 ;
+----------------+-------+-----------------------------------------------------------------------------------------------------+
; Parameter Name ; Value ; Type                                                                                                ;
+----------------+-------+-----------------------------------------------------------------------------------------------------+
; ASYNC_RESET    ; 1     ; Unsigned Binary                                                                                     ;
; DEPTH          ; 2     ; Signed Integer                                                                                      ;
+----------------+-------+-----------------------------------------------------------------------------------------------------+
All Instances:
rst_controller|alt_rst_sync_uq1
my_niosv|my_niosv|rst_controller_001|alt_rst_sync_uq1



+------------------------------------------------------------------------------------------------------------------------------------+
; Parameter Settings for User Entity altera_reset_synchronizer_1 Instance: my_niosv|my_niosv|rst_controller_001|alt_rst_req_sync_uq1 ;
+----------------+-------+-----------------------------------------------------------------------------------------------------------+
; Parameter Name ; Value ; Type                                                                                                      ;
+----------------+-------+-----------------------------------------------------------------------------------------------------------+
; ASYNC_RESET    ; 0     ; Signed Integer                                                                                            ;
; DEPTH          ; 2     ; Signed Integer                                                                                            ;
+----------------+-------+-----------------------------------------------------------------------------------------------------------+
All Instances:
rst_controller|alt_rst_req_sync_uq1
rst_controller_001|alt_rst_req_sync_uq1
my_niosv|my_niosv|rst_controller_001|alt_rst_req_sync_uq1



+--------------------------------------------------------------------------------------------------------------+
; Parameter Settings for User Entity altera_reset_synchronizer_2 Instance: rst_controller_001|alt_rst_sync_uq1 ;
+----------------+-------+-------------------------------------------------------------------------------------+
; Parameter Name ; Value ; Type                                                                                ;
+----------------+-------+-------------------------------------------------------------------------------------+
; ASYNC_RESET    ; 0     ; Unsigned Binary                                                                     ;
; DEPTH          ; 2     ; Signed Integer                                                                      ;
+----------------+-------+-------------------------------------------------------------------------------------+
All Instances:
rst_controller_001|alt_rst_sync_uq1



+----------------------------------------------------------------------------------------------------------------------------+
; Parameter Settings for User Entity altera_avalon_jtag_uart_scfifo_w Instance: debug|debug|altera_avalon_jtag_uart_scfifo_w ;
+------------------+-------+-------------------------------------------------------------------------------------------------+
; Parameter Name   ; Value ; Type                                                                                            ;
+------------------+-------+-------------------------------------------------------------------------------------------------+
; FIFO_WIDTH       ; 8     ; Signed Integer                                                                                  ;
; WR_WIDTHU        ; 6     ; Signed Integer                                                                                  ;
; printingMethod   ; 0     ; Signed Integer                                                                                  ;
; writeBufferDepth ; 64    ; Signed Integer                                                                                  ;
; write_le         ; ON    ; String                                                                                          ;
+------------------+-------+-------------------------------------------------------------------------------------------------+
All Instances:
debug|debug|altera_avalon_jtag_uart_scfifo_w



+----------------------------------------------------------------------------------------------------------------------------+
; Parameter Settings for User Entity altera_avalon_jtag_uart_scfifo_r Instance: debug|debug|altera_avalon_jtag_uart_scfifo_r ;
+--------------------+-------+-----------------------------------------------------------------------------------------------+
; Parameter Name     ; Value ; Type                                                                                          ;
+--------------------+-------+-----------------------------------------------------------------------------------------------+
; FIFO_WIDTH         ; 8     ; Signed Integer                                                                                ;
; HEX_READ_DEPTH_STR ; 64    ; Signed Integer                                                                                ;
; RD_WIDTHU          ; 6     ; Signed Integer                                                                                ;
; readBufferDepth    ; 64    ; Signed Integer                                                                                ;
; read_le            ; ON    ; String                                                                                        ;
+--------------------+-------+-----------------------------------------------------------------------------------------------+
All Instances:
debug|debug|altera_avalon_jtag_uart_scfifo_r



+---------------------------------------------------------------------------------------------------------------------------+
; Parameter Settings for User Entity niosv_intel_niosv_m_0_intel_niosv_m_unit_2600_ez2mqoy Instance: my_niosv|my_niosv|hart ;
+----------------------+----------------------------------+-----------------------------------------------------------------+
; Parameter Name       ; Value                            ; Type                                                            ;
+----------------------+----------------------------------+-----------------------------------------------------------------+
; CORE_EXTN            ; 256                              ; Signed Integer                                                  ;
; DBG_EXPN_VECTOR      ; 00000000000000100000000000000000 ; Unsigned Binary                                                 ;
; DBG_PARK_LOOP_OFFSET ; 00000000000000000000000000011000 ; Unsigned Binary                                                 ;
; DEBUG_ENABLED        ; 1                                ; Signed Integer                                                  ;
; DEVICE_FAMILY        ; Agilex 5                         ; String                                                          ;
; ECC_EN               ; 0                                ; Signed Integer                                                  ;
; HARTID               ; 00000000000000000000000000000000 ; Unsigned Binary                                                 ;
; RESET_VECTOR         ; 00000000000000000000000000000000 ; Unsigned Binary                                                 ;
; SMALL_CORE           ; 0                                ; Signed Integer                                                  ;
; USE_RESET_REQ        ; 0                                ; Signed Integer                                                  ;
+----------------------+----------------------------------+-----------------------------------------------------------------+
All Instances:
my_niosv|my_niosv|hart



+---------------------------------------------------------------------------------------------------------+
; Parameter Settings for User Entity altera_reset_controller_2 Instance: my_niosv|my_niosv|rst_controller ;
+---------------------------+-------+---------------------------------------------------------------------+
; Parameter Name            ; Value ; Type                                                                ;
+---------------------------+-------+---------------------------------------------------------------------+
; ADAPT_RESET_REQUEST       ; 0     ; Signed Integer                                                      ;
; MIN_RST_ASSERTION_TIME    ; 3     ; Signed Integer                                                      ;
; NUM_RESET_INPUTS          ; 2     ; Signed Integer                                                      ;
; OUTPUT_RESET_SYNC_EDGES   ; none  ; String                                                              ;
; RESET_REQUEST_PRESENT     ; 0     ; Signed Integer                                                      ;
; RESET_REQ_EARLY_DSRT_TIME ; 1     ; Signed Integer                                                      ;
; RESET_REQ_WAIT_TIME       ; 1     ; Signed Integer                                                      ;
; SYNC_DEPTH                ; 2     ; Signed Integer                                                      ;
; USE_RESET_REQUEST_IN0     ; 0     ; Signed Integer                                                      ;
; USE_RESET_REQUEST_IN1     ; 0     ; Signed Integer                                                      ;
; USE_RESET_REQUEST_IN10    ; 0     ; Signed Integer                                                      ;
; USE_RESET_REQUEST_IN11    ; 0     ; Signed Integer                                                      ;
; USE_RESET_REQUEST_IN12    ; 0     ; Signed Integer                                                      ;
; USE_RESET_REQUEST_IN13    ; 0     ; Signed Integer                                                      ;
; USE_RESET_REQUEST_IN14    ; 0     ; Signed Integer                                                      ;
; USE_RESET_REQUEST_IN15    ; 0     ; Signed Integer                                                      ;
; USE_RESET_REQUEST_IN2     ; 0     ; Signed Integer                                                      ;
; USE_RESET_REQUEST_IN3     ; 0     ; Signed Integer                                                      ;
; USE_RESET_REQUEST_IN4     ; 0     ; Signed Integer                                                      ;
; USE_RESET_REQUEST_IN5     ; 0     ; Signed Integer                                                      ;
; USE_RESET_REQUEST_IN6     ; 0     ; Signed Integer                                                      ;
; USE_RESET_REQUEST_IN7     ; 0     ; Signed Integer                                                      ;
; USE_RESET_REQUEST_IN8     ; 0     ; Signed Integer                                                      ;
; USE_RESET_REQUEST_IN9     ; 0     ; Signed Integer                                                      ;
+---------------------------+-------+---------------------------------------------------------------------+
All Instances:
my_niosv|my_niosv|rst_controller



+-------------------------------------------------------------------------------------------------------------+
; Parameter Settings for User Entity altera_reset_controller_3 Instance: my_niosv|my_niosv|rst_controller_001 ;
+---------------------------+----------+----------------------------------------------------------------------+
; Parameter Name            ; Value    ; Type                                                                 ;
+---------------------------+----------+----------------------------------------------------------------------+
; ADAPT_RESET_REQUEST       ; 0        ; Signed Integer                                                       ;
; MIN_RST_ASSERTION_TIME    ; 3        ; Signed Integer                                                       ;
; NUM_RESET_INPUTS          ; 2        ; Signed Integer                                                       ;
; OUTPUT_RESET_SYNC_EDGES   ; deassert ; String                                                               ;
; RESET_REQUEST_PRESENT     ; 0        ; Signed Integer                                                       ;
; RESET_REQ_EARLY_DSRT_TIME ; 1        ; Signed Integer                                                       ;
; RESET_REQ_WAIT_TIME       ; 1        ; Signed Integer                                                       ;
; SYNC_DEPTH                ; 2        ; Signed Integer                                                       ;
; USE_RESET_REQUEST_IN0     ; 0        ; Signed Integer                                                       ;
; USE_RESET_REQUEST_IN1     ; 0        ; Signed Integer                                                       ;
; USE_RESET_REQUEST_IN10    ; 0        ; Signed Integer                                                       ;
; USE_RESET_REQUEST_IN11    ; 0        ; Signed Integer                                                       ;
; USE_RESET_REQUEST_IN12    ; 0        ; Signed Integer                                                       ;
; USE_RESET_REQUEST_IN13    ; 0        ; Signed Integer                                                       ;
; USE_RESET_REQUEST_IN14    ; 0        ; Signed Integer                                                       ;
; USE_RESET_REQUEST_IN15    ; 0        ; Signed Integer                                                       ;
; USE_RESET_REQUEST_IN2     ; 0        ; Signed Integer                                                       ;
; USE_RESET_REQUEST_IN3     ; 0        ; Signed Integer                                                       ;
; USE_RESET_REQUEST_IN4     ; 0        ; Signed Integer                                                       ;
; USE_RESET_REQUEST_IN5     ; 0        ; Signed Integer                                                       ;
; USE_RESET_REQUEST_IN6     ; 0        ; Signed Integer                                                       ;
; USE_RESET_REQUEST_IN7     ; 0        ; Signed Integer                                                       ;
; USE_RESET_REQUEST_IN8     ; 0        ; Signed Integer                                                       ;
; USE_RESET_REQUEST_IN9     ; 0        ; Signed Integer                                                       ;
+---------------------------+----------+----------------------------------------------------------------------+
All Instances:
my_niosv|my_niosv|rst_controller_001



+------------------------------------------------------------------------------------------------------------------------------------------------------------------------------------------------+
; Parameter Settings for User Entity altera_syncram Instance: sram|intel_onchip_memory_0|altera_syncram_component                                                                                ;
+------------------------------------------------------------+------------------------------------------------------------------------------------------------------------------+----------------+
; Parameter Name                                             ; Value                                                                                                            ; Type           ;
+------------------------------------------------------------+------------------------------------------------------------------------------------------------------------------+----------------+
; ACF_BLOCK_RAM_AND_MLAB_EQUIVALENT_PAUSED_READ_CAPABILITIES ; DONT CARE                                                                                                        ; Untyped        ;
; ACF_BLOCK_RAM_AND_MLAB_EQUIVALENT_POWER_UP_CONDITIONS      ; AUTO                                                                                                             ; Untyped        ;
; ACF_DISABLE_MLAB_RAM_USE                                   ; FALSE                                                                                                            ; Untyped        ;
; ACF_IMPLEMENT_MLAB_IN_16_BIT_DEEP_MODE                     ; FALSE                                                                                                            ; Untyped        ;
; ADDRESS_ACLR_A                                             ; UNUSED                                                                                                           ; Untyped        ;
; ADDRESS_ACLR_B                                             ; NONE                                                                                                             ; Untyped        ;
; ADDRESS_REG_B                                              ; CLOCK1                                                                                                           ; Untyped        ;
; BYTEENA_REG_B                                              ; CLOCK1                                                                                                           ; Untyped        ;
; BYTE_SIZE                                                  ; 8                                                                                                                ; Signed Integer ;
; CBXI_PARAMETER                                             ; altera_syncram_rio3                                                                                              ; Untyped        ;
; CLKEN_POWER_OPTIMIZATION                                   ; OFF                                                                                                              ; Untyped        ;
; CLOCK_DUTY_CYCLE_DEPENDENCE                                ; AUTO                                                                                                             ; Untyped        ;
; CLOCK_ENABLE_CORE_A                                        ; USE_INPUT_CLKEN                                                                                                  ; Untyped        ;
; CLOCK_ENABLE_CORE_B                                        ; USE_INPUT_CLKEN                                                                                                  ; Untyped        ;
; CLOCK_ENABLE_INPUT_A                                       ; NORMAL                                                                                                           ; String         ;
; CLOCK_ENABLE_INPUT_B                                       ; NORMAL                                                                                                           ; Untyped        ;
; CLOCK_ENABLE_OUTPUT_A                                      ; BYPASS                                                                                                           ; String         ;
; CLOCK_ENABLE_OUTPUT_B                                      ; NORMAL                                                                                                           ; Untyped        ;
; ECC_PIPELINE_STAGE_ENABLED                                 ; FALSE                                                                                                            ; Untyped        ;
; ENABLE_COHERENT_READ                                       ; FALSE                                                                                                            ; Untyped        ;
; ENABLE_ECC                                                 ; FALSE                                                                                                            ; Untyped        ;
; ENABLE_ECC_ENCODER_BYPASS                                  ; FALSE                                                                                                            ; Untyped        ;
; ENABLE_FORCE_TO_ZERO                                       ; FALSE                                                                                                            ; Untyped        ;
; ENABLE_RUNTIME_MOD                                         ; NO                                                                                                               ; Untyped        ;
; IMPLEMENT_IN_LES                                           ; OFF                                                                                                              ; Untyped        ;
; INDATA_REG_B                                               ; CLOCK1                                                                                                           ; Untyped        ;
; INIT_FILE                                                  ; ip/niosv/niosv_intel_onchip_memory_0/intel_onchip_memory_1410/synth/niosv_intel_onchip_memory_0_inte <truncated> ; Untyped        ;
; INIT_FILE_LAYOUT                                           ; Port_A                                                                                                           ; String         ;
; INSTANCE_NAME                                              ; UNUSED                                                                                                           ; Untyped        ;
; LOW_POWER_MODE                                             ; AUTO                                                                                                             ; Untyped        ;
; MAXIMUM_DEPTH                                              ; 0                                                                                                                ; Untyped        ;
; NUMWORDS_A                                                 ; 32768                                                                                                            ; Signed Integer ;
; NUMWORDS_B                                                 ; 0                                                                                                                ; Untyped        ;
; OPERATION_MODE                                             ; SINGLE_PORT                                                                                                      ; String         ;
; OPTIMIZATION_OPTION                                        ; AUTO                                                                                                             ; Untyped        ;
; OUTDATA_ACLR_A                                             ; NONE                                                                                                             ; String         ;
; OUTDATA_ACLR_B                                             ; NONE                                                                                                             ; Untyped        ;
; OUTDATA_REG_A                                              ; UNREGISTERED                                                                                                     ; String         ;
; OUTDATA_REG_B                                              ; UNREGISTERED                                                                                                     ; Untyped        ;
; OUTDATA_SCLR_A                                             ; NONE                                                                                                             ; String         ;
; OUTDATA_SCLR_B                                             ; NONE                                                                                                             ; Untyped        ;
; POWER_UP_UNINITIALIZED                                     ; FALSE                                                                                                            ; Untyped        ;
; RAM_BLOCK_TYPE                                             ; AUTO                                                                                                             ; String         ;
; RDCONTROL_REG_B                                            ; CLOCK1                                                                                                           ; Untyped        ;
; RDEN_POWER_OPTIMIZATION                                    ; OFF                                                                                                              ; Untyped        ;
; READ_DURING_WRITE_MODE_MIXED_PORTS                         ; DONT_CARE                                                                                                        ; Untyped        ;
; READ_DURING_WRITE_MODE_PORT_A                              ; DONT_CARE                                                                                                        ; String         ;
; READ_DURING_WRITE_MODE_PORT_B                              ; NEW_DATA_NO_NBE_READ                                                                                             ; Untyped        ;
; WIDTHAD2_A                                                 ; 1                                                                                                                ; Untyped        ;
; WIDTHAD2_B                                                 ; 1                                                                                                                ; Untyped        ;
; WIDTHAD_A                                                  ; 15                                                                                                               ; Signed Integer ;
; WIDTHAD_B                                                  ; 1                                                                                                                ; Untyped        ;
; WIDTH_A                                                    ; 32                                                                                                               ; Signed Integer ;
; WIDTH_B                                                    ; 1                                                                                                                ; Untyped        ;
; WIDTH_BYTEENA_A                                            ; 4                                                                                                                ; Signed Integer ;
; WIDTH_BYTEENA_B                                            ; 1                                                                                                                ; Untyped        ;
; WIDTH_ECCENCPARITY                                         ; 8                                                                                                                ; Untyped        ;
; WIDTH_ECCSTATUS                                            ; 3                                                                                                                ; Untyped        ;
; WREN_POWER_OPTIMIZATION                                    ; OFF                                                                                                              ; Untyped        ;
; init_file_restructured                                     ; UNUSED                                                                                                           ; Untyped        ;
; intended_device_family                                     ; Agilex 5                                                                                                         ; String         ;
; lpm_type                                                   ; altera_syncram                                                                                                   ; String         ;
+------------------------------------------------------------+------------------------------------------------------------------------------------------------------------------+----------------+
All Instances:
sram|intel_onchip_memory_0|altera_syncram_component



+--------------------------------------------------------------------------------------------------------------------------------------------+
; Parameter Settings for User Entity altera_merlin_burst_uncompressor Instance: mm_interconnect_0|my_niosv_timer_sw_agent_agent|uncompressor ;
+----------------+-------+-------------------------------------------------------------------------------------------------------------------+
; Parameter Name ; Value ; Type                                                                                                              ;
+----------------+-------+-------------------------------------------------------------------------------------------------------------------+
; ADDR_W         ; 32    ; Signed Integer                                                                                                    ;
; BURSTWRAP_W    ; 1     ; Signed Integer                                                                                                    ;
; BURST_SIZE_W   ; 3     ; Signed Integer                                                                                                    ;
; BYTE_CNT_W     ; 3     ; Signed Integer                                                                                                    ;
; PKT_SYMBOLS    ; 4     ; Signed Integer                                                                                                    ;
; SYNC_RESET     ; 1     ; Signed Integer                                                                                                    ;
+----------------+-------+-------------------------------------------------------------------------------------------------------------------+
All Instances:
mm_interconnect_0|debug_avalon_jtag_slave_agent|uncompressor
mm_interconnect_0|my_niosv_dm_agent_agent|uncompressor
mm_interconnect_0|sram_s1_agent|uncompressor
mm_interconnect_0|my_niosv_timer_sw_agent_agent|uncompressor



+-----------------------------------------------------------------------------------------------------------------------------------------------------+
; Parameter Settings for User Entity niosv_altera_merlin_router_1921_f7bfoqi_default_decode Instance: mm_interconnect_0|router_001|the_default_decode ;
+--------------------+-------+------------------------------------------------------------------------------------------------------------------------+
; Parameter Name     ; Value ; Type                                                                                                                   ;
+--------------------+-------+------------------------------------------------------------------------------------------------------------------------+
; DEFAULT_CHANNEL    ; 2     ; Signed Integer                                                                                                         ;
; DEFAULT_DESTID     ; 3     ; Signed Integer                                                                                                         ;
; DEFAULT_RD_CHANNEL ; -1    ; Untyped                                                                                                                ;
; DEFAULT_WR_CHANNEL ; -1    ; Untyped                                                                                                                ;
+--------------------+-------+------------------------------------------------------------------------------------------------------------------------+
All Instances:
mm_interconnect_0|router|the_default_decode
mm_interconnect_0|router_001|the_default_decode



+-----------------------------------------------------------------------------------------------------------------------------------------------------+
; Parameter Settings for User Entity niosv_altera_merlin_router_1921_6midycq_default_decode Instance: mm_interconnect_0|router_003|the_default_decode ;
+--------------------+-------+------------------------------------------------------------------------------------------------------------------------+
; Parameter Name     ; Value ; Type                                                                                                                   ;
+--------------------+-------+------------------------------------------------------------------------------------------------------------------------+
; DEFAULT_CHANNEL    ; 1     ; Signed Integer                                                                                                         ;
; DEFAULT_DESTID     ; 3     ; Signed Integer                                                                                                         ;
; DEFAULT_RD_CHANNEL ; -1    ; Untyped                                                                                                                ;
; DEFAULT_WR_CHANNEL ; -1    ; Untyped                                                                                                                ;
+--------------------+-------+------------------------------------------------------------------------------------------------------------------------+
All Instances:
mm_interconnect_0|router_002|the_default_decode
mm_interconnect_0|router_003|the_default_decode



+-----------------------------------------------------------------------------------------------------------------------------------------------------+
; Parameter Settings for User Entity niosv_altera_merlin_router_1921_m7xr3oa_default_decode Instance: mm_interconnect_0|router_007|the_default_decode ;
+--------------------+-------+------------------------------------------------------------------------------------------------------------------------+
; Parameter Name     ; Value ; Type                                                                                                                   ;
+--------------------+-------+------------------------------------------------------------------------------------------------------------------------+
; DEFAULT_CHANNEL    ; -1    ; Untyped                                                                                                                ;
; DEFAULT_DESTID     ; 0     ; Signed Integer                                                                                                         ;
; DEFAULT_RD_CHANNEL ; 1     ; Signed Integer                                                                                                         ;
; DEFAULT_WR_CHANNEL ; 0     ; Signed Integer                                                                                                         ;
+--------------------+-------+------------------------------------------------------------------------------------------------------------------------+
All Instances:
mm_interconnect_0|router_004|the_default_decode
mm_interconnect_0|router_007|the_default_decode



+-----------------------------------------------------------------------------------------------------------------------------------------------------+
; Parameter Settings for User Entity niosv_altera_merlin_router_1921_5zprxna_default_decode Instance: mm_interconnect_0|router_006|the_default_decode ;
+--------------------+-------+------------------------------------------------------------------------------------------------------------------------+
; Parameter Name     ; Value ; Type                                                                                                                   ;
+--------------------+-------+------------------------------------------------------------------------------------------------------------------------+
; DEFAULT_CHANNEL    ; -1    ; Untyped                                                                                                                ;
; DEFAULT_DESTID     ; 0     ; Signed Integer                                                                                                         ;
; DEFAULT_RD_CHANNEL ; 1     ; Signed Integer                                                                                                         ;
; DEFAULT_WR_CHANNEL ; 0     ; Signed Integer                                                                                                         ;
+--------------------+-------+------------------------------------------------------------------------------------------------------------------------+
All Instances:
mm_interconnect_0|router_005|the_default_decode
mm_interconnect_0|router_006|the_default_decode



+---------------------------------------------------------------------------------------------------------+
; Parameter Settings for User Entity altera_merlin_arbitrator Instance: mm_interconnect_0|cmd_mux_003|arb ;
+----------------+-------------+--------------------------------------------------------------------------+
; Parameter Name ; Value       ; Type                                                                     ;
+----------------+-------------+--------------------------------------------------------------------------+
; NUM_REQUESTERS ; 2           ; Signed Integer                                                           ;
; PIPELINE       ; 1           ; Signed Integer                                                           ;
; SCHEME         ; round-robin ; String                                                                   ;
; SYNC_RESET     ; 1           ; Signed Integer                                                           ;
+----------------+-------------+--------------------------------------------------------------------------+
All Instances:
mm_interconnect_0|cmd_mux|arb
mm_interconnect_0|cmd_mux_003|arb



+-----------------------------------------------------------------------------------------------------------+
; Parameter Settings for User Entity altera_merlin_arbitrator_1 Instance: mm_interconnect_0|cmd_mux_002|arb ;
+----------------+-------------+----------------------------------------------------------------------------+
; Parameter Name ; Value       ; Type                                                                       ;
+----------------+-------------+----------------------------------------------------------------------------+
; NUM_REQUESTERS ; 4           ; Signed Integer                                                             ;
; PIPELINE       ; 1           ; Signed Integer                                                             ;
; SCHEME         ; round-robin ; String                                                                     ;
; SYNC_RESET     ; 1           ; Signed Integer                                                             ;
+----------------+-------------+----------------------------------------------------------------------------+
All Instances:
mm_interconnect_0|cmd_mux_001|arb
mm_interconnect_0|cmd_mux_002|arb



+-----------------------------------------------------------------------------------------------------------+
; Parameter Settings for User Entity altera_merlin_arbitrator_2 Instance: mm_interconnect_0|rsp_mux_001|arb ;
+----------------+--------+---------------------------------------------------------------------------------+
; Parameter Name ; Value  ; Type                                                                            ;
+----------------+--------+---------------------------------------------------------------------------------+
; NUM_REQUESTERS ; 4      ; Signed Integer                                                                  ;
; PIPELINE       ; 0      ; Signed Integer                                                                  ;
; SCHEME         ; no-arb ; String                                                                          ;
; SYNC_RESET     ; 1      ; Signed Integer                                                                  ;
+----------------+--------+---------------------------------------------------------------------------------+
All Instances:
mm_interconnect_0|rsp_mux|arb
mm_interconnect_0|rsp_mux_001|arb



+-----------------------------------------------------------------------------------------------------------+
; Parameter Settings for User Entity altera_merlin_arbitrator_3 Instance: mm_interconnect_0|rsp_mux_003|arb ;
+----------------+--------+---------------------------------------------------------------------------------+
; Parameter Name ; Value  ; Type                                                                            ;
+----------------+--------+---------------------------------------------------------------------------------+
; NUM_REQUESTERS ; 2      ; Signed Integer                                                                  ;
; PIPELINE       ; 0      ; Signed Integer                                                                  ;
; SCHEME         ; no-arb ; String                                                                          ;
; SYNC_RESET     ; 1      ; Signed Integer                                                                  ;
+----------------+--------+---------------------------------------------------------------------------------+
All Instances:
mm_interconnect_0|rsp_mux_002|arb
mm_interconnect_0|rsp_mux_003|arb



+--------------------------------------------------------------------------------------------------------+
; Parameter Settings for User Entity scfifo Instance: debug|debug|altera_avalon_jtag_uart_scfifo_r|rfifo ;
+-------------------------+---------------------+--------------------------------------------------------+
; Parameter Name          ; Value               ; Type                                                   ;
+-------------------------+---------------------+--------------------------------------------------------+
; ADD_RAM_OUTPUT_REGISTER ; OFF                 ; Untyped                                                ;
; ALLOW_RWCYCLE_WHEN_FULL ; OFF                 ; Untyped                                                ;
; ALMOST_EMPTY_VALUE      ; 0                   ; Untyped                                                ;
; ALMOST_FULL_VALUE       ; 0                   ; Untyped                                                ;
; AUTO_CARRY_CHAINS       ; ON                  ; Untyped                                                ;
; AUTO_CASCADE_CHAINS     ; ON                  ; Untyped                                                ;
; CBXI_PARAMETER          ; scfifo_v1n72        ; Untyped                                                ;
; ENABLE_ECC              ; FALSE               ; Untyped                                                ;
; IGNORE_CARRY_BUFFERS    ; OFF                 ; Untyped                                                ;
; IGNORE_CASCADE_BUFFERS  ; OFF                 ; Untyped                                                ;
; LPM_NUMWORDS            ; 64                  ; Signed Integer                                         ;
; LPM_SHOWAHEAD           ; OFF                 ; String                                                 ;
; LPM_WIDTHU              ; 6                   ; Signed Integer                                         ;
; MAXIMIZE_SPEED          ; 5                   ; Untyped                                                ;
; OVERFLOW_CHECKING       ; OFF                 ; String                                                 ;
; RAM_BLOCK_TYPE          ; AUTO                ; Untyped                                                ;
; UNDERFLOW_CHECKING      ; OFF                 ; String                                                 ;
; USE_EAB                 ; ON                  ; String                                                 ;
; lpm_hint                ; RAM_BLOCK_TYPE=AUTO ; String                                                 ;
; lpm_type                ; scfifo              ; String                                                 ;
; lpm_width               ; 8                   ; Signed Integer                                         ;
+-------------------------+---------------------+--------------------------------------------------------+
All Instances:
debug|debug|altera_avalon_jtag_uart_scfifo_w|wfifo
debug|debug|altera_avalon_jtag_uart_scfifo_r|rfifo



+--------------------------------------------------------------------------------------------------------------+
; Parameter Settings for User Entity altera_merlin_arb_adder Instance: mm_interconnect_0|cmd_mux_003|arb|adder ;
+----------------+-------+-------------------------------------------------------------------------------------+
; Parameter Name ; Value ; Type                                                                                ;
+----------------+-------+-------------------------------------------------------------------------------------+
; WIDTH          ; 4     ; Signed Integer                                                                      ;
+----------------+-------+-------------------------------------------------------------------------------------+
All Instances:
mm_interconnect_0|rsp_mux_002|arb|adder
mm_interconnect_0|rsp_mux_003|arb|adder
mm_interconnect_0|cmd_mux|arb|adder
mm_interconnect_0|cmd_mux_003|arb|adder



+----------------------------------------------------------------------------------------------------------------+
; Parameter Settings for User Entity altera_merlin_arb_adder_1 Instance: mm_interconnect_0|cmd_mux_002|arb|adder ;
+----------------+-------+---------------------------------------------------------------------------------------+
; Parameter Name ; Value ; Type                                                                                  ;
+----------------+-------+---------------------------------------------------------------------------------------+
; WIDTH          ; 8     ; Signed Integer                                                                        ;
+----------------+-------+---------------------------------------------------------------------------------------+
All Instances:
mm_interconnect_0|rsp_mux|arb|adder
mm_interconnect_0|rsp_mux_001|arb|adder
mm_interconnect_0|cmd_mux_001|arb|adder
mm_interconnect_0|cmd_mux_002|arb|adder



+----------------------------------------------------------------------------------------------------------------------------------------------------------------------------------------------------------+
; System Level Debug Agent Report                                                                                                                                                                          ;
+-------------------------------------------------------------------------------------------------------------------------------------------------------+----------------+-----------+---------------------+
; Agent Hierarchy Path                                                                                                                                  ; Instance Index ; Host Name ; Host Hierarchy Path ;
+-------------------------------------------------------------------------------------------------------------------------------------------------------+----------------+-----------+---------------------+
; debug|debug|altera_avalon_jtag_uart_alt_jtag_atlantic|inst|sld_jtag_endpoint_adapter_impl_inst|sld_agent_ep_inst|ep                                   ; 0              ; JTAG      ;                     ;
; my_niosv|my_niosv|dbg_mod|dtm_inst|vjtag_inst|sld_virtual_jtag_impl_inst|jtag_signal_adapter|sld_jtag_endpoint_adapter_impl_inst|sld_agent_ep_inst|ep ; 0              ; JTAG      ;                     ;
+-------------------------------------------------------------------------------------------------------------------------------------------------------+----------------+-----------+---------------------+


Top root causes of logic optimization that have been identified during sweep. For more details and filtering options, ensure that you have compiled with the "Enable RTL Analysis Debug Mode " setting turned on under Assignments->Settings->Compiler Settings, then go to the " Root Causes Tab " in the " Sweep Hints Viewer " tool in the " RTL Analyzer ".
+-----------------------------------------------------------------------------------------------------------------------------------------+
; Top Causes of Logic Optimized Away During Sweep                                                                                         ;
+--------------------------------------------------------------------------------+------------------+---------------+---------------------+
; Root Object Path                                                               ; Root Object Type ; Root Reason   ; Swept Objects Count ;
+--------------------------------------------------------------------------------+------------------+---------------+---------------------+
; mm_interconnect_0|my_niosv_data_manager_agent|write_rp_data[67]                ; INPUT_PORT       ; has no fanout ; 441                 ;
; mm_interconnect_0|my_niosv_data_manager_agent|read_rp_data[67]                 ; INPUT_PORT       ; has no fanout ; 441                 ;
; mm_interconnect_0|my_niosv_instruction_manager_agent|write_rp_data[67]         ; INPUT_PORT       ; has no fanout ; 221                 ;
; mm_interconnect_0|my_niosv_data_manager_agent|awsize[2]                        ; INPUT_INST_PORT  ; stuck at 0    ; 66                  ;
; mm_interconnect_0|my_niosv_data_manager_agent|awsize[0]                        ; INPUT_INST_PORT  ; stuck at 0    ; 66                  ;
; mm_interconnect_0|my_niosv_data_manager_agent|arsize[2]                        ; INPUT_INST_PORT  ; stuck at 0    ; 66                  ;
; mm_interconnect_0|my_niosv_data_manager_agent|arsize[0]                        ; INPUT_INST_PORT  ; stuck at 0    ; 66                  ;
; my_niosv|my_niosv|hart|m_core.niosv_m_full_inst|prefetch_inst|instr_awaddr[17] ; OUTPUT_PORT      ; stuck at 0    ; 58                  ;
; mm_interconnect_0|my_niosv_data_manager_agent|write_cp_data[72]                ; OUTPUT_PORT      ; stuck at 0    ; 52                  ;
; mm_interconnect_0|my_niosv_data_manager_agent|read_cp_data[72]                 ; OUTPUT_PORT      ; stuck at 0    ; 52                  ;
+--------------------------------------------------------------------------------+------------------+---------------+---------------------+
Table limited at 10 items. To change the number of top root causes reported, set the "Number of Top Root Causes Reported in Synthesis Report " option under Assignments->Settings->Compiler Settings->Advanced Settings (Synthesis)


+--------------------------------------------------------------------------------------------------------------------------------------------------------------------------------------------------------------------------------------------------------------------------------------------------------------------------------------------------------------------------------------------------------+
; Partition "root_partition" Resource Utilization by Entity                                                                                                                                                                                                                                                                                                                                              ;
+------------------------------------------------------+---------------------+---------------------------+-------------------+------------+------+-----------+---------------------------------------------------------------------------------------------------------------------------------------+--------------------------------------------------------------+------------------------------------+
; Compilation Hierarchy Node                           ; Combinational ALUTs ; Dedicated Logic Registers ; Block Memory Bits ; DSP Blocks ; Pins ; Max Depth ; Full Hierarchy Name                                                                                                                   ; Entity Name                                                  ; Library Name                       ;
+------------------------------------------------------+---------------------+---------------------------+-------------------+------------+------+-----------+---------------------------------------------------------------------------------------------------------------------------------------+--------------------------------------------------------------+------------------------------------+
; |                                                    ; 3550 (1)            ; 2968 (0)                  ; 1051648           ; 0          ; 5    ; 8.3 (3.0) ; |                                                                                                                                     ; niosv                                                        ; niosv                              ;
;    |debug|                                           ; 112 (0)             ; 113 (0)                   ; 1024              ; 0          ; 0    ; 6.0 (0.0) ; debug                                                                                                                                 ; niosv_jtag_uart_0                                            ; niosv_jtag_uart_0                  ;
;       |debug|                                        ; 112 (25)            ; 113 (13)                  ; 1024              ; 0          ; 0    ; 6.0 (6.0) ; debug|debug                                                                                                                           ; altera_avalon_jtag_uart                                      ; altera_avalon_jtag_uart_1931       ;
;          |altera_avalon_jtag_uart_alt_jtag_atlantic| ; 34 (34)             ; 60 (60)                   ; 0                 ; 0          ; 0    ; 5.0 (5.0) ; debug|debug|altera_avalon_jtag_uart_alt_jtag_atlantic                                                                                 ; alt_jtag_atlantic                                            ; altera_work                        ;
;          |altera_avalon_jtag_uart_scfifo_r|          ; 26 (0)              ; 20 (0)                    ; 512               ; 0          ; 0    ; 5.0 (0.0) ; debug|debug|altera_avalon_jtag_uart_scfifo_r                                                                                          ; altera_avalon_jtag_uart_scfifo_r                             ; altera_avalon_jtag_uart_1931       ;
;             |rfifo|                                  ; 26 (0)              ; 20 (0)                    ; 512               ; 0          ; 0    ; 5.0 (0.0) ; debug|debug|altera_avalon_jtag_uart_scfifo_r|rfifo                                                                                    ; scfifo                                                       ; altera_work                        ;
;                |auto_generated|                      ; 26 (0)              ; 20 (0)                    ; 512               ; 0          ; 0    ; 5.0 (0.0) ; debug|debug|altera_avalon_jtag_uart_scfifo_r|rfifo|auto_generated                                                                     ; scfifo_v1n72                                                 ; altera_work                        ;
;                   |dpfifo|                           ; 26 (0)              ; 20 (0)                    ; 512               ; 0          ; 0    ; 5.0 (0.0) ; debug|debug|altera_avalon_jtag_uart_scfifo_r|rfifo|auto_generated|dpfifo                                                              ; a_dpfifo_thtu                                                ; altera_work                        ;
;                      |FIFOram|                       ; 0 (0)               ; 0 (0)                     ; 512               ; 0          ; 0    ; 1.0 (0.0) ; debug|debug|altera_avalon_jtag_uart_scfifo_r|rfifo|auto_generated|dpfifo|FIFOram                                                      ; altera_syncram_5s9i1                                         ; altera_work                        ;
;                         |altera_syncram_impl1|       ; 0 (0)               ; 0 (0)                     ; 512               ; 0          ; 0    ; 1.0 (1.0) ; debug|debug|altera_avalon_jtag_uart_scfifo_r|rfifo|auto_generated|dpfifo|FIFOram|altera_syncram_impl1                                 ; altera_syncram_impl_d6o82                                    ; altera_work                        ;
;                      |fifo_state|                    ; 12 (6)              ; 8 (2)                     ; 0                 ; 0          ; 0    ; 4.0 (4.0) ; debug|debug|altera_avalon_jtag_uart_scfifo_r|rfifo|auto_generated|dpfifo|fifo_state                                                   ; a_fefifo_1pu6                                                ; altera_work                        ;
;                         |count_usedw|                ; 6 (6)               ; 6 (6)                     ; 0                 ; 0          ; 0    ; 2.4 (2.4) ; debug|debug|altera_avalon_jtag_uart_scfifo_r|rfifo|auto_generated|dpfifo|fifo_state|count_usedw                                       ; cntr_mdq02                                                   ; altera_work                        ;
;                      |rd_ptr_count|                  ; 7 (7)               ; 6 (6)                     ; 0                 ; 0          ; 0    ; 5.0 (5.0) ; debug|debug|altera_avalon_jtag_uart_scfifo_r|rfifo|auto_generated|dpfifo|rd_ptr_count                                                 ; altera_counter                                               ; altera_work                        ;
;                      |wr_ptr|                        ; 7 (7)               ; 6 (6)                     ; 0                 ; 0          ; 0    ; 3.0 (3.0) ; debug|debug|altera_avalon_jtag_uart_scfifo_r|rfifo|auto_generated|dpfifo|wr_ptr                                                       ; altera_counter                                               ; altera_work                        ;
;          |altera_avalon_jtag_uart_scfifo_w|          ; 27 (0)              ; 20 (0)                    ; 512               ; 0          ; 0    ; 5.0 (0.0) ; debug|debug|altera_avalon_jtag_uart_scfifo_w                                                                                          ; altera_avalon_jtag_uart_scfifo_w                             ; altera_avalon_jtag_uart_1931       ;
;             |wfifo|                                  ; 27 (0)              ; 20 (0)                    ; 512               ; 0          ; 0    ; 5.0 (0.0) ; debug|debug|altera_avalon_jtag_uart_scfifo_w|wfifo                                                                                    ; scfifo                                                       ; altera_work                        ;
;                |auto_generated|                      ; 27 (0)              ; 20 (0)                    ; 512               ; 0          ; 0    ; 5.0 (0.0) ; debug|debug|altera_avalon_jtag_uart_scfifo_w|wfifo|auto_generated                                                                     ; scfifo_v1n72                                                 ; altera_work                        ;
;                   |dpfifo|                           ; 27 (0)              ; 20 (0)                    ; 512               ; 0          ; 0    ; 5.0 (0.0) ; debug|debug|altera_avalon_jtag_uart_scfifo_w|wfifo|auto_generated|dpfifo                                                              ; a_dpfifo_thtu                                                ; altera_work                        ;
;                      |FIFOram|                       ; 0 (0)               ; 0 (0)                     ; 512               ; 0          ; 0    ; 0.0 (0.0) ; debug|debug|altera_avalon_jtag_uart_scfifo_w|wfifo|auto_generated|dpfifo|FIFOram                                                      ; altera_syncram_5s9i1                                         ; altera_work                        ;
;                         |altera_syncram_impl1|       ; 0 (0)               ; 0 (0)                     ; 512               ; 0          ; 0    ; 0.0 (0.0) ; debug|debug|altera_avalon_jtag_uart_scfifo_w|wfifo|auto_generated|dpfifo|FIFOram|altera_syncram_impl1                                 ; altera_syncram_impl_d6o82                                    ; altera_work                        ;
;                      |fifo_state|                    ; 13 (7)              ; 8 (2)                     ; 0                 ; 0          ; 0    ; 5.0 (5.0) ; debug|debug|altera_avalon_jtag_uart_scfifo_w|wfifo|auto_generated|dpfifo|fifo_state                                                   ; a_fefifo_1pu6                                                ; altera_work                        ;
;                         |count_usedw|                ; 6 (6)               ; 6 (6)                     ; 0                 ; 0          ; 0    ; 3.0 (3.0) ; debug|debug|altera_avalon_jtag_uart_scfifo_w|wfifo|auto_generated|dpfifo|fifo_state|count_usedw                                       ; cntr_mdq02                                                   ; altera_work                        ;
;                      |rd_ptr_count|                  ; 7 (7)               ; 6 (6)                     ; 0                 ; 0          ; 0    ; 5.0 (5.0) ; debug|debug|altera_avalon_jtag_uart_scfifo_w|wfifo|auto_generated|dpfifo|rd_ptr_count                                                 ; altera_counter                                               ; altera_work                        ;
;                      |wr_ptr|                        ; 7 (7)               ; 6 (6)                     ; 0                 ; 0          ; 0    ; 2.0 (2.0) ; debug|debug|altera_avalon_jtag_uart_scfifo_w|wfifo|auto_generated|dpfifo|wr_ptr                                                       ; altera_counter                                               ; altera_work                        ;
;    |mm_interconnect_0|                               ; 616 (0)             ; 491 (0)                   ; 0                 ; 0          ; 0    ; 8.0 (0.0) ; mm_interconnect_0                                                                                                                     ; niosv_altera_mm_interconnect_1920_4pky6ba                    ; altera_mm_interconnect_1920        ;
;       |cmd_demux_001|                                ; 5 (5)               ; 0 (0)                     ; 0                 ; 0          ; 0    ; 7.0 (7.0) ; mm_interconnect_0|cmd_demux_001                                                                                                       ; niosv_altera_merlin_demultiplexer_1921_gf66usy               ; altera_merlin_demultiplexer_1921   ;
;       |cmd_demux_003|                                ; 2 (2)               ; 0 (0)                     ; 0                 ; 0          ; 0    ; 8.0 (8.0) ; mm_interconnect_0|cmd_demux_003                                                                                                       ; niosv_altera_merlin_demultiplexer_1921_eqthw6y               ; altera_merlin_demultiplexer_1921   ;
;       |cmd_demux|                                    ; 9 (9)               ; 0 (0)                     ; 0                 ; 0          ; 0    ; 8.0 (8.0) ; mm_interconnect_0|cmd_demux                                                                                                           ; niosv_altera_merlin_demultiplexer_1921_gf66usy               ; altera_merlin_demultiplexer_1921   ;
;       |cmd_mux_001|                                  ; 23 (14)             ; 9 (5)                     ; 0                 ; 0          ; 0    ; 8.0 (8.0) ; mm_interconnect_0|cmd_mux_001                                                                                                         ; niosv_altera_merlin_multiplexer_1922_lxeu3ki                 ; altera_merlin_multiplexer_1922     ;
;          |arb|                                       ; 9 (8)               ; 4 (4)                     ; 0                 ; 0          ; 0    ; 5.0 (5.0) ; mm_interconnect_0|cmd_mux_001|arb                                                                                                     ; altera_merlin_arbitrator                                     ; altera_merlin_multiplexer_1922     ;
;             |adder|                                  ; 1 (1)               ; 0 (0)                     ; 0                 ; 0          ; 0    ; 5.0 (5.0) ; mm_interconnect_0|cmd_mux_001|arb|adder                                                                                               ; altera_merlin_arb_adder                                      ; altera_merlin_multiplexer_1922     ;
;       |cmd_mux_002|                                  ; 68 (56)             ; 9 (5)                     ; 0                 ; 0          ; 0    ; 6.0 (6.0) ; mm_interconnect_0|cmd_mux_002                                                                                                         ; niosv_altera_merlin_multiplexer_1922_lxeu3ki                 ; altera_merlin_multiplexer_1922     ;
;          |arb|                                       ; 12 (9)              ; 4 (4)                     ; 0                 ; 0          ; 0    ; 6.0 (6.0) ; mm_interconnect_0|cmd_mux_002|arb                                                                                                     ; altera_merlin_arbitrator                                     ; altera_merlin_multiplexer_1922     ;
;             |adder|                                  ; 3 (3)               ; 0 (0)                     ; 0                 ; 0          ; 0    ; 6.0 (6.0) ; mm_interconnect_0|cmd_mux_002|arb|adder                                                                                               ; altera_merlin_arb_adder                                      ; altera_merlin_multiplexer_1922     ;
;       |cmd_mux_003|                                  ; 48 (43)             ; 7 (4)                     ; 0                 ; 0          ; 0    ; 7.0 (7.0) ; mm_interconnect_0|cmd_mux_003                                                                                                         ; niosv_altera_merlin_multiplexer_1922_szjlx7q                 ; altera_merlin_multiplexer_1922     ;
;          |arb|                                       ; 5 (5)               ; 3 (3)                     ; 0                 ; 0          ; 0    ; 7.0 (7.0) ; mm_interconnect_0|cmd_mux_003|arb                                                                                                     ; altera_merlin_arbitrator                                     ; altera_merlin_multiplexer_1922     ;
;       |cmd_mux|                                      ; 18 (13)             ; 7 (4)                     ; 0                 ; 0          ; 0    ; 7.0 (7.0) ; mm_interconnect_0|cmd_mux                                                                                                             ; niosv_altera_merlin_multiplexer_1922_szjlx7q                 ; altera_merlin_multiplexer_1922     ;
;          |arb|                                       ; 5 (5)               ; 3 (3)                     ; 0                 ; 0          ; 0    ; 7.0 (7.0) ; mm_interconnect_0|cmd_mux|arb                                                                                                         ; altera_merlin_arbitrator                                     ; altera_merlin_multiplexer_1922     ;
;       |debug_avalon_jtag_slave_agent_rdata_fifo|     ; 27 (27)             ; 49 (49)                   ; 0                 ; 0          ; 0    ; 8.0 (8.0) ; mm_interconnect_0|debug_avalon_jtag_slave_agent_rdata_fifo                                                                            ; niosv_altera_avalon_sc_fifo_1932_22gxxgi                     ; altera_avalon_sc_fifo_1932         ;
;       |debug_avalon_jtag_slave_agent_rsp_fifo|       ; 6 (6)               ; 9 (9)                     ; 0                 ; 0          ; 0    ; 8.0 (8.0) ; mm_interconnect_0|debug_avalon_jtag_slave_agent_rsp_fifo                                                                              ; niosv_altera_avalon_sc_fifo_1932_22gxxgi                     ; altera_avalon_sc_fifo_1932         ;
;       |debug_avalon_jtag_slave_agent|                ; 3 (3)               ; 0 (0)                     ; 0                 ; 0          ; 0    ; 6.0 (6.0) ; mm_interconnect_0|debug_avalon_jtag_slave_agent                                                                                       ; niosv_altera_merlin_slave_agent_1930_jxauz3i                 ; altera_merlin_slave_agent_1930     ;
;       |debug_avalon_jtag_slave_translator|           ; 17 (17)             ; 26 (26)                   ; 0                 ; 0          ; 0    ; 8.0 (8.0) ; mm_interconnect_0|debug_avalon_jtag_slave_translator                                                                                  ; niosv_altera_merlin_slave_translator_191_xg7rzxi             ; altera_merlin_slave_translator_191 ;
;       |my_niosv_data_manager_agent|                  ; 8 (8)               ; 72 (72)                   ; 0                 ; 0          ; 0    ; 8.0 (8.0) ; mm_interconnect_0|my_niosv_data_manager_agent                                                                                         ; niosv_altera_merlin_axi_master_ni_19112_2jrcixq              ; altera_merlin_axi_master_ni_19112  ;
;       |my_niosv_dm_agent_agent_rdata_fifo|           ; 93 (93)             ; 100 (100)                 ; 0                 ; 0          ; 0    ; 8.0 (8.0) ; mm_interconnect_0|my_niosv_dm_agent_agent_rdata_fifo                                                                                  ; niosv_altera_avalon_sc_fifo_1932_22gxxgi                     ; altera_avalon_sc_fifo_1932         ;
;       |my_niosv_dm_agent_agent_rsp_fifo|             ; 16 (16)             ; 19 (19)                   ; 0                 ; 0          ; 0    ; 8.0 (8.0) ; mm_interconnect_0|my_niosv_dm_agent_agent_rsp_fifo                                                                                    ; niosv_altera_avalon_sc_fifo_1932_22gxxgi                     ; altera_avalon_sc_fifo_1932         ;
;       |my_niosv_dm_agent_agent|                      ; 5 (4)               ; 0 (0)                     ; 0                 ; 0          ; 0    ; 8.0 (8.0) ; mm_interconnect_0|my_niosv_dm_agent_agent                                                                                             ; niosv_altera_merlin_slave_agent_1930_jxauz3i                 ; altera_merlin_slave_agent_1930     ;
;          |uncompressor|                              ; 1 (1)               ; 0 (0)                     ; 0                 ; 0          ; 0    ; 4.0 (4.0) ; mm_interconnect_0|my_niosv_dm_agent_agent|uncompressor                                                                                ; altera_merlin_burst_uncompressor                             ; altera_merlin_slave_agent_1930     ;
;       |my_niosv_instruction_manager_agent|           ; 2 (2)               ; 18 (18)                   ; 0                 ; 0          ; 0    ; 8.0 (8.0) ; mm_interconnect_0|my_niosv_instruction_manager_agent                                                                                  ; niosv_altera_merlin_axi_master_ni_19112_2jrcixq              ; altera_merlin_axi_master_ni_19112  ;
;       |my_niosv_instruction_manager_rd_limiter|      ; 10 (10)             ; 7 (7)                     ; 0                 ; 0          ; 0    ; 8.0 (8.0) ; mm_interconnect_0|my_niosv_instruction_manager_rd_limiter                                                                             ; niosv_altera_merlin_traffic_limiter_1921_2thi65i             ; altera_merlin_traffic_limiter_1921 ;
;       |my_niosv_timer_sw_agent_agent_rdata_fifo|     ; 36 (36)             ; 67 (67)                   ; 0                 ; 0          ; 0    ; 8.0 (8.0) ; mm_interconnect_0|my_niosv_timer_sw_agent_agent_rdata_fifo                                                                            ; niosv_altera_avalon_sc_fifo_1932_22gxxgi                     ; altera_avalon_sc_fifo_1932         ;
;       |my_niosv_timer_sw_agent_agent_rsp_fifo|       ; 6 (6)               ; 9 (9)                     ; 0                 ; 0          ; 0    ; 8.0 (8.0) ; mm_interconnect_0|my_niosv_timer_sw_agent_agent_rsp_fifo                                                                              ; niosv_altera_avalon_sc_fifo_1932_22gxxgi                     ; altera_avalon_sc_fifo_1932         ;
;       |my_niosv_timer_sw_agent_agent|                ; 3 (3)               ; 0 (0)                     ; 0                 ; 0          ; 0    ; 8.0 (8.0) ; mm_interconnect_0|my_niosv_timer_sw_agent_agent                                                                                       ; niosv_altera_merlin_slave_agent_1930_jxauz3i                 ; altera_merlin_slave_agent_1930     ;
;       |router_001|                                   ; 7 (7)               ; 0 (0)                     ; 0                 ; 0          ; 0    ; 8.0 (8.0) ; mm_interconnect_0|router_001                                                                                                          ; niosv_altera_merlin_router_1921_f7bfoqi                      ; altera_merlin_router_1921          ;
;       |router_003|                                   ; 1 (1)               ; 0 (0)                     ; 0                 ; 0          ; 0    ; 4.0 (4.0) ; mm_interconnect_0|router_003                                                                                                          ; niosv_altera_merlin_router_1921_6midycq                      ; altera_merlin_router_1921          ;
;       |router|                                       ; 6 (6)               ; 0 (0)                     ; 0                 ; 0          ; 0    ; 7.0 (7.0) ; mm_interconnect_0|router                                                                                                              ; niosv_altera_merlin_router_1921_f7bfoqi                      ; altera_merlin_router_1921          ;
;       |rsp_demux_001|                                ; 2 (2)               ; 0 (0)                     ; 0                 ; 0          ; 0    ; 8.0 (8.0) ; mm_interconnect_0|rsp_demux_001                                                                                                       ; niosv_altera_merlin_demultiplexer_1921_gf66usy               ; altera_merlin_demultiplexer_1921   ;
;       |rsp_demux_002|                                ; 3 (3)               ; 0 (0)                     ; 0                 ; 0          ; 0    ; 8.0 (8.0) ; mm_interconnect_0|rsp_demux_002                                                                                                       ; niosv_altera_merlin_demultiplexer_1921_gf66usy               ; altera_merlin_demultiplexer_1921   ;
;       |rsp_demux_003|                                ; 2 (2)               ; 0 (0)                     ; 0                 ; 0          ; 0    ; 8.0 (8.0) ; mm_interconnect_0|rsp_demux_003                                                                                                       ; niosv_altera_merlin_demultiplexer_1921_s633mky               ; altera_merlin_demultiplexer_1921   ;
;       |rsp_demux|                                    ; 1 (1)               ; 0 (0)                     ; 0                 ; 0          ; 0    ; 8.0 (8.0) ; mm_interconnect_0|rsp_demux                                                                                                           ; niosv_altera_merlin_demultiplexer_1921_s633mky               ; altera_merlin_demultiplexer_1921   ;
;       |rsp_mux_001|                                  ; 69 (69)             ; 0 (0)                     ; 0                 ; 0          ; 0    ; 8.0 (8.0) ; mm_interconnect_0|rsp_mux_001                                                                                                         ; niosv_altera_merlin_multiplexer_1922_pkoothq                 ; altera_merlin_multiplexer_1922     ;
;       |rsp_mux_003|                                  ; 42 (42)             ; 0 (0)                     ; 0                 ; 0          ; 0    ; 8.0 (8.0) ; mm_interconnect_0|rsp_mux_003                                                                                                         ; niosv_altera_merlin_multiplexer_1922_y4jafty                 ; altera_merlin_multiplexer_1922     ;
;       |rsp_mux|                                      ; 5 (5)               ; 0 (0)                     ; 0                 ; 0          ; 0    ; 8.0 (8.0) ; mm_interconnect_0|rsp_mux                                                                                                             ; niosv_altera_merlin_multiplexer_1922_pkoothq                 ; altera_merlin_multiplexer_1922     ;
;       |sram_s1_agent_rdata_fifo|                     ; 57 (57)             ; 67 (67)                   ; 0                 ; 0          ; 0    ; 8.0 (8.0) ; mm_interconnect_0|sram_s1_agent_rdata_fifo                                                                                            ; niosv_altera_avalon_sc_fifo_1932_22gxxgi                     ; altera_avalon_sc_fifo_1932         ;
;       |sram_s1_agent_rsp_fifo|                       ; 10 (10)             ; 13 (13)                   ; 0                 ; 0          ; 0    ; 8.0 (8.0) ; mm_interconnect_0|sram_s1_agent_rsp_fifo                                                                                              ; niosv_altera_avalon_sc_fifo_1932_22gxxgi                     ; altera_avalon_sc_fifo_1932         ;
;       |sram_s1_agent|                                ; 5 (4)               ; 0 (0)                     ; 0                 ; 0          ; 0    ; 6.0 (6.0) ; mm_interconnect_0|sram_s1_agent                                                                                                       ; niosv_altera_merlin_slave_agent_1930_jxauz3i                 ; altera_merlin_slave_agent_1930     ;
;          |uncompressor|                              ; 1 (1)               ; 0 (0)                     ; 0                 ; 0          ; 0    ; 6.0 (6.0) ; mm_interconnect_0|sram_s1_agent|uncompressor                                                                                          ; altera_merlin_burst_uncompressor                             ; altera_merlin_slave_agent_1930     ;
;       |sram_s1_translator|                           ; 1 (1)               ; 3 (3)                     ; 0                 ; 0          ; 0    ; 8.0 (8.0) ; mm_interconnect_0|sram_s1_translator                                                                                                  ; niosv_altera_merlin_slave_translator_191_xg7rzxi             ; altera_merlin_slave_translator_191 ;
;    |my_niosv|                                        ; 2637 (0)            ; 2340 (0)                  ; 2048              ; 0          ; 0    ; 8.3 (0.0) ; my_niosv                                                                                                                              ; niosv_intel_niosv_m_0                                        ; niosv_intel_niosv_m_0              ;
;       |my_niosv|                                     ; 2637 (0)            ; 2340 (0)                  ; 2048              ; 0          ; 0    ; 8.3 (0.0) ; my_niosv|my_niosv                                                                                                                     ; niosv_intel_niosv_m_0_intel_niosv_m_2600_yimltqq             ; intel_niosv_m_2600                 ;
;          |dbg_mod|                                   ; 444 (0)             ; 700 (0)                   ; 0                 ; 0          ; 0    ; 8.0 (0.0) ; my_niosv|my_niosv|dbg_mod                                                                                                             ; niosv_dm_top                                                 ; intel_niosv_dbg_mod_210            ;
;             |dm_inst|                                ; 309 (309)           ; 277 (230)                 ; 0                 ; 0          ; 0    ; 8.0 (8.0) ; my_niosv|my_niosv|dbg_mod|dm_inst                                                                                                     ; niosv_debug_module                                           ; intel_niosv_dbg_mod_210            ;
;                |dbg_rom_inst|                        ; 0 (0)               ; 6 (0)                     ; 0                 ; 0          ; 0    ; 8.0 (0.0) ; my_niosv|my_niosv|dbg_mod|dm_inst|dbg_rom_inst                                                                                        ; niosv_debug_rom                                              ; intel_niosv_dbg_mod_210            ;
;                   |gen_mlab_rom.dbg_rom_inst|        ; 0 (0)               ; 6 (0)                     ; 0                 ; 0          ; 0    ; 8.0 (0.0) ; my_niosv|my_niosv|dbg_mod|dm_inst|dbg_rom_inst|gen_mlab_rom.dbg_rom_inst                                                              ; niosv_ram                                                    ; intel_niosv_dbg_mod_210            ;
;                      |ram_no_ecc.data_ram_inst|      ; 0 (0)               ; 6 (0)                     ; 0                 ; 0          ; 0    ; 8.0 (0.0) ; my_niosv|my_niosv|dbg_mod|dm_inst|dbg_rom_inst|gen_mlab_rom.dbg_rom_inst|ram_no_ecc.data_ram_inst                                     ; altsyncram                                                   ; altera_work                        ;
;                         |auto_generated|             ; 0 (0)               ; 6 (0)                     ; 0                 ; 0          ; 0    ; 8.0 (0.0) ; my_niosv|my_niosv|dbg_mod|dm_inst|dbg_rom_inst|gen_mlab_rom.dbg_rom_inst|ram_no_ecc.data_ram_inst|auto_generated                      ; altsyncram_pl301                                             ; altera_work                        ;
;                            |altera_syncram_impl1|    ; 0 (0)               ; 6 (6)                     ; 0                 ; 0          ; 0    ; 8.0 (8.0) ; my_niosv|my_niosv|dbg_mod|dm_inst|dbg_rom_inst|gen_mlab_rom.dbg_rom_inst|ram_no_ecc.data_ram_inst|auto_generated|altera_syncram_impl1 ; altera_syncram_impl_37g7                                     ; altera_work                        ;
;                |niosv_dm_csr_mem_inst|               ; 0 (0)               ; 41 (0)                    ; 0                 ; 0          ; 0    ; 7.0 (0.0) ; my_niosv|my_niosv|dbg_mod|dm_inst|niosv_dm_csr_mem_inst                                                                               ; niosv_ram                                                    ; intel_niosv_dbg_mod_210            ;
;                   |ram_no_ecc.data_ram_inst|         ; 0 (0)               ; 41 (0)                    ; 0                 ; 0          ; 0    ; 7.0 (0.0) ; my_niosv|my_niosv|dbg_mod|dm_inst|niosv_dm_csr_mem_inst|ram_no_ecc.data_ram_inst                                                      ; altsyncram                                                   ; altera_work                        ;
;                      |auto_generated|                ; 0 (0)               ; 41 (0)                    ; 0                 ; 0          ; 0    ; 7.0 (0.0) ; my_niosv|my_niosv|dbg_mod|dm_inst|niosv_dm_csr_mem_inst|ram_no_ecc.data_ram_inst|auto_generated                                       ; altsyncram_gm7r1                                             ; altera_work                        ;
;                         |altera_syncram_impl1|       ; 0 (0)               ; 41 (41)                   ; 0                 ; 0          ; 0    ; 7.0 (7.0) ; my_niosv|my_niosv|dbg_mod|dm_inst|niosv_dm_csr_mem_inst|ram_no_ecc.data_ram_inst|auto_generated|altera_syncram_impl1                  ; altera_syncram_impl_22tt1                                    ; altera_work                        ;
;             |dtm_inst|                               ; 135 (125)           ; 420 (162)                 ; 0                 ; 0          ; 0    ; 3.0 (3.0) ; my_niosv|my_niosv|dbg_mod|dtm_inst                                                                                                    ; niosv_dm_jtag2mm                                             ; intel_niosv_dbg_mod_210            ;
;                |cmd_clk_xer|                         ; 5 (0)               ; 144 (0)                   ; 0                 ; 0          ; 0    ; 1.0 (0.0) ; my_niosv|my_niosv|dbg_mod|dtm_inst|cmd_clk_xer                                                                                        ; altera_avalon_st_handshake_clock_crosser                     ; intel_niosv_dbg_mod_210            ;
;                   |clock_xer|                        ; 5 (4)               ; 144 (90)                  ; 0                 ; 0          ; 0    ; 1.0 (1.0) ; my_niosv|my_niosv|dbg_mod|dtm_inst|cmd_clk_xer|clock_xer                                                                              ; altera_avalon_st_clock_crosser                               ; intel_niosv_dbg_mod_210            ;
;                      |alt_rst_req_sync_in_rst|       ; 0 (0)               ; 3 (3)                     ; 0                 ; 0          ; 0    ; 0.0 (0.0) ; my_niosv|my_niosv|dbg_mod|dtm_inst|cmd_clk_xer|clock_xer|alt_rst_req_sync_in_rst                                                      ; altera_reset_synchronizer                                    ; intel_niosv_dbg_mod_210            ;
;                      |alt_rst_req_sync_out_rst|      ; 0 (0)               ; 3 (3)                     ; 0                 ; 0          ; 0    ; 0.0 (0.0) ; my_niosv|my_niosv|dbg_mod|dtm_inst|cmd_clk_xer|clock_xer|alt_rst_req_sync_out_rst                                                     ; altera_reset_synchronizer                                    ; intel_niosv_dbg_mod_210            ;
;                      |in_to_out_synchronizer|        ; 0 (0)               ; 2 (2)                     ; 0                 ; 0          ; 0    ; 0.0 (0.0) ; my_niosv|my_niosv|dbg_mod|dtm_inst|cmd_clk_xer|clock_xer|in_to_out_synchronizer                                                       ; altera_std_synchronizer_nocut                                ; intel_niosv_dbg_mod_210            ;
;                      |out_to_in_synchronizer|        ; 0 (0)               ; 2 (2)                     ; 0                 ; 0          ; 0    ; 1.0 (1.0) ; my_niosv|my_niosv|dbg_mod|dtm_inst|cmd_clk_xer|clock_xer|out_to_in_synchronizer                                                       ; altera_std_synchronizer_nocut                                ; intel_niosv_dbg_mod_210            ;
;                      |output_stage|                  ; 1 (1)               ; 44 (44)                   ; 0                 ; 0          ; 0    ; 1.0 (1.0) ; my_niosv|my_niosv|dbg_mod|dtm_inst|cmd_clk_xer|clock_xer|output_stage                                                                 ; altera_avalon_st_pipeline_base                               ; intel_niosv_dbg_mod_210            ;
;                |rsp_clk_xer|                         ; 4 (0)               ; 111 (0)                   ; 0                 ; 0          ; 0    ; 1.0 (0.0) ; my_niosv|my_niosv|dbg_mod|dtm_inst|rsp_clk_xer                                                                                        ; altera_avalon_st_handshake_clock_crosser                     ; intel_niosv_dbg_mod_210            ;
;                   |clock_xer|                        ; 4 (3)               ; 111 (68)                  ; 0                 ; 0          ; 0    ; 1.0 (1.0) ; my_niosv|my_niosv|dbg_mod|dtm_inst|rsp_clk_xer|clock_xer                                                                              ; altera_avalon_st_clock_crosser                               ; intel_niosv_dbg_mod_210            ;
;                      |alt_rst_req_sync_in_rst|       ; 0 (0)               ; 3 (3)                     ; 0                 ; 0          ; 0    ; 0.0 (0.0) ; my_niosv|my_niosv|dbg_mod|dtm_inst|rsp_clk_xer|clock_xer|alt_rst_req_sync_in_rst                                                      ; altera_reset_synchronizer                                    ; intel_niosv_dbg_mod_210            ;
;                      |alt_rst_req_sync_out_rst|      ; 0 (0)               ; 3 (3)                     ; 0                 ; 0          ; 0    ; 0.0 (0.0) ; my_niosv|my_niosv|dbg_mod|dtm_inst|rsp_clk_xer|clock_xer|alt_rst_req_sync_out_rst                                                     ; altera_reset_synchronizer                                    ; intel_niosv_dbg_mod_210            ;
;                      |in_to_out_synchronizer|        ; 0 (0)               ; 2 (2)                     ; 0                 ; 0          ; 0    ; 0.0 (0.0) ; my_niosv|my_niosv|dbg_mod|dtm_inst|rsp_clk_xer|clock_xer|in_to_out_synchronizer                                                       ; altera_std_synchronizer_nocut                                ; intel_niosv_dbg_mod_210            ;
;                      |out_to_in_synchronizer|        ; 0 (0)               ; 2 (2)                     ; 0                 ; 0          ; 0    ; 1.0 (1.0) ; my_niosv|my_niosv|dbg_mod|dtm_inst|rsp_clk_xer|clock_xer|out_to_in_synchronizer                                                       ; altera_std_synchronizer_nocut                                ; intel_niosv_dbg_mod_210            ;
;                      |output_stage|                  ; 1 (1)               ; 33 (33)                   ; 0                 ; 0          ; 0    ; 1.0 (1.0) ; my_niosv|my_niosv|dbg_mod|dtm_inst|rsp_clk_xer|clock_xer|output_stage                                                                 ; altera_avalon_st_pipeline_base                               ; intel_niosv_dbg_mod_210            ;
;                |rst_controller|                      ; 0 (0)               ; 3 (0)                     ; 0                 ; 0          ; 0    ; 1.0 (0.0) ; my_niosv|my_niosv|dbg_mod|dtm_inst|rst_controller                                                                                     ; altera_reset_controller                                      ; intel_niosv_dbg_mod_210            ;
;                   |alt_rst_sync_uq1|                 ; 0 (0)               ; 3 (3)                     ; 0                 ; 0          ; 0    ; 1.0 (1.0) ; my_niosv|my_niosv|dbg_mod|dtm_inst|rst_controller|alt_rst_sync_uq1                                                                    ; altera_reset_synchronizer                                    ; intel_niosv_dbg_mod_210            ;
;                |vjtag_inst|                          ; 1 (0)               ; 0 (0)                     ; 0                 ; 0          ; 0    ; 3.0 (0.0) ; my_niosv|my_niosv|dbg_mod|dtm_inst|vjtag_inst                                                                                         ; sld_virtual_jtag_basic                                       ; altera_work                        ;
;                   |sld_virtual_jtag_impl_inst|       ; 1 (1)               ; 0 (0)                     ; 0                 ; 0          ; 0    ; 3.0 (3.0) ; my_niosv|my_niosv|dbg_mod|dtm_inst|vjtag_inst|sld_virtual_jtag_impl_inst                                                              ; sld_virtual_jtag_impl                                        ; altera_work                        ;
;             |rst_controller|                         ; 0 (0)               ; 3 (0)                     ; 0                 ; 0          ; 0    ; 1.0 (0.0) ; my_niosv|my_niosv|dbg_mod|rst_controller                                                                                              ; altera_reset_controller                                      ; intel_niosv_dbg_mod_210            ;
;                |alt_rst_sync_uq1|                    ; 0 (0)               ; 3 (3)                     ; 0                 ; 0          ; 0    ; 1.0 (1.0) ; my_niosv|my_niosv|dbg_mod|rst_controller|alt_rst_sync_uq1                                                                             ; altera_reset_synchronizer                                    ; intel_niosv_dbg_mod_210            ;
;          |hart|                                      ; 1970 (0)            ; 1473 (0)                  ; 2048              ; 0          ; 0    ; 8.0 (0.0) ; my_niosv|my_niosv|hart                                                                                                                ; niosv_intel_niosv_m_0_intel_niosv_m_unit_2600_ez2mqoy        ; intel_niosv_m_unit_2600            ;
;             |m_core.niosv_m_full_inst|               ; 1970 (299)          ; 1473 (108)                ; 2048              ; 0          ; 0    ; 8.0 (8.0) ; my_niosv|my_niosv|hart|m_core.niosv_m_full_inst                                                                                       ; niosv_m_core                                                 ; intel_niosv_m_unit_2600            ;
;                |D_stage_inst|                        ; 169 (20)            ; 146 (146)                 ; 0                 ; 0          ; 0    ; 8.0 (7.0) ; my_niosv|my_niosv|hart|m_core.niosv_m_full_inst|D_stage_inst                                                                          ; niosv_m_D_stage                                              ; intel_niosv_m_unit_2600            ;
;                   |instr_decoder_inst|               ; 149 (149)           ; 0 (0)                     ; 0                 ; 0          ; 0    ; 8.0 (8.0) ; my_niosv|my_niosv|hart|m_core.niosv_m_full_inst|D_stage_inst|instr_decoder_inst                                                       ; niosv_m_decoder                                              ; intel_niosv_m_unit_2600            ;
;                |E_stage_inst|                        ; 344 (248)           ; 305 (305)                 ; 0                 ; 0          ; 0    ; 8.0 (8.0) ; my_niosv|my_niosv|hart|m_core.niosv_m_full_inst|E_stage_inst                                                                          ; niosv_m_E_stage                                              ; intel_niosv_m_unit_2600            ;
;                   |alu_inst|                         ; 96 (96)             ; 0 (0)                     ; 0                 ; 0          ; 0    ; 8.0 (8.0) ; my_niosv|my_niosv|hart|m_core.niosv_m_full_inst|E_stage_inst|alu_inst                                                                 ; niosv_alu                                                    ; intel_niosv_m_unit_2600            ;
;                |M0_stage_inst|                       ; 240 (158)           ; 255 (215)                 ; 0                 ; 0          ; 0    ; 8.0 (8.0) ; my_niosv|my_niosv|hart|m_core.niosv_m_full_inst|M0_stage_inst                                                                         ; niosv_m_M0_stage                                             ; intel_niosv_m_unit_2600            ;
;                   |shifter_inst|                     ; 82 (82)             ; 40 (40)                   ; 0                 ; 0          ; 0    ; 8.0 (8.0) ; my_niosv|my_niosv|hart|m_core.niosv_m_full_inst|M0_stage_inst|shifter_inst                                                            ; niosv_shift                                                  ; intel_niosv_m_unit_2600            ;
;                |W_stage_inst|                        ; 1 (1)               ; 38 (38)                   ; 0                 ; 0          ; 0    ; 8.0 (8.0) ; my_niosv|my_niosv|hart|m_core.niosv_m_full_inst|W_stage_inst                                                                          ; niosv_m_W_stage                                              ; intel_niosv_m_unit_2600            ;
;                |csr_inst|                            ; 531 (526)           ; 342 (334)                 ; 0                 ; 0          ; 0    ; 8.0 (8.0) ; my_niosv|my_niosv|hart|m_core.niosv_m_full_inst|csr_inst                                                                              ; niosv_csr                                                    ; intel_niosv_m_unit_2600            ;
;                   |irq_inst|                         ; 5 (5)               ; 8 (8)                     ; 0                 ; 0          ; 0    ; 7.0 (7.0) ; my_niosv|my_niosv|hart|m_core.niosv_m_full_inst|csr_inst|irq_inst                                                                     ; niosv_interrupt_handler                                      ; intel_niosv_m_unit_2600            ;
;                |lsu_inst|                            ; 172 (166)           ; 45 (39)                   ; 0                 ; 0          ; 0    ; 8.0 (8.0) ; my_niosv|my_niosv|hart|m_core.niosv_m_full_inst|lsu_inst                                                                              ; niosv_lsu                                                    ; intel_niosv_m_unit_2600            ;
;                   |read_cmd|                         ; 2 (2)               ; 2 (2)                     ; 0                 ; 0          ; 0    ; 8.0 (8.0) ; my_niosv|my_niosv|hart|m_core.niosv_m_full_inst|lsu_inst|read_cmd                                                                     ; niosv_mem_op_state                                           ; intel_niosv_m_unit_2600            ;
;                   |wr_addr|                          ; 2 (2)               ; 2 (2)                     ; 0                 ; 0          ; 0    ; 6.0 (6.0) ; my_niosv|my_niosv|hart|m_core.niosv_m_full_inst|lsu_inst|wr_addr                                                                      ; niosv_mem_op_state                                           ; intel_niosv_m_unit_2600            ;
;                   |wr_data|                          ; 2 (2)               ; 2 (2)                     ; 0                 ; 0          ; 0    ; 8.0 (8.0) ; my_niosv|my_niosv|hart|m_core.niosv_m_full_inst|lsu_inst|wr_data                                                                      ; niosv_mem_op_state                                           ; intel_niosv_m_unit_2600            ;
;                |prefetch_inst|                       ; 214 (170)           ; 234 (100)                 ; 0                 ; 0          ; 0    ; 7.0 (7.0) ; my_niosv|my_niosv|hart|m_core.niosv_m_full_inst|prefetch_inst                                                                         ; niosv_m_instr_prefetch                                       ; intel_niosv_m_unit_2600            ;
;                   |buffer_inst|                      ; 44 (44)             ; 134 (134)                 ; 0                 ; 0          ; 0    ; 7.0 (7.0) ; my_niosv|my_niosv|hart|m_core.niosv_m_full_inst|prefetch_inst|buffer_inst                                                             ; niosv_instr_buffer                                           ; intel_niosv_m_unit_2600            ;
;                |reg_file_inst|                       ; 0 (0)               ; 0 (0)                     ; 2048              ; 0          ; 0    ; 3.0 (0.0) ; my_niosv|my_niosv|hart|m_core.niosv_m_full_inst|reg_file_inst                                                                         ; niosv_reg_file                                               ; intel_niosv_m_unit_2600            ;
;                   |reg_file_a|                       ; 0 (0)               ; 0 (0)                     ; 1024              ; 0          ; 0    ; 3.0 (0.0) ; my_niosv|my_niosv|hart|m_core.niosv_m_full_inst|reg_file_inst|reg_file_a                                                              ; niosv_ram                                                    ; intel_niosv_m_unit_2600            ;
;                      |ram_no_ecc.data_ram_inst|      ; 0 (0)               ; 0 (0)                     ; 1024              ; 0          ; 0    ; 3.0 (0.0) ; my_niosv|my_niosv|hart|m_core.niosv_m_full_inst|reg_file_inst|reg_file_a|ram_no_ecc.data_ram_inst                                     ; altsyncram                                                   ; altera_work                        ;
;                         |auto_generated|             ; 0 (0)               ; 0 (0)                     ; 1024              ; 0          ; 0    ; 3.0 (0.0) ; my_niosv|my_niosv|hart|m_core.niosv_m_full_inst|reg_file_inst|reg_file_a|ram_no_ecc.data_ram_inst|auto_generated                      ; altsyncram_f37e1                                             ; altera_work                        ;
;                            |altera_syncram_impl1|    ; 0 (0)               ; 0 (0)                     ; 1024              ; 0          ; 0    ; 3.0 (3.0) ; my_niosv|my_niosv|hart|m_core.niosv_m_full_inst|reg_file_inst|reg_file_a|ram_no_ecc.data_ram_inst|auto_generated|altera_syncram_impl1 ; altera_syncram_impl_vara                                     ; altera_work                        ;
;                   |reg_file_b|                       ; 0 (0)               ; 0 (0)                     ; 1024              ; 0          ; 0    ; 3.0 (0.0) ; my_niosv|my_niosv|hart|m_core.niosv_m_full_inst|reg_file_inst|reg_file_b                                                              ; niosv_ram                                                    ; intel_niosv_m_unit_2600            ;
;                      |ram_no_ecc.data_ram_inst|      ; 0 (0)               ; 0 (0)                     ; 1024              ; 0          ; 0    ; 3.0 (0.0) ; my_niosv|my_niosv|hart|m_core.niosv_m_full_inst|reg_file_inst|reg_file_b|ram_no_ecc.data_ram_inst                                     ; altsyncram                                                   ; altera_work                        ;
;                         |auto_generated|             ; 0 (0)               ; 0 (0)                     ; 1024              ; 0          ; 0    ; 3.0 (0.0) ; my_niosv|my_niosv|hart|m_core.niosv_m_full_inst|reg_file_inst|reg_file_b|ram_no_ecc.data_ram_inst|auto_generated                      ; altsyncram_f37e1                                             ; altera_work                        ;
;                            |altera_syncram_impl1|    ; 0 (0)               ; 0 (0)                     ; 1024              ; 0          ; 0    ; 3.0 (3.0) ; my_niosv|my_niosv|hart|m_core.niosv_m_full_inst|reg_file_inst|reg_file_b|ram_no_ecc.data_ram_inst|auto_generated|altera_syncram_impl1 ; altera_syncram_impl_vara                                     ; altera_work                        ;
;          |rst_controller_001|                        ; 0 (0)               ; 3 (0)                     ; 0                 ; 0          ; 0    ; 0.0 (0.0) ; my_niosv|my_niosv|rst_controller_001                                                                                                  ; altera_reset_controller                                      ; altera_reset_controller_1924       ;
;             |alt_rst_sync_uq1|                       ; 0 (0)               ; 3 (3)                     ; 0                 ; 0          ; 0    ; 0.0 (0.0) ; my_niosv|my_niosv|rst_controller_001|alt_rst_sync_uq1                                                                                 ; altera_reset_synchronizer                                    ; altera_reset_controller_1924       ;
;          |timer_module|                              ; 223 (223)           ; 164 (164)                 ; 0                 ; 0          ; 0    ; 8.3 (8.3) ; my_niosv|my_niosv|timer_module                                                                                                        ; niosv_timer_msip                                             ; intel_niosv_timer_msip_120         ;
;    |rst_controller_001|                              ; 1 (0)               ; 3 (0)                     ; 0                 ; 0          ; 0    ; 1.0 (0.0) ; rst_controller_001                                                                                                                    ; altera_reset_controller                                      ; altera_reset_controller_1924       ;
;       |alt_rst_sync_uq1|                             ; 1 (1)               ; 3 (3)                     ; 0                 ; 0          ; 0    ; 1.0 (1.0) ; rst_controller_001|alt_rst_sync_uq1                                                                                                   ; altera_reset_synchronizer                                    ; altera_reset_controller_1924       ;
;    |rst_controller|                                  ; 6 (5)               ; 17 (11)                   ; 0                 ; 0          ; 0    ; 1.0 (1.0) ; rst_controller                                                                                                                        ; altera_reset_controller                                      ; altera_reset_controller_1924       ;
;       |alt_rst_req_sync_uq1|                         ; 1 (1)               ; 3 (3)                     ; 0                 ; 0          ; 0    ; 1.0 (1.0) ; rst_controller|alt_rst_req_sync_uq1                                                                                                   ; altera_reset_synchronizer                                    ; altera_reset_controller_1924       ;
;       |alt_rst_sync_uq1|                             ; 0 (0)               ; 3 (3)                     ; 0                 ; 0          ; 0    ; 0.0 (0.0) ; rst_controller|alt_rst_sync_uq1                                                                                                       ; altera_reset_synchronizer                                    ; altera_reset_controller_1924       ;
;    |sram|                                            ; 177 (0)             ; 4 (0)                     ; 1048576           ; 0          ; 0    ; 8.0 (0.0) ; sram                                                                                                                                  ; niosv_intel_onchip_memory_0                                  ; niosv_intel_onchip_memory_0        ;
;       |intel_onchip_memory_0|                        ; 177 (0)             ; 4 (0)                     ; 1048576           ; 0          ; 0    ; 8.0 (0.0) ; sram|intel_onchip_memory_0                                                                                                            ; niosv_intel_onchip_memory_0_intel_onchip_memory_1410_tz44c5y ; intel_onchip_memory_1410           ;
;          |altera_syncram_component|                  ; 177 (0)             ; 4 (0)                     ; 1048576           ; 0          ; 0    ; 8.0 (0.0) ; sram|intel_onchip_memory_0|altera_syncram_component                                                                                   ; altera_syncram                                               ; altera_work                        ;
;             |auto_generated|                         ; 177 (0)             ; 4 (0)                     ; 1048576           ; 0          ; 0    ; 8.0 (0.0) ; sram|intel_onchip_memory_0|altera_syncram_component|auto_generated                                                                    ; altera_syncram_rio3                                          ; altera_work                        ;
;                |altera_syncram_impl1|                ; 177 (1)             ; 4 (4)                     ; 1048576           ; 0          ; 0    ; 8.0 (8.0) ; sram|intel_onchip_memory_0|altera_syncram_component|auto_generated|altera_syncram_impl1                                               ; altera_syncram_impl_h2j3                                     ; altera_work                        ;
;                   |decode3|                          ; 16 (16)             ; 0 (0)                     ; 0                 ; 0          ; 0    ; 4.0 (4.0) ; sram|intel_onchip_memory_0|altera_syncram_component|auto_generated|altera_syncram_impl1|decode3                                       ; decode_m7op                                                  ; altera_work                        ;
;                   |mux4|                             ; 160 (160)           ; 0 (0)                     ; 0                 ; 0          ; 0    ; 8.0 (8.0) ; sram|intel_onchip_memory_0|altera_syncram_component|auto_generated|altera_syncram_impl1|mux4                                          ; mux_lrsc1                                                    ; altera_work                        ;
+------------------------------------------------------+---------------------+---------------------------+-------------------+------------+------+-----------+---------------------------------------------------------------------------------------------------------------------------------------+--------------------------------------------------------------+------------------------------------+
Note: For table entries with two numbers listed, the numbers in parentheses indicate the number of resources of the given type used by the specific entity alone. The numbers listed outside of parentheses indicate the total resources of the given type used by the specific entity and all of its sub-entities in the hierarchy.


+--------------------------------------------------------------------------------------------------------+
; State Machine - Summary                                                                                ;
+--------------------------------------------+------------------+------------+----------------+----------+
; Name                                       ; Number of States ; Using aclr ; Encoding Style ; Safeness ;
+--------------------------------------------+------------------+------------+----------------+----------+
; my_niosv|my_niosv|dbg_mod|dm_inst|dm_state ; 6                ; Yes        ; One-Hot        ; Safe     ;
+--------------------------------------------+------------------+------------+----------------+----------+


Encoding Type: Safe One-Hot
+-----------------------------------------------------------------------------------------------------------------------------------+
; State Machine - my_niosv|my_niosv|dbg_mod|dm_inst|dm_state                                                                        ;
+-------------------+------------------+-------------------+-------------------+-----------------+------------------+---------------+
; Name              ; dm_state.CMD_EXE ; dm_state.RESUMING ; dm_state.EXE_PNDG ; dm_state.HALTED ; dm_state.HALTREQ ; dm_state.IDLE ;
+-------------------+------------------+-------------------+-------------------+-----------------+------------------+---------------+
; dm_state.IDLE     ; 0                ; 0                 ; 0                 ; 0               ; 0                ; 0             ;
; dm_state.HALTREQ  ; 0                ; 0                 ; 0                 ; 0               ; 1                ; 1             ;
; dm_state.HALTED   ; 0                ; 0                 ; 0                 ; 1               ; 0                ; 1             ;
; dm_state.EXE_PNDG ; 0                ; 0                 ; 1                 ; 0               ; 0                ; 1             ;
; dm_state.RESUMING ; 0                ; 1                 ; 0                 ; 0               ; 0                ; 1             ;
; dm_state.CMD_EXE  ; 1                ; 0                 ; 0                 ; 0               ; 0                ; 1             ;
+-------------------+------------------+-------------------+-------------------+-----------------+------------------+---------------+


+-----------------------------------------------------------------------------------------------------------------------------------------------------------------------------------------------------------------------------------------------------------------------------------------------------------------------+
; Registers Protected by Synthesis                                                                                                                                                                                                                                                                                      ;
+--------------------------------------------------------------------------------------------------------------------------+------------------------------------------------------------------+--------------------------------------------+----------------------------------------------------------------------------+
; Register Name                                                                                                            ; Protected by Synthesis Attribute or Preserve Register Assignment ; Not to be Touched by Netlist Optimizations ; Cannot be Retimed (Protected by Synthesis Attribute or Quartus Assignment) ;
+--------------------------------------------------------------------------------------------------------------------------+------------------------------------------------------------------+--------------------------------------------+----------------------------------------------------------------------------+
; debug|debug|altera_avalon_jtag_uart_alt_jtag_atlantic|user_saw_rvalid                                                    ; yes                                                              ; yes                                        ; yes                                                                        ;
; debug|debug|altera_avalon_jtag_uart_alt_jtag_atlantic|tck_t_dav                                                          ; yes                                                              ; yes                                        ; yes                                                                        ;
; debug|debug|altera_avalon_jtag_uart_alt_jtag_atlantic|rvalid                                                             ; yes                                                              ; yes                                        ; yes                                                                        ;
; debug|debug|altera_avalon_jtag_uart_alt_jtag_atlantic|rdata[7]                                                           ; yes                                                              ; yes                                        ; yes                                                                        ;
; debug|debug|altera_avalon_jtag_uart_alt_jtag_atlantic|write_stalled                                                      ; yes                                                              ; yes                                        ; yes                                                                        ;
; my_niosv|my_niosv|dbg_mod|dtm_inst|rst_controller|alt_rst_sync_uq1|altera_reset_synchronizer_int_chain[0]                ; yes                                                              ; yes                                        ; yes                                                                        ;
; debug|debug|altera_avalon_jtag_uart_alt_jtag_atlantic|read_req                                                           ; yes                                                              ; yes                                        ; yes                                                                        ;
; rst_controller|altera_reset_synchronizer_int_chain[4]                                                                    ; yes                                                              ; yes                                        ; yes                                                                        ;
; debug|debug|altera_avalon_jtag_uart_alt_jtag_atlantic|rdata[0]                                                           ; yes                                                              ; yes                                        ; yes                                                                        ;
; my_niosv|my_niosv|dbg_mod|dtm_inst|rst_controller|alt_rst_sync_uq1|altera_reset_synchronizer_int_chain[1]                ; yes                                                              ; yes                                        ; yes                                                                        ;
; my_niosv|my_niosv|dbg_mod|dtm_inst|rsp_clk_xer|clock_xer|in_to_out_synchronizer|dreg[0]                                  ; yes                                                              ; yes                                        ; yes                                                                        ;
; my_niosv|my_niosv|dbg_mod|dtm_inst|rsp_clk_xer|clock_xer|alt_rst_req_sync_out_rst|altera_reset_synchronizer_int_chain[0] ; yes                                                              ; yes                                        ; yes                                                                        ;
; debug|debug|altera_avalon_jtag_uart_alt_jtag_atlantic|read                                                               ; yes                                                              ; yes                                        ; yes                                                                        ;
; rst_controller|altera_reset_synchronizer_int_chain[3]                                                                    ; yes                                                              ; yes                                        ; yes                                                                        ;
; rst_controller|altera_reset_synchronizer_int_chain[2]                                                                    ; yes                                                              ; yes                                        ; yes                                                                        ;
; debug|debug|altera_avalon_jtag_uart_alt_jtag_atlantic|rdata[1]                                                           ; yes                                                              ; yes                                        ; yes                                                                        ;
; my_niosv|my_niosv|dbg_mod|dtm_inst|rsp_clk_xer|clock_xer|in_to_out_synchronizer|din_s1                                   ; yes                                                              ; yes                                        ; yes                                                                        ;
; my_niosv|my_niosv|dbg_mod|dtm_inst|rsp_clk_xer|clock_xer|alt_rst_req_sync_out_rst|altera_reset_synchronizer_int_chain[1] ; yes                                                              ; yes                                        ; yes                                                                        ;
; debug|debug|altera_avalon_jtag_uart_alt_jtag_atlantic|write_valid                                                        ; yes                                                              ; yes                                        ; yes                                                                        ;
; rst_controller|altera_reset_synchronizer_int_chain[1]                                                                    ; yes                                                              ; yes                                        ; yes                                                                        ;
; debug|debug|altera_avalon_jtag_uart_alt_jtag_atlantic|rdata[2]                                                           ; yes                                                              ; yes                                        ; yes                                                                        ;
; debug|debug|altera_avalon_jtag_uart_alt_jtag_atlantic|write                                                              ; yes                                                              ; yes                                        ; yes                                                                        ;
; rst_controller|altera_reset_synchronizer_int_chain[0]                                                                    ; yes                                                              ; yes                                        ; yes                                                                        ;
; debug|debug|altera_avalon_jtag_uart_alt_jtag_atlantic|rdata[3]                                                           ; yes                                                              ; yes                                        ; yes                                                                        ;
; my_niosv|my_niosv|dbg_mod|dtm_inst|rsp_clk_xer|clock_xer|out_to_in_synchronizer|dreg[0]                                  ; yes                                                              ; yes                                        ; yes                                                                        ;
; rst_controller_001|alt_rst_sync_uq1|altera_reset_synchronizer_int_chain[0]                                               ; yes                                                              ; yes                                        ; yes                                                                        ;
; debug|debug|altera_avalon_jtag_uart_alt_jtag_atlantic|rdata[4]                                                           ; yes                                                              ; yes                                        ; yes                                                                        ;
; my_niosv|my_niosv|dbg_mod|dtm_inst|rsp_clk_xer|clock_xer|alt_rst_req_sync_in_rst|altera_reset_synchronizer_int_chain[0]  ; yes                                                              ; yes                                        ; yes                                                                        ;
; my_niosv|my_niosv|dbg_mod|dtm_inst|rsp_clk_xer|clock_xer|out_to_in_synchronizer|din_s1                                   ; yes                                                              ; yes                                        ; yes                                                                        ;
; my_niosv|my_niosv|rst_controller_001|alt_rst_sync_uq1|altera_reset_synchronizer_int_chain[0]                             ; yes                                                              ; yes                                        ; yes                                                                        ;
; rst_controller_001|alt_rst_sync_uq1|altera_reset_synchronizer_int_chain[1]                                               ; yes                                                              ; yes                                        ; yes                                                                        ;
; debug|debug|altera_avalon_jtag_uart_alt_jtag_atlantic|rdata[5]                                                           ; yes                                                              ; yes                                        ; yes                                                                        ;
; my_niosv|my_niosv|dbg_mod|dtm_inst|rsp_clk_xer|clock_xer|alt_rst_req_sync_in_rst|altera_reset_synchronizer_int_chain[1]  ; yes                                                              ; yes                                        ; yes                                                                        ;
; my_niosv|my_niosv|rst_controller_001|alt_rst_sync_uq1|altera_reset_synchronizer_int_chain[1]                             ; yes                                                              ; yes                                        ; yes                                                                        ;
; debug|debug|altera_avalon_jtag_uart_alt_jtag_atlantic|wdata[0]                                                           ; yes                                                              ; yes                                        ; yes                                                                        ;
; debug|debug|altera_avalon_jtag_uart_alt_jtag_atlantic|wdata[1]                                                           ; yes                                                              ; yes                                        ; yes                                                                        ;
; debug|debug|altera_avalon_jtag_uart_alt_jtag_atlantic|wdata[2]                                                           ; yes                                                              ; yes                                        ; yes                                                                        ;
; debug|debug|altera_avalon_jtag_uart_alt_jtag_atlantic|wdata[3]                                                           ; yes                                                              ; yes                                        ; yes                                                                        ;
; debug|debug|altera_avalon_jtag_uart_alt_jtag_atlantic|wdata[4]                                                           ; yes                                                              ; yes                                        ; yes                                                                        ;
; debug|debug|altera_avalon_jtag_uart_alt_jtag_atlantic|wdata[5]                                                           ; yes                                                              ; yes                                        ; yes                                                                        ;
; debug|debug|altera_avalon_jtag_uart_alt_jtag_atlantic|wdata[6]                                                           ; yes                                                              ; yes                                        ; yes                                                                        ;
; debug|debug|altera_avalon_jtag_uart_alt_jtag_atlantic|wdata[7]                                                           ; yes                                                              ; yes                                        ; yes                                                                        ;
; rst_controller|alt_rst_sync_uq1|altera_reset_synchronizer_int_chain[0]                                                   ; yes                                                              ; yes                                        ; yes                                                                        ;
; debug|debug|altera_avalon_jtag_uart_alt_jtag_atlantic|rdata[6]                                                           ; yes                                                              ; yes                                        ; yes                                                                        ;
; my_niosv|my_niosv|dbg_mod|rst_controller|alt_rst_sync_uq1|altera_reset_synchronizer_int_chain[0]                         ; yes                                                              ; yes                                        ; yes                                                                        ;
; my_niosv|my_niosv|dbg_mod|dm_inst|ndmreset_shifter[3]                                                                    ; yes                                                              ; yes                                        ; yes                                                                        ;
; rst_controller|alt_rst_req_sync_uq1|altera_reset_synchronizer_int_chain[0]                                               ; yes                                                              ; yes                                        ; yes                                                                        ;
; rst_controller|alt_rst_sync_uq1|altera_reset_synchronizer_int_chain[1]                                                   ; yes                                                              ; yes                                        ; yes                                                                        ;
; debug|debug|altera_avalon_jtag_uart_alt_jtag_atlantic|jupdate                                                            ; yes                                                              ; yes                                        ; yes                                                                        ;
; my_niosv|my_niosv|dbg_mod|rst_controller|alt_rst_sync_uq1|altera_reset_synchronizer_int_chain[1]                         ; yes                                                              ; yes                                        ; yes                                                                        ;
; my_niosv|my_niosv|dbg_mod|dm_inst|ndmreset_shifter[2]                                                                    ; yes                                                              ; yes                                        ; yes                                                                        ;
; rst_controller|alt_rst_req_sync_uq1|altera_reset_synchronizer_int_chain[1]                                               ; yes                                                              ; yes                                        ; yes                                                                        ;
; my_niosv|my_niosv|dbg_mod|dtm_inst|cmd_clk_xer|clock_xer|in_to_out_synchronizer|dreg[0]                                  ; yes                                                              ; yes                                        ; yes                                                                        ;
; my_niosv|my_niosv|dbg_mod|dtm_inst|cmd_clk_xer|clock_xer|alt_rst_req_sync_out_rst|altera_reset_synchronizer_int_chain[0] ; yes                                                              ; yes                                        ; yes                                                                        ;
; my_niosv|my_niosv|dbg_mod|dm_inst|ndmreset_shifter[1]                                                                    ; yes                                                              ; yes                                        ; yes                                                                        ;
; my_niosv|my_niosv|dbg_mod|dtm_inst|cmd_clk_xer|clock_xer|out_to_in_synchronizer|dreg[0]                                  ; yes                                                              ; yes                                        ; yes                                                                        ;
; my_niosv|my_niosv|dbg_mod|dtm_inst|cmd_clk_xer|clock_xer|in_to_out_synchronizer|din_s1                                   ; yes                                                              ; yes                                        ; yes                                                                        ;
; my_niosv|my_niosv|dbg_mod|dtm_inst|cmd_clk_xer|clock_xer|alt_rst_req_sync_out_rst|altera_reset_synchronizer_int_chain[1] ; yes                                                              ; yes                                        ; yes                                                                        ;
; my_niosv|my_niosv|dbg_mod|dm_inst|ndmreset_shifter[0]                                                                    ; yes                                                              ; yes                                        ; yes                                                                        ;
; my_niosv|my_niosv|dbg_mod|dtm_inst|cmd_clk_xer|clock_xer|alt_rst_req_sync_in_rst|altera_reset_synchronizer_int_chain[0]  ; yes                                                              ; yes                                        ; yes                                                                        ;
; my_niosv|my_niosv|dbg_mod|dtm_inst|cmd_clk_xer|clock_xer|out_to_in_synchronizer|din_s1                                   ; yes                                                              ; yes                                        ; yes                                                                        ;
; my_niosv|my_niosv|dbg_mod|dtm_inst|cmd_clk_xer|clock_xer|alt_rst_req_sync_in_rst|altera_reset_synchronizer_int_chain[1]  ; yes                                                              ; yes                                        ; yes                                                                        ;
; Total number of protected registers is 62                                                                                ;                                                                  ;                                            ;                                                                            ;
+--------------------------------------------------------------------------------------------------------------------------+------------------------------------------------------------------+--------------------------------------------+----------------------------------------------------------------------------+


+------------------------------------------------------------------------------------------------------------------------------------------------------------------------------------------------------+
; Registers Removed During Synthesis                                                                                                                                                                   ;
+-----------------------------------------------------------------------------------------------+------------------------------------------------------------------------------------------+-----------+
; Node name                                                                                     ; Reason for Removal                                                                       ; Node Type ;
+-----------------------------------------------------------------------------------------------+------------------------------------------------------------------------------------------+-----------+
; mm_interconnect_0|my_niosv_data_manager_agent|awsize_q0[1]                                    ; Stuck at VCC due to stuck port data_in                                                   ; Register  ;
; mm_interconnect_0|my_niosv_data_manager_agent|awburst_q0[0]                                   ; Stuck at VCC due to stuck port data_in                                                   ; Register  ;
; mm_interconnect_0|my_niosv_data_manager_agent|wlast_q0                                        ; Stuck at VCC due to stuck port data_in                                                   ; Register  ;
; mm_interconnect_0|my_niosv_data_manager_agent|arsize_q0[1]                                    ; Stuck at VCC due to stuck port data_in                                                   ; Register  ;
; mm_interconnect_0|my_niosv_data_manager_agent|arburst_q0[0]                                   ; Stuck at VCC due to stuck port data_in                                                   ; Register  ;
; mm_interconnect_0|my_niosv_instruction_manager_agent|awsize_q0[1]                             ; Stuck at VCC due to stuck port data_in                                                   ; Register  ;
; mm_interconnect_0|my_niosv_instruction_manager_agent|awburst_q0[0]                            ; Stuck at VCC due to stuck port data_in                                                   ; Register  ;
; mm_interconnect_0|my_niosv_instruction_manager_agent|wlast_q0                                 ; Stuck at VCC due to stuck port data_in                                                   ; Register  ;
; mm_interconnect_0|my_niosv_instruction_manager_agent|arsize_q0[1]                             ; Stuck at VCC due to stuck port data_in                                                   ; Register  ;
; mm_interconnect_0|my_niosv_instruction_manager_agent|arburst_q0[0]                            ; Stuck at VCC due to stuck port data_in                                                   ; Register  ;
; mm_interconnect_0|debug_avalon_jtag_slave_agent_rsp_fifo|mem[0..1][36..67]                    ; Lost fanout                                                                              ; Register  ;
; mm_interconnect_0|debug_avalon_jtag_slave_agent_rsp_fifo|mem[0..1][74]                        ; Lost fanout                                                                              ; Register  ;
; mm_interconnect_0|debug_avalon_jtag_slave_agent_rsp_fifo|mem[0..1][76..80]                    ; Lost fanout                                                                              ; Register  ;
; mm_interconnect_0|my_niosv_dm_agent_agent_rsp_fifo|mem[0..2][36..67]                          ; Lost fanout                                                                              ; Register  ;
; mm_interconnect_0|my_niosv_dm_agent_agent_rsp_fifo|mem[0..2][74]                              ; Lost fanout                                                                              ; Register  ;
; mm_interconnect_0|my_niosv_dm_agent_agent_rsp_fifo|mem[0..2][76..80]                          ; Lost fanout                                                                              ; Register  ;
; mm_interconnect_0|sram_s1_agent_rsp_fifo|mem[0..1][36..67]                                    ; Lost fanout                                                                              ; Register  ;
; mm_interconnect_0|sram_s1_agent_rsp_fifo|mem[0..1][74]                                        ; Lost fanout                                                                              ; Register  ;
; mm_interconnect_0|sram_s1_agent_rsp_fifo|mem[0..1][76..80]                                    ; Lost fanout                                                                              ; Register  ;
; mm_interconnect_0|my_niosv_timer_sw_agent_agent_rsp_fifo|mem[0..1][36..67]                    ; Lost fanout                                                                              ; Register  ;
; mm_interconnect_0|my_niosv_timer_sw_agent_agent_rsp_fifo|mem[0..1][74]                        ; Lost fanout                                                                              ; Register  ;
; mm_interconnect_0|my_niosv_timer_sw_agent_agent_rsp_fifo|mem[0..1][76..80]                    ; Lost fanout                                                                              ; Register  ;
; my_niosv|my_niosv|hart|m_core.niosv_m_full_inst|dbg_vector[17]                                ; Stuck at VCC due to stuck port data_in                                                   ; Register  ;
; my_niosv|my_niosv|dbg_mod|dm_inst|cmd_buf[0..4][0..1]                                         ; Stuck at VCC due to stuck port data_in                                                   ; Register  ;
; my_niosv|my_niosv|dbg_mod|dm_inst|cmd_buf[3..4][4]                                            ; Stuck at VCC due to stuck port data_in                                                   ; Register  ;
; my_niosv|my_niosv|hart|m_core.niosv_m_full_inst|csr_inst|mcontrol.trig_type[1]                ; Stuck at VCC due to stuck port data_in                                                   ; Register  ;
; mm_interconnect_0|my_niosv_data_manager_agent|awaddr_q0[0..1,18..31]                          ; Lost fanout                                                                              ; Register  ;
; mm_interconnect_0|my_niosv_data_manager_agent|araddr_q0[0..1,18..31]                          ; Lost fanout                                                                              ; Register  ;
; mm_interconnect_0|my_niosv_instruction_manager_agent|araddr_q0[0..1,18..31]                   ; Lost fanout                                                                              ; Register  ;
; my_niosv|my_niosv|hart|m_core.niosv_m_full_inst|prefetch_inst|fetch_hold_addr[0..1,18..31]    ; Lost fanout                                                                              ; Register  ;
; my_niosv|my_niosv|dbg_mod|dm_inst|dmctrl.ackhaverst                                           ; Stuck at VCC due to stuck port data_in                                                   ; Register  ;
; my_niosv|my_niosv|hart|m_core.niosv_m_full_inst|csr_inst|alt_ecc_inject[0..31]                ; Stuck at GND due to stuck port data_in                                                   ; Register  ;
; mm_interconnect_0|my_niosv_data_manager_agent|burst_bytecount[0]                              ; Merged with mm_interconnect_0|my_niosv_data_manager_agent|burst_bytecount[1]             ; Register  ;
; mm_interconnect_0|my_niosv_instruction_manager_agent|burst_bytecount[0]                       ; Merged with mm_interconnect_0|my_niosv_instruction_manager_agent|burst_bytecount[1]      ; Register  ;
; mm_interconnect_0|debug_avalon_jtag_slave_agent_rsp_fifo|mem[1][68]                           ; Merged with mm_interconnect_0|debug_avalon_jtag_slave_agent_rsp_fifo|mem[1][88]          ; Register  ;
; mm_interconnect_0|debug_avalon_jtag_slave_agent_rsp_fifo|mem[1][87]                           ; Merged with mm_interconnect_0|debug_avalon_jtag_slave_agent_rsp_fifo|mem[1][88]          ; Register  ;
; mm_interconnect_0|debug_avalon_jtag_slave_agent_rdata_fifo|mem[1][11]                         ; Merged with mm_interconnect_0|debug_avalon_jtag_slave_agent_rdata_fifo|mem[1][33]        ; Register  ;
; mm_interconnect_0|debug_avalon_jtag_slave_agent_rdata_fifo|mem[1][32]                         ; Merged with mm_interconnect_0|debug_avalon_jtag_slave_agent_rdata_fifo|mem[1][33]        ; Register  ;
; mm_interconnect_0|my_niosv_dm_agent_agent_rsp_fifo|mem[2][68]                                 ; Merged with mm_interconnect_0|my_niosv_dm_agent_agent_rsp_fifo|mem[2][88]                ; Register  ;
; mm_interconnect_0|my_niosv_dm_agent_agent_rdata_fifo|mem[2][32]                               ; Merged with mm_interconnect_0|my_niosv_dm_agent_agent_rdata_fifo|mem[2][33]              ; Register  ;
; mm_interconnect_0|sram_s1_agent_rsp_fifo|mem[1][68]                                           ; Merged with mm_interconnect_0|sram_s1_agent_rsp_fifo|mem[1][88]                          ; Register  ;
; mm_interconnect_0|sram_s1_agent_rdata_fifo|mem[1][32]                                         ; Merged with mm_interconnect_0|sram_s1_agent_rdata_fifo|mem[1][33]                        ; Register  ;
; mm_interconnect_0|my_niosv_timer_sw_agent_agent_rsp_fifo|mem[1][68]                           ; Merged with mm_interconnect_0|my_niosv_timer_sw_agent_agent_rsp_fifo|mem[1][88]          ; Register  ;
; mm_interconnect_0|my_niosv_timer_sw_agent_agent_rsp_fifo|mem[1][87]                           ; Merged with mm_interconnect_0|my_niosv_timer_sw_agent_agent_rsp_fifo|mem[1][88]          ; Register  ;
; mm_interconnect_0|my_niosv_timer_sw_agent_agent_rdata_fifo|mem[1][32]                         ; Merged with mm_interconnect_0|my_niosv_timer_sw_agent_agent_rdata_fifo|mem[1][33]        ; Register  ;
; mm_interconnect_0|my_niosv_instruction_manager_wr_limiter|last_dest_id[0]                     ; Merged with mm_interconnect_0|my_niosv_instruction_manager_wr_limiter|last_dest_id[1]    ; Register  ;
; mm_interconnect_0|my_niosv_instruction_manager_wr_limiter|last_channel[1]                     ; Merged with mm_interconnect_0|my_niosv_instruction_manager_wr_limiter|last_dest_id[1]    ; Register  ;
; mm_interconnect_0|my_niosv_instruction_manager_rd_limiter|last_channel[1]                     ; Merged with mm_interconnect_0|my_niosv_instruction_manager_rd_limiter|last_dest_id[1]    ; Register  ;
; my_niosv|my_niosv|hart|m_core.niosv_m_full_inst|dbg_vector[3]                                 ; Merged with my_niosv|my_niosv|hart|m_core.niosv_m_full_inst|dbg_vector[4]                ; Register  ;
; my_niosv|my_niosv|dbg_mod|dm_inst|cmd_buf[4][5..6]                                            ; Merged with my_niosv|my_niosv|dbg_mod|dm_inst|cmd_buf[4][20]                             ; Register  ;
; my_niosv|my_niosv|dbg_mod|dm_inst|cmd_buf[2][5]                                               ; Merged with my_niosv|my_niosv|dbg_mod|dm_inst|cmd_buf[3][29]                             ; Register  ;
; my_niosv|my_niosv|dbg_mod|dm_inst|cmd_buf[3][5..9]                                            ; Merged with my_niosv|my_niosv|dbg_mod|dm_inst|cmd_buf[3][29]                             ; Register  ;
; my_niosv|my_niosv|dbg_mod|dm_inst|cmd_buf[0][6]                                               ; Merged with my_niosv|my_niosv|dbg_mod|dm_inst|cmd_buf[3][29]                             ; Register  ;
; my_niosv|my_niosv|dbg_mod|dm_inst|cmd_buf[1][7..9]                                            ; Merged with my_niosv|my_niosv|dbg_mod|dm_inst|cmd_buf[3][29]                             ; Register  ;
; my_niosv|my_niosv|dbg_mod|dm_inst|cmd_buf[0][12]                                              ; Merged with my_niosv|my_niosv|dbg_mod|dm_inst|cmd_buf[3][29]                             ; Register  ;
; my_niosv|my_niosv|dbg_mod|dm_inst|cmd_buf[1][13]                                              ; Merged with my_niosv|my_niosv|dbg_mod|dm_inst|cmd_buf[3][29]                             ; Register  ;
; my_niosv|my_niosv|dbg_mod|dm_inst|cmd_buf[3][13]                                              ; Merged with my_niosv|my_niosv|dbg_mod|dm_inst|cmd_buf[3][29]                             ; Register  ;
; my_niosv|my_niosv|dbg_mod|dm_inst|cmd_buf[0][15]                                              ; Merged with my_niosv|my_niosv|dbg_mod|dm_inst|cmd_buf[3][29]                             ; Register  ;
; my_niosv|my_niosv|dbg_mod|dm_inst|cmd_buf[2][16]                                              ; Merged with my_niosv|my_niosv|dbg_mod|dm_inst|cmd_buf[3][29]                             ; Register  ;
; my_niosv|my_niosv|dbg_mod|dm_inst|cmd_buf[0][17]                                              ; Merged with my_niosv|my_niosv|dbg_mod|dm_inst|cmd_buf[3][29]                             ; Register  ;
; my_niosv|my_niosv|dbg_mod|dm_inst|cmd_buf[3][26]                                              ; Merged with my_niosv|my_niosv|dbg_mod|dm_inst|cmd_buf[3][29]                             ; Register  ;
; my_niosv|my_niosv|dbg_mod|dm_inst|cmd_buf[0][28..29]                                          ; Merged with my_niosv|my_niosv|dbg_mod|dm_inst|cmd_buf[3][29]                             ; Register  ;
; my_niosv|my_niosv|dbg_mod|dm_inst|cmd_buf[3][28]                                              ; Merged with my_niosv|my_niosv|dbg_mod|dm_inst|cmd_buf[3][29]                             ; Register  ;
; my_niosv|my_niosv|dbg_mod|dm_inst|cmd_buf[2][6]                                               ; Merged with my_niosv|my_niosv|dbg_mod|dm_inst|cmd_buf[2][17]                             ; Register  ;
; my_niosv|my_niosv|dbg_mod|dm_inst|cmd_buf[2][12]                                              ; Merged with my_niosv|my_niosv|dbg_mod|dm_inst|cmd_buf[2][17]                             ; Register  ;
; my_niosv|my_niosv|dbg_mod|dm_inst|cmd_buf[2][15]                                              ; Merged with my_niosv|my_niosv|dbg_mod|dm_inst|cmd_buf[2][17]                             ; Register  ;
; my_niosv|my_niosv|dbg_mod|dm_inst|cmd_buf[1][16]                                              ; Merged with my_niosv|my_niosv|dbg_mod|dm_inst|cmd_buf[2][17]                             ; Register  ;
; my_niosv|my_niosv|dbg_mod|dm_inst|cmd_buf[1][18]                                              ; Merged with my_niosv|my_niosv|dbg_mod|dm_inst|cmd_buf[2][17]                             ; Register  ;
; my_niosv|my_niosv|dbg_mod|dm_inst|cmd_buf[1][5..6]                                            ; Merged with my_niosv|my_niosv|dbg_mod|dm_inst|cmd_buf[2][18]                             ; Register  ;
; my_niosv|my_niosv|dbg_mod|dm_inst|cmd_buf[2][11]                                              ; Merged with my_niosv|my_niosv|dbg_mod|dm_inst|cmd_buf[2][18]                             ; Register  ;
; my_niosv|my_niosv|dbg_mod|dm_inst|cmd_buf[2][13]                                              ; Merged with my_niosv|my_niosv|dbg_mod|dm_inst|cmd_buf[2][18]                             ; Register  ;
; my_niosv|my_niosv|dbg_mod|dm_inst|cmd_buf[0][13]                                              ; Merged with my_niosv|my_niosv|dbg_mod|dm_inst|cmd_buf[0][27]                             ; Register  ;
; my_niosv|my_niosv|dbg_mod|dm_inst|cmd_buf[0][18]                                              ; Merged with my_niosv|my_niosv|dbg_mod|dm_inst|cmd_buf[0][27]                             ; Register  ;
; my_niosv|my_niosv|dbg_mod|dm_inst|cmd_buf[0][16]                                              ; Merged with my_niosv|my_niosv|dbg_mod|dm_inst|cmd_buf[0][26]                             ; Register  ;
; my_niosv|my_niosv|hart|m_core.niosv_m_full_inst|E_stage_inst|E_nxt_seq_pc[1]                  ; Merged with my_niosv|my_niosv|hart|m_core.niosv_m_full_inst|E_stage_inst|E_instr_pc[1]   ; Register  ;
; my_niosv|my_niosv|hart|m_core.niosv_m_full_inst|E_stage_inst|E_nxt_seq_pc[0]                  ; Merged with my_niosv|my_niosv|hart|m_core.niosv_m_full_inst|E_stage_inst|E_instr_pc[0]   ; Register  ;
; my_niosv|my_niosv|hart|m_core.niosv_m_full_inst|E_stage_inst|E_mem_byteen[2..3]               ; Merged with my_niosv|my_niosv|hart|m_core.niosv_m_full_inst|E_stage_inst|E_mem_size[1]   ; Register  ;
; my_niosv|my_niosv|hart|m_core.niosv_m_full_inst|E_stage_inst|E_csr_read                       ; Merged with my_niosv|my_niosv|hart|m_core.niosv_m_full_inst|E_stage_inst|E_csr_write     ; Register  ;
; my_niosv|my_niosv|hart|m_core.niosv_m_full_inst|M0_stage_inst|M0_mem_byteen[2..3]             ; Merged with my_niosv|my_niosv|hart|m_core.niosv_m_full_inst|M0_stage_inst|M0_mem_size[1] ; Register  ;
; my_niosv|my_niosv|dbg_mod|dtm_inst|dmi_status[1]                                              ; Merged with my_niosv|my_niosv|dbg_mod|dtm_inst|dmi_status[0]                             ; Register  ;
; mm_interconnect_0|my_niosv_dm_agent_agent_rsp_fifo|mem[0][88]                                 ; Merged with mm_interconnect_0|my_niosv_dm_agent_agent_rsp_fifo|mem[0][68]                ; Register  ;
; mm_interconnect_0|sram_s1_agent_rsp_fifo|mem[0][88]                                           ; Merged with mm_interconnect_0|sram_s1_agent_rsp_fifo|mem[0][68]                          ; Register  ;
; mm_interconnect_0|my_niosv_dm_agent_agent_rsp_fifo|mem[0][75]                                 ; Merged with mm_interconnect_0|my_niosv_dm_agent_agent_rsp_fifo|mem[0][74]                ; Register  ;
; mm_interconnect_0|sram_s1_agent_rsp_fifo|mem[0][75]                                           ; Merged with mm_interconnect_0|sram_s1_agent_rsp_fifo|mem[0][74]                          ; Register  ;
; my_niosv|my_niosv|hart|m_core.niosv_m_full_inst|E_stage_inst|E_shift_amt[0]                   ; Merged with my_niosv|my_niosv|hart|m_core.niosv_m_full_inst|E_stage_inst|E_exe_s2[0]     ; Register  ;
; my_niosv|my_niosv|hart|m_core.niosv_m_full_inst|E_stage_inst|E_shift_amt[1]                   ; Merged with my_niosv|my_niosv|hart|m_core.niosv_m_full_inst|E_stage_inst|E_exe_s2[1]     ; Register  ;
; my_niosv|my_niosv|hart|m_core.niosv_m_full_inst|E_stage_inst|E_shift_amt[2]                   ; Merged with my_niosv|my_niosv|hart|m_core.niosv_m_full_inst|E_stage_inst|E_exe_s2[2]     ; Register  ;
; my_niosv|my_niosv|hart|m_core.niosv_m_full_inst|E_stage_inst|E_shift_amt[3]                   ; Merged with my_niosv|my_niosv|hart|m_core.niosv_m_full_inst|E_stage_inst|E_exe_s2[3]     ; Register  ;
; my_niosv|my_niosv|hart|m_core.niosv_m_full_inst|E_stage_inst|E_shift_amt[4]                   ; Merged with my_niosv|my_niosv|hart|m_core.niosv_m_full_inst|E_stage_inst|E_exe_s2[4]     ; Register  ;
; mm_interconnect_0|debug_avalon_jtag_slave_agent_rsp_fifo|mem[0][87..88]                       ; Merged with mm_interconnect_0|debug_avalon_jtag_slave_agent_rsp_fifo|mem[0][68]          ; Register  ;
; mm_interconnect_0|my_niosv_timer_sw_agent_agent_rsp_fifo|mem[0][87..88]                       ; Merged with mm_interconnect_0|my_niosv_timer_sw_agent_agent_rsp_fifo|mem[0][68]          ; Register  ;
; mm_interconnect_0|debug_avalon_jtag_slave_agent_rsp_fifo|mem[0][75]                           ; Merged with mm_interconnect_0|debug_avalon_jtag_slave_agent_rsp_fifo|mem[0][74]          ; Register  ;
; mm_interconnect_0|my_niosv_instruction_manager_agent|wvalid_q0                                ; Merged with mm_interconnect_0|my_niosv_instruction_manager_agent|awvalid_q0              ; Register  ;
; mm_interconnect_0|my_niosv_timer_sw_agent_agent_rsp_fifo|mem[0][75]                           ; Merged with mm_interconnect_0|my_niosv_timer_sw_agent_agent_rsp_fifo|mem[0][74]          ; Register  ;
; mm_interconnect_0|debug_avalon_jtag_slave_agent_rdata_fifo|mem[0][32..33]                     ; Merged with mm_interconnect_0|debug_avalon_jtag_slave_agent_rdata_fifo|mem[0][11]        ; Register  ;
; mm_interconnect_0|my_niosv_dm_agent_agent_rdata_fifo|mem[0][33]                               ; Merged with mm_interconnect_0|my_niosv_dm_agent_agent_rdata_fifo|mem[0][32]              ; Register  ;
; mm_interconnect_0|sram_s1_agent_rdata_fifo|mem[0][33]                                         ; Merged with mm_interconnect_0|sram_s1_agent_rdata_fifo|mem[0][32]                        ; Register  ;
; mm_interconnect_0|my_niosv_timer_sw_agent_agent_rdata_fifo|mem[0][33]                         ; Merged with mm_interconnect_0|my_niosv_timer_sw_agent_agent_rdata_fifo|mem[0][32]        ; Register  ;
; mm_interconnect_0|my_niosv_dm_agent_agent_rsp_fifo|mem[1][88]                                 ; Merged with mm_interconnect_0|my_niosv_dm_agent_agent_rsp_fifo|mem[1][68]                ; Register  ;
; mm_interconnect_0|my_niosv_dm_agent_agent_rsp_fifo|mem[1][75]                                 ; Merged with mm_interconnect_0|my_niosv_dm_agent_agent_rsp_fifo|mem[1][74]                ; Register  ;
; mm_interconnect_0|sram_s1_agent_rsp_fifo|mem[1][75]                                           ; Merged with mm_interconnect_0|sram_s1_agent_rsp_fifo|mem[1][74]                          ; Register  ;
; mm_interconnect_0|debug_avalon_jtag_slave_agent_rsp_fifo|mem[1][75]                           ; Merged with mm_interconnect_0|debug_avalon_jtag_slave_agent_rsp_fifo|mem[1][74]          ; Register  ;
; mm_interconnect_0|my_niosv_timer_sw_agent_agent_rsp_fifo|mem[1][75]                           ; Merged with mm_interconnect_0|my_niosv_timer_sw_agent_agent_rsp_fifo|mem[1][74]          ; Register  ;
; my_niosv|my_niosv|hart|m_core.niosv_m_full_inst|csr_inst|core_irq_cause[1]                    ; Merged with my_niosv|my_niosv|hart|m_core.niosv_m_full_inst|csr_inst|core_irq_cause[0]   ; Register  ;
; mm_interconnect_0|my_niosv_dm_agent_agent_rdata_fifo|mem[1][33]                               ; Merged with mm_interconnect_0|my_niosv_dm_agent_agent_rdata_fifo|mem[1][32]              ; Register  ;
; mm_interconnect_0|debug_avalon_jtag_slave_agent_rdata_fifo|mem[0][24..31]                     ; Merged with mm_interconnect_0|debug_avalon_jtag_slave_agent_rdata_fifo|mem[0][23]        ; Register  ;
; mm_interconnect_0|debug_avalon_jtag_slave_translator|av_readdata_pre[24..31]                  ; Merged with mm_interconnect_0|debug_avalon_jtag_slave_translator|av_readdata_pre[23]     ; Register  ;
; mm_interconnect_0|my_niosv_dm_agent_agent_rsp_fifo|mem[2][75]                                 ; Merged with mm_interconnect_0|my_niosv_dm_agent_agent_rsp_fifo|mem[2][74]                ; Register  ;
; mm_interconnect_0|debug_avalon_jtag_slave_agent_rdata_fifo|mem[1][24..31]                     ; Merged with mm_interconnect_0|debug_avalon_jtag_slave_agent_rdata_fifo|mem[1][23]        ; Register  ;
; my_niosv|my_niosv|dbg_mod|dm_inst|jmp_adrs[4..9,11..31]                                       ; Merged with my_niosv|my_niosv|dbg_mod|dm_inst|jmp_adrs[10]                               ; Register  ;
; my_niosv|my_niosv|dbg_mod|dm_inst|jmp_adrs[3]                                                 ; Merged with my_niosv|my_niosv|dbg_mod|dm_inst|jmp_adrs[2]                                ; Register  ;
; mm_interconnect_0|my_niosv_data_manager_agent|burst_bytecount[1]                              ; Stuck at GND due to stuck port data_in                                                   ; Register  ;
; mm_interconnect_0|my_niosv_data_manager_agent|sop_enable                                      ; Stuck at VCC due to stuck port data_in                                                   ; Register  ;
; mm_interconnect_0|my_niosv_instruction_manager_agent|awvalid_q0                               ; Stuck at GND due to stuck port data_in                                                   ; Register  ;
; mm_interconnect_0|my_niosv_instruction_manager_agent|burst_bytecount[1]                       ; Stuck at GND due to stuck port data_in                                                   ; Register  ;
; mm_interconnect_0|my_niosv_instruction_manager_agent|sop_enable                               ; Stuck at VCC due to stuck port data_in                                                   ; Register  ;
; mm_interconnect_0|debug_avalon_jtag_slave_agent_rsp_fifo|mem[0][68]                           ; Stuck at GND due to stuck port data_in                                                   ; Register  ;
; mm_interconnect_0|debug_avalon_jtag_slave_agent_rsp_fifo|mem[1][88]                           ; Stuck at GND due to stuck port data_in                                                   ; Register  ;
; mm_interconnect_0|debug_avalon_jtag_slave_agent_rdata_fifo|mem[0][11]                         ; Stuck at GND due to stuck port data_in                                                   ; Register  ;
; mm_interconnect_0|debug_avalon_jtag_slave_agent_rdata_fifo|mem[1][33]                         ; Stuck at GND due to stuck port data_in                                                   ; Register  ;
; mm_interconnect_0|my_niosv_dm_agent_agent_rsp_fifo|mem[0..1][68]                              ; Stuck at GND due to stuck port data_in                                                   ; Register  ;
; mm_interconnect_0|my_niosv_dm_agent_agent_rsp_fifo|mem[2][88]                                 ; Stuck at GND due to stuck port data_in                                                   ; Register  ;
; mm_interconnect_0|my_niosv_dm_agent_agent_rdata_fifo|mem[0..1][32]                            ; Stuck at GND due to stuck port data_in                                                   ; Register  ;
; mm_interconnect_0|my_niosv_dm_agent_agent_rdata_fifo|mem[2][33]                               ; Stuck at GND due to stuck port data_in                                                   ; Register  ;
; mm_interconnect_0|sram_s1_agent_rsp_fifo|mem[0][68]                                           ; Stuck at GND due to stuck port data_in                                                   ; Register  ;
; mm_interconnect_0|sram_s1_agent_rsp_fifo|mem[1][88]                                           ; Stuck at GND due to stuck port data_in                                                   ; Register  ;
; mm_interconnect_0|sram_s1_agent_rdata_fifo|mem[0][32]                                         ; Stuck at GND due to stuck port data_in                                                   ; Register  ;
; mm_interconnect_0|sram_s1_agent_rdata_fifo|mem[1][33]                                         ; Stuck at GND due to stuck port data_in                                                   ; Register  ;
; mm_interconnect_0|my_niosv_timer_sw_agent_agent_rsp_fifo|mem[0][68]                           ; Stuck at GND due to stuck port data_in                                                   ; Register  ;
; mm_interconnect_0|my_niosv_timer_sw_agent_agent_rsp_fifo|mem[1][88]                           ; Stuck at GND due to stuck port data_in                                                   ; Register  ;
; mm_interconnect_0|my_niosv_timer_sw_agent_agent_rdata_fifo|mem[0][32]                         ; Stuck at GND due to stuck port data_in                                                   ; Register  ;
; mm_interconnect_0|my_niosv_timer_sw_agent_agent_rdata_fifo|mem[1][33]                         ; Stuck at GND due to stuck port data_in                                                   ; Register  ;
; mm_interconnect_0|cmd_mux_001|arb|top_priority_reg[3]                                         ; Stuck at GND due to stuck port data_in                                                   ; Register  ;
; my_niosv|my_niosv|dbg_mod|dtm_inst|cmd_clk_xer|clock_xer|output_stage|full0                   ; Stuck at GND due to stuck port data_in                                                   ; Register  ;
; my_niosv|my_niosv|dbg_mod|dtm_inst|rsp_clk_xer|clock_xer|output_stage|full0                   ; Stuck at GND due to stuck port data_in                                                   ; Register  ;
; mm_interconnect_0|cmd_mux_002|saved_grant[2]                                                  ; Stuck at GND due to stuck port data_in                                                   ; Register  ;
; my_niosv|my_niosv|dbg_mod|dtm_inst|cmd_clk_xer|clock_xer|output_stage|data0[0..42]            ; Lost fanout                                                                              ; Register  ;
; my_niosv|my_niosv|dbg_mod|dtm_inst|rsp_clk_xer|clock_xer|output_stage|data0[0..31]            ; Lost fanout                                                                              ; Register  ;
; my_niosv|my_niosv|hart|m_core.niosv_m_full_inst|lsu_inst|ls_ld_expn_q                         ; Stuck at GND due to stuck port data_in                                                   ; Register  ;
; my_niosv|my_niosv|hart|m_core.niosv_m_full_inst|D_stage_inst|D_i_expn_type.code[0]            ; Stuck at GND due to stuck port data_in                                                   ; Register  ;
; mm_interconnect_0|my_niosv_data_manager_agent|burst_bytecount[2]                              ; Lost fanout                                                                              ; Register  ;
; mm_interconnect_0|my_niosv_instruction_manager_agent|burst_bytecount[2]                       ; Lost fanout                                                                              ; Register  ;
; mm_interconnect_0|my_niosv_instruction_manager_wr_limiter|last_dest_id[1]                     ; Stuck at GND due to stuck port data_in                                                   ; Register  ;
; mm_interconnect_0|my_niosv_instruction_manager_wr_limiter|pending_response_count[0..1]        ; Lost fanout                                                                              ; Register  ;
; mm_interconnect_0|my_niosv_instruction_manager_wr_limiter|has_pending_responses               ; Lost fanout                                                                              ; Register  ;
; mm_interconnect_0|my_niosv_instruction_manager_wr_limiter|internal_sclr                       ; Lost fanout                                                                              ; Register  ;
; mm_interconnect_0|debug_avalon_jtag_slave_agent|uncompressor|burst_uncompress_busy            ; Stuck at GND due to stuck port data_in                                                   ; Register  ;
; mm_interconnect_0|debug_avalon_jtag_slave_agent|uncompressor|internal_sclr                    ; Lost fanout                                                                              ; Register  ;
; mm_interconnect_0|debug_avalon_jtag_slave_agent|uncompressor|burst_uncompress_byte_counter[2] ; Lost fanout                                                                              ; Register  ;
; mm_interconnect_0|my_niosv_dm_agent_agent|uncompressor|burst_uncompress_busy                  ; Stuck at GND due to stuck port data_in                                                   ; Register  ;
; mm_interconnect_0|my_niosv_dm_agent_agent|uncompressor|internal_sclr                          ; Lost fanout                                                                              ; Register  ;
; mm_interconnect_0|my_niosv_dm_agent_agent|uncompressor|burst_uncompress_byte_counter[2]       ; Lost fanout                                                                              ; Register  ;
; mm_interconnect_0|sram_s1_agent|uncompressor|burst_uncompress_busy                            ; Stuck at GND due to stuck port data_in                                                   ; Register  ;
; mm_interconnect_0|sram_s1_agent|uncompressor|internal_sclr                                    ; Lost fanout                                                                              ; Register  ;
; mm_interconnect_0|sram_s1_agent|uncompressor|burst_uncompress_byte_counter[2]                 ; Lost fanout                                                                              ; Register  ;
; mm_interconnect_0|my_niosv_timer_sw_agent_agent|uncompressor|burst_uncompress_busy            ; Stuck at GND due to stuck port data_in                                                   ; Register  ;
; mm_interconnect_0|my_niosv_timer_sw_agent_agent|uncompressor|internal_sclr                    ; Lost fanout                                                                              ; Register  ;
; mm_interconnect_0|my_niosv_timer_sw_agent_agent|uncompressor|burst_uncompress_byte_counter[2] ; Lost fanout                                                                              ; Register  ;
; mm_interconnect_0|cmd_mux_002|arb|top_priority_reg[3]                                         ; Stuck at GND due to stuck port data_in                                                   ; Register  ;
; my_niosv|my_niosv|hart|m_core.niosv_m_full_inst|E_stage_inst|E_nxt_seq_pc[2]                  ; Merged with my_niosv|my_niosv|hart|m_core.niosv_m_full_inst|E_stage_inst|E_instr_pc[2]   ; Register  ;
; my_niosv|my_niosv|dbg_mod|dm_inst|jmp_adrs[10]                                                ; Stuck at GND due to stuck port data_in                                                   ; Register  ;
; my_niosv|my_niosv|dbg_mod|dm_inst|cmdbuf_instr[14,19]                                         ; Stuck at GND due to stuck port data_in                                                   ; Register  ;
; mm_interconnect_0|cmd_mux_001|share_count_zero_flag                                           ; Stuck at VCC due to stuck port data_in                                                   ; Register  ;
; mm_interconnect_0|cmd_mux_002|share_count_zero_flag                                           ; Stuck at VCC due to stuck port data_in                                                   ; Register  ;
; mm_interconnect_0|cmd_mux|share_count_zero_flag                                               ; Stuck at VCC due to stuck port data_in                                                   ; Register  ;
; mm_interconnect_0|cmd_mux_003|share_count_zero_flag                                           ; Stuck at VCC due to stuck port data_in                                                   ; Register  ;
; my_niosv|my_niosv|dbg_mod|dm_inst|abstcs.cmderr[2]                                            ; Stuck at GND due to stuck port data_in                                                   ; Register  ;
; mm_interconnect_0|cmd_mux_001|share_count[0]                                                  ; Stuck at GND due to stuck port data_in                                                   ; Register  ;
; mm_interconnect_0|cmd_mux_002|share_count[0]                                                  ; Stuck at GND due to stuck port data_in                                                   ; Register  ;
; mm_interconnect_0|cmd_mux|share_count[0]                                                      ; Stuck at GND due to stuck port data_in                                                   ; Register  ;
; mm_interconnect_0|cmd_mux_003|share_count[0]                                                  ; Stuck at GND due to stuck port data_in                                                   ; Register  ;
; my_niosv|my_niosv|dbg_mod|dtm_inst|updated_dtmcs[16]                                          ; Lost fanout                                                                              ; Register  ;
; my_niosv|my_niosv|dbg_mod|dm_inst|cmdbuf_instr[3]                                             ; Merged with my_niosv|my_niosv|dbg_mod|dm_inst|cmdbuf_instr[2]                            ; Register  ;
; my_niosv|my_niosv|dbg_mod|dm_inst|cmdbuf_instr[12,15]                                         ; Merged with my_niosv|my_niosv|dbg_mod|dm_inst|cmdbuf_instr[17]                           ; Register  ;
; my_niosv|my_niosv|dbg_mod|dm_inst|dm_state~0                                                  ; Lost fanout                                                                              ; Register  ;
; my_niosv|my_niosv|dbg_mod|dm_inst|dm_state~1                                                  ; Lost fanout                                                                              ; Register  ;
; my_niosv|my_niosv|dbg_mod|dm_inst|dm_state~2                                                  ; Lost fanout                                                                              ; Register  ;
; Total Number of Removed Nodes = 747                                                           ;                                                                                          ;           ;
+-----------------------------------------------------------------------------------------------+------------------------------------------------------------------------------------------+-----------+


+------------------------------------------------------------------------------------------------------------------------------------------------------------------------------------------------------------------------------------------+
; Removed Registers Triggering Further Register Optimizations                                                                                                                                                                              ;
+------------------------------------------------------------------------------------+----------------------------------------+-----------+------------------------------------------------------------------------------------------------+
; Node name                                                                          ; Reason for Removal                     ; Node Type ; Nodes Removed due to This Node                                                                 ;
+------------------------------------------------------------------------------------+----------------------------------------+-----------+------------------------------------------------------------------------------------------------+
; my_niosv|my_niosv|dbg_mod|dtm_inst|cmd_clk_xer|clock_xer|output_stage|full0        ; Stuck at GND due to stuck port data_in ; Register  ; my_niosv|my_niosv|dbg_mod|dtm_inst|cmd_clk_xer|clock_xer|output_stage|data0[0],                ;
;                                                                                    ;                                        ;           ; my_niosv|my_niosv|dbg_mod|dtm_inst|cmd_clk_xer|clock_xer|output_stage|data0[1],                ;
;                                                                                    ;                                        ;           ; my_niosv|my_niosv|dbg_mod|dtm_inst|cmd_clk_xer|clock_xer|output_stage|data0[2],                ;
;                                                                                    ;                                        ;           ; my_niosv|my_niosv|dbg_mod|dtm_inst|cmd_clk_xer|clock_xer|output_stage|data0[3],                ;
;                                                                                    ;                                        ;           ; my_niosv|my_niosv|dbg_mod|dtm_inst|cmd_clk_xer|clock_xer|output_stage|data0[4],                ;
;                                                                                    ;                                        ;           ; my_niosv|my_niosv|dbg_mod|dtm_inst|cmd_clk_xer|clock_xer|output_stage|data0[5],                ;
;                                                                                    ;                                        ;           ; my_niosv|my_niosv|dbg_mod|dtm_inst|cmd_clk_xer|clock_xer|output_stage|data0[6],                ;
;                                                                                    ;                                        ;           ; my_niosv|my_niosv|dbg_mod|dtm_inst|cmd_clk_xer|clock_xer|output_stage|data0[7],                ;
;                                                                                    ;                                        ;           ; my_niosv|my_niosv|dbg_mod|dtm_inst|cmd_clk_xer|clock_xer|output_stage|data0[8],                ;
;                                                                                    ;                                        ;           ; my_niosv|my_niosv|dbg_mod|dtm_inst|cmd_clk_xer|clock_xer|output_stage|data0[9],                ;
;                                                                                    ;                                        ;           ; my_niosv|my_niosv|dbg_mod|dtm_inst|cmd_clk_xer|clock_xer|output_stage|data0[10],               ;
;                                                                                    ;                                        ;           ; my_niosv|my_niosv|dbg_mod|dtm_inst|cmd_clk_xer|clock_xer|output_stage|data0[11],               ;
;                                                                                    ;                                        ;           ; my_niosv|my_niosv|dbg_mod|dtm_inst|cmd_clk_xer|clock_xer|output_stage|data0[12],               ;
;                                                                                    ;                                        ;           ; my_niosv|my_niosv|dbg_mod|dtm_inst|cmd_clk_xer|clock_xer|output_stage|data0[13],               ;
;                                                                                    ;                                        ;           ; my_niosv|my_niosv|dbg_mod|dtm_inst|cmd_clk_xer|clock_xer|output_stage|data0[14],               ;
;                                                                                    ;                                        ;           ; my_niosv|my_niosv|dbg_mod|dtm_inst|cmd_clk_xer|clock_xer|output_stage|data0[15],               ;
;                                                                                    ;                                        ;           ; my_niosv|my_niosv|dbg_mod|dtm_inst|cmd_clk_xer|clock_xer|output_stage|data0[16],               ;
;                                                                                    ;                                        ;           ; my_niosv|my_niosv|dbg_mod|dtm_inst|cmd_clk_xer|clock_xer|output_stage|data0[17],               ;
;                                                                                    ;                                        ;           ; my_niosv|my_niosv|dbg_mod|dtm_inst|cmd_clk_xer|clock_xer|output_stage|data0[18],               ;
;                                                                                    ;                                        ;           ; my_niosv|my_niosv|dbg_mod|dtm_inst|cmd_clk_xer|clock_xer|output_stage|data0[19],               ;
;                                                                                    ;                                        ;           ; my_niosv|my_niosv|dbg_mod|dtm_inst|cmd_clk_xer|clock_xer|output_stage|data0[20],               ;
;                                                                                    ;                                        ;           ; my_niosv|my_niosv|dbg_mod|dtm_inst|cmd_clk_xer|clock_xer|output_stage|data0[21],               ;
;                                                                                    ;                                        ;           ; my_niosv|my_niosv|dbg_mod|dtm_inst|cmd_clk_xer|clock_xer|output_stage|data0[22],               ;
;                                                                                    ;                                        ;           ; my_niosv|my_niosv|dbg_mod|dtm_inst|cmd_clk_xer|clock_xer|output_stage|data0[23],               ;
;                                                                                    ;                                        ;           ; my_niosv|my_niosv|dbg_mod|dtm_inst|cmd_clk_xer|clock_xer|output_stage|data0[24],               ;
;                                                                                    ;                                        ;           ; my_niosv|my_niosv|dbg_mod|dtm_inst|cmd_clk_xer|clock_xer|output_stage|data0[25],               ;
;                                                                                    ;                                        ;           ; my_niosv|my_niosv|dbg_mod|dtm_inst|cmd_clk_xer|clock_xer|output_stage|data0[26],               ;
;                                                                                    ;                                        ;           ; my_niosv|my_niosv|dbg_mod|dtm_inst|cmd_clk_xer|clock_xer|output_stage|data0[27],               ;
;                                                                                    ;                                        ;           ; my_niosv|my_niosv|dbg_mod|dtm_inst|cmd_clk_xer|clock_xer|output_stage|data0[28],               ;
;                                                                                    ;                                        ;           ; my_niosv|my_niosv|dbg_mod|dtm_inst|cmd_clk_xer|clock_xer|output_stage|data0[29],               ;
;                                                                                    ;                                        ;           ; my_niosv|my_niosv|dbg_mod|dtm_inst|cmd_clk_xer|clock_xer|output_stage|data0[30],               ;
;                                                                                    ;                                        ;           ; my_niosv|my_niosv|dbg_mod|dtm_inst|cmd_clk_xer|clock_xer|output_stage|data0[31],               ;
;                                                                                    ;                                        ;           ; my_niosv|my_niosv|dbg_mod|dtm_inst|cmd_clk_xer|clock_xer|output_stage|data0[32],               ;
;                                                                                    ;                                        ;           ; my_niosv|my_niosv|dbg_mod|dtm_inst|cmd_clk_xer|clock_xer|output_stage|data0[33],               ;
;                                                                                    ;                                        ;           ; my_niosv|my_niosv|dbg_mod|dtm_inst|cmd_clk_xer|clock_xer|output_stage|data0[34],               ;
;                                                                                    ;                                        ;           ; my_niosv|my_niosv|dbg_mod|dtm_inst|cmd_clk_xer|clock_xer|output_stage|data0[35],               ;
;                                                                                    ;                                        ;           ; my_niosv|my_niosv|dbg_mod|dtm_inst|cmd_clk_xer|clock_xer|output_stage|data0[36],               ;
;                                                                                    ;                                        ;           ; my_niosv|my_niosv|dbg_mod|dtm_inst|cmd_clk_xer|clock_xer|output_stage|data0[37],               ;
;                                                                                    ;                                        ;           ; my_niosv|my_niosv|dbg_mod|dtm_inst|cmd_clk_xer|clock_xer|output_stage|data0[38],               ;
;                                                                                    ;                                        ;           ; my_niosv|my_niosv|dbg_mod|dtm_inst|cmd_clk_xer|clock_xer|output_stage|data0[39],               ;
;                                                                                    ;                                        ;           ; my_niosv|my_niosv|dbg_mod|dtm_inst|cmd_clk_xer|clock_xer|output_stage|data0[40],               ;
;                                                                                    ;                                        ;           ; my_niosv|my_niosv|dbg_mod|dtm_inst|cmd_clk_xer|clock_xer|output_stage|data0[41],               ;
;                                                                                    ;                                        ;           ; my_niosv|my_niosv|dbg_mod|dtm_inst|cmd_clk_xer|clock_xer|output_stage|data0[42]                ;
; my_niosv|my_niosv|hart|m_core.niosv_m_full_inst|csr_inst|mcontrol.trig_type[1]     ; Stuck at VCC due to stuck port data_in ; Register  ; my_niosv|my_niosv|hart|m_core.niosv_m_full_inst|csr_inst|alt_ecc_inject[31],                   ;
;                                                                                    ;                                        ;           ; my_niosv|my_niosv|hart|m_core.niosv_m_full_inst|csr_inst|alt_ecc_inject[30],                   ;
;                                                                                    ;                                        ;           ; my_niosv|my_niosv|hart|m_core.niosv_m_full_inst|csr_inst|alt_ecc_inject[29],                   ;
;                                                                                    ;                                        ;           ; my_niosv|my_niosv|hart|m_core.niosv_m_full_inst|csr_inst|alt_ecc_inject[28],                   ;
;                                                                                    ;                                        ;           ; my_niosv|my_niosv|hart|m_core.niosv_m_full_inst|csr_inst|alt_ecc_inject[27],                   ;
;                                                                                    ;                                        ;           ; my_niosv|my_niosv|hart|m_core.niosv_m_full_inst|csr_inst|alt_ecc_inject[26],                   ;
;                                                                                    ;                                        ;           ; my_niosv|my_niosv|hart|m_core.niosv_m_full_inst|csr_inst|alt_ecc_inject[25],                   ;
;                                                                                    ;                                        ;           ; my_niosv|my_niosv|hart|m_core.niosv_m_full_inst|csr_inst|alt_ecc_inject[24],                   ;
;                                                                                    ;                                        ;           ; my_niosv|my_niosv|hart|m_core.niosv_m_full_inst|csr_inst|alt_ecc_inject[23],                   ;
;                                                                                    ;                                        ;           ; my_niosv|my_niosv|hart|m_core.niosv_m_full_inst|csr_inst|alt_ecc_inject[22],                   ;
;                                                                                    ;                                        ;           ; my_niosv|my_niosv|hart|m_core.niosv_m_full_inst|csr_inst|alt_ecc_inject[21],                   ;
;                                                                                    ;                                        ;           ; my_niosv|my_niosv|hart|m_core.niosv_m_full_inst|csr_inst|alt_ecc_inject[20],                   ;
;                                                                                    ;                                        ;           ; my_niosv|my_niosv|hart|m_core.niosv_m_full_inst|csr_inst|alt_ecc_inject[19],                   ;
;                                                                                    ;                                        ;           ; my_niosv|my_niosv|hart|m_core.niosv_m_full_inst|csr_inst|alt_ecc_inject[18],                   ;
;                                                                                    ;                                        ;           ; my_niosv|my_niosv|hart|m_core.niosv_m_full_inst|csr_inst|alt_ecc_inject[17],                   ;
;                                                                                    ;                                        ;           ; my_niosv|my_niosv|hart|m_core.niosv_m_full_inst|csr_inst|alt_ecc_inject[16],                   ;
;                                                                                    ;                                        ;           ; my_niosv|my_niosv|hart|m_core.niosv_m_full_inst|csr_inst|alt_ecc_inject[15],                   ;
;                                                                                    ;                                        ;           ; my_niosv|my_niosv|hart|m_core.niosv_m_full_inst|csr_inst|alt_ecc_inject[14],                   ;
;                                                                                    ;                                        ;           ; my_niosv|my_niosv|hart|m_core.niosv_m_full_inst|csr_inst|alt_ecc_inject[13],                   ;
;                                                                                    ;                                        ;           ; my_niosv|my_niosv|hart|m_core.niosv_m_full_inst|csr_inst|alt_ecc_inject[12],                   ;
;                                                                                    ;                                        ;           ; my_niosv|my_niosv|hart|m_core.niosv_m_full_inst|csr_inst|alt_ecc_inject[11],                   ;
;                                                                                    ;                                        ;           ; my_niosv|my_niosv|hart|m_core.niosv_m_full_inst|csr_inst|alt_ecc_inject[10],                   ;
;                                                                                    ;                                        ;           ; my_niosv|my_niosv|hart|m_core.niosv_m_full_inst|csr_inst|alt_ecc_inject[9],                    ;
;                                                                                    ;                                        ;           ; my_niosv|my_niosv|hart|m_core.niosv_m_full_inst|csr_inst|alt_ecc_inject[8],                    ;
;                                                                                    ;                                        ;           ; my_niosv|my_niosv|hart|m_core.niosv_m_full_inst|csr_inst|alt_ecc_inject[7],                    ;
;                                                                                    ;                                        ;           ; my_niosv|my_niosv|hart|m_core.niosv_m_full_inst|csr_inst|alt_ecc_inject[6],                    ;
;                                                                                    ;                                        ;           ; my_niosv|my_niosv|hart|m_core.niosv_m_full_inst|csr_inst|alt_ecc_inject[5],                    ;
;                                                                                    ;                                        ;           ; my_niosv|my_niosv|hart|m_core.niosv_m_full_inst|csr_inst|alt_ecc_inject[4],                    ;
;                                                                                    ;                                        ;           ; my_niosv|my_niosv|hart|m_core.niosv_m_full_inst|csr_inst|alt_ecc_inject[3],                    ;
;                                                                                    ;                                        ;           ; my_niosv|my_niosv|hart|m_core.niosv_m_full_inst|csr_inst|alt_ecc_inject[2],                    ;
;                                                                                    ;                                        ;           ; my_niosv|my_niosv|hart|m_core.niosv_m_full_inst|csr_inst|alt_ecc_inject[1],                    ;
;                                                                                    ;                                        ;           ; my_niosv|my_niosv|hart|m_core.niosv_m_full_inst|csr_inst|alt_ecc_inject[0]                     ;
; my_niosv|my_niosv|dbg_mod|dtm_inst|rsp_clk_xer|clock_xer|output_stage|full0        ; Stuck at GND due to stuck port data_in ; Register  ; my_niosv|my_niosv|dbg_mod|dtm_inst|rsp_clk_xer|clock_xer|output_stage|data0[0],                ;
;                                                                                    ;                                        ;           ; my_niosv|my_niosv|dbg_mod|dtm_inst|rsp_clk_xer|clock_xer|output_stage|data0[1],                ;
;                                                                                    ;                                        ;           ; my_niosv|my_niosv|dbg_mod|dtm_inst|rsp_clk_xer|clock_xer|output_stage|data0[2],                ;
;                                                                                    ;                                        ;           ; my_niosv|my_niosv|dbg_mod|dtm_inst|rsp_clk_xer|clock_xer|output_stage|data0[3],                ;
;                                                                                    ;                                        ;           ; my_niosv|my_niosv|dbg_mod|dtm_inst|rsp_clk_xer|clock_xer|output_stage|data0[4],                ;
;                                                                                    ;                                        ;           ; my_niosv|my_niosv|dbg_mod|dtm_inst|rsp_clk_xer|clock_xer|output_stage|data0[5],                ;
;                                                                                    ;                                        ;           ; my_niosv|my_niosv|dbg_mod|dtm_inst|rsp_clk_xer|clock_xer|output_stage|data0[6],                ;
;                                                                                    ;                                        ;           ; my_niosv|my_niosv|dbg_mod|dtm_inst|rsp_clk_xer|clock_xer|output_stage|data0[7],                ;
;                                                                                    ;                                        ;           ; my_niosv|my_niosv|dbg_mod|dtm_inst|rsp_clk_xer|clock_xer|output_stage|data0[8],                ;
;                                                                                    ;                                        ;           ; my_niosv|my_niosv|dbg_mod|dtm_inst|rsp_clk_xer|clock_xer|output_stage|data0[9],                ;
;                                                                                    ;                                        ;           ; my_niosv|my_niosv|dbg_mod|dtm_inst|rsp_clk_xer|clock_xer|output_stage|data0[10],               ;
;                                                                                    ;                                        ;           ; my_niosv|my_niosv|dbg_mod|dtm_inst|rsp_clk_xer|clock_xer|output_stage|data0[11],               ;
;                                                                                    ;                                        ;           ; my_niosv|my_niosv|dbg_mod|dtm_inst|rsp_clk_xer|clock_xer|output_stage|data0[12],               ;
;                                                                                    ;                                        ;           ; my_niosv|my_niosv|dbg_mod|dtm_inst|rsp_clk_xer|clock_xer|output_stage|data0[13],               ;
;                                                                                    ;                                        ;           ; my_niosv|my_niosv|dbg_mod|dtm_inst|rsp_clk_xer|clock_xer|output_stage|data0[14],               ;
;                                                                                    ;                                        ;           ; my_niosv|my_niosv|dbg_mod|dtm_inst|rsp_clk_xer|clock_xer|output_stage|data0[15],               ;
;                                                                                    ;                                        ;           ; my_niosv|my_niosv|dbg_mod|dtm_inst|rsp_clk_xer|clock_xer|output_stage|data0[16],               ;
;                                                                                    ;                                        ;           ; my_niosv|my_niosv|dbg_mod|dtm_inst|rsp_clk_xer|clock_xer|output_stage|data0[17],               ;
;                                                                                    ;                                        ;           ; my_niosv|my_niosv|dbg_mod|dtm_inst|rsp_clk_xer|clock_xer|output_stage|data0[18],               ;
;                                                                                    ;                                        ;           ; my_niosv|my_niosv|dbg_mod|dtm_inst|rsp_clk_xer|clock_xer|output_stage|data0[19],               ;
;                                                                                    ;                                        ;           ; my_niosv|my_niosv|dbg_mod|dtm_inst|rsp_clk_xer|clock_xer|output_stage|data0[20],               ;
;                                                                                    ;                                        ;           ; my_niosv|my_niosv|dbg_mod|dtm_inst|rsp_clk_xer|clock_xer|output_stage|data0[21],               ;
;                                                                                    ;                                        ;           ; my_niosv|my_niosv|dbg_mod|dtm_inst|rsp_clk_xer|clock_xer|output_stage|data0[22],               ;
;                                                                                    ;                                        ;           ; my_niosv|my_niosv|dbg_mod|dtm_inst|rsp_clk_xer|clock_xer|output_stage|data0[23],               ;
;                                                                                    ;                                        ;           ; my_niosv|my_niosv|dbg_mod|dtm_inst|rsp_clk_xer|clock_xer|output_stage|data0[24],               ;
;                                                                                    ;                                        ;           ; my_niosv|my_niosv|dbg_mod|dtm_inst|rsp_clk_xer|clock_xer|output_stage|data0[25],               ;
;                                                                                    ;                                        ;           ; my_niosv|my_niosv|dbg_mod|dtm_inst|rsp_clk_xer|clock_xer|output_stage|data0[26],               ;
;                                                                                    ;                                        ;           ; my_niosv|my_niosv|dbg_mod|dtm_inst|rsp_clk_xer|clock_xer|output_stage|data0[27],               ;
;                                                                                    ;                                        ;           ; my_niosv|my_niosv|dbg_mod|dtm_inst|rsp_clk_xer|clock_xer|output_stage|data0[28],               ;
;                                                                                    ;                                        ;           ; my_niosv|my_niosv|dbg_mod|dtm_inst|rsp_clk_xer|clock_xer|output_stage|data0[29],               ;
;                                                                                    ;                                        ;           ; my_niosv|my_niosv|dbg_mod|dtm_inst|rsp_clk_xer|clock_xer|output_stage|data0[30],               ;
;                                                                                    ;                                        ;           ; my_niosv|my_niosv|dbg_mod|dtm_inst|rsp_clk_xer|clock_xer|output_stage|data0[31]                ;
; mm_interconnect_0|my_niosv_data_manager_agent|wlast_q0                             ; Stuck at VCC due to stuck port data_in ; Register  ; mm_interconnect_0|my_niosv_data_manager_agent|sop_enable,                                      ;
;                                                                                    ;                                        ;           ; mm_interconnect_0|cmd_mux_001|arb|top_priority_reg[3],                                         ;
;                                                                                    ;                                        ;           ; mm_interconnect_0|my_niosv_instruction_manager_agent|burst_bytecount[2],                       ;
;                                                                                    ;                                        ;           ; mm_interconnect_0|my_niosv_dm_agent_agent_rsp_fifo|mem[1][76],                                 ;
;                                                                                    ;                                        ;           ; mm_interconnect_0|my_niosv_dm_agent_agent_rsp_fifo|mem[2][76],                                 ;
;                                                                                    ;                                        ;           ; mm_interconnect_0|cmd_mux_001|share_count_zero_flag,                                           ;
;                                                                                    ;                                        ;           ; mm_interconnect_0|cmd_mux|share_count_zero_flag,                                               ;
;                                                                                    ;                                        ;           ; mm_interconnect_0|cmd_mux_001|share_count[0],                                                  ;
;                                                                                    ;                                        ;           ; mm_interconnect_0|cmd_mux_002|share_count[0],                                                  ;
;                                                                                    ;                                        ;           ; mm_interconnect_0|cmd_mux|share_count[0],                                                      ;
;                                                                                    ;                                        ;           ; mm_interconnect_0|cmd_mux_003|share_count[0]                                                   ;
; mm_interconnect_0|debug_avalon_jtag_slave_agent_rsp_fifo|mem[1][88]                ; Stuck at GND due to stuck port data_in ; Register  ; mm_interconnect_0|debug_avalon_jtag_slave_agent_rsp_fifo|mem[0][68],                           ;
;                                                                                    ;                                        ;           ; mm_interconnect_0|debug_avalon_jtag_slave_agent_rsp_fifo|mem[0][74],                           ;
;                                                                                    ;                                        ;           ; mm_interconnect_0|debug_avalon_jtag_slave_agent_rsp_fifo|mem[1][74],                           ;
;                                                                                    ;                                        ;           ; mm_interconnect_0|debug_avalon_jtag_slave_agent|uncompressor|burst_uncompress_byte_counter[2], ;
;                                                                                    ;                                        ;           ; mm_interconnect_0|debug_avalon_jtag_slave_agent_rsp_fifo|mem[0][76],                           ;
;                                                                                    ;                                        ;           ; mm_interconnect_0|debug_avalon_jtag_slave_agent_rsp_fifo|mem[1][76]                            ;
; mm_interconnect_0|my_niosv_timer_sw_agent_agent_rsp_fifo|mem[1][88]                ; Stuck at GND due to stuck port data_in ; Register  ; mm_interconnect_0|my_niosv_timer_sw_agent_agent_rsp_fifo|mem[0][68],                           ;
;                                                                                    ;                                        ;           ; mm_interconnect_0|my_niosv_timer_sw_agent_agent_rsp_fifo|mem[0][74],                           ;
;                                                                                    ;                                        ;           ; mm_interconnect_0|my_niosv_timer_sw_agent_agent_rsp_fifo|mem[1][74],                           ;
;                                                                                    ;                                        ;           ; mm_interconnect_0|my_niosv_timer_sw_agent_agent|uncompressor|burst_uncompress_byte_counter[2], ;
;                                                                                    ;                                        ;           ; mm_interconnect_0|my_niosv_timer_sw_agent_agent_rsp_fifo|mem[0][76],                           ;
;                                                                                    ;                                        ;           ; mm_interconnect_0|my_niosv_timer_sw_agent_agent_rsp_fifo|mem[1][76]                            ;
; mm_interconnect_0|sram_s1_agent_rsp_fifo|mem[1][88]                                ; Stuck at GND due to stuck port data_in ; Register  ; mm_interconnect_0|sram_s1_agent_rsp_fifo|mem[0][68],                                           ;
;                                                                                    ;                                        ;           ; mm_interconnect_0|sram_s1_agent_rsp_fifo|mem[0][74],                                           ;
;                                                                                    ;                                        ;           ; mm_interconnect_0|sram_s1_agent_rsp_fifo|mem[1][74],                                           ;
;                                                                                    ;                                        ;           ; mm_interconnect_0|sram_s1_agent|uncompressor|burst_uncompress_byte_counter[2],                 ;
;                                                                                    ;                                        ;           ; mm_interconnect_0|sram_s1_agent_rsp_fifo|mem[0][76],                                           ;
;                                                                                    ;                                        ;           ; mm_interconnect_0|sram_s1_agent_rsp_fifo|mem[1][76]                                            ;
; mm_interconnect_0|debug_avalon_jtag_slave_agent_rsp_fifo|mem[0][37]                ; Lost fanout                            ; Register  ; mm_interconnect_0|my_niosv_data_manager_agent|awaddr_q0[1],                                    ;
;                                                                                    ;                                        ;           ; mm_interconnect_0|my_niosv_data_manager_agent|araddr_q0[1],                                    ;
;                                                                                    ;                                        ;           ; mm_interconnect_0|debug_avalon_jtag_slave_agent_rsp_fifo|mem[1][37]                            ;
; mm_interconnect_0|debug_avalon_jtag_slave_agent_rsp_fifo|mem[0][36]                ; Lost fanout                            ; Register  ; mm_interconnect_0|my_niosv_data_manager_agent|awaddr_q0[0],                                    ;
;                                                                                    ;                                        ;           ; mm_interconnect_0|my_niosv_data_manager_agent|araddr_q0[0],                                    ;
;                                                                                    ;                                        ;           ; mm_interconnect_0|debug_avalon_jtag_slave_agent_rsp_fifo|mem[1][36]                            ;
; mm_interconnect_0|debug_avalon_jtag_slave_agent_rsp_fifo|mem[0][54]                ; Lost fanout                            ; Register  ; mm_interconnect_0|my_niosv_data_manager_agent|awaddr_q0[18],                                   ;
;                                                                                    ;                                        ;           ; mm_interconnect_0|my_niosv_data_manager_agent|araddr_q0[18],                                   ;
;                                                                                    ;                                        ;           ; mm_interconnect_0|debug_avalon_jtag_slave_agent_rsp_fifo|mem[1][54]                            ;
; mm_interconnect_0|debug_avalon_jtag_slave_agent_rsp_fifo|mem[0][55]                ; Lost fanout                            ; Register  ; mm_interconnect_0|my_niosv_data_manager_agent|awaddr_q0[19],                                   ;
;                                                                                    ;                                        ;           ; mm_interconnect_0|my_niosv_data_manager_agent|araddr_q0[19],                                   ;
;                                                                                    ;                                        ;           ; mm_interconnect_0|debug_avalon_jtag_slave_agent_rsp_fifo|mem[1][55]                            ;
; mm_interconnect_0|debug_avalon_jtag_slave_agent_rsp_fifo|mem[0][56]                ; Lost fanout                            ; Register  ; mm_interconnect_0|my_niosv_data_manager_agent|awaddr_q0[20],                                   ;
;                                                                                    ;                                        ;           ; mm_interconnect_0|my_niosv_data_manager_agent|araddr_q0[20],                                   ;
;                                                                                    ;                                        ;           ; mm_interconnect_0|debug_avalon_jtag_slave_agent_rsp_fifo|mem[1][56]                            ;
; mm_interconnect_0|debug_avalon_jtag_slave_agent_rsp_fifo|mem[0][57]                ; Lost fanout                            ; Register  ; mm_interconnect_0|my_niosv_data_manager_agent|awaddr_q0[21],                                   ;
;                                                                                    ;                                        ;           ; mm_interconnect_0|my_niosv_data_manager_agent|araddr_q0[21],                                   ;
;                                                                                    ;                                        ;           ; mm_interconnect_0|debug_avalon_jtag_slave_agent_rsp_fifo|mem[1][57]                            ;
; mm_interconnect_0|debug_avalon_jtag_slave_agent_rsp_fifo|mem[0][58]                ; Lost fanout                            ; Register  ; mm_interconnect_0|my_niosv_data_manager_agent|awaddr_q0[22],                                   ;
;                                                                                    ;                                        ;           ; mm_interconnect_0|my_niosv_data_manager_agent|araddr_q0[22],                                   ;
;                                                                                    ;                                        ;           ; mm_interconnect_0|debug_avalon_jtag_slave_agent_rsp_fifo|mem[1][58]                            ;
; mm_interconnect_0|debug_avalon_jtag_slave_agent_rsp_fifo|mem[0][59]                ; Lost fanout                            ; Register  ; mm_interconnect_0|my_niosv_data_manager_agent|awaddr_q0[23],                                   ;
;                                                                                    ;                                        ;           ; mm_interconnect_0|my_niosv_data_manager_agent|araddr_q0[23],                                   ;
;                                                                                    ;                                        ;           ; mm_interconnect_0|debug_avalon_jtag_slave_agent_rsp_fifo|mem[1][59]                            ;
; mm_interconnect_0|debug_avalon_jtag_slave_agent_rsp_fifo|mem[0][61]                ; Lost fanout                            ; Register  ; mm_interconnect_0|my_niosv_data_manager_agent|awaddr_q0[25],                                   ;
;                                                                                    ;                                        ;           ; mm_interconnect_0|my_niosv_data_manager_agent|araddr_q0[25],                                   ;
;                                                                                    ;                                        ;           ; mm_interconnect_0|debug_avalon_jtag_slave_agent_rsp_fifo|mem[1][61]                            ;
; mm_interconnect_0|my_niosv_instruction_manager_agent|wlast_q0                      ; Stuck at VCC due to stuck port data_in ; Register  ; mm_interconnect_0|my_niosv_instruction_manager_agent|sop_enable,                               ;
;                                                                                    ;                                        ;           ; mm_interconnect_0|my_niosv_instruction_manager_wr_limiter|pending_response_count[0],           ;
;                                                                                    ;                                        ;           ; mm_interconnect_0|my_niosv_instruction_manager_wr_limiter|internal_sclr                        ;
; mm_interconnect_0|my_niosv_dm_agent_agent_rsp_fifo|mem[0][68]                      ; Stuck at GND due to stuck port data_in ; Register  ; mm_interconnect_0|my_niosv_dm_agent_agent_rsp_fifo|mem[0][74],                                 ;
;                                                                                    ;                                        ;           ; mm_interconnect_0|my_niosv_dm_agent_agent|uncompressor|burst_uncompress_byte_counter[2],       ;
;                                                                                    ;                                        ;           ; mm_interconnect_0|my_niosv_dm_agent_agent_rsp_fifo|mem[0][76]                                  ;
; mm_interconnect_0|debug_avalon_jtag_slave_agent_rsp_fifo|mem[0][60]                ; Lost fanout                            ; Register  ; mm_interconnect_0|my_niosv_data_manager_agent|awaddr_q0[24],                                   ;
;                                                                                    ;                                        ;           ; mm_interconnect_0|my_niosv_data_manager_agent|araddr_q0[24],                                   ;
;                                                                                    ;                                        ;           ; mm_interconnect_0|debug_avalon_jtag_slave_agent_rsp_fifo|mem[1][60]                            ;
; mm_interconnect_0|debug_avalon_jtag_slave_agent_rsp_fifo|mem[0][67]                ; Lost fanout                            ; Register  ; mm_interconnect_0|my_niosv_data_manager_agent|awaddr_q0[31],                                   ;
;                                                                                    ;                                        ;           ; mm_interconnect_0|my_niosv_data_manager_agent|araddr_q0[31],                                   ;
;                                                                                    ;                                        ;           ; mm_interconnect_0|debug_avalon_jtag_slave_agent_rsp_fifo|mem[1][67]                            ;
; mm_interconnect_0|debug_avalon_jtag_slave_agent_rsp_fifo|mem[0][66]                ; Lost fanout                            ; Register  ; mm_interconnect_0|my_niosv_data_manager_agent|awaddr_q0[30],                                   ;
;                                                                                    ;                                        ;           ; mm_interconnect_0|my_niosv_data_manager_agent|araddr_q0[30],                                   ;
;                                                                                    ;                                        ;           ; mm_interconnect_0|debug_avalon_jtag_slave_agent_rsp_fifo|mem[1][66]                            ;
; mm_interconnect_0|debug_avalon_jtag_slave_agent_rsp_fifo|mem[0][65]                ; Lost fanout                            ; Register  ; mm_interconnect_0|my_niosv_data_manager_agent|awaddr_q0[29],                                   ;
;                                                                                    ;                                        ;           ; mm_interconnect_0|my_niosv_data_manager_agent|araddr_q0[29],                                   ;
;                                                                                    ;                                        ;           ; mm_interconnect_0|debug_avalon_jtag_slave_agent_rsp_fifo|mem[1][65]                            ;
; mm_interconnect_0|debug_avalon_jtag_slave_agent_rsp_fifo|mem[0][64]                ; Lost fanout                            ; Register  ; mm_interconnect_0|my_niosv_data_manager_agent|awaddr_q0[28],                                   ;
;                                                                                    ;                                        ;           ; mm_interconnect_0|my_niosv_data_manager_agent|araddr_q0[28],                                   ;
;                                                                                    ;                                        ;           ; mm_interconnect_0|debug_avalon_jtag_slave_agent_rsp_fifo|mem[1][64]                            ;
; mm_interconnect_0|debug_avalon_jtag_slave_agent_rsp_fifo|mem[0][63]                ; Lost fanout                            ; Register  ; mm_interconnect_0|my_niosv_data_manager_agent|awaddr_q0[27],                                   ;
;                                                                                    ;                                        ;           ; mm_interconnect_0|my_niosv_data_manager_agent|araddr_q0[27],                                   ;
;                                                                                    ;                                        ;           ; mm_interconnect_0|debug_avalon_jtag_slave_agent_rsp_fifo|mem[1][63]                            ;
; mm_interconnect_0|debug_avalon_jtag_slave_agent_rsp_fifo|mem[0][62]                ; Lost fanout                            ; Register  ; mm_interconnect_0|my_niosv_data_manager_agent|awaddr_q0[26],                                   ;
;                                                                                    ;                                        ;           ; mm_interconnect_0|my_niosv_data_manager_agent|araddr_q0[26],                                   ;
;                                                                                    ;                                        ;           ; mm_interconnect_0|debug_avalon_jtag_slave_agent_rsp_fifo|mem[1][62]                            ;
; my_niosv|my_niosv|dbg_mod|dm_inst|jmp_adrs[10]                                     ; Stuck at GND due to stuck port data_in ; Register  ; my_niosv|my_niosv|dbg_mod|dm_inst|cmdbuf_instr[19],                                            ;
;                                                                                    ;                                        ;           ; my_niosv|my_niosv|dbg_mod|dm_inst|cmdbuf_instr[14]                                             ;
; mm_interconnect_0|my_niosv_dm_agent_agent_rsp_fifo|mem[0][45]                      ; Lost fanout                            ; Register  ; mm_interconnect_0|my_niosv_dm_agent_agent_rsp_fifo|mem[1][45],                                 ;
;                                                                                    ;                                        ;           ; mm_interconnect_0|my_niosv_dm_agent_agent_rsp_fifo|mem[2][45]                                  ;
; mm_interconnect_0|my_niosv_dm_agent_agent_rsp_fifo|mem[0][46]                      ; Lost fanout                            ; Register  ; mm_interconnect_0|my_niosv_dm_agent_agent_rsp_fifo|mem[1][46],                                 ;
;                                                                                    ;                                        ;           ; mm_interconnect_0|my_niosv_dm_agent_agent_rsp_fifo|mem[2][46]                                  ;
; mm_interconnect_0|my_niosv_dm_agent_agent_rsp_fifo|mem[0][57]                      ; Lost fanout                            ; Register  ; mm_interconnect_0|my_niosv_dm_agent_agent_rsp_fifo|mem[1][57],                                 ;
;                                                                                    ;                                        ;           ; mm_interconnect_0|my_niosv_dm_agent_agent_rsp_fifo|mem[2][57]                                  ;
; mm_interconnect_0|my_niosv_dm_agent_agent_rsp_fifo|mem[0][47]                      ; Lost fanout                            ; Register  ; mm_interconnect_0|my_niosv_dm_agent_agent_rsp_fifo|mem[1][47],                                 ;
;                                                                                    ;                                        ;           ; mm_interconnect_0|my_niosv_dm_agent_agent_rsp_fifo|mem[2][47]                                  ;
; mm_interconnect_0|my_niosv_dm_agent_agent_rsp_fifo|mem[0][48]                      ; Lost fanout                            ; Register  ; mm_interconnect_0|my_niosv_dm_agent_agent_rsp_fifo|mem[1][48],                                 ;
;                                                                                    ;                                        ;           ; mm_interconnect_0|my_niosv_dm_agent_agent_rsp_fifo|mem[2][48]                                  ;
; mm_interconnect_0|my_niosv_dm_agent_agent_rsp_fifo|mem[0][49]                      ; Lost fanout                            ; Register  ; mm_interconnect_0|my_niosv_dm_agent_agent_rsp_fifo|mem[1][49],                                 ;
;                                                                                    ;                                        ;           ; mm_interconnect_0|my_niosv_dm_agent_agent_rsp_fifo|mem[2][49]                                  ;
; mm_interconnect_0|my_niosv_dm_agent_agent_rsp_fifo|mem[0][50]                      ; Lost fanout                            ; Register  ; mm_interconnect_0|my_niosv_dm_agent_agent_rsp_fifo|mem[1][50],                                 ;
;                                                                                    ;                                        ;           ; mm_interconnect_0|my_niosv_dm_agent_agent_rsp_fifo|mem[2][50]                                  ;
; mm_interconnect_0|my_niosv_dm_agent_agent_rsp_fifo|mem[0][51]                      ; Lost fanout                            ; Register  ; mm_interconnect_0|my_niosv_dm_agent_agent_rsp_fifo|mem[1][51],                                 ;
;                                                                                    ;                                        ;           ; mm_interconnect_0|my_niosv_dm_agent_agent_rsp_fifo|mem[2][51]                                  ;
; mm_interconnect_0|my_niosv_dm_agent_agent_rsp_fifo|mem[0][52]                      ; Lost fanout                            ; Register  ; mm_interconnect_0|my_niosv_dm_agent_agent_rsp_fifo|mem[1][52],                                 ;
;                                                                                    ;                                        ;           ; mm_interconnect_0|my_niosv_dm_agent_agent_rsp_fifo|mem[2][52]                                  ;
; mm_interconnect_0|my_niosv_dm_agent_agent_rsp_fifo|mem[0][53]                      ; Lost fanout                            ; Register  ; mm_interconnect_0|my_niosv_dm_agent_agent_rsp_fifo|mem[1][53],                                 ;
;                                                                                    ;                                        ;           ; mm_interconnect_0|my_niosv_dm_agent_agent_rsp_fifo|mem[2][53]                                  ;
; mm_interconnect_0|my_niosv_dm_agent_agent_rsp_fifo|mem[0][54]                      ; Lost fanout                            ; Register  ; mm_interconnect_0|my_niosv_dm_agent_agent_rsp_fifo|mem[1][54],                                 ;
;                                                                                    ;                                        ;           ; mm_interconnect_0|my_niosv_dm_agent_agent_rsp_fifo|mem[2][54]                                  ;
; mm_interconnect_0|my_niosv_dm_agent_agent_rsp_fifo|mem[0][55]                      ; Lost fanout                            ; Register  ; mm_interconnect_0|my_niosv_dm_agent_agent_rsp_fifo|mem[1][55],                                 ;
;                                                                                    ;                                        ;           ; mm_interconnect_0|my_niosv_dm_agent_agent_rsp_fifo|mem[2][55]                                  ;
; mm_interconnect_0|my_niosv_dm_agent_agent_rsp_fifo|mem[0][56]                      ; Lost fanout                            ; Register  ; mm_interconnect_0|my_niosv_dm_agent_agent_rsp_fifo|mem[1][56],                                 ;
;                                                                                    ;                                        ;           ; mm_interconnect_0|my_niosv_dm_agent_agent_rsp_fifo|mem[2][56]                                  ;
; mm_interconnect_0|my_niosv_dm_agent_agent_rsp_fifo|mem[0][44]                      ; Lost fanout                            ; Register  ; mm_interconnect_0|my_niosv_dm_agent_agent_rsp_fifo|mem[1][44],                                 ;
;                                                                                    ;                                        ;           ; mm_interconnect_0|my_niosv_dm_agent_agent_rsp_fifo|mem[2][44]                                  ;
; mm_interconnect_0|my_niosv_dm_agent_agent_rsp_fifo|mem[0][43]                      ; Lost fanout                            ; Register  ; mm_interconnect_0|my_niosv_dm_agent_agent_rsp_fifo|mem[1][43],                                 ;
;                                                                                    ;                                        ;           ; mm_interconnect_0|my_niosv_dm_agent_agent_rsp_fifo|mem[2][43]                                  ;
; mm_interconnect_0|my_niosv_dm_agent_agent_rsp_fifo|mem[0][42]                      ; Lost fanout                            ; Register  ; mm_interconnect_0|my_niosv_dm_agent_agent_rsp_fifo|mem[1][42],                                 ;
;                                                                                    ;                                        ;           ; mm_interconnect_0|my_niosv_dm_agent_agent_rsp_fifo|mem[2][42]                                  ;
; mm_interconnect_0|my_niosv_dm_agent_agent_rsp_fifo|mem[0][41]                      ; Lost fanout                            ; Register  ; mm_interconnect_0|my_niosv_dm_agent_agent_rsp_fifo|mem[1][41],                                 ;
;                                                                                    ;                                        ;           ; mm_interconnect_0|my_niosv_dm_agent_agent_rsp_fifo|mem[2][41]                                  ;
; mm_interconnect_0|my_niosv_dm_agent_agent_rsp_fifo|mem[0][40]                      ; Lost fanout                            ; Register  ; mm_interconnect_0|my_niosv_dm_agent_agent_rsp_fifo|mem[1][40],                                 ;
;                                                                                    ;                                        ;           ; mm_interconnect_0|my_niosv_dm_agent_agent_rsp_fifo|mem[2][40]                                  ;
; mm_interconnect_0|my_niosv_dm_agent_agent_rsp_fifo|mem[0][39]                      ; Lost fanout                            ; Register  ; mm_interconnect_0|my_niosv_dm_agent_agent_rsp_fifo|mem[1][39],                                 ;
;                                                                                    ;                                        ;           ; mm_interconnect_0|my_niosv_dm_agent_agent_rsp_fifo|mem[2][39]                                  ;
; mm_interconnect_0|my_niosv_dm_agent_agent_rsp_fifo|mem[0][38]                      ; Lost fanout                            ; Register  ; mm_interconnect_0|my_niosv_dm_agent_agent_rsp_fifo|mem[1][38],                                 ;
;                                                                                    ;                                        ;           ; mm_interconnect_0|my_niosv_dm_agent_agent_rsp_fifo|mem[2][38]                                  ;
; mm_interconnect_0|my_niosv_dm_agent_agent_rsp_fifo|mem[0][37]                      ; Lost fanout                            ; Register  ; mm_interconnect_0|my_niosv_dm_agent_agent_rsp_fifo|mem[1][37],                                 ;
;                                                                                    ;                                        ;           ; mm_interconnect_0|my_niosv_dm_agent_agent_rsp_fifo|mem[2][37]                                  ;
; mm_interconnect_0|my_niosv_dm_agent_agent_rsp_fifo|mem[0][36]                      ; Lost fanout                            ; Register  ; mm_interconnect_0|my_niosv_dm_agent_agent_rsp_fifo|mem[1][36],                                 ;
;                                                                                    ;                                        ;           ; mm_interconnect_0|my_niosv_dm_agent_agent_rsp_fifo|mem[2][36]                                  ;
; mm_interconnect_0|my_niosv_data_manager_agent|burst_bytecount[1]                   ; Stuck at GND due to stuck port data_in ; Register  ; mm_interconnect_0|my_niosv_dm_agent_agent_rsp_fifo|mem[1][74],                                 ;
;                                                                                    ;                                        ;           ; mm_interconnect_0|my_niosv_dm_agent_agent_rsp_fifo|mem[2][74]                                  ;
; mm_interconnect_0|my_niosv_instruction_manager_agent|awvalid_q0                    ; Stuck at GND due to stuck port data_in ; Register  ; mm_interconnect_0|cmd_mux_002|arb|top_priority_reg[3],                                         ;
;                                                                                    ;                                        ;           ; mm_interconnect_0|cmd_mux_002|share_count_zero_flag                                            ;
; mm_interconnect_0|debug_avalon_jtag_slave_agent_rdata_fifo|mem[1][33]              ; Stuck at GND due to stuck port data_in ; Register  ; mm_interconnect_0|debug_avalon_jtag_slave_agent_rdata_fifo|mem[0][11],                         ;
;                                                                                    ;                                        ;           ; my_niosv|my_niosv|hart|m_core.niosv_m_full_inst|D_stage_inst|D_i_expn_type.code[0]             ;
; mm_interconnect_0|my_niosv_dm_agent_agent_rdata_fifo|mem[2][33]                    ; Stuck at GND due to stuck port data_in ; Register  ; mm_interconnect_0|my_niosv_dm_agent_agent_rdata_fifo|mem[1][32],                               ;
;                                                                                    ;                                        ;           ; mm_interconnect_0|my_niosv_dm_agent_agent_rdata_fifo|mem[0][32]                                ;
; mm_interconnect_0|my_niosv_data_manager_agent|awsize_q0[1]                         ; Stuck at VCC due to stuck port data_in ; Register  ; mm_interconnect_0|my_niosv_dm_agent_agent_rsp_fifo|mem[1][79],                                 ;
;                                                                                    ;                                        ;           ; mm_interconnect_0|my_niosv_dm_agent_agent_rsp_fifo|mem[2][79]                                  ;
; mm_interconnect_0|my_niosv_dm_agent_agent_rsp_fifo|mem[0][59]                      ; Lost fanout                            ; Register  ; mm_interconnect_0|my_niosv_dm_agent_agent_rsp_fifo|mem[1][59],                                 ;
;                                                                                    ;                                        ;           ; mm_interconnect_0|my_niosv_dm_agent_agent_rsp_fifo|mem[2][59]                                  ;
; mm_interconnect_0|my_niosv_dm_agent_agent_rsp_fifo|mem[0][58]                      ; Lost fanout                            ; Register  ; mm_interconnect_0|my_niosv_dm_agent_agent_rsp_fifo|mem[1][58],                                 ;
;                                                                                    ;                                        ;           ; mm_interconnect_0|my_niosv_dm_agent_agent_rsp_fifo|mem[2][58]                                  ;
; mm_interconnect_0|my_niosv_dm_agent_agent_rsp_fifo|mem[0][80]                      ; Lost fanout                            ; Register  ; mm_interconnect_0|my_niosv_dm_agent_agent_rsp_fifo|mem[1][80],                                 ;
;                                                                                    ;                                        ;           ; mm_interconnect_0|my_niosv_dm_agent_agent_rsp_fifo|mem[2][80]                                  ;
; mm_interconnect_0|my_niosv_dm_agent_agent_rsp_fifo|mem[0][78]                      ; Lost fanout                            ; Register  ; mm_interconnect_0|my_niosv_dm_agent_agent_rsp_fifo|mem[1][78],                                 ;
;                                                                                    ;                                        ;           ; mm_interconnect_0|my_niosv_dm_agent_agent_rsp_fifo|mem[2][78]                                  ;
; mm_interconnect_0|my_niosv_dm_agent_agent_rsp_fifo|mem[0][77]                      ; Lost fanout                            ; Register  ; mm_interconnect_0|my_niosv_dm_agent_agent_rsp_fifo|mem[1][77],                                 ;
;                                                                                    ;                                        ;           ; mm_interconnect_0|my_niosv_dm_agent_agent_rsp_fifo|mem[2][77]                                  ;
; mm_interconnect_0|my_niosv_dm_agent_agent_rsp_fifo|mem[0][67]                      ; Lost fanout                            ; Register  ; mm_interconnect_0|my_niosv_dm_agent_agent_rsp_fifo|mem[1][67],                                 ;
;                                                                                    ;                                        ;           ; mm_interconnect_0|my_niosv_dm_agent_agent_rsp_fifo|mem[2][67]                                  ;
; mm_interconnect_0|my_niosv_dm_agent_agent_rsp_fifo|mem[0][66]                      ; Lost fanout                            ; Register  ; mm_interconnect_0|my_niosv_dm_agent_agent_rsp_fifo|mem[1][66],                                 ;
;                                                                                    ;                                        ;           ; mm_interconnect_0|my_niosv_dm_agent_agent_rsp_fifo|mem[2][66]                                  ;
; mm_interconnect_0|my_niosv_dm_agent_agent_rsp_fifo|mem[0][65]                      ; Lost fanout                            ; Register  ; mm_interconnect_0|my_niosv_dm_agent_agent_rsp_fifo|mem[1][65],                                 ;
;                                                                                    ;                                        ;           ; mm_interconnect_0|my_niosv_dm_agent_agent_rsp_fifo|mem[2][65]                                  ;
; mm_interconnect_0|my_niosv_dm_agent_agent_rsp_fifo|mem[0][64]                      ; Lost fanout                            ; Register  ; mm_interconnect_0|my_niosv_dm_agent_agent_rsp_fifo|mem[1][64],                                 ;
;                                                                                    ;                                        ;           ; mm_interconnect_0|my_niosv_dm_agent_agent_rsp_fifo|mem[2][64]                                  ;
; mm_interconnect_0|my_niosv_dm_agent_agent_rsp_fifo|mem[0][63]                      ; Lost fanout                            ; Register  ; mm_interconnect_0|my_niosv_dm_agent_agent_rsp_fifo|mem[1][63],                                 ;
;                                                                                    ;                                        ;           ; mm_interconnect_0|my_niosv_dm_agent_agent_rsp_fifo|mem[2][63]                                  ;
; mm_interconnect_0|my_niosv_dm_agent_agent_rsp_fifo|mem[0][62]                      ; Lost fanout                            ; Register  ; mm_interconnect_0|my_niosv_dm_agent_agent_rsp_fifo|mem[1][62],                                 ;
;                                                                                    ;                                        ;           ; mm_interconnect_0|my_niosv_dm_agent_agent_rsp_fifo|mem[2][62]                                  ;
; mm_interconnect_0|my_niosv_dm_agent_agent_rsp_fifo|mem[0][61]                      ; Lost fanout                            ; Register  ; mm_interconnect_0|my_niosv_dm_agent_agent_rsp_fifo|mem[1][61],                                 ;
;                                                                                    ;                                        ;           ; mm_interconnect_0|my_niosv_dm_agent_agent_rsp_fifo|mem[2][61]                                  ;
; mm_interconnect_0|my_niosv_dm_agent_agent_rsp_fifo|mem[0][60]                      ; Lost fanout                            ; Register  ; mm_interconnect_0|my_niosv_dm_agent_agent_rsp_fifo|mem[1][60],                                 ;
;                                                                                    ;                                        ;           ; mm_interconnect_0|my_niosv_dm_agent_agent_rsp_fifo|mem[2][60]                                  ;
; mm_interconnect_0|my_niosv_timer_sw_agent_agent_rsp_fifo|mem[0][44]                ; Lost fanout                            ; Register  ; mm_interconnect_0|my_niosv_timer_sw_agent_agent_rsp_fifo|mem[1][44]                            ;
; mm_interconnect_0|my_niosv_instruction_manager_agent|araddr_q0[28]                 ; Lost fanout                            ; Register  ; my_niosv|my_niosv|hart|m_core.niosv_m_full_inst|prefetch_inst|fetch_hold_addr[28]              ;
; mm_interconnect_0|my_niosv_timer_sw_agent_agent_rsp_fifo|mem[0][43]                ; Lost fanout                            ; Register  ; mm_interconnect_0|my_niosv_timer_sw_agent_agent_rsp_fifo|mem[1][43]                            ;
; mm_interconnect_0|my_niosv_timer_sw_agent_agent_rsp_fifo|mem[0][42]                ; Lost fanout                            ; Register  ; mm_interconnect_0|my_niosv_timer_sw_agent_agent_rsp_fifo|mem[1][42]                            ;
; mm_interconnect_0|my_niosv_timer_sw_agent_agent_rsp_fifo|mem[0][41]                ; Lost fanout                            ; Register  ; mm_interconnect_0|my_niosv_timer_sw_agent_agent_rsp_fifo|mem[1][41]                            ;
; mm_interconnect_0|my_niosv_timer_sw_agent_agent_rsp_fifo|mem[0][40]                ; Lost fanout                            ; Register  ; mm_interconnect_0|my_niosv_timer_sw_agent_agent_rsp_fifo|mem[1][40]                            ;
; mm_interconnect_0|my_niosv_timer_sw_agent_agent_rsp_fifo|mem[0][39]                ; Lost fanout                            ; Register  ; mm_interconnect_0|my_niosv_timer_sw_agent_agent_rsp_fifo|mem[1][39]                            ;
; mm_interconnect_0|my_niosv_timer_sw_agent_agent_rsp_fifo|mem[0][38]                ; Lost fanout                            ; Register  ; mm_interconnect_0|my_niosv_timer_sw_agent_agent_rsp_fifo|mem[1][38]                            ;
; mm_interconnect_0|my_niosv_timer_sw_agent_agent_rsp_fifo|mem[0][37]                ; Lost fanout                            ; Register  ; mm_interconnect_0|my_niosv_timer_sw_agent_agent_rsp_fifo|mem[1][37]                            ;
; mm_interconnect_0|my_niosv_timer_sw_agent_agent_rsp_fifo|mem[0][36]                ; Lost fanout                            ; Register  ; mm_interconnect_0|my_niosv_timer_sw_agent_agent_rsp_fifo|mem[1][36]                            ;
; mm_interconnect_0|debug_avalon_jtag_slave_agent_rsp_fifo|mem[0][47]                ; Lost fanout                            ; Register  ; mm_interconnect_0|debug_avalon_jtag_slave_agent_rsp_fifo|mem[1][47]                            ;
; mm_interconnect_0|my_niosv_instruction_manager_agent|araddr_q0[31]                 ; Lost fanout                            ; Register  ; my_niosv|my_niosv|hart|m_core.niosv_m_full_inst|prefetch_inst|fetch_hold_addr[31]              ;
; mm_interconnect_0|my_niosv_instruction_manager_agent|araddr_q0[30]                 ; Lost fanout                            ; Register  ; my_niosv|my_niosv|hart|m_core.niosv_m_full_inst|prefetch_inst|fetch_hold_addr[30]              ;
; mm_interconnect_0|my_niosv_instruction_manager_agent|araddr_q0[29]                 ; Lost fanout                            ; Register  ; my_niosv|my_niosv|hart|m_core.niosv_m_full_inst|prefetch_inst|fetch_hold_addr[29]              ;
; mm_interconnect_0|my_niosv_timer_sw_agent_agent_rsp_fifo|mem[0][58]                ; Lost fanout                            ; Register  ; mm_interconnect_0|my_niosv_timer_sw_agent_agent_rsp_fifo|mem[1][58]                            ;
; mm_interconnect_0|my_niosv_timer_sw_agent_agent_rsp_fifo|mem[0][45]                ; Lost fanout                            ; Register  ; mm_interconnect_0|my_niosv_timer_sw_agent_agent_rsp_fifo|mem[1][45]                            ;
; mm_interconnect_0|my_niosv_timer_sw_agent_agent_rsp_fifo|mem[0][46]                ; Lost fanout                            ; Register  ; mm_interconnect_0|my_niosv_timer_sw_agent_agent_rsp_fifo|mem[1][46]                            ;
; mm_interconnect_0|my_niosv_timer_sw_agent_agent_rsp_fifo|mem[0][47]                ; Lost fanout                            ; Register  ; mm_interconnect_0|my_niosv_timer_sw_agent_agent_rsp_fifo|mem[1][47]                            ;
; mm_interconnect_0|my_niosv_timer_sw_agent_agent_rsp_fifo|mem[0][48]                ; Lost fanout                            ; Register  ; mm_interconnect_0|my_niosv_timer_sw_agent_agent_rsp_fifo|mem[1][48]                            ;
; mm_interconnect_0|my_niosv_timer_sw_agent_agent_rsp_fifo|mem[0][49]                ; Lost fanout                            ; Register  ; mm_interconnect_0|my_niosv_timer_sw_agent_agent_rsp_fifo|mem[1][49]                            ;
; mm_interconnect_0|my_niosv_timer_sw_agent_agent_rsp_fifo|mem[0][50]                ; Lost fanout                            ; Register  ; mm_interconnect_0|my_niosv_timer_sw_agent_agent_rsp_fifo|mem[1][50]                            ;
; mm_interconnect_0|my_niosv_timer_sw_agent_agent_rsp_fifo|mem[0][51]                ; Lost fanout                            ; Register  ; mm_interconnect_0|my_niosv_timer_sw_agent_agent_rsp_fifo|mem[1][51]                            ;
; mm_interconnect_0|my_niosv_timer_sw_agent_agent_rsp_fifo|mem[0][52]                ; Lost fanout                            ; Register  ; mm_interconnect_0|my_niosv_timer_sw_agent_agent_rsp_fifo|mem[1][52]                            ;
; mm_interconnect_0|my_niosv_timer_sw_agent_agent_rsp_fifo|mem[0][53]                ; Lost fanout                            ; Register  ; mm_interconnect_0|my_niosv_timer_sw_agent_agent_rsp_fifo|mem[1][53]                            ;
; mm_interconnect_0|my_niosv_timer_sw_agent_agent_rsp_fifo|mem[0][54]                ; Lost fanout                            ; Register  ; mm_interconnect_0|my_niosv_timer_sw_agent_agent_rsp_fifo|mem[1][54]                            ;
; mm_interconnect_0|my_niosv_timer_sw_agent_agent_rsp_fifo|mem[0][55]                ; Lost fanout                            ; Register  ; mm_interconnect_0|my_niosv_timer_sw_agent_agent_rsp_fifo|mem[1][55]                            ;
; mm_interconnect_0|my_niosv_timer_sw_agent_agent_rsp_fifo|mem[0][56]                ; Lost fanout                            ; Register  ; mm_interconnect_0|my_niosv_timer_sw_agent_agent_rsp_fifo|mem[1][56]                            ;
; mm_interconnect_0|my_niosv_timer_sw_agent_agent_rsp_fifo|mem[0][57]                ; Lost fanout                            ; Register  ; mm_interconnect_0|my_niosv_timer_sw_agent_agent_rsp_fifo|mem[1][57]                            ;
; mm_interconnect_0|my_niosv_instruction_manager_agent|awsize_q0[1]                  ; Stuck at VCC due to stuck port data_in ; Register  ; mm_interconnect_0|my_niosv_instruction_manager_wr_limiter|has_pending_responses                ;
; mm_interconnect_0|debug_avalon_jtag_slave_agent_rsp_fifo|mem[0][50]                ; Lost fanout                            ; Register  ; mm_interconnect_0|debug_avalon_jtag_slave_agent_rsp_fifo|mem[1][50]                            ;
; mm_interconnect_0|my_niosv_timer_sw_agent_agent|uncompressor|burst_uncompress_busy ; Stuck at GND due to stuck port data_in ; Register  ; mm_interconnect_0|my_niosv_timer_sw_agent_agent|uncompressor|internal_sclr                     ;
; mm_interconnect_0|sram_s1_agent|uncompressor|burst_uncompress_busy                 ; Stuck at GND due to stuck port data_in ; Register  ; mm_interconnect_0|sram_s1_agent|uncompressor|internal_sclr                                     ;
; mm_interconnect_0|my_niosv_dm_agent_agent|uncompressor|burst_uncompress_busy       ; Stuck at GND due to stuck port data_in ; Register  ; mm_interconnect_0|my_niosv_dm_agent_agent|uncompressor|internal_sclr                           ;
; mm_interconnect_0|debug_avalon_jtag_slave_agent|uncompressor|burst_uncompress_busy ; Stuck at GND due to stuck port data_in ; Register  ; mm_interconnect_0|debug_avalon_jtag_slave_agent|uncompressor|internal_sclr                     ;
; mm_interconnect_0|debug_avalon_jtag_slave_agent_rsp_fifo|mem[0][80]                ; Lost fanout                            ; Register  ; mm_interconnect_0|debug_avalon_jtag_slave_agent_rsp_fifo|mem[1][80]                            ;
; mm_interconnect_0|debug_avalon_jtag_slave_agent_rsp_fifo|mem[0][79]                ; Lost fanout                            ; Register  ; mm_interconnect_0|debug_avalon_jtag_slave_agent_rsp_fifo|mem[1][79]                            ;
; mm_interconnect_0|debug_avalon_jtag_slave_agent_rsp_fifo|mem[0][78]                ; Lost fanout                            ; Register  ; mm_interconnect_0|debug_avalon_jtag_slave_agent_rsp_fifo|mem[1][78]                            ;
; mm_interconnect_0|my_niosv_timer_sw_agent_agent_rdata_fifo|mem[1][33]              ; Stuck at GND due to stuck port data_in ; Register  ; mm_interconnect_0|my_niosv_timer_sw_agent_agent_rdata_fifo|mem[0][32]                          ;
; mm_interconnect_0|debug_avalon_jtag_slave_agent_rsp_fifo|mem[0][77]                ; Lost fanout                            ; Register  ; mm_interconnect_0|debug_avalon_jtag_slave_agent_rsp_fifo|mem[1][77]                            ;
; mm_interconnect_0|sram_s1_agent_rdata_fifo|mem[1][33]                              ; Stuck at GND due to stuck port data_in ; Register  ; mm_interconnect_0|sram_s1_agent_rdata_fifo|mem[0][32]                                          ;
; mm_interconnect_0|debug_avalon_jtag_slave_agent_rsp_fifo|mem[0][53]                ; Lost fanout                            ; Register  ; mm_interconnect_0|debug_avalon_jtag_slave_agent_rsp_fifo|mem[1][53]                            ;
; mm_interconnect_0|debug_avalon_jtag_slave_agent_rsp_fifo|mem[0][52]                ; Lost fanout                            ; Register  ; mm_interconnect_0|debug_avalon_jtag_slave_agent_rsp_fifo|mem[1][52]                            ;
; mm_interconnect_0|my_niosv_dm_agent_agent_rsp_fifo|mem[2][88]                      ; Stuck at GND due to stuck port data_in ; Register  ; mm_interconnect_0|my_niosv_dm_agent_agent_rsp_fifo|mem[1][68]                                  ;
; mm_interconnect_0|debug_avalon_jtag_slave_agent_rsp_fifo|mem[0][51]                ; Lost fanout                            ; Register  ; mm_interconnect_0|debug_avalon_jtag_slave_agent_rsp_fifo|mem[1][51]                            ;
; mm_interconnect_0|my_niosv_instruction_manager_agent|araddr_q0[27]                 ; Lost fanout                            ; Register  ; my_niosv|my_niosv|hart|m_core.niosv_m_full_inst|prefetch_inst|fetch_hold_addr[27]              ;
; mm_interconnect_0|debug_avalon_jtag_slave_agent_rsp_fifo|mem[0][49]                ; Lost fanout                            ; Register  ; mm_interconnect_0|debug_avalon_jtag_slave_agent_rsp_fifo|mem[1][49]                            ;
; mm_interconnect_0|debug_avalon_jtag_slave_agent_rsp_fifo|mem[0][48]                ; Lost fanout                            ; Register  ; mm_interconnect_0|debug_avalon_jtag_slave_agent_rsp_fifo|mem[1][48]                            ;
; mm_interconnect_0|my_niosv_instruction_manager_agent|araddr_q0[0]                  ; Lost fanout                            ; Register  ; my_niosv|my_niosv|hart|m_core.niosv_m_full_inst|prefetch_inst|fetch_hold_addr[0]               ;
; mm_interconnect_0|my_niosv_instruction_manager_agent|araddr_q0[1]                  ; Lost fanout                            ; Register  ; my_niosv|my_niosv|hart|m_core.niosv_m_full_inst|prefetch_inst|fetch_hold_addr[1]               ;
; mm_interconnect_0|my_niosv_instruction_manager_agent|araddr_q0[18]                 ; Lost fanout                            ; Register  ; my_niosv|my_niosv|hart|m_core.niosv_m_full_inst|prefetch_inst|fetch_hold_addr[18]              ;
; mm_interconnect_0|my_niosv_instruction_manager_agent|araddr_q0[19]                 ; Lost fanout                            ; Register  ; my_niosv|my_niosv|hart|m_core.niosv_m_full_inst|prefetch_inst|fetch_hold_addr[19]              ;
; mm_interconnect_0|my_niosv_instruction_manager_agent|araddr_q0[20]                 ; Lost fanout                            ; Register  ; my_niosv|my_niosv|hart|m_core.niosv_m_full_inst|prefetch_inst|fetch_hold_addr[20]              ;
; mm_interconnect_0|my_niosv_instruction_manager_agent|araddr_q0[21]                 ; Lost fanout                            ; Register  ; my_niosv|my_niosv|hart|m_core.niosv_m_full_inst|prefetch_inst|fetch_hold_addr[21]              ;
; mm_interconnect_0|my_niosv_instruction_manager_agent|araddr_q0[22]                 ; Lost fanout                            ; Register  ; my_niosv|my_niosv|hart|m_core.niosv_m_full_inst|prefetch_inst|fetch_hold_addr[22]              ;
; mm_interconnect_0|my_niosv_instruction_manager_agent|araddr_q0[23]                 ; Lost fanout                            ; Register  ; my_niosv|my_niosv|hart|m_core.niosv_m_full_inst|prefetch_inst|fetch_hold_addr[23]              ;
; mm_interconnect_0|my_niosv_instruction_manager_agent|araddr_q0[24]                 ; Lost fanout                            ; Register  ; my_niosv|my_niosv|hart|m_core.niosv_m_full_inst|prefetch_inst|fetch_hold_addr[24]              ;
; mm_interconnect_0|my_niosv_instruction_manager_agent|araddr_q0[25]                 ; Lost fanout                            ; Register  ; my_niosv|my_niosv|hart|m_core.niosv_m_full_inst|prefetch_inst|fetch_hold_addr[25]              ;
; mm_interconnect_0|my_niosv_instruction_manager_agent|araddr_q0[26]                 ; Lost fanout                            ; Register  ; my_niosv|my_niosv|hart|m_core.niosv_m_full_inst|prefetch_inst|fetch_hold_addr[26]              ;
; mm_interconnect_0|sram_s1_agent_rsp_fifo|mem[0][67]                                ; Lost fanout                            ; Register  ; mm_interconnect_0|sram_s1_agent_rsp_fifo|mem[1][67]                                            ;
; mm_interconnect_0|sram_s1_agent_rsp_fifo|mem[0][53]                                ; Lost fanout                            ; Register  ; mm_interconnect_0|sram_s1_agent_rsp_fifo|mem[1][53]                                            ;
; mm_interconnect_0|sram_s1_agent_rsp_fifo|mem[0][54]                                ; Lost fanout                            ; Register  ; mm_interconnect_0|sram_s1_agent_rsp_fifo|mem[1][54]                                            ;
; mm_interconnect_0|sram_s1_agent_rsp_fifo|mem[0][55]                                ; Lost fanout                            ; Register  ; mm_interconnect_0|sram_s1_agent_rsp_fifo|mem[1][55]                                            ;
; mm_interconnect_0|sram_s1_agent_rsp_fifo|mem[0][56]                                ; Lost fanout                            ; Register  ; mm_interconnect_0|sram_s1_agent_rsp_fifo|mem[1][56]                                            ;
; mm_interconnect_0|sram_s1_agent_rsp_fifo|mem[0][57]                                ; Lost fanout                            ; Register  ; mm_interconnect_0|sram_s1_agent_rsp_fifo|mem[1][57]                                            ;
; mm_interconnect_0|sram_s1_agent_rsp_fifo|mem[0][58]                                ; Lost fanout                            ; Register  ; mm_interconnect_0|sram_s1_agent_rsp_fifo|mem[1][58]                                            ;
; mm_interconnect_0|sram_s1_agent_rsp_fifo|mem[0][59]                                ; Lost fanout                            ; Register  ; mm_interconnect_0|sram_s1_agent_rsp_fifo|mem[1][59]                                            ;
; mm_interconnect_0|sram_s1_agent_rsp_fifo|mem[0][60]                                ; Lost fanout                            ; Register  ; mm_interconnect_0|sram_s1_agent_rsp_fifo|mem[1][60]                                            ;
; mm_interconnect_0|sram_s1_agent_rsp_fifo|mem[0][61]                                ; Lost fanout                            ; Register  ; mm_interconnect_0|sram_s1_agent_rsp_fifo|mem[1][61]                                            ;
; mm_interconnect_0|sram_s1_agent_rsp_fifo|mem[0][62]                                ; Lost fanout                            ; Register  ; mm_interconnect_0|sram_s1_agent_rsp_fifo|mem[1][62]                                            ;
; mm_interconnect_0|sram_s1_agent_rsp_fifo|mem[0][63]                                ; Lost fanout                            ; Register  ; mm_interconnect_0|sram_s1_agent_rsp_fifo|mem[1][63]                                            ;
; mm_interconnect_0|sram_s1_agent_rsp_fifo|mem[0][64]                                ; Lost fanout                            ; Register  ; mm_interconnect_0|sram_s1_agent_rsp_fifo|mem[1][64]                                            ;
; mm_interconnect_0|sram_s1_agent_rsp_fifo|mem[0][65]                                ; Lost fanout                            ; Register  ; mm_interconnect_0|sram_s1_agent_rsp_fifo|mem[1][65]                                            ;
; mm_interconnect_0|sram_s1_agent_rsp_fifo|mem[0][66]                                ; Lost fanout                            ; Register  ; mm_interconnect_0|sram_s1_agent_rsp_fifo|mem[1][66]                                            ;
; mm_interconnect_0|sram_s1_agent_rsp_fifo|mem[0][52]                                ; Lost fanout                            ; Register  ; mm_interconnect_0|sram_s1_agent_rsp_fifo|mem[1][52]                                            ;
; mm_interconnect_0|sram_s1_agent_rsp_fifo|mem[0][77]                                ; Lost fanout                            ; Register  ; mm_interconnect_0|sram_s1_agent_rsp_fifo|mem[1][77]                                            ;
; mm_interconnect_0|sram_s1_agent_rsp_fifo|mem[0][78]                                ; Lost fanout                            ; Register  ; mm_interconnect_0|sram_s1_agent_rsp_fifo|mem[1][78]                                            ;
; mm_interconnect_0|sram_s1_agent_rsp_fifo|mem[0][79]                                ; Lost fanout                            ; Register  ; mm_interconnect_0|sram_s1_agent_rsp_fifo|mem[1][79]                                            ;
; mm_interconnect_0|sram_s1_agent_rsp_fifo|mem[0][80]                                ; Lost fanout                            ; Register  ; mm_interconnect_0|sram_s1_agent_rsp_fifo|mem[1][80]                                            ;
; mm_interconnect_0|debug_avalon_jtag_slave_agent_rsp_fifo|mem[0][46]                ; Lost fanout                            ; Register  ; mm_interconnect_0|debug_avalon_jtag_slave_agent_rsp_fifo|mem[1][46]                            ;
; mm_interconnect_0|debug_avalon_jtag_slave_agent_rsp_fifo|mem[0][45]                ; Lost fanout                            ; Register  ; mm_interconnect_0|debug_avalon_jtag_slave_agent_rsp_fifo|mem[1][45]                            ;
; mm_interconnect_0|debug_avalon_jtag_slave_agent_rsp_fifo|mem[0][44]                ; Lost fanout                            ; Register  ; mm_interconnect_0|debug_avalon_jtag_slave_agent_rsp_fifo|mem[1][44]                            ;
; mm_interconnect_0|debug_avalon_jtag_slave_agent_rsp_fifo|mem[0][43]                ; Lost fanout                            ; Register  ; mm_interconnect_0|debug_avalon_jtag_slave_agent_rsp_fifo|mem[1][43]                            ;
; mm_interconnect_0|debug_avalon_jtag_slave_agent_rsp_fifo|mem[0][42]                ; Lost fanout                            ; Register  ; mm_interconnect_0|debug_avalon_jtag_slave_agent_rsp_fifo|mem[1][42]                            ;
; mm_interconnect_0|debug_avalon_jtag_slave_agent_rsp_fifo|mem[0][41]                ; Lost fanout                            ; Register  ; mm_interconnect_0|debug_avalon_jtag_slave_agent_rsp_fifo|mem[1][41]                            ;
; mm_interconnect_0|debug_avalon_jtag_slave_agent_rsp_fifo|mem[0][40]                ; Lost fanout                            ; Register  ; mm_interconnect_0|debug_avalon_jtag_slave_agent_rsp_fifo|mem[1][40]                            ;
; mm_interconnect_0|debug_avalon_jtag_slave_agent_rsp_fifo|mem[0][39]                ; Lost fanout                            ; Register  ; mm_interconnect_0|debug_avalon_jtag_slave_agent_rsp_fifo|mem[1][39]                            ;
; mm_interconnect_0|debug_avalon_jtag_slave_agent_rsp_fifo|mem[0][38]                ; Lost fanout                            ; Register  ; mm_interconnect_0|debug_avalon_jtag_slave_agent_rsp_fifo|mem[1][38]                            ;
; mm_interconnect_0|sram_s1_agent_rsp_fifo|mem[0][38]                                ; Lost fanout                            ; Register  ; mm_interconnect_0|sram_s1_agent_rsp_fifo|mem[1][38]                                            ;
; mm_interconnect_0|my_niosv_timer_sw_agent_agent_rsp_fifo|mem[0][60]                ; Lost fanout                            ; Register  ; mm_interconnect_0|my_niosv_timer_sw_agent_agent_rsp_fifo|mem[1][60]                            ;
; mm_interconnect_0|my_niosv_timer_sw_agent_agent_rsp_fifo|mem[0][61]                ; Lost fanout                            ; Register  ; mm_interconnect_0|my_niosv_timer_sw_agent_agent_rsp_fifo|mem[1][61]                            ;
; mm_interconnect_0|my_niosv_timer_sw_agent_agent_rsp_fifo|mem[0][62]                ; Lost fanout                            ; Register  ; mm_interconnect_0|my_niosv_timer_sw_agent_agent_rsp_fifo|mem[1][62]                            ;
; mm_interconnect_0|my_niosv_timer_sw_agent_agent_rsp_fifo|mem[0][63]                ; Lost fanout                            ; Register  ; mm_interconnect_0|my_niosv_timer_sw_agent_agent_rsp_fifo|mem[1][63]                            ;
; mm_interconnect_0|my_niosv_timer_sw_agent_agent_rsp_fifo|mem[0][64]                ; Lost fanout                            ; Register  ; mm_interconnect_0|my_niosv_timer_sw_agent_agent_rsp_fifo|mem[1][64]                            ;
; mm_interconnect_0|my_niosv_timer_sw_agent_agent_rsp_fifo|mem[0][65]                ; Lost fanout                            ; Register  ; mm_interconnect_0|my_niosv_timer_sw_agent_agent_rsp_fifo|mem[1][65]                            ;
; mm_interconnect_0|my_niosv_timer_sw_agent_agent_rsp_fifo|mem[0][66]                ; Lost fanout                            ; Register  ; mm_interconnect_0|my_niosv_timer_sw_agent_agent_rsp_fifo|mem[1][66]                            ;
; mm_interconnect_0|my_niosv_timer_sw_agent_agent_rsp_fifo|mem[0][67]                ; Lost fanout                            ; Register  ; mm_interconnect_0|my_niosv_timer_sw_agent_agent_rsp_fifo|mem[1][67]                            ;
; mm_interconnect_0|my_niosv_timer_sw_agent_agent_rsp_fifo|mem[0][77]                ; Lost fanout                            ; Register  ; mm_interconnect_0|my_niosv_timer_sw_agent_agent_rsp_fifo|mem[1][77]                            ;
; mm_interconnect_0|my_niosv_timer_sw_agent_agent_rsp_fifo|mem[0][78]                ; Lost fanout                            ; Register  ; mm_interconnect_0|my_niosv_timer_sw_agent_agent_rsp_fifo|mem[1][78]                            ;
; mm_interconnect_0|my_niosv_timer_sw_agent_agent_rsp_fifo|mem[0][79]                ; Lost fanout                            ; Register  ; mm_interconnect_0|my_niosv_timer_sw_agent_agent_rsp_fifo|mem[1][79]                            ;
; mm_interconnect_0|my_niosv_timer_sw_agent_agent_rsp_fifo|mem[0][80]                ; Lost fanout                            ; Register  ; mm_interconnect_0|my_niosv_timer_sw_agent_agent_rsp_fifo|mem[1][80]                            ;
; mm_interconnect_0|sram_s1_agent_rsp_fifo|mem[0][36]                                ; Lost fanout                            ; Register  ; mm_interconnect_0|sram_s1_agent_rsp_fifo|mem[1][36]                                            ;
; mm_interconnect_0|sram_s1_agent_rsp_fifo|mem[0][37]                                ; Lost fanout                            ; Register  ; mm_interconnect_0|sram_s1_agent_rsp_fifo|mem[1][37]                                            ;
; mm_interconnect_0|my_niosv_timer_sw_agent_agent_rsp_fifo|mem[0][59]                ; Lost fanout                            ; Register  ; mm_interconnect_0|my_niosv_timer_sw_agent_agent_rsp_fifo|mem[1][59]                            ;
; mm_interconnect_0|sram_s1_agent_rsp_fifo|mem[0][39]                                ; Lost fanout                            ; Register  ; mm_interconnect_0|sram_s1_agent_rsp_fifo|mem[1][39]                                            ;
; mm_interconnect_0|sram_s1_agent_rsp_fifo|mem[0][40]                                ; Lost fanout                            ; Register  ; mm_interconnect_0|sram_s1_agent_rsp_fifo|mem[1][40]                                            ;
; mm_interconnect_0|sram_s1_agent_rsp_fifo|mem[0][41]                                ; Lost fanout                            ; Register  ; mm_interconnect_0|sram_s1_agent_rsp_fifo|mem[1][41]                                            ;
; mm_interconnect_0|sram_s1_agent_rsp_fifo|mem[0][42]                                ; Lost fanout                            ; Register  ; mm_interconnect_0|sram_s1_agent_rsp_fifo|mem[1][42]                                            ;
; mm_interconnect_0|sram_s1_agent_rsp_fifo|mem[0][43]                                ; Lost fanout                            ; Register  ; mm_interconnect_0|sram_s1_agent_rsp_fifo|mem[1][43]                                            ;
; mm_interconnect_0|sram_s1_agent_rsp_fifo|mem[0][44]                                ; Lost fanout                            ; Register  ; mm_interconnect_0|sram_s1_agent_rsp_fifo|mem[1][44]                                            ;
; mm_interconnect_0|sram_s1_agent_rsp_fifo|mem[0][45]                                ; Lost fanout                            ; Register  ; mm_interconnect_0|sram_s1_agent_rsp_fifo|mem[1][45]                                            ;
; mm_interconnect_0|sram_s1_agent_rsp_fifo|mem[0][46]                                ; Lost fanout                            ; Register  ; mm_interconnect_0|sram_s1_agent_rsp_fifo|mem[1][46]                                            ;
; mm_interconnect_0|sram_s1_agent_rsp_fifo|mem[0][47]                                ; Lost fanout                            ; Register  ; mm_interconnect_0|sram_s1_agent_rsp_fifo|mem[1][47]                                            ;
; mm_interconnect_0|sram_s1_agent_rsp_fifo|mem[0][48]                                ; Lost fanout                            ; Register  ; mm_interconnect_0|sram_s1_agent_rsp_fifo|mem[1][48]                                            ;
; mm_interconnect_0|sram_s1_agent_rsp_fifo|mem[0][49]                                ; Lost fanout                            ; Register  ; mm_interconnect_0|sram_s1_agent_rsp_fifo|mem[1][49]                                            ;
; mm_interconnect_0|sram_s1_agent_rsp_fifo|mem[0][50]                                ; Lost fanout                            ; Register  ; mm_interconnect_0|sram_s1_agent_rsp_fifo|mem[1][50]                                            ;
; mm_interconnect_0|sram_s1_agent_rsp_fifo|mem[0][51]                                ; Lost fanout                            ; Register  ; mm_interconnect_0|sram_s1_agent_rsp_fifo|mem[1][51]                                            ;
+------------------------------------------------------------------------------------+----------------------------------------+-----------+------------------------------------------------------------------------------------------------+


+------------------------------------------------------------+
; General Register Statistics for Partition "root_partition" ;
+----------------------------------------------+-------------+
; Statistic                                    ; Value       ;
+----------------------------------------------+-------------+
; Total registers                              ; 2968        ;
; Number of registers using Synchronous Clear  ; 257         ;
; Number of registers using Synchronous Load   ; 0           ;
; Number of registers using Asynchronous Clear ; 764         ;
; Number of registers using Asynchronous Load  ; 0           ;
; Number of registers using Clock Enable       ; 1944        ;
; Number of registers using Preset             ; 0           ;
+----------------------------------------------+-------------+


+-------------------------------------------------------------------------------------------------------------------------------------+
; Inverted Register Statistics                                                                                                        ;
+---------------------------------------------------------------------------------------------------------------------------+---------+
; Inverted Register                                                                                                         ; Fan out ;
+---------------------------------------------------------------------------------------------------------------------------+---------+
; debug|debug|t_dav                                                                                                         ; 3       ;
; my_niosv|my_niosv|dbg_mod|dtm_inst|rst_controller|alt_rst_sync_uq1|altera_reset_synchronizer_int_chain_out                ; 4       ;
; debug|debug|altera_avalon_jtag_uart_alt_jtag_atlantic|rst2                                                                ; 3       ;
; my_niosv|my_niosv|dbg_mod|dtm_inst|rst_controller|alt_rst_sync_uq1|altera_reset_synchronizer_int_chain[0]                 ; 1       ;
; my_niosv|my_niosv|dbg_mod|dtm_inst|rsp_clk_xer|clock_xer|alt_rst_req_sync_out_rst|altera_reset_synchronizer_int_chain_out ; 38      ;
; debug|debug|av_waitrequest                                                                                                ; 7       ;
; debug|debug|altera_avalon_jtag_uart_alt_jtag_atlantic|rst1                                                                ; 1       ;
; my_niosv|my_niosv|dbg_mod|dtm_inst|rst_controller|alt_rst_sync_uq1|altera_reset_synchronizer_int_chain[1]                 ; 1       ;
; my_niosv|my_niosv|dbg_mod|dtm_inst|rsp_clk_xer|clock_xer|alt_rst_req_sync_out_rst|altera_reset_synchronizer_int_chain[0]  ; 1       ;
; my_niosv|my_niosv|dbg_mod|dtm_inst|rsp_clk_xer|clock_xer|alt_rst_req_sync_out_rst|altera_reset_synchronizer_int_chain[1]  ; 1       ;
; my_niosv|my_niosv|rst_controller_001|alt_rst_sync_uq1|altera_reset_synchronizer_int_chain_out                             ; 132     ;
; my_niosv|my_niosv|hart|m_core.niosv_m_full_inst|prefetch_inst|pc_fetch_stop[7]                                            ; 3       ;
; my_niosv|my_niosv|hart|m_core.niosv_m_full_inst|M0_stage_inst|M0_redirect                                                 ; 7       ;
; rst_controller|reset_out_pre_reg                                                                                          ; 1       ;
; my_niosv|my_niosv|dbg_mod|dtm_inst|rsp_clk_xer|clock_xer|alt_rst_req_sync_in_rst|altera_reset_synchronizer_int_chain_out  ; 35      ;
; my_niosv|my_niosv|rst_controller_001|alt_rst_sync_uq1|altera_reset_synchronizer_int_chain[0]                              ; 1       ;
; my_niosv|my_niosv|hart|m_core.niosv_m_full_inst|prefetch_inst|pc_fetch_stop[6]                                            ; 1       ;
; rst_controller|alt_rst_sync_uq1|altera_reset_synchronizer_int_chain_out                                                   ; 2       ;
; my_niosv|my_niosv|dbg_mod|dtm_inst|rsp_clk_xer|clock_xer|alt_rst_req_sync_in_rst|altera_reset_synchronizer_int_chain[0]   ; 1       ;
; my_niosv|my_niosv|dbg_mod|rst_controller|alt_rst_sync_uq1|altera_reset_synchronizer_int_chain_out                         ; 4       ;
; my_niosv|my_niosv|rst_controller_001|alt_rst_sync_uq1|altera_reset_synchronizer_int_chain[1]                              ; 1       ;
; my_niosv|my_niosv|hart|m_core.niosv_m_full_inst|prefetch_inst|pc_fetch_stop[5]                                            ; 1       ;
; my_niosv|my_niosv|timer_module|mtimecmp[29]                                                                               ; 2       ;
; my_niosv|my_niosv|timer_module|mtimecmp[61]                                                                               ; 2       ;
; rst_controller|r_early_rst                                                                                                ; 513     ;
; my_niosv|my_niosv|timer_module|mtimecmp[7]                                                                                ; 2       ;
; my_niosv|my_niosv|timer_module|mtimecmp[39]                                                                               ; 2       ;
; my_niosv|my_niosv|timer_module|mtimecmp[15]                                                                               ; 2       ;
; my_niosv|my_niosv|timer_module|mtimecmp[47]                                                                               ; 2       ;
; my_niosv|my_niosv|timer_module|mtimecmp[23]                                                                               ; 2       ;
; my_niosv|my_niosv|timer_module|mtimecmp[55]                                                                               ; 2       ;
; my_niosv|my_niosv|timer_module|mtimecmp[31]                                                                               ; 2       ;
; my_niosv|my_niosv|timer_module|mtimecmp[63]                                                                               ; 2       ;
; my_niosv|my_niosv|timer_module|mtimecmp[30]                                                                               ; 2       ;
; my_niosv|my_niosv|timer_module|mtimecmp[62]                                                                               ; 2       ;
; my_niosv|my_niosv|timer_module|mtimecmp[26]                                                                               ; 2       ;
; my_niosv|my_niosv|timer_module|mtimecmp[58]                                                                               ; 2       ;
; my_niosv|my_niosv|timer_module|mtimecmp[27]                                                                               ; 2       ;
; my_niosv|my_niosv|timer_module|mtimecmp[59]                                                                               ; 2       ;
; my_niosv|my_niosv|timer_module|mtimecmp[28]                                                                               ; 2       ;
; my_niosv|my_niosv|timer_module|mtimecmp[60]                                                                               ; 2       ;
; my_niosv|my_niosv|timer_module|mtimecmp[24]                                                                               ; 2       ;
; my_niosv|my_niosv|timer_module|mtimecmp[56]                                                                               ; 2       ;
; my_niosv|my_niosv|timer_module|mtimecmp[25]                                                                               ; 2       ;
; my_niosv|my_niosv|timer_module|mtimecmp[57]                                                                               ; 2       ;
; my_niosv|my_niosv|timer_module|mtimecmp[17]                                                                               ; 2       ;
; my_niosv|my_niosv|timer_module|mtimecmp[49]                                                                               ; 2       ;
; my_niosv|my_niosv|timer_module|mtimecmp[18]                                                                               ; 2       ;
; my_niosv|my_niosv|timer_module|mtimecmp[50]                                                                               ; 2       ;
; my_niosv|my_niosv|timer_module|mtimecmp[19]                                                                               ; 2       ;
; my_niosv|my_niosv|timer_module|mtimecmp[51]                                                                               ; 2       ;
; my_niosv|my_niosv|timer_module|mtimecmp[20]                                                                               ; 2       ;
; my_niosv|my_niosv|timer_module|mtimecmp[52]                                                                               ; 2       ;
; my_niosv|my_niosv|timer_module|mtimecmp[21]                                                                               ; 2       ;
; my_niosv|my_niosv|timer_module|mtimecmp[53]                                                                               ; 2       ;
; my_niosv|my_niosv|timer_module|mtimecmp[22]                                                                               ; 2       ;
; my_niosv|my_niosv|timer_module|mtimecmp[54]                                                                               ; 2       ;
; my_niosv|my_niosv|timer_module|mtimecmp[14]                                                                               ; 2       ;
; my_niosv|my_niosv|timer_module|mtimecmp[46]                                                                               ; 2       ;
; my_niosv|my_niosv|timer_module|mtimecmp[16]                                                                               ; 2       ;
; my_niosv|my_niosv|timer_module|mtimecmp[48]                                                                               ; 2       ;
; my_niosv|my_niosv|timer_module|mtimecmp[11]                                                                               ; 2       ;
; my_niosv|my_niosv|timer_module|mtimecmp[43]                                                                               ; 2       ;
; my_niosv|my_niosv|timer_module|mtimecmp[12]                                                                               ; 2       ;
; my_niosv|my_niosv|timer_module|mtimecmp[44]                                                                               ; 2       ;
; my_niosv|my_niosv|timer_module|mtimecmp[13]                                                                               ; 2       ;
; my_niosv|my_niosv|timer_module|mtimecmp[45]                                                                               ; 2       ;
; my_niosv|my_niosv|timer_module|mtimecmp[8]                                                                                ; 2       ;
; my_niosv|my_niosv|timer_module|mtimecmp[40]                                                                               ; 2       ;
; my_niosv|my_niosv|timer_module|mtimecmp[9]                                                                                ; 2       ;
; my_niosv|my_niosv|timer_module|mtimecmp[41]                                                                               ; 2       ;
; my_niosv|my_niosv|timer_module|mtimecmp[10]                                                                               ; 2       ;
; my_niosv|my_niosv|timer_module|mtimecmp[42]                                                                               ; 2       ;
; my_niosv|my_niosv|timer_module|mtimecmp[5]                                                                                ; 2       ;
; my_niosv|my_niosv|timer_module|mtimecmp[37]                                                                               ; 2       ;
; my_niosv|my_niosv|timer_module|mtimecmp[6]                                                                                ; 2       ;
; my_niosv|my_niosv|timer_module|mtimecmp[38]                                                                               ; 2       ;
; my_niosv|my_niosv|timer_module|mtimecmp[1]                                                                                ; 2       ;
; my_niosv|my_niosv|timer_module|mtimecmp[33]                                                                               ; 2       ;
; my_niosv|my_niosv|timer_module|mtimecmp[2]                                                                                ; 2       ;
; my_niosv|my_niosv|timer_module|mtimecmp[34]                                                                               ; 2       ;
; my_niosv|my_niosv|dbg_mod|dm_inst|jmp_adrs[2]                                                                             ; 1       ;
; my_niosv|my_niosv|timer_module|mtimecmp[3]                                                                                ; 2       ;
; my_niosv|my_niosv|timer_module|mtimecmp[35]                                                                               ; 2       ;
; my_niosv|my_niosv|timer_module|mtimecmp[4]                                                                                ; 2       ;
; my_niosv|my_niosv|timer_module|mtimecmp[36]                                                                               ; 2       ;
; rst_controller|alt_rst_sync_uq1|altera_reset_synchronizer_int_chain[0]                                                    ; 1       ;
; my_niosv|my_niosv|dbg_mod|dtm_inst|rsp_clk_xer|clock_xer|alt_rst_req_sync_in_rst|altera_reset_synchronizer_int_chain[1]   ; 1       ;
; my_niosv|my_niosv|dbg_mod|rst_controller|alt_rst_sync_uq1|altera_reset_synchronizer_int_chain[0]                          ; 1       ;
; my_niosv|my_niosv|hart|m_core.niosv_m_full_inst|prefetch_inst|pc_fetch_stop[4]                                            ; 1       ;
; my_niosv|my_niosv|timer_module|mtimecmp[0]                                                                                ; 2       ;
; my_niosv|my_niosv|timer_module|mtimecmp[32]                                                                               ; 2       ;
; rst_controller|alt_rst_sync_uq1|altera_reset_synchronizer_int_chain[1]                                                    ; 1       ;
; my_niosv|my_niosv|dbg_mod|rst_controller|alt_rst_sync_uq1|altera_reset_synchronizer_int_chain[1]                          ; 1       ;
; my_niosv|my_niosv|dbg_mod|dtm_inst|cmd_clk_xer|clock_xer|alt_rst_req_sync_out_rst|altera_reset_synchronizer_int_chain_out ; 49      ;
; my_niosv|my_niosv|hart|m_core.niosv_m_full_inst|prefetch_inst|pc_fetch_stop[3]                                            ; 1       ;
; my_niosv|my_niosv|dbg_mod|dtm_inst|cmd_clk_xer|clock_xer|alt_rst_req_sync_out_rst|altera_reset_synchronizer_int_chain[0]  ; 1       ;
; my_niosv|my_niosv|hart|m_core.niosv_m_full_inst|prefetch_inst|pc_fetch_stop[2]                                            ; 1       ;
; my_niosv|my_niosv|dbg_mod|dtm_inst|cmd_clk_xer|clock_xer|alt_rst_req_sync_in_rst|altera_reset_synchronizer_int_chain_out  ; 46      ;
; my_niosv|my_niosv|dbg_mod|dtm_inst|cmd_clk_xer|clock_xer|alt_rst_req_sync_out_rst|altera_reset_synchronizer_int_chain[1]  ; 1       ;
; Total number of inverted registers = 105*                                                                                 ;         ;
+---------------------------------------------------------------------------------------------------------------------------+---------+
* Table truncated at 100 items. To change the number of inverted registers reported, set the "Number of Inverted Registers Reported" option under Assignments->Settings->Compiler Settings->Advanced Settings (Synthesis)


+----------------------------------------------------------------------------------------------------------------------------------------------------------------------------------------------------------------------------------------------------------------------------+
; Multiplexer Restructuring Statistics (Restructuring Performed)                                                                                                                                                                                                             ;
+--------------------+-----------+---------------+----------------------+------------------------+------------+------------------------------------------------------------------------------------------------------------------------------------+-------------------------+
; Multiplexer Inputs ; Bus Width ; Baseline Area ; Area if Restructured ; Saving if Restructured ; Registered ; Example Multiplexer Output                                                                                                         ; Restructuring Performed ;
+--------------------+-----------+---------------+----------------------+------------------------+------------+------------------------------------------------------------------------------------------------------------------------------------+-------------------------+
; 3:1                ; 10 bits   ; 20 LEs        ; 0 LEs                ; 20 LEs                 ; Yes        ; debug|debug|altera_avalon_jtag_uart_alt_jtag_atlantic|count[0]                                                                     ; Yes                     ;
; 3:1                ; 30 bits   ; 60 LEs        ; 30 LEs               ; 30 LEs                 ; Yes        ; my_niosv|my_niosv|dbg_mod|dtm_inst|shifted_dtmcs[7]                                                                                ; Yes                     ;
; 3:1                ; 43 bits   ; 86 LEs        ; 43 LEs               ; 43 LEs                 ; Yes        ; my_niosv|my_niosv|dbg_mod|dtm_inst|shifted_dmi[28]                                                                                 ; Yes                     ;
; 3:1                ; 26 bits   ; 52 LEs        ; 0 LEs                ; 52 LEs                 ; Yes        ; my_niosv|my_niosv|dbg_mod|dm_inst|cmdbuf_instr[16]                                                                                 ; Yes                     ;
; 3:1                ; 32 bits   ; 64 LEs        ; 32 LEs               ; 32 LEs                 ; Yes        ; my_niosv|my_niosv|dbg_mod|dtm_inst|updated_dmi[32]                                                                                 ; Yes                     ;
; 3:1                ; 2 bits    ; 4 LEs         ; 2 LEs                ; 2 LEs                  ; Yes        ; mm_interconnect_0|my_niosv_instruction_manager_rd_limiter|last_dest_id[1]                                                          ; Yes                     ;
; 3:1                ; 2 bits    ; 4 LEs         ; 2 LEs                ; 2 LEs                  ; Yes        ; mm_interconnect_0|cmd_mux_001|arb|top_priority_reg[1]                                                                              ; Yes                     ;
; 3:1                ; 30 bits   ; 60 LEs        ; 30 LEs               ; 30 LEs                 ; Yes        ; my_niosv|my_niosv|hart|m_core.niosv_m_full_inst|prefetch_inst|dispatch_pc[18]                                                      ; Yes                     ;
; 3:1                ; 2 bits    ; 4 LEs         ; 2 LEs                ; 2 LEs                  ; Yes        ; my_niosv|my_niosv|hart|m_core.niosv_m_full_inst|prefetch_inst|buffer_inst|read_addr[1]                                             ; Yes                     ;
; 3:1                ; 2 bits    ; 4 LEs         ; 2 LEs                ; 2 LEs                  ; Yes        ; my_niosv|my_niosv|hart|m_core.niosv_m_full_inst|prefetch_inst|total_lookahead[1]                                                   ; Yes                     ;
; 3:1                ; 147 bits  ; 294 LEs       ; 294 LEs              ; 0 LEs                  ; Yes        ; my_niosv|my_niosv|hart|m_core.niosv_m_full_inst|csr_inst|mtvec.base[29]                                                            ; Yes                     ;
; 3:1                ; 2 bits    ; 4 LEs         ; 2 LEs                ; 2 LEs                  ; Yes        ; mm_interconnect_0|cmd_mux_002|arb|top_priority_reg[2]                                                                              ; Yes                     ;
; 3:1                ; 2 bits    ; 4 LEs         ; 4 LEs                ; 0 LEs                  ; Yes        ; my_niosv|my_niosv|hart|m_core.niosv_m_full_inst|csr_inst|core_irq_cause[2]                                                         ; Yes                     ;
; 3:1                ; 2 bits    ; 4 LEs         ; 2 LEs                ; 2 LEs                  ; Yes        ; my_niosv|my_niosv|hart|m_core.niosv_m_full_inst|prefetch_inst|buffer_inst|write_addr[2]                                            ; Yes                     ;
; 3:1                ; 32 bits   ; 64 LEs        ; 64 LEs               ; 0 LEs                  ; Yes        ; my_niosv|my_niosv|hart|m_core.niosv_m_full_inst|C_expn_mtval[19]                                                                   ; Yes                     ;
; 3:1                ; 6 bits    ; 12 LEs        ; 6 LEs                ; 6 LEs                  ; Yes        ; mm_interconnect_0|debug_avalon_jtag_slave_translator|av_readdata_pre[5]                                                            ; Yes                     ;
; 3:1                ; 9 bits    ; 18 LEs        ; 9 LEs                ; 9 LEs                  ; Yes        ; mm_interconnect_0|debug_avalon_jtag_slave_translator|av_readdata_pre[19]                                                           ; Yes                     ;
; 3:1                ; 3 bits    ; 6 LEs         ; 3 LEs                ; 3 LEs                  ; Yes        ; my_niosv|my_niosv|hart|m_core.niosv_m_full_inst|prefetch_inst|flush_count[2]                                                       ; Yes                     ;
; 3:1                ; 3 bits    ; 6 LEs         ; 6 LEs                ; 0 LEs                  ; Yes        ; my_niosv|my_niosv|dbg_mod|dm_inst|niosv_dm_csr_mem_inst|ram_no_ecc.data_ram_inst|auto_generated|altera_syncram_impl1|wraddr_reg[2] ; Yes                     ;
; 3:1                ; 2 bits    ; 4 LEs         ; 2 LEs                ; 2 LEs                  ; Yes        ; my_niosv|my_niosv|dbg_mod|dm_inst|cmd_buf[0][4]                                                                                    ; Yes                     ;
; 3:1                ; 2 bits    ; 4 LEs         ; 2 LEs                ; 2 LEs                  ; Yes        ; my_niosv|my_niosv|hart|m_core.niosv_m_full_inst|prefetch_inst|axi_lookahead[1]                                                     ; Yes                     ;
; 3:1                ; 2 bits    ; 4 LEs         ; 2 LEs                ; 2 LEs                  ; Yes        ; my_niosv|my_niosv|hart|m_core.niosv_m_full_inst|prefetch_inst|fetch_pc[1]                                                          ; Yes                     ;
; 4:1                ; 2 bits    ; 4 LEs         ; 4 LEs                ; 0 LEs                  ; Yes        ; debug|debug|altera_avalon_jtag_uart_alt_jtag_atlantic|td_shift[9]                                                                  ; Yes                     ;
; 5:1                ; 7 bits    ; 21 LEs        ; 21 LEs               ; 0 LEs                  ; Yes        ; my_niosv|my_niosv|hart|m_core.niosv_m_full_inst|lsu_inst|load_data[12]                                                             ; Yes                     ;
; 4:1                ; 32 bits   ; 64 LEs        ; 32 LEs               ; 32 LEs                 ; Yes        ; my_niosv|my_niosv|hart|m_core.niosv_m_full_inst|M0_stage_inst|M0_nxt_pc[15]                                                        ; Yes                     ;
; 4:1                ; 5 bits    ; 10 LEs        ; 10 LEs               ; 0 LEs                  ; Yes        ; my_niosv|my_niosv|hart|m_core.niosv_m_full_inst|csr_inst|mtvec.base[4]                                                             ; Yes                     ;
; 4:1                ; 32 bits   ; 64 LEs        ; 64 LEs               ; 0 LEs                  ; Yes        ; my_niosv|my_niosv|hart|m_core.niosv_m_full_inst|csr_inst|mscratch[16]                                                              ; Yes                     ;
; 4:1                ; 3 bits    ; 6 LEs         ; 3 LEs                ; 3 LEs                  ; Yes        ; my_niosv|my_niosv|hart|m_core.niosv_m_full_inst|csr_inst|dcsr.cause[2]                                                             ; Yes                     ;
; 4:1                ; 3 bits    ; 6 LEs         ; 6 LEs                ; 0 LEs                  ; Yes        ; my_niosv|my_niosv|hart|m_core.niosv_m_full_inst|C_expn_type.code[1]                                                                ; Yes                     ;
; 4:1                ; 30 bits   ; 60 LEs        ; 60 LEs               ; 0 LEs                  ; Yes        ; my_niosv|my_niosv|hart|m_core.niosv_m_full_inst|C_expn_pc[8]                                                                       ; Yes                     ;
; 4:1                ; 32 bits   ; 64 LEs        ; 32 LEs               ; 32 LEs                 ; Yes        ; my_niosv|my_niosv|dbg_mod|dm_inst|niosv_dm_csr_mem_inst|ram_no_ecc.data_ram_inst|auto_generated|altera_syncram_impl1|datain_reg[8] ; Yes                     ;
; 4:1                ; 28 bits   ; 56 LEs        ; 56 LEs               ; 0 LEs                  ; Yes        ; my_niosv|my_niosv|hart|m_core.niosv_m_full_inst|prefetch_inst|fetch_pc[17]                                                         ; Yes                     ;
; 4:1                ; 2 bits    ; 4 LEs         ; 4 LEs                ; 0 LEs                  ; Yes        ; my_niosv|my_niosv|hart|m_core.niosv_m_full_inst|prefetch_inst|fetch_pc[4]                                                          ; Yes                     ;
; 5:1                ; 3 bits    ; 9 LEs         ; 6 LEs                ; 3 LEs                  ; Yes        ; debug|debug|altera_avalon_jtag_uart_alt_jtag_atlantic|td_shift[7]                                                                  ; Yes                     ;
; 5:1                ; 4 bits    ; 12 LEs        ; 8 LEs                ; 4 LEs                  ; Yes        ; debug|debug|altera_avalon_jtag_uart_alt_jtag_atlantic|td_shift[6]                                                                  ; Yes                     ;
; 4:1                ; 3 bits    ; 6 LEs         ; 6 LEs                ; 0 LEs                  ; Yes        ; my_niosv|my_niosv|dbg_mod|dm_inst|dm_readdata[9]                                                                                   ; Yes                     ;
; 4:1                ; 4 bits    ; 8 LEs         ; 8 LEs                ; 0 LEs                  ; Yes        ; my_niosv|my_niosv|dbg_mod|dm_inst|dm_readdata[18]                                                                                  ; Yes                     ;
; 5:1                ; 7 bits    ; 21 LEs        ; 14 LEs               ; 7 LEs                  ; Yes        ; my_niosv|my_niosv|hart|m_core.niosv_m_full_inst|lsu_inst|load_data[25]                                                             ; Yes                     ;
; 6:1                ; 7 bits    ; 28 LEs        ; 21 LEs               ; 7 LEs                  ; Yes        ; my_niosv|my_niosv|hart|m_core.niosv_m_full_inst|lsu_inst|load_data[20]                                                             ; Yes                     ;
; 5:1                ; 2 bits    ; 6 LEs         ; 4 LEs                ; 2 LEs                  ; Yes        ; my_niosv|my_niosv|hart|m_core.niosv_m_full_inst|C_dbg_expn_pc[0]                                                                   ; Yes                     ;
; 5:1                ; 32 bits   ; 96 LEs        ; 64 LEs               ; 32 LEs                 ; Yes        ; my_niosv|my_niosv|hart|m_core.niosv_m_full_inst|csr_inst|mtval2[23]                                                                ; Yes                     ;
; 5:1                ; 30 bits   ; 90 LEs        ; 60 LEs               ; 30 LEs                 ; Yes        ; my_niosv|my_niosv|hart|m_core.niosv_m_full_inst|csr_inst|mepc.epc[10]                                                              ; Yes                     ;
; 5:1                ; 6 bits    ; 18 LEs        ; 12 LEs               ; 6 LEs                  ; Yes        ; my_niosv|my_niosv|hart|m_core.niosv_m_full_inst|csr_inst|mcause.code[2]                                                            ; Yes                     ;
; 5:1                ; 2 bits    ; 6 LEs         ; 2 LEs                ; 4 LEs                  ; Yes        ; my_niosv|my_niosv|dbg_mod|dm_inst|cmd_buf[2][23]                                                                                   ; Yes                     ;
; 5:1                ; 5 bits    ; 15 LEs        ; 10 LEs               ; 5 LEs                  ; Yes        ; my_niosv|my_niosv|dbg_mod|dm_inst|cmd_buf[0][7]                                                                                    ; Yes                     ;
; 5:1                ; 2 bits    ; 6 LEs         ; 4 LEs                ; 2 LEs                  ; Yes        ; my_niosv|my_niosv|dbg_mod|dm_inst|cmd_buf[2][27]                                                                                   ; Yes                     ;
; 5:1                ; 2 bits    ; 6 LEs         ; 4 LEs                ; 2 LEs                  ; Yes        ; my_niosv|my_niosv|dbg_mod|dm_inst|cmd_buf[1][4]                                                                                    ; Yes                     ;
; 5:1                ; 3 bits    ; 9 LEs         ; 3 LEs                ; 6 LEs                  ; Yes        ; my_niosv|my_niosv|dbg_mod|dm_inst|cmd_buf[1][23]                                                                                   ; Yes                     ;
; 5:1                ; 4 bits    ; 12 LEs        ; 4 LEs                ; 8 LEs                  ; Yes        ; my_niosv|my_niosv|dbg_mod|dm_inst|cmd_buf[0][21]                                                                                   ; Yes                     ;
; 5:1                ; 2 bits    ; 6 LEs         ; 4 LEs                ; 2 LEs                  ; Yes        ; my_niosv|my_niosv|dbg_mod|dm_inst|cmd_buf[1][27]                                                                                   ; Yes                     ;
; 5:1                ; 2 bits    ; 6 LEs         ; 4 LEs                ; 2 LEs                  ; Yes        ; my_niosv|my_niosv|dbg_mod|dm_inst|cmd_buf[2][18]                                                                                   ; Yes                     ;
; 5:1                ; 2 bits    ; 6 LEs         ; 4 LEs                ; 2 LEs                  ; Yes        ; my_niosv|my_niosv|dbg_mod|dm_inst|cmd_buf[0][11]                                                                                   ; Yes                     ;
; 6:1                ; 5 bits    ; 20 LEs        ; 10 LEs               ; 10 LEs                 ; Yes        ; my_niosv|my_niosv|dbg_mod|dm_inst|cmd_buf[2][24]                                                                                   ; Yes                     ;
; 6:1                ; 2 bits    ; 8 LEs         ; 4 LEs                ; 4 LEs                  ; Yes        ; my_niosv|my_niosv|dbg_mod|dm_inst|cmd_buf[2][22]                                                                                   ; Yes                     ;
; 6:1                ; 6 bits    ; 24 LEs        ; 12 LEs               ; 12 LEs                 ; Yes        ; my_niosv|my_niosv|dbg_mod|dm_inst|cmd_buf[1][28]                                                                                   ; Yes                     ;
; 6:1                ; 30 bits   ; 120 LEs       ; 60 LEs               ; 60 LEs                 ; Yes        ; my_niosv|my_niosv|hart|m_core.niosv_m_full_inst|C_dbg_expn_pc[23]                                                                  ; Yes                     ;
; 6:1                ; 32 bits   ; 128 LEs       ; 64 LEs               ; 64 LEs                 ; Yes        ; my_niosv|my_niosv|hart|m_core.niosv_m_full_inst|csr_inst|mtval[21]                                                                 ; Yes                     ;
; 5:1                ; 31 bits   ; 93 LEs        ; 62 LEs               ; 31 LEs                 ; Yes        ; my_niosv|my_niosv|timer_module|hart_readdata[20]                                                                                   ; Yes                     ;
; 9:1                ; 3 bits    ; 18 LEs        ; 12 LEs               ; 6 LEs                  ; Yes        ; my_niosv|my_niosv|hart|m_core.niosv_m_full_inst|M0_stage_inst|shifter_inst|shift_result[3]                                         ; Yes                     ;
; 9:1                ; 27 bits   ; 162 LEs       ; 108 LEs              ; 54 LEs                 ; Yes        ; my_niosv|my_niosv|hart|m_core.niosv_m_full_inst|M0_stage_inst|shifter_inst|shift_result[21]                                        ; Yes                     ;
; 39:1               ; 27 bits   ; 702 LEs       ; 27 LEs               ; 675 LEs                ; Yes        ; my_niosv|my_niosv|hart|m_core.niosv_m_full_inst|E_stage_inst|E_exe_s1[5]                                                           ; Yes                     ;
; 39:1               ; 5 bits    ; 130 LEs       ; 10 LEs               ; 120 LEs                ; Yes        ; my_niosv|my_niosv|hart|m_core.niosv_m_full_inst|E_stage_inst|E_exe_s1[1]                                                           ; Yes                     ;
; 6:1                ; 32 bits   ; 128 LEs       ; 64 LEs               ; 64 LEs                 ; Yes        ; my_niosv|my_niosv|hart|m_core.niosv_m_full_inst|csr_inst|debug_pc[14]                                                              ; Yes                     ;
; 10:1               ; 7 bits    ; 42 LEs        ; 42 LEs               ; 0 LEs                  ; Yes        ; my_niosv|my_niosv|hart|m_core.niosv_m_full_inst|lsu_inst|load_data[0]                                                              ; Yes                     ;
; 18:1               ; 2 bits    ; 24 LEs        ; 4 LEs                ; 20 LEs                 ; Yes        ; my_niosv|my_niosv|dbg_mod|dm_inst|cmdbuf_instr[0]                                                                                  ; Yes                     ;
; 3:1                ; 3 bits    ; 6 LEs         ; 6 LEs                ; 0 LEs                  ; No         ; my_niosv|my_niosv|dbg_mod|dm_inst|i274                                                                                             ; Yes                     ;
; 3:1                ; 10 bits   ; 20 LEs        ; 20 LEs               ; 0 LEs                  ; No         ; my_niosv|my_niosv|dbg_mod|dm_inst|prog_buf_access[0]                                                                               ; Yes                     ;
; 4:1                ; 8 bits    ; 16 LEs        ; 16 LEs               ; 0 LEs                  ; No         ; my_niosv|my_niosv|hart|m_core.niosv_m_full_inst|lsu_inst|st_instr_data[0]                                                          ; Yes                     ;
; 4:1                ; 9 bits    ; 18 LEs        ; 18 LEs               ; 0 LEs                  ; No         ; my_niosv|my_niosv|hart|m_core.niosv_m_full_inst|lsu_inst|signext_ld_data[0]                                                        ; Yes                     ;
; 4:1                ; 8 bits    ; 16 LEs        ; 16 LEs               ; 0 LEs                  ; No         ; my_niosv|my_niosv|hart|m_core.niosv_m_full_inst|lsu_inst|st_instr_data[0]                                                          ; Yes                     ;
; 3:1                ; 2 bits    ; 4 LEs         ; 4 LEs                ; 0 LEs                  ; No         ; my_niosv|my_niosv|hart|m_core.niosv_m_full_inst|M0_stage_inst|shifter_inst|nxt_count[0]                                            ; Yes                     ;
; 3:1                ; 2 bits    ; 4 LEs         ; 4 LEs                ; 0 LEs                  ; No         ; my_niosv|my_niosv|hart|m_core.niosv_m_full_inst|csr_inst|i1356                                                                     ; Yes                     ;
; 3:1                ; 2 bits    ; 4 LEs         ; 2 LEs                ; 2 LEs                  ; No         ; mm_interconnect_0|router_001|src_channel[2]                                                                                        ; Yes                     ;
; 3:1                ; 2 bits    ; 4 LEs         ; 2 LEs                ; 2 LEs                  ; No         ; mm_interconnect_0|router|src_channel[2]                                                                                            ; Yes                     ;
; 3:1                ; 32 bits   ; 64 LEs        ; 64 LEs               ; 0 LEs                  ; No         ; my_niosv|my_niosv|hart|m_core.niosv_m_full_inst|E_stage_inst|alu_inst|E_exe_logic_result[0]                                        ; Yes                     ;
; 3:1                ; 2 bits    ; 4 LEs         ; 4 LEs                ; 0 LEs                  ; No         ; my_niosv|my_niosv|dbg_mod|dm_inst|i57                                                                                              ; Yes                     ;
; 3:1                ; 3 bits    ; 6 LEs         ; 6 LEs                ; 0 LEs                  ; No         ; my_niosv|my_niosv|dbg_mod|dm_inst|mlab_rd_addr[0]                                                                                  ; Yes                     ;
; 3:1                ; 5 bits    ; 10 LEs        ; 5 LEs                ; 5 LEs                  ; No         ; my_niosv|my_niosv|dbg_mod|dm_inst|i936                                                                                             ; Yes                     ;
; 4:1                ; 2 bits    ; 4 LEs         ; 4 LEs                ; 0 LEs                  ; No         ; my_niosv|my_niosv|dbg_mod|dtm_inst|nxt_shifted_dmi[0]                                                                              ; Yes                     ;
; 4:1                ; 3 bits    ; 6 LEs         ; 3 LEs                ; 3 LEs                  ; No         ; my_niosv|my_niosv|dbg_mod|dm_inst|reduce_or_136~0                                                                                  ; Yes                     ;
; 4:1                ; 32 bits   ; 64 LEs        ; 64 LEs               ; 0 LEs                  ; No         ; my_niosv|my_niosv|dbg_mod|dm_inst|hart_readdata[25]                                                                                ; Yes                     ;
; 5:1                ; 2 bits    ; 6 LEs         ; 2 LEs                ; 4 LEs                  ; No         ; my_niosv|my_niosv|dbg_mod|dm_inst|reduce_or_80~0                                                                                   ; Yes                     ;
; 5:1                ; 2 bits    ; 6 LEs         ; 4 LEs                ; 2 LEs                  ; No         ; mm_interconnect_0|router_005|src_channel[1]                                                                                        ; Yes                     ;
; 5:1                ; 2 bits    ; 6 LEs         ; 4 LEs                ; 2 LEs                  ; No         ; mm_interconnect_0|router_006|src_channel[0]                                                                                        ; Yes                     ;
; 4:1                ; 30 bits   ; 60 LEs        ; 60 LEs               ; 0 LEs                  ; No         ; my_niosv|my_niosv|hart|m_core.niosv_m_full_inst|M0_stage_inst|Select_63                                                            ; Yes                     ;
; 5:1                ; 32 bits   ; 96 LEs        ; 96 LEs               ; 0 LEs                  ; No         ; my_niosv|my_niosv|hart|m_core.niosv_m_full_inst|D_rs1_gpr_val[0]                                                                   ; Yes                     ;
; 5:1                ; 32 bits   ; 96 LEs        ; 96 LEs               ; 0 LEs                  ; No         ; my_niosv|my_niosv|hart|m_core.niosv_m_full_inst|D_rs2_gpr_val[0]                                                                   ; Yes                     ;
; 13:1               ; 3 bits    ; 24 LEs        ; 6 LEs                ; 18 LEs                 ; No         ; my_niosv|my_niosv|dbg_mod|dm_inst|Mux_27                                                                                           ; Yes                     ;
; 13:1               ; 4 bits    ; 32 LEs        ; 8 LEs                ; 24 LEs                 ; No         ; my_niosv|my_niosv|dbg_mod|dm_inst|Mux_27                                                                                           ; Yes                     ;
; 3:1                ; 3 bits    ; 6 LEs         ; 6 LEs                ; 0 LEs                  ; No         ; my_niosv|my_niosv|dbg_mod|dm_inst|Mux_19                                                                                           ; Yes                     ;
; 4:1                ; 15 bits   ; 30 LEs        ; 30 LEs               ; 0 LEs                  ; No         ; mm_interconnect_0|cmd_mux_001|Select_113                                                                                           ; Yes                     ;
; 4:1                ; 16 bits   ; 32 LEs        ; 32 LEs               ; 0 LEs                  ; No         ; mm_interconnect_0|cmd_mux_002|Select_111                                                                                           ; Yes                     ;
; 4:1                ; 32 bits   ; 64 LEs        ; 64 LEs               ; 0 LEs                  ; No         ; my_niosv|my_niosv|hart|m_core.niosv_m_full_inst|M0_stage_inst|M0_result_data_nxt[0]                                                ; Yes                     ;
; 6:1                ; 2 bits    ; 8 LEs         ; 4 LEs                ; 4 LEs                  ; No         ; my_niosv|my_niosv|dbg_mod|dm_inst|prog_buf_num[2]                                                                                  ; Yes                     ;
; 6:1                ; 9 bits    ; 36 LEs        ; 36 LEs               ; 0 LEs                  ; No         ; mm_interconnect_0|rsp_mux_001|Select_133                                                                                           ; Yes                     ;
; 6:1                ; 3 bits    ; 12 LEs        ; 6 LEs                ; 6 LEs                  ; No         ; my_niosv|my_niosv|dbg_mod|dm_inst|Mux_24                                                                                           ; Yes                     ;
; 6:1                ; 3 bits    ; 12 LEs        ; 6 LEs                ; 6 LEs                  ; No         ; my_niosv|my_niosv|dbg_mod|dm_inst|Mux_27                                                                                           ; Yes                     ;
; 6:1                ; 2 bits    ; 8 LEs         ; 4 LEs                ; 4 LEs                  ; No         ; my_niosv|my_niosv|dbg_mod|dm_inst|Mux_27                                                                                           ; Yes                     ;
; 7:1                ; 14 bits   ; 56 LEs        ; 56 LEs               ; 0 LEs                  ; No         ; mm_interconnect_0|rsp_mux_001|Select_159                                                                                           ; Yes                     ;
; 16:1               ; 31 bits   ; 310 LEs       ; 310 LEs              ; 0 LEs                  ; No         ; sram|intel_onchip_memory_0|altera_syncram_component|auto_generated|altera_syncram_impl1|mux4|rtl~1796                              ; Yes                     ;
; 9:1                ; 3 bits    ; 18 LEs        ; 9 LEs                ; 9 LEs                  ; No         ; my_niosv|my_niosv|dbg_mod|dm_inst|abstcs_nxt.cmderr[0]                                                                             ; Yes                     ;
; 26:1               ; 4 bits    ; 68 LEs        ; 36 LEs               ; 32 LEs                 ; No         ; my_niosv|my_niosv|hart|m_core.niosv_m_full_inst|E_stage_inst|E_exe_result[0]                                                       ; Yes                     ;
; 27:1               ; 7 bits    ; 126 LEs       ; 70 LEs               ; 56 LEs                 ; No         ; my_niosv|my_niosv|hart|m_core.niosv_m_full_inst|E_stage_inst|E_exe_result[0]                                                       ; Yes                     ;
; 27:1               ; 3 bits    ; 54 LEs        ; 30 LEs               ; 24 LEs                 ; No         ; my_niosv|my_niosv|hart|m_core.niosv_m_full_inst|E_stage_inst|E_exe_result[0]                                                       ; Yes                     ;
; 28:1               ; 2 bits    ; 36 LEs        ; 20 LEs               ; 16 LEs                 ; No         ; my_niosv|my_niosv|hart|m_core.niosv_m_full_inst|E_stage_inst|E_exe_result[0]                                                       ; Yes                     ;
+--------------------+-----------+---------------+----------------------+------------------------+------------+------------------------------------------------------------------------------------------------------------------------------------+-------------------------+


+------------------------------------------------------------------+
; Post-Synthesis Netlist Statistics for Partition "root_partition" ;
+------------------------+-----------------------------------------+
; Type                   ; Count                                   ;
+------------------------+-----------------------------------------+
; blackbox               ; 1                                       ;
;     auto_fab_0         ; 1                                       ;
; boundary_port          ; 5                                       ;
; tennm_ff               ; 2968                                    ;
;     CLR                ; 361                                     ;
;     CLR SCLR           ; 6                                       ;
;     ENA                ; 1407                                    ;
;     ENA CLR            ; 397                                     ;
;     ENA SCLR           ; 140                                     ;
;     SCLR               ; 111                                     ;
;     plain              ; 546                                     ;
; tennm_lcell_comb       ; 3550                                    ;
;     arith              ; 283                                     ;
;         0 data inputs  ; 1                                       ;
;         1 data inputs  ; 157                                     ;
;         2 data inputs  ; 76                                      ;
;         3 data inputs  ; 31                                      ;
;         4 data inputs  ; 18                                      ;
;     extend             ; 161                                     ;
;         7 data inputs  ; 63                                      ;
;         8 data inputs  ; 98                                      ;
;     normal             ; 3106                                    ;
;         0 data inputs  ; 2                                       ;
;         1 data inputs  ; 21                                      ;
;         2 data inputs  ; 249                                     ;
;         3 data inputs  ; 533                                     ;
;         4 data inputs  ; 854                                     ;
;         5 data inputs  ; 606                                     ;
;         6 data inputs  ; 841                                     ;
; tennm_mlab_cell        ; 96                                      ;
; tennm_ram_block        ; 592                                     ;
;                        ;                                         ;
; Number of carry chains ; 10                                      ;
; Max carry chain length ; 64                                      ;
;                        ;                                         ;
; Max LUT depth          ; 8.30                                    ;
; Average LUT depth      ; 4.16                                    ;
+------------------------+-----------------------------------------+


+-----------------------------------------------------------------+
; Synthesis Resource Usage Summary for Partition "root_partition" ;
+---------------------------------------------+-------------------+
; Resource                                    ; Usage             ;
+---------------------------------------------+-------------------+
; Estimate of Logic utilization (ALMs needed) ; 2280              ;
;                                             ;                   ;
; Combinational ALUT usage for logic          ; 3550              ;
;     -- 8 input functions                    ; 98                ;
;     -- 7 input functions                    ; 63                ;
;     -- 6 input functions                    ; 841               ;
;     -- 5 input functions                    ; 606               ;
;     -- 4 input functions                    ; 872               ;
;     -- <=3 input functions                  ; 1070              ;
;                                             ;                   ;
; Memory ALUT usage                           ; 96                ;
;     -- 64-address deep                      ; 0                 ;
;     -- 32-address deep                      ; 96                ;
;                                             ;                   ;
; Dedicated logic registers                   ; 2968              ;
;                                             ;                   ;
; I/O pins                                    ; 5                 ;
; Total MLAB memory bits                      ; 1664              ;
; Total block memory bits                     ; 1051648           ;
;                                             ;                   ;
; Total DSP Blocks                            ; 0                 ;
;     -- [A] Total Fixed Point DSP Blocks     ; 0                 ;
;     -- [B] Total Floating Point DSP Blocks  ; 0                 ;
;     -- [C] Total DSP_PRIME Blocks           ; 0                 ;
;                                             ;                   ;
; Maximum fan-out node                        ; clk_clk           ;
; Maximum fan-out                             ; 3266              ;
; Total fan-out                               ; 34253             ;
; Average fan-out                             ; 4.75              ;
+---------------------------------------------+-------------------+


+----------------------------------------------------------------------------------------------------------------------------------------------------------------------------------------------------------------------------------------------------------------------------------------------------------------------------------------------------------------------------------------------------------------------------------------------------------------------------------------------------------------------------------------+
; Synthesis RAM Summary for Partition "root_partition"                                                                                                                                                                                                                                                                                                                                                                                                                                                                                   ;
+---------------------------------------------------------------------------------------------------------------------------------------------------------+------+------------------+--------------+--------------+--------------+--------------+--------------+-----------------------------+-----------------------------+-----------------------------+-----------------------------+---------------------+---------------------------------------------------------------------------------------------------------------------------+
; Name                                                                                                                                                    ; Type ; Mode             ; Port A Depth ; Port A Width ; Port B Depth ; Port B Width ; Logical Size ; Implementation Port A Depth ; Implementation Port A Width ; Implementation Port B Depth ; Implementation Port B Width ; Implementation Bits ; MIF                                                                                                                       ;
+---------------------------------------------------------------------------------------------------------------------------------------------------------+------+------------------+--------------+--------------+--------------+--------------+--------------+-----------------------------+-----------------------------+-----------------------------+-----------------------------+---------------------+---------------------------------------------------------------------------------------------------------------------------+
; debug|debug|altera_avalon_jtag_uart_scfifo_r|rfifo|auto_generated|dpfifo|FIFOram|altera_syncram_impl1|ALTERA_SYNCRAM                                    ; AUTO ; Simple Dual Port ; 64           ; 8            ; 64           ; 8            ; 512          ; 64                          ; 8                           ; 64                          ; 8                           ; 512                 ; None                                                                                                                      ;
; debug|debug|altera_avalon_jtag_uart_scfifo_w|wfifo|auto_generated|dpfifo|FIFOram|altera_syncram_impl1|ALTERA_SYNCRAM                                    ; AUTO ; Simple Dual Port ; 64           ; 8            ; 64           ; 8            ; 512          ; 64                          ; 8                           ; 64                          ; 8                           ; 512                 ; None                                                                                                                      ;
; my_niosv|my_niosv|dbg_mod|dm_inst|dbg_rom_inst|gen_mlab_rom.dbg_rom_inst|ram_no_ecc.data_ram_inst|auto_generated|altera_syncram_impl1|ALTDPRAM_INSTANCE ; MLAB ; Simple Dual Port ; 42           ; 32           ; 42           ; 32           ; 1344         ; 32                          ; 42                          ; 32                          ; 64                          ; 1344                ; ip/niosv/niosv_intel_niosv_m_0/intel_niosv_dbg_mod_210/synth/debug_rom.mif                                                ;
; my_niosv|my_niosv|dbg_mod|dm_inst|niosv_dm_csr_mem_inst|ram_no_ecc.data_ram_inst|auto_generated|altera_syncram_impl1|ALTDPRAM_INSTANCE                  ; MLAB ; Simple Dual Port ; 10           ; 32           ; 10           ; 32           ; 320          ; 10                          ; 32                          ; 10                          ; 32                          ; 320                 ; ip/niosv/niosv_intel_niosv_m_0/intel_niosv_dbg_mod_210/synth/csr_mlab.mif                                                 ;
; my_niosv|my_niosv|hart|m_core.niosv_m_full_inst|reg_file_inst|reg_file_a|ram_no_ecc.data_ram_inst|auto_generated|altera_syncram_impl1|ALTERA_SYNCRAM    ; AUTO ; Simple Dual Port ; 32           ; 32           ; 32           ; 32           ; 1024         ; 32                          ; 32                          ; 32                          ; 32                          ; 1024                ; None                                                                                                                      ;
; my_niosv|my_niosv|hart|m_core.niosv_m_full_inst|reg_file_inst|reg_file_b|ram_no_ecc.data_ram_inst|auto_generated|altera_syncram_impl1|ALTERA_SYNCRAM    ; AUTO ; Simple Dual Port ; 32           ; 32           ; 32           ; 32           ; 1024         ; 32                          ; 32                          ; 32                          ; 32                          ; 1024                ; None                                                                                                                      ;
; sram|intel_onchip_memory_0|altera_syncram_component|auto_generated|altera_syncram_impl1|ALTERA_SYNCRAM                                                  ; AUTO ; Simple Dual Port ; 32768        ; 32           ; 32768        ; 32           ; 1048576      ; 2048                        ; 512                         ; 2048                        ; 512                         ; 1048576             ; ip/niosv/niosv_intel_onchip_memory_0/intel_onchip_memory_1410/synth/niosv_intel_onchip_memory_0_intel_onchip_memory_0.hex ;
+---------------------------------------------------------------------------------------------------------------------------------------------------------+------+------------------+--------------+--------------+--------------+--------------+--------------+-----------------------------+-----------------------------+-----------------------------+-----------------------------+---------------------+---------------------------------------------------------------------------------------------------------------------------+
Note: Logical size represents the size at the time of creation, implementation bits is the size at the end of synthesis. If the number of implementation bits is smaller, some slices have optimized away because they have become redundant.


+------------------------------------------------------------------------------------------------------------------------------------------------------------------------------------------------------------------------------------------------------------------------------------------------------------------------------------------------------------------------------------------+
; Partition "auto_fab_0" Resource Utilization by Entity                                                                                                                                                                                                                                                                                                                                    ;
+-------------------------------------------------+---------------------+---------------------------+-------------------+------------+----------------+-----------+----------------------------------------------------------------------------------------------+-----------------------------------------------------------------------+-------------------------------------------------+
; Compilation Hierarchy Node                      ; Combinational ALUTs ; Dedicated Logic Registers ; Block Memory Bits ; DSP Blocks ; Boundary Ports ; Max Depth ; Full Hierarchy Name                                                                          ; Entity Name                                                           ; Library Name                                    ;
+-------------------------------------------------+---------------------+---------------------------+-------------------+------------+----------------+-----------+----------------------------------------------------------------------------------------------+-----------------------------------------------------------------------+-------------------------------------------------+
; |                                               ; 120 (0)             ; 88 (0)                    ; 0                 ; 0          ; 66             ; 3.0 (0.0) ; |                                                                                            ; niosv                                                                 ; alt_sld_fab_0                                   ;
;    |auto_fab_0|                                 ; 120 (0)             ; 88 (0)                    ; 0                 ; 0          ; 66             ; 3.0 (2.0) ; auto_fab_0                                                                                   ; alt_sld_fab_0                                                         ; N/A                                             ;
;       |alt_sld_fab_0|                           ; 120 (0)             ; 88 (0)                    ; 0                 ; 0          ; 0              ; 3.0 (0.0) ; auto_fab_0|alt_sld_fab_0                                                                     ; alt_sld_fab_0_alt_sld_fab_0_10_fkimwiy                                ; alt_sld_fab_0_10                                ;
;          |alt_sld_fab_0|                        ; 120 (0)             ; 88 (0)                    ; 0                 ; 0          ; 0              ; 3.0 (0.0) ; auto_fab_0|alt_sld_fab_0|alt_sld_fab_0                                                       ; alt_sld_fab_0_alt_sld_fab_1920_dopew5i                                ; alt_sld_fab_1920                                ;
;             |configresetfabric|                 ; 0 (0)               ; 0 (0)                     ; 0                 ; 0          ; 0              ; 1.0 (0.0) ; auto_fab_0|alt_sld_fab_0|alt_sld_fab_0|configresetfabric                                     ; alt_sld_fab_0_intel_configuration_debug_reset_release_hub_203_ku24h5y ; intel_configuration_debug_reset_release_hub_203 ;
;                |conf_reset_src|                 ; 0 (0)               ; 0 (0)                     ; 0                 ; 0          ; 0              ; 1.0 (1.0) ; auto_fab_0|alt_sld_fab_0|alt_sld_fab_0|configresetfabric|conf_reset_src                      ; intel_configuration_reset_release_for_debug                           ; intel_configuration_reset_release_for_debug_203 ;
;             |jtagpins|                          ; 1 (0)               ; 0 (0)                     ; 0                 ; 0          ; 0              ; 2.0 (0.0) ; auto_fab_0|alt_sld_fab_0|alt_sld_fab_0|jtagpins                                              ; altera_jtag_wys_atom                                                  ; altera_jtag_wys_atom_1920                       ;
;                |atom_inst|                      ; 1 (1)               ; 0 (0)                     ; 0                 ; 0          ; 0              ; 2.0 (2.0) ; auto_fab_0|alt_sld_fab_0|alt_sld_fab_0|jtagpins|atom_inst                                    ; altera_jtag_wys_atom_bare                                             ; altera_jtag_wys_atom_1920                       ;
;             |sldfabric|                         ; 119 (0)             ; 88 (0)                    ; 0                 ; 0          ; 0              ; 3.0 (0.0) ; auto_fab_0|alt_sld_fab_0|alt_sld_fab_0|sldfabric                                             ; alt_sld_fab_0_altera_sld_jtag_hub_1920_nxacx4i                        ; altera_sld_jtag_hub_1920                        ;
;                |jtag_hub_gen.real_sld_jtag_hub| ; 119 (85)            ; 88 (60)                   ; 0                 ; 0          ; 0              ; 3.0 (3.0) ; auto_fab_0|alt_sld_fab_0|alt_sld_fab_0|sldfabric|jtag_hub_gen.real_sld_jtag_hub              ; sld_jtag_hub                                                          ; altera_work                                     ;
;                   |hub_info_reg|                ; 15 (15)             ; 9 (9)                     ; 0                 ; 0          ; 0              ; 2.0 (2.0) ; auto_fab_0|alt_sld_fab_0|alt_sld_fab_0|sldfabric|jtag_hub_gen.real_sld_jtag_hub|hub_info_reg ; sld_rom_sr                                                            ; altera_work                                     ;
;                   |shadow_jsm|                  ; 19 (19)             ; 19 (19)                   ; 0                 ; 0          ; 0              ; 3.0 (3.0) ; auto_fab_0|alt_sld_fab_0|alt_sld_fab_0|sldfabric|jtag_hub_gen.real_sld_jtag_hub|shadow_jsm   ; sld_shadow_jsm                                                        ; altera_sld                                      ;
+-------------------------------------------------+---------------------+---------------------------+-------------------+------------+----------------+-----------+----------------------------------------------------------------------------------------------+-----------------------------------------------------------------------+-------------------------------------------------+
Note: For table entries with two numbers listed, the numbers in parentheses indicate the number of resources of the given type used by the specific entity alone. The numbers listed outside of parentheses indicate the total resources of the given type used by the specific entity and all of its sub-entities in the hierarchy.


+--------------------------------------------------------+
; General Register Statistics for Partition "auto_fab_0" ;
+----------------------------------------------+---------+
; Statistic                                    ; Value   ;
+----------------------------------------------+---------+
; Total registers                              ; 88      ;
; Number of registers using Synchronous Clear  ; 7       ;
; Number of registers using Synchronous Load   ; 0       ;
; Number of registers using Asynchronous Clear ; 38      ;
; Number of registers using Asynchronous Load  ; 0       ;
; Number of registers using Clock Enable       ; 63      ;
; Number of registers using Preset             ; 0       ;
+----------------------------------------------+---------+


+----------------------------------------------------------------------------------------------------------+
; Inverted Register Statistics                                                                             ;
+------------------------------------------------------------------------------------------------+---------+
; Inverted Register                                                                              ; Fan out ;
+------------------------------------------------------------------------------------------------+---------+
; auto_fab_0|alt_sld_fab_0|alt_sld_fab_0|sldfabric|jtag_hub_gen.real_sld_jtag_hub|jtag_ir_reg[1] ; 3       ;
; auto_fab_0|alt_sld_fab_0|alt_sld_fab_0|sldfabric|jtag_hub_gen.real_sld_jtag_hub|jtag_ir_reg[2] ; 2       ;
; Total number of inverted registers = 2                                                         ;         ;
+------------------------------------------------------------------------------------------------+---------+


+------------------------------------------------------------------------------------------------------------------------------------------------------------------------------------------------------------------------------------------------------+
; Multiplexer Restructuring Statistics (Restructuring Performed)                                                                                                                                                                                       ;
+--------------------+-----------+---------------+----------------------+------------------------+------------+--------------------------------------------------------------------------------------------------------------+-------------------------+
; Multiplexer Inputs ; Bus Width ; Baseline Area ; Area if Restructured ; Saving if Restructured ; Registered ; Example Multiplexer Output                                                                                   ; Restructuring Performed ;
+--------------------+-----------+---------------+----------------------+------------------------+------------+--------------------------------------------------------------------------------------------------------------+-------------------------+
; 3:1                ; 5 bits    ; 10 LEs        ; 5 LEs                ; 5 LEs                  ; Yes        ; auto_fab_0|alt_sld_fab_0|alt_sld_fab_0|sldfabric|jtag_hub_gen.real_sld_jtag_hub|shadow_irf_reg[1][1]         ; Yes                     ;
; 3:1                ; 2 bits    ; 4 LEs         ; 2 LEs                ; 2 LEs                  ; Yes        ; auto_fab_0|alt_sld_fab_0|alt_sld_fab_0|sldfabric|jtag_hub_gen.real_sld_jtag_hub|hub_minor_ver_reg[2]         ; Yes                     ;
; 3:1                ; 2 bits    ; 4 LEs         ; 2 LEs                ; 2 LEs                  ; Yes        ; auto_fab_0|alt_sld_fab_0|alt_sld_fab_0|sldfabric|jtag_hub_gen.real_sld_jtag_hub|hub_minor_ver_reg[3]         ; Yes                     ;
; 3:1                ; 5 bits    ; 10 LEs        ; 5 LEs                ; 5 LEs                  ; Yes        ; auto_fab_0|alt_sld_fab_0|alt_sld_fab_0|sldfabric|jtag_hub_gen.real_sld_jtag_hub|irf_reg[1][4]                ; Yes                     ;
; 4:1                ; 4 bits    ; 8 LEs         ; 8 LEs                ; 0 LEs                  ; Yes        ; auto_fab_0|alt_sld_fab_0|alt_sld_fab_0|sldfabric|jtag_hub_gen.real_sld_jtag_hub|irsr_reg[2]                  ; Yes                     ;
; 4:1                ; 5 bits    ; 10 LEs        ; 5 LEs                ; 5 LEs                  ; Yes        ; auto_fab_0|alt_sld_fab_0|alt_sld_fab_0|sldfabric|jtag_hub_gen.real_sld_jtag_hub|mixer_addr_reg_internal[0]   ; Yes                     ;
; 4:1                ; 5 bits    ; 10 LEs        ; 5 LEs                ; 5 LEs                  ; Yes        ; auto_fab_0|alt_sld_fab_0|alt_sld_fab_0|sldfabric|jtag_hub_gen.real_sld_jtag_hub|hub_info_reg|word_counter[0] ; Yes                     ;
; 34:1               ; 4 bits    ; 88 LEs        ; 44 LEs               ; 44 LEs                 ; Yes        ; auto_fab_0|alt_sld_fab_0|alt_sld_fab_0|sldfabric|jtag_hub_gen.real_sld_jtag_hub|design_hash_reg[3]           ; Yes                     ;
; 28:1               ; 4 bits    ; 72 LEs        ; 24 LEs               ; 48 LEs                 ; Yes        ; auto_fab_0|alt_sld_fab_0|alt_sld_fab_0|sldfabric|jtag_hub_gen.real_sld_jtag_hub|hub_info_reg|WORD_SR[1]      ; Yes                     ;
+--------------------+-----------+---------------+----------------------+------------------------+------------+--------------------------------------------------------------------------------------------------------------+-------------------------+


+--------------------------------------------------------------+
; Post-Synthesis Netlist Statistics for Partition "auto_fab_0" ;
+------------------------+-------------------------------------+
; Type                   ; Count                               ;
+------------------------+-------------------------------------+
; boundary_port          ; 66                                  ;
; tennm_ff               ; 88                                  ;
;     CLR                ; 6                                   ;
;     ENA                ; 31                                  ;
;     ENA CLR            ; 32                                  ;
;     SCLR               ; 7                                   ;
;     plain              ; 12                                  ;
; tennm_lcell_comb       ; 120                                 ;
;     extend             ; 10                                  ;
;         7 data inputs  ; 6                                   ;
;         8 data inputs  ; 4                                   ;
;     normal             ; 110                                 ;
;         1 data inputs  ; 5                                   ;
;         2 data inputs  ; 26                                  ;
;         3 data inputs  ; 21                                  ;
;         4 data inputs  ; 17                                  ;
;         5 data inputs  ; 27                                  ;
;         6 data inputs  ; 14                                  ;
; tennm_sdm_gpio_out     ; 1                                   ;
; tennm_sdm_jtag_ela     ; 1                                   ;
;                        ;                                     ;
; Number of carry chains ; 0                                   ;
; Max carry chain length ; 0                                   ;
;                        ;                                     ;
; Max LUT depth          ; 3.00                                ;
; Average LUT depth      ; 1.51                                ;
+------------------------+-------------------------------------+


+------------------------------------------------------------------------------------------------------------------+
; Synthesis Resource Usage Summary for Partition "auto_fab_0"                                                      ;
+---------------------------------------------+--------------------------------------------------------------------+
; Resource                                    ; Usage                                                              ;
+---------------------------------------------+--------------------------------------------------------------------+
; Estimate of Logic utilization (ALMs needed) ; 73                                                                 ;
;                                             ;                                                                    ;
; Combinational ALUT usage for logic          ; 120                                                                ;
;     -- 8 input functions                    ; 4                                                                  ;
;     -- 7 input functions                    ; 6                                                                  ;
;     -- 6 input functions                    ; 14                                                                 ;
;     -- 5 input functions                    ; 27                                                                 ;
;     -- 4 input functions                    ; 17                                                                 ;
;     -- <=3 input functions                  ; 52                                                                 ;
;                                             ;                                                                    ;
; Dedicated logic registers                   ; 88                                                                 ;
;                                             ;                                                                    ;
; Boundary Ports                              ; 66                                                                 ;
;                                             ;                                                                    ;
; Total DSP Blocks                            ; 0                                                                  ;
;     -- [A] Total Fixed Point DSP Blocks     ; 0                                                                  ;
;     -- [B] Total Floating Point DSP Blocks  ; 0                                                                  ;
;     -- [C] Total DSP_PRIME Blocks           ; 0                                                                  ;
;                                             ;                                                                    ;
; Maximum fan-out node                        ; auto_fab_0|alt_sld_fab_0|alt_sld_fab_0|jtagpins|atom_inst|core_tck ;
; Maximum fan-out                             ; 121                                                                ;
; Total fan-out                               ; 810                                                                ;
; Average fan-out                             ; 2.93                                                               ;
+---------------------------------------------+--------------------------------------------------------------------+


+-----------------------------------------------------------------------------------------------------------------------------------------------------------------------------------------------------------------------------------------------------------------------------------------------------------------------------------------------+
; General Warnings                                                                                                                                                                                                                                                                                                                              ;
+-------------------+------------------+-------+------------------------------------------------------------------------------------------------------------------------------------------------------------------------------------------------------------------------------------------------------------------------------------------------+
; Message ID        ; Severity         ; Count ; Sample Warning                                                                                                                                                                                                                                                                                 ;
+-------------------+------------------+-------+------------------------------------------------------------------------------------------------------------------------------------------------------------------------------------------------------------------------------------------------------------------------------------------------+
; 20759             ; Critical Warning ; 1     ; Use the Reset Release IP in Intel Agilex 5 FPGA designs to ensure a successful configuration. For more information about the Reset Release IP, refer to the Configuration User Guide.                                                                                                          ;
; 21620             ; Warning          ; 1     ; Design Assistant Results: 1 of 1 High severity rules issued violations in snapshot 'partitioned'. Please refer to DRC report '/mnt/ssd2/hamza/hello_world/output_files/niosv.drc.partitioned.rpt' for more information                                                                         ;
; 23197:23198:23199 ; Warning          ; 1     ; Intel FPGA IP Evaluation Mode (Simulation-Only) feature is turned on for all cores in the design. : Some cores in this design do not support the Intel FPGA IP Evaluation Mode feature. : "Nios V/m Microcontroller Intel FPGA IP" does not support the Intel FPGA IP Evaluation Mode feature. ;
+-------------------+------------------+-------+------------------------------------------------------------------------------------------------------------------------------------------------------------------------------------------------------------------------------------------------------------------------------------------------+


+--------------------+
; Synthesis Messages ;
+--------------------+
Info: *******************************************************************
Info: Running Quartus Prime Synthesis
    Info: Version 25.1.1 Build 125 07/31/2025 Patches 1.31 SC Pro Edition
    Info: Processing started: Wed Jun 24 12:33:25 2026
    Info: System process ID: 140841
Info: Command: quartus_syn --read_settings_files=on --write_settings_files=off niosv -c niosv
Info: qis_default_flow_script.tcl version: #1
Info: Initializing Synthesis...
Info: Project = "niosv"
Info: Revision = "niosv"
Info (21958): Initialized Quartus Message Database
Info: Analyzing source files
Info (18237): File "/mnt/ssd2/hamza/hello_world/ip/niosv/niosv_intel_niosv_m_0/altera_reset_controller_1924/synth/altera_reset_controller.v" is a duplicate of already analyzed file "/mnt/ssd2/hamza/hello_world/niosv/altera_reset_controller_1924/synth/altera_reset_controller.v" (same filename, same library name and same md5 digest). Skipping analysis of this file.
Info (18237): File "/mnt/ssd2/hamza/hello_world/ip/niosv/niosv_intel_niosv_m_0/altera_reset_controller_1924/synth/altera_reset_synchronizer.v" is a duplicate of already analyzed file "/mnt/ssd2/hamza/hello_world/niosv/altera_reset_controller_1924/synth/altera_reset_synchronizer.v" (same filename, same library name and same md5 digest). Skipping analysis of this file.
Critical Warning (20759): Use the Reset Release IP in Intel Agilex 5 FPGA designs to ensure a successful configuration. For more information about the Reset Release IP, refer to the Configuration User Guide.
Info: Elaborating from top-level entity "niosv"
Info (18235): Library search order is as follows: "niosv_clock_in; niosv_reset_in; altera_merlin_slave_translator_191; altera_merlin_axi_master_ni_19112; altera_merlin_slave_agent_1930; altera_avalon_sc_fifo_1932; altera_merlin_router_1921; altera_merlin_traffic_limiter_1921; altera_merlin_demultiplexer_1921; altera_merlin_multiplexer_1922; altera_mm_interconnect_1920; altera_irq_mapper_2001; altera_reset_controller_1924; niosv; intel_niosv_m_unit_2600; intel_niosv_timer_msip_120; intel_niosv_dbg_mod_210; intel_niosv_m_2600; niosv_intel_niosv_m_0; altera_avalon_jtag_uart_1931; niosv_jtag_uart_0; intel_onchip_memory_1410; niosv_intel_onchip_memory_0". Quartus will look for undefined design units in your libraries in that order. To modify the ordering, please specify a semi-colon separated library list using the assignment LIBRARY_SEARCH_ORDER.
Info (19337): VHDL info at sld_jtag_endpoint_adapter.vhd(96): executing entity "sld_jtag_endpoint_adapter(sld_ir_width=1,sld_auto_instance_index="YES",sld_node_info_internal=201354752)(1,1)(1,3)" with architecture "rtl" File: /mnt/ssd2/Quartus_25_1_1_Setup_Installation/quartus/libraries/megafunctions/sld_jtag_endpoint_adapter.vhd Line: 96
Info (19337): VHDL info at altera_sld_agent_endpoint.vhd(122): executing entity "altera_sld_agent_endpoint(mfr_code=110,type_code=128,version=1,ir_width=1)(1,1)" with architecture "rtl" File: /mnt/ssd2/Quartus_25_1_1_Setup_Installation/quartus/libraries/megafunctions/altera_sld_agent_endpoint.vhd Line: 122
Info (19337): VHDL info at altera_fabric_endpoint.vhd(126): executing entity "altera_fabric_endpoint(send_width=3,receive_width=24,settings="{fabric sld dir agent mfr_code 110 type_code 128 version 1 instance -1 ir_width 1 bridge_agent 0 prefer_host { } type_name 0 instance_name 0 psig 9b67919e}")(1,155)" with architecture "rtl" File: /mnt/ssd2/Quartus_25_1_1_Setup_Installation/quartus/libraries/megafunctions/altera_fabric_endpoint.vhd Line: 126
Info (22567): Verilog HDL info at niosv_instr_buffer.sv(58): extracting RAM for identifier 'queue_mem' File: /mnt/ssd2/hamza/hello_world/ip/niosv/niosv_intel_niosv_m_0/intel_niosv_m_unit_2600/synth/niosv_instr_buffer.sv Line: 58
Info (19337): VHDL info at sld_jtag_endpoint_adapter.vhd(96): executing entity "sld_jtag_endpoint_adapter(sld_ir_width=5,sld_auto_instance_index="YES",sld_node_info_internal=144207360)(1,1)(1,3)" with architecture "rtl" File: /mnt/ssd2/Quartus_25_1_1_Setup_Installation/quartus/libraries/megafunctions/sld_jtag_endpoint_adapter.vhd Line: 96
Info (19337): VHDL info at altera_sld_agent_endpoint.vhd(122): executing entity "altera_sld_agent_endpoint(mfr_code=110,type_code=19,version=1,ir_width=5)(1,1)" with architecture "rtl" File: /mnt/ssd2/Quartus_25_1_1_Setup_Installation/quartus/libraries/megafunctions/altera_sld_agent_endpoint.vhd Line: 122
Info (19337): VHDL info at altera_fabric_endpoint.vhd(126): executing entity "altera_fabric_endpoint(send_width=7,receive_width=28,settings="{fabric sld dir agent mfr_code 110 type_code 19 version 1 instance -1 ir_width 5 bridge_agent 0 prefer_host { } type_name 0 instance_name 0 psig 9b67919e}")(1,154)" with architecture "rtl" File: /mnt/ssd2/Quartus_25_1_1_Setup_Installation/quartus/libraries/megafunctions/altera_fabric_endpoint.vhd Line: 126
Info (22567): Verilog HDL info at niosv_debug_module.sv(140): extracting RAM for identifier 'nxt_prog_buf' File: /mnt/ssd2/hamza/hello_world/ip/niosv/niosv_intel_niosv_m_0/intel_niosv_dbg_mod_210/synth/niosv_debug_module.sv Line: 140
Info (22567): Verilog HDL info at niosv_debug_module.sv(141): extracting RAM for identifier 'prog_buf' File: /mnt/ssd2/hamza/hello_world/ip/niosv/niosv_intel_niosv_m_0/intel_niosv_dbg_mod_210/synth/niosv_debug_module.sv Line: 141
Info (22567): Verilog HDL info at niosv_debug_module.sv(143): extracting RAM for identifier 'nxt_data_reg' File: /mnt/ssd2/hamza/hello_world/ip/niosv/niosv_intel_niosv_m_0/intel_niosv_dbg_mod_210/synth/niosv_debug_module.sv Line: 143
Info (22567): Verilog HDL info at niosv_debug_module.sv(144): extracting RAM for identifier 'data_reg' File: /mnt/ssd2/hamza/hello_world/ip/niosv/niosv_intel_niosv_m_0/intel_niosv_dbg_mod_210/synth/niosv_debug_module.sv Line: 144
Info (22567): Verilog HDL info at niosv_altera_avalon_sc_fifo_1932_22gxxgi.v(127): extracting RAM for identifier 'infer_mem' File: /mnt/ssd2/hamza/hello_world/niosv/altera_avalon_sc_fifo_1932/synth/niosv_altera_avalon_sc_fifo_1932_22gxxgi.v Line: 127
Info (22567): Verilog HDL info at niosv_altera_avalon_sc_fifo_1932_22gxxgi.v(127): extracting RAM for identifier 'infer_mem' File: /mnt/ssd2/hamza/hello_world/niosv/altera_avalon_sc_fifo_1932/synth/niosv_altera_avalon_sc_fifo_1932_22gxxgi.v Line: 127
Info (22567): Verilog HDL info at niosv_altera_avalon_sc_fifo_1932_22gxxgi.v(127): extracting RAM for identifier 'infer_mem' File: /mnt/ssd2/hamza/hello_world/niosv/altera_avalon_sc_fifo_1932/synth/niosv_altera_avalon_sc_fifo_1932_22gxxgi.v Line: 127
Info (22567): Verilog HDL info at niosv_altera_avalon_sc_fifo_1932_22gxxgi.v(127): extracting RAM for identifier 'infer_mem' File: /mnt/ssd2/hamza/hello_world/niosv/altera_avalon_sc_fifo_1932/synth/niosv_altera_avalon_sc_fifo_1932_22gxxgi.v Line: 127
Info: Found 148 design entities
Info: There are 193 partitions after elaboration.
Info: Running rule checking for Agilex5 protocol IPs...
Info (11170): Starting IP generation for the debug fabric: alt_sld_fab_0.
Info (11172): ***************************************************************
Info (11172): Quartus is a registered trademark of Intel Corporation in the
Info (11172): US and other countries.  Portions of the Quartus Prime software
Info (11172): Code, and other portions of the code included in this download
Info (11172): Or on this DVD, are licensed to Intel Corporation and are the
Info (11172): Copyrighted property of third parties. For license details,
Info (11172): Refer to the End User License Agreement at
Info (11172): Http://fpgasoftware.intel.com/eula.
Info (11172): ***************************************************************
Info (11172): Add_instance splitter altera_sld_splitter
Info (11172): Set_instance_parameter_value splitter ADD_INTERFACE_ASGN 1
Info (11172): Send_message info {SLD fabric agents which did not specify prefer_host were connected to JTAG}
Info (11172): Add_instance jtagpins altera_jtag_wys_atom
Info (11172): Add_instance sldfabric altera_sld_jtag_hub
Info (11172): Set_instance_parameter_value sldfabric COUNT 2
Info (11172): Set_instance_parameter_value sldfabric SETTINGS {{mfr_code 110 type_code 19 version 1 instance 0 ir_width 5 bridge_agent 0 prefer_host {} type_name 0 instance_name 0} {mfr_code 110 type_code 128 version 1 instance 0 ir_width 1 bridge_agent 0 prefer_host {} type_name 0 instance_name 0} }
Info (11172): Set_instance_parameter_value sldfabric CONN_INDEX 0
Info (11172): Set_instance_parameter_value sldfabric ENABLE_SOFT_CORE_CONTROLLER 0
Info (11172): Set_instance_parameter_value sldfabric BRIDGE_HOST 0
Info (11172): Set_instance_parameter_value sldfabric USE_TCK_ENA 0
Info (11172): Set_instance_parameter_value sldfabric NEGEDGE_TDO_LATCH 0
Info (11172): Add_instance ident altera_connection_identification_hub
Info (11172): Set_instance_parameter_value ident DESIGN_HASH 7c11d6c90c29d94f5287
Info (11172): Set_instance_parameter_value ident COUNT 1
Info (11172): Set_instance_parameter_value ident SETTINGS {{width 4 latency 0 type_name 0 instance_name 0} }
Info (11172): Add_instance configresetfabric intel_configuration_debug_reset_release_hub
Info (11172): Set_instance_parameter_value configresetfabric COUNT 1
Info (11172): Set_instance_parameter_value configresetfabric SETTINGS {{is_source 0 type_name 0 instance_name 0} }
Info (11172): Set_instance_parameter_value splitter FRAGMENTS {{{name clock type clock dir end ports { {tck clk in 1 0} } } {name node type conduit dir end ports { {tms tms in 1 1} {tdi tdi in 1 2} {tdo tdo out 1 0} {ena ena in 1 3} {usr1 usr1 in 1 4} {clr clr in 1 5} {clrn clrn in 1 6} {jtag_state_tlr jtag_state_tlr in 1 7} {jtag_state_rti jtag_state_rti in 1 8} {jtag_state_sdrs jtag_state_sdrs in 1 9} {jtag_state_cdr jtag_state_cdr in 1 10} {jtag_state_sdr jtag_state_sdr in 1 11} {jtag_state_e1dr jtag_state_e1dr in 1 12} {jtag_state_pdr jtag_state_pdr in 1 13} {jtag_state_e2dr jtag_state_e2dr in 1 14} {jtag_state_udr jtag_state_udr in 1 15} {jtag_state_sirs jtag_state_sirs in 1 16} {jtag_state_cir jtag_state_cir in 1 17} {jtag_state_sir jtag_state_sir in 1 18} {jtag_state_e1ir jtag_state_e1ir in 1 19} {jtag_state_pir jtag_state_pir in 1 20} {jtag_state_e2ir jtag_state_e2ir in 1 21} {jtag_state_uir jtag_state_uir in 1 22} {ir_in ir_in in 1 23} {irq irq out 1 1} {ir_out ir_out out 1 2} } clock clock assign {debug.controlledBy {link_0} } moduleassign {debug.virtualInterface.link_0 {debug.endpointLink {fabric sld index 1} } } } } {{name clock type clock dir end ports { {tck clk in 1 0} } } {name node type conduit dir end ports { {tms tms in 1 1} {tdi tdi in 1 2} {tdo tdo out 1 0} {ena ena in 1 3} {usr1 usr1 in 1 4} {clr clr in 1 5} {clrn clrn in 1 6} {jtag_state_tlr jtag_state_tlr in 1 7} {jtag_state_rti jtag_state_rti in 1 8} {jtag_state_sdrs jtag_state_sdrs in 1 9} {jtag_state_cdr jtag_state_cdr in 1 10} {jtag_state_sdr jtag_state_sdr in 1 11} {jtag_state_e1dr jtag_state_e1dr in 1 12} {jtag_state_pdr jtag_state_pdr in 1 13} {jtag_state_e2dr jtag_state_e2dr in 1 14} {jtag_state_udr jtag_state_udr in 1 15} {jtag_state_sirs jtag_state_sirs in 1 16} {jtag_state_cir jtag_state_cir in 1 17} {jtag_state_sir jtag_state_sir in 1 18} {jtag_state_e1ir jtag_state_e1ir in 1 19} {jtag_state_pir jtag_state_pir in 1 20} {jtag_state_e2ir jtag_state_e2ir in 1 21} {jtag_state_uir jtag_state_uir in 1 22} {ir_in ir_in in 5 23} {irq irq out 1 1} {ir_out ir_out out 5 2} } clock clock assign {debug.controlledBy {link_1} } moduleassign {debug.virtualInterface.link_1 {debug.endpointLink {fabric sld index 2} } } } } }
Info (11172): Add_connection jtagpins.clock sldfabric.clock clock
Info (11172): Add_connection jtagpins.node sldfabric.node conduit
Info (11172): Add_connection sldfabric.clock_0 splitter.clock_1 clock
Info (11172): Add_connection sldfabric.node_0 splitter.node_1 conduit
Info (11172): Add_connection sldfabric.clock_1 splitter.clock_0 clock
Info (11172): Add_connection sldfabric.node_1 splitter.node_0 conduit
Info (11172): Add_connection sldfabric.ident ident.ident_0 conduit
Info (11172): Add_connection configresetfabric.conf_reset_out_0 sldfabric.conf_reset_out reset
Info (11172): Set_parameter_value COMPOSED_SETTINGS {{fabric sld dir agent mfr_code 110 type_code 128 version 1 instance 0 ir_width 1 bridge_agent 0 prefer_host {} type_name 0 instance_name 0} {fabric sld dir agent mfr_code 110 type_code 19 version 1 instance 0 ir_width 5 bridge_agent 0 prefer_host {} type_name 0 instance_name 0} }
Info (11172): Add_instance splitter altera_sld_splitter
Info (11172): Set_instance_parameter_value splitter ADD_INTERFACE_ASGN 1
Info (11172): Send_message info {SLD fabric agents which did not specify prefer_host were connected to JTAG}
Info (11172): Add_instance jtagpins altera_jtag_wys_atom
Info (11172): Add_instance sldfabric altera_sld_jtag_hub
Info (11172): Set_instance_parameter_value sldfabric COUNT 2
Info (11172): Set_instance_parameter_value sldfabric SETTINGS {{mfr_code 110 type_code 19 version 1 instance 0 ir_width 5 bridge_agent 0 prefer_host {} type_name 0 instance_name 0} {mfr_code 110 type_code 128 version 1 instance 0 ir_width 1 bridge_agent 0 prefer_host {} type_name 0 instance_name 0} }
Info (11172): Set_instance_parameter_value sldfabric CONN_INDEX 0
Info (11172): Set_instance_parameter_value sldfabric ENABLE_SOFT_CORE_CONTROLLER 0
Info (11172): Set_instance_parameter_value sldfabric BRIDGE_HOST 0
Info (11172): Set_instance_parameter_value sldfabric USE_TCK_ENA 0
Info (11172): Set_instance_parameter_value sldfabric NEGEDGE_TDO_LATCH 0
Info (11172): Add_instance ident altera_connection_identification_hub
Info (11172): Set_instance_parameter_value ident DESIGN_HASH 7c11d6c90c29d94f5287
Info (11172): Set_instance_parameter_value ident COUNT 1
Info (11172): Set_instance_parameter_value ident SETTINGS {{width 4 latency 0 type_name 0 instance_name 0} }
Info (11172): Add_instance configresetfabric intel_configuration_debug_reset_release_hub
Info (11172): Set_instance_parameter_value configresetfabric COUNT 1
Info (11172): Set_instance_parameter_value configresetfabric SETTINGS {{is_source 0 type_name 0 instance_name 0} }
Info (11172): Set_instance_parameter_value splitter FRAGMENTS {{{name clock type clock dir end ports { {tck clk in 1 0} } } {name node type conduit dir end ports { {tms tms in 1 1} {tdi tdi in 1 2} {tdo tdo out 1 0} {ena ena in 1 3} {usr1 usr1 in 1 4} {clr clr in 1 5} {clrn clrn in 1 6} {jtag_state_tlr jtag_state_tlr in 1 7} {jtag_state_rti jtag_state_rti in 1 8} {jtag_state_sdrs jtag_state_sdrs in 1 9} {jtag_state_cdr jtag_state_cdr in 1 10} {jtag_state_sdr jtag_state_sdr in 1 11} {jtag_state_e1dr jtag_state_e1dr in 1 12} {jtag_state_pdr jtag_state_pdr in 1 13} {jtag_state_e2dr jtag_state_e2dr in 1 14} {jtag_state_udr jtag_state_udr in 1 15} {jtag_state_sirs jtag_state_sirs in 1 16} {jtag_state_cir jtag_state_cir in 1 17} {jtag_state_sir jtag_state_sir in 1 18} {jtag_state_e1ir jtag_state_e1ir in 1 19} {jtag_state_pir jtag_state_pir in 1 20} {jtag_state_e2ir jtag_state_e2ir in 1 21} {jtag_state_uir jtag_state_uir in 1 22} {ir_in ir_in in 1 23} {irq irq out 1 1} {ir_out ir_out out 1 2} } clock clock assign {debug.controlledBy {link_0} } moduleassign {debug.virtualInterface.link_0 {debug.endpointLink {fabric sld index 1} } } } } {{name clock type clock dir end ports { {tck clk in 1 0} } } {name node type conduit dir end ports { {tms tms in 1 1} {tdi tdi in 1 2} {tdo tdo out 1 0} {ena ena in 1 3} {usr1 usr1 in 1 4} {clr clr in 1 5} {clrn clrn in 1 6} {jtag_state_tlr jtag_state_tlr in 1 7} {jtag_state_rti jtag_state_rti in 1 8} {jtag_state_sdrs jtag_state_sdrs in 1 9} {jtag_state_cdr jtag_state_cdr in 1 10} {jtag_state_sdr jtag_state_sdr in 1 11} {jtag_state_e1dr jtag_state_e1dr in 1 12} {jtag_state_pdr jtag_state_pdr in 1 13} {jtag_state_e2dr jtag_state_e2dr in 1 14} {jtag_state_udr jtag_state_udr in 1 15} {jtag_state_sirs jtag_state_sirs in 1 16} {jtag_state_cir jtag_state_cir in 1 17} {jtag_state_sir jtag_state_sir in 1 18} {jtag_state_e1ir jtag_state_e1ir in 1 19} {jtag_state_pir jtag_state_pir in 1 20} {jtag_state_e2ir jtag_state_e2ir in 1 21} {jtag_state_uir jtag_state_uir in 1 22} {ir_in ir_in in 5 23} {irq irq out 1 1} {ir_out ir_out out 5 2} } clock clock assign {debug.controlledBy {link_1} } moduleassign {debug.virtualInterface.link_1 {debug.endpointLink {fabric sld index 2} } } } } }
Info (11172): Add_connection jtagpins.clock sldfabric.clock clock
Info (11172): Add_connection jtagpins.node sldfabric.node conduit
Info (11172): Add_connection sldfabric.clock_0 splitter.clock_1 clock
Info (11172): Add_connection sldfabric.node_0 splitter.node_1 conduit
Info (11172): Add_connection sldfabric.clock_1 splitter.clock_0 clock
Info (11172): Add_connection sldfabric.node_1 splitter.node_0 conduit
Info (11172): Add_connection sldfabric.ident ident.ident_0 conduit
Info (11172): Add_connection configresetfabric.conf_reset_out_0 sldfabric.conf_reset_out reset
Info (11172): Set_parameter_value COMPOSED_SETTINGS {{fabric sld dir agent mfr_code 110 type_code 128 version 1 instance 0 ir_width 1 bridge_agent 0 prefer_host {} type_name 0 instance_name 0} {fabric sld dir agent mfr_code 110 type_code 19 version 1 instance 0 ir_width 5 bridge_agent 0 prefer_host {} type_name 0 instance_name 0} }
Info (11172): Alt_sld_fab_0.alt_sld_fab_0.alt_sld_fab_0: SLD fabric agents which did not specify prefer_host were connected to JTAG
Info (11172): Deploying alt_sld_fab_0 to /mnt/ssd2/hamza/hello_world/dni/sandboxes/ipaa-10xe_140841_0/sld/ipgen/alt_sld_fab_0.ip
Info (11172): ***************************************************************
Info (11172): Quartus is a registered trademark of Intel Corporation in the
Info (11172): US and other countries.  Portions of the Quartus Prime software
Info (11172): Code, and other portions of the code included in this download
Info (11172): Or on this DVD, are licensed to Intel Corporation and are the
Info (11172): Copyrighted property of third parties. For license details,
Info (11172): Refer to the End User License Agreement at
Info (11172): Http://fpgasoftware.intel.com/eula.
Info (11172): ***************************************************************
Info (11172): Add_instance splitter altera_sld_splitter
Info (11172): Set_instance_parameter_value splitter ADD_INTERFACE_ASGN 1
Info (11172): Send_message info {SLD fabric agents which did not specify prefer_host were connected to JTAG}
Info (11172): Add_instance jtagpins altera_jtag_wys_atom
Info (11172): Add_instance sldfabric altera_sld_jtag_hub
Info (11172): Set_instance_parameter_value sldfabric COUNT 2
Info (11172): Set_instance_parameter_value sldfabric SETTINGS {{mfr_code 110 type_code 19 version 1 instance 0 ir_width 5 bridge_agent 0 prefer_host {} type_name 0 instance_name 0} {mfr_code 110 type_code 128 version 1 instance 0 ir_width 1 bridge_agent 0 prefer_host {} type_name 0 instance_name 0} }
Info (11172): Set_instance_parameter_value sldfabric CONN_INDEX 0
Info (11172): Set_instance_parameter_value sldfabric ENABLE_SOFT_CORE_CONTROLLER 0
Info (11172): Set_instance_parameter_value sldfabric BRIDGE_HOST 0
Info (11172): Set_instance_parameter_value sldfabric USE_TCK_ENA 0
Info (11172): Set_instance_parameter_value sldfabric NEGEDGE_TDO_LATCH 0
Info (11172): Add_instance ident altera_connection_identification_hub
Info (11172): Set_instance_parameter_value ident DESIGN_HASH 7c11d6c90c29d94f5287
Info (11172): Set_instance_parameter_value ident COUNT 1
Info (11172): Set_instance_parameter_value ident SETTINGS {{width 4 latency 0 type_name 0 instance_name 0} }
Info (11172): Add_instance configresetfabric intel_configuration_debug_reset_release_hub
Info (11172): Set_instance_parameter_value configresetfabric COUNT 1
Info (11172): Set_instance_parameter_value configresetfabric SETTINGS {{is_source 0 type_name 0 instance_name 0} }
Info (11172): Set_instance_parameter_value splitter FRAGMENTS {{{name clock type clock dir end ports { {tck clk in 1 0} } } {name node type conduit dir end ports { {tms tms in 1 1} {tdi tdi in 1 2} {tdo tdo out 1 0} {ena ena in 1 3} {usr1 usr1 in 1 4} {clr clr in 1 5} {clrn clrn in 1 6} {jtag_state_tlr jtag_state_tlr in 1 7} {jtag_state_rti jtag_state_rti in 1 8} {jtag_state_sdrs jtag_state_sdrs in 1 9} {jtag_state_cdr jtag_state_cdr in 1 10} {jtag_state_sdr jtag_state_sdr in 1 11} {jtag_state_e1dr jtag_state_e1dr in 1 12} {jtag_state_pdr jtag_state_pdr in 1 13} {jtag_state_e2dr jtag_state_e2dr in 1 14} {jtag_state_udr jtag_state_udr in 1 15} {jtag_state_sirs jtag_state_sirs in 1 16} {jtag_state_cir jtag_state_cir in 1 17} {jtag_state_sir jtag_state_sir in 1 18} {jtag_state_e1ir jtag_state_e1ir in 1 19} {jtag_state_pir jtag_state_pir in 1 20} {jtag_state_e2ir jtag_state_e2ir in 1 21} {jtag_state_uir jtag_state_uir in 1 22} {ir_in ir_in in 1 23} {irq irq out 1 1} {ir_out ir_out out 1 2} } clock clock assign {debug.controlledBy {link_0} } moduleassign {debug.virtualInterface.link_0 {debug.endpointLink {fabric sld index 1} } } } } {{name clock type clock dir end ports { {tck clk in 1 0} } } {name node type conduit dir end ports { {tms tms in 1 1} {tdi tdi in 1 2} {tdo tdo out 1 0} {ena ena in 1 3} {usr1 usr1 in 1 4} {clr clr in 1 5} {clrn clrn in 1 6} {jtag_state_tlr jtag_state_tlr in 1 7} {jtag_state_rti jtag_state_rti in 1 8} {jtag_state_sdrs jtag_state_sdrs in 1 9} {jtag_state_cdr jtag_state_cdr in 1 10} {jtag_state_sdr jtag_state_sdr in 1 11} {jtag_state_e1dr jtag_state_e1dr in 1 12} {jtag_state_pdr jtag_state_pdr in 1 13} {jtag_state_e2dr jtag_state_e2dr in 1 14} {jtag_state_udr jtag_state_udr in 1 15} {jtag_state_sirs jtag_state_sirs in 1 16} {jtag_state_cir jtag_state_cir in 1 17} {jtag_state_sir jtag_state_sir in 1 18} {jtag_state_e1ir jtag_state_e1ir in 1 19} {jtag_state_pir jtag_state_pir in 1 20} {jtag_state_e2ir jtag_state_e2ir in 1 21} {jtag_state_uir jtag_state_uir in 1 22} {ir_in ir_in in 5 23} {irq irq out 1 1} {ir_out ir_out out 5 2} } clock clock assign {debug.controlledBy {link_1} } moduleassign {debug.virtualInterface.link_1 {debug.endpointLink {fabric sld index 2} } } } } }
Info (11172): Add_connection jtagpins.clock sldfabric.clock clock
Info (11172): Add_connection jtagpins.node sldfabric.node conduit
Info (11172): Add_connection sldfabric.clock_0 splitter.clock_1 clock
Info (11172): Add_connection sldfabric.node_0 splitter.node_1 conduit
Info (11172): Add_connection sldfabric.clock_1 splitter.clock_0 clock
Info (11172): Add_connection sldfabric.node_1 splitter.node_0 conduit
Info (11172): Add_connection sldfabric.ident ident.ident_0 conduit
Info (11172): Add_connection configresetfabric.conf_reset_out_0 sldfabric.conf_reset_out reset
Info (11172): Set_parameter_value COMPOSED_SETTINGS {{fabric sld dir agent mfr_code 110 type_code 128 version 1 instance 0 ir_width 1 bridge_agent 0 prefer_host {} type_name 0 instance_name 0} {fabric sld dir agent mfr_code 110 type_code 19 version 1 instance 0 ir_width 5 bridge_agent 0 prefer_host {} type_name 0 instance_name 0} }
Info (11172): Add_instance splitter altera_sld_splitter
Info (11172): Set_instance_parameter_value splitter ADD_INTERFACE_ASGN 1
Info (11172): Send_message info {SLD fabric agents which did not specify prefer_host were connected to JTAG}
Info (11172): Add_instance jtagpins altera_jtag_wys_atom
Info (11172): Add_instance sldfabric altera_sld_jtag_hub
Info (11172): Set_instance_parameter_value sldfabric COUNT 2
Info (11172): Set_instance_parameter_value sldfabric SETTINGS {{mfr_code 110 type_code 19 version 1 instance 0 ir_width 5 bridge_agent 0 prefer_host {} type_name 0 instance_name 0} {mfr_code 110 type_code 128 version 1 instance 0 ir_width 1 bridge_agent 0 prefer_host {} type_name 0 instance_name 0} }
Info (11172): Set_instance_parameter_value sldfabric CONN_INDEX 0
Info (11172): Set_instance_parameter_value sldfabric ENABLE_SOFT_CORE_CONTROLLER 0
Info (11172): Set_instance_parameter_value sldfabric BRIDGE_HOST 0
Info (11172): Set_instance_parameter_value sldfabric USE_TCK_ENA 0
Info (11172): Set_instance_parameter_value sldfabric NEGEDGE_TDO_LATCH 0
Info (11172): Add_instance ident altera_connection_identification_hub
Info (11172): Set_instance_parameter_value ident DESIGN_HASH 7c11d6c90c29d94f5287
Info (11172): Set_instance_parameter_value ident COUNT 1
Info (11172): Set_instance_parameter_value ident SETTINGS {{width 4 latency 0 type_name 0 instance_name 0} }
Info (11172): Add_instance configresetfabric intel_configuration_debug_reset_release_hub
Info (11172): Set_instance_parameter_value configresetfabric COUNT 1
Info (11172): Set_instance_parameter_value configresetfabric SETTINGS {{is_source 0 type_name 0 instance_name 0} }
Info (11172): Set_instance_parameter_value splitter FRAGMENTS {{{name clock type clock dir end ports { {tck clk in 1 0} } } {name node type conduit dir end ports { {tms tms in 1 1} {tdi tdi in 1 2} {tdo tdo out 1 0} {ena ena in 1 3} {usr1 usr1 in 1 4} {clr clr in 1 5} {clrn clrn in 1 6} {jtag_state_tlr jtag_state_tlr in 1 7} {jtag_state_rti jtag_state_rti in 1 8} {jtag_state_sdrs jtag_state_sdrs in 1 9} {jtag_state_cdr jtag_state_cdr in 1 10} {jtag_state_sdr jtag_state_sdr in 1 11} {jtag_state_e1dr jtag_state_e1dr in 1 12} {jtag_state_pdr jtag_state_pdr in 1 13} {jtag_state_e2dr jtag_state_e2dr in 1 14} {jtag_state_udr jtag_state_udr in 1 15} {jtag_state_sirs jtag_state_sirs in 1 16} {jtag_state_cir jtag_state_cir in 1 17} {jtag_state_sir jtag_state_sir in 1 18} {jtag_state_e1ir jtag_state_e1ir in 1 19} {jtag_state_pir jtag_state_pir in 1 20} {jtag_state_e2ir jtag_state_e2ir in 1 21} {jtag_state_uir jtag_state_uir in 1 22} {ir_in ir_in in 1 23} {irq irq out 1 1} {ir_out ir_out out 1 2} } clock clock assign {debug.controlledBy {link_0} } moduleassign {debug.virtualInterface.link_0 {debug.endpointLink {fabric sld index 1} } } } } {{name clock type clock dir end ports { {tck clk in 1 0} } } {name node type conduit dir end ports { {tms tms in 1 1} {tdi tdi in 1 2} {tdo tdo out 1 0} {ena ena in 1 3} {usr1 usr1 in 1 4} {clr clr in 1 5} {clrn clrn in 1 6} {jtag_state_tlr jtag_state_tlr in 1 7} {jtag_state_rti jtag_state_rti in 1 8} {jtag_state_sdrs jtag_state_sdrs in 1 9} {jtag_state_cdr jtag_state_cdr in 1 10} {jtag_state_sdr jtag_state_sdr in 1 11} {jtag_state_e1dr jtag_state_e1dr in 1 12} {jtag_state_pdr jtag_state_pdr in 1 13} {jtag_state_e2dr jtag_state_e2dr in 1 14} {jtag_state_udr jtag_state_udr in 1 15} {jtag_state_sirs jtag_state_sirs in 1 16} {jtag_state_cir jtag_state_cir in 1 17} {jtag_state_sir jtag_state_sir in 1 18} {jtag_state_e1ir jtag_state_e1ir in 1 19} {jtag_state_pir jtag_state_pir in 1 20} {jtag_state_e2ir jtag_state_e2ir in 1 21} {jtag_state_uir jtag_state_uir in 1 22} {ir_in ir_in in 5 23} {irq irq out 1 1} {ir_out ir_out out 5 2} } clock clock assign {debug.controlledBy {link_1} } moduleassign {debug.virtualInterface.link_1 {debug.endpointLink {fabric sld index 2} } } } } }
Info (11172): Add_connection jtagpins.clock sldfabric.clock clock
Info (11172): Add_connection jtagpins.node sldfabric.node conduit
Info (11172): Add_connection sldfabric.clock_0 splitter.clock_1 clock
Info (11172): Add_connection sldfabric.node_0 splitter.node_1 conduit
Info (11172): Add_connection sldfabric.clock_1 splitter.clock_0 clock
Info (11172): Add_connection sldfabric.node_1 splitter.node_0 conduit
Info (11172): Add_connection sldfabric.ident ident.ident_0 conduit
Info (11172): Add_connection configresetfabric.conf_reset_out_0 sldfabric.conf_reset_out reset
Info (11172): Set_parameter_value COMPOSED_SETTINGS {{fabric sld dir agent mfr_code 110 type_code 128 version 1 instance 0 ir_width 1 bridge_agent 0 prefer_host {} type_name 0 instance_name 0} {fabric sld dir agent mfr_code 110 type_code 19 version 1 instance 0 ir_width 5 bridge_agent 0 prefer_host {} type_name 0 instance_name 0} }
Info (11172): Saving generation log to /mnt/ssd2/hamza/hello_world/dni/sandboxes/ipaa-10xe_140841_0/sld/ipgen/alt_sld_fab_0/alt_sld_fab_0_generation.rpt
Info (11172): Generated by version: 25.1.1 build 125
Info (11172): Starting: Create HDL design files for synthesis
Info (11172): Qsys-generate /mnt/ssd2/hamza/hello_world/dni/sandboxes/ipaa-10xe_140841_0/sld/ipgen/alt_sld_fab_0.ip --synthesis=VERILOG --output-directory=/mnt/ssd2/hamza/hello_world/dni/sandboxes/ipaa-10xe_140841_0/sld/ipgen/alt_sld_fab_0 --family="Agilex 5" --part=A5ED065BB32AE6SR0
Info (11172): Add_instance splitter altera_sld_splitter
Info (11172): Set_instance_parameter_value splitter ADD_INTERFACE_ASGN 1
Info (11172): Send_message info {SLD fabric agents which did not specify prefer_host were connected to JTAG}
Info (11172): Add_instance jtagpins altera_jtag_wys_atom
Info (11172): Add_instance sldfabric altera_sld_jtag_hub
Info (11172): Set_instance_parameter_value sldfabric COUNT 2
Info (11172): Set_instance_parameter_value sldfabric SETTINGS {{mfr_code 110 type_code 19 version 1 instance 0 ir_width 5 bridge_agent 0 prefer_host {} type_name 0 instance_name 0} {mfr_code 110 type_code 128 version 1 instance 0 ir_width 1 bridge_agent 0 prefer_host {} type_name 0 instance_name 0} }
Info (11172): Set_instance_parameter_value sldfabric CONN_INDEX 0
Info (11172): Set_instance_parameter_value sldfabric ENABLE_SOFT_CORE_CONTROLLER 0
Info (11172): Set_instance_parameter_value sldfabric BRIDGE_HOST 0
Info (11172): Set_instance_parameter_value sldfabric USE_TCK_ENA 0
Info (11172): Set_instance_parameter_value sldfabric NEGEDGE_TDO_LATCH 0
Info (11172): Add_instance ident altera_connection_identification_hub
Info (11172): Set_instance_parameter_value ident DESIGN_HASH 7c11d6c90c29d94f5287
Info (11172): Set_instance_parameter_value ident COUNT 1
Info (11172): Set_instance_parameter_value ident SETTINGS {{width 4 latency 0 type_name 0 instance_name 0} }
Info (11172): Add_instance configresetfabric intel_configuration_debug_reset_release_hub
Info (11172): Set_instance_parameter_value configresetfabric COUNT 1
Info (11172): Set_instance_parameter_value configresetfabric SETTINGS {{is_source 0 type_name 0 instance_name 0} }
Info (11172): Set_instance_parameter_value splitter FRAGMENTS {{{name clock type clock dir end ports { {tck clk in 1 0} } } {name node type conduit dir end ports { {tms tms in 1 1} {tdi tdi in 1 2} {tdo tdo out 1 0} {ena ena in 1 3} {usr1 usr1 in 1 4} {clr clr in 1 5} {clrn clrn in 1 6} {jtag_state_tlr jtag_state_tlr in 1 7} {jtag_state_rti jtag_state_rti in 1 8} {jtag_state_sdrs jtag_state_sdrs in 1 9} {jtag_state_cdr jtag_state_cdr in 1 10} {jtag_state_sdr jtag_state_sdr in 1 11} {jtag_state_e1dr jtag_state_e1dr in 1 12} {jtag_state_pdr jtag_state_pdr in 1 13} {jtag_state_e2dr jtag_state_e2dr in 1 14} {jtag_state_udr jtag_state_udr in 1 15} {jtag_state_sirs jtag_state_sirs in 1 16} {jtag_state_cir jtag_state_cir in 1 17} {jtag_state_sir jtag_state_sir in 1 18} {jtag_state_e1ir jtag_state_e1ir in 1 19} {jtag_state_pir jtag_state_pir in 1 20} {jtag_state_e2ir jtag_state_e2ir in 1 21} {jtag_state_uir jtag_state_uir in 1 22} {ir_in ir_in in 1 23} {irq irq out 1 1} {ir_out ir_out out 1 2} } clock clock assign {debug.controlledBy {link_0} } moduleassign {debug.virtualInterface.link_0 {debug.endpointLink {fabric sld index 1} } } } } {{name clock type clock dir end ports { {tck clk in 1 0} } } {name node type conduit dir end ports { {tms tms in 1 1} {tdi tdi in 1 2} {tdo tdo out 1 0} {ena ena in 1 3} {usr1 usr1 in 1 4} {clr clr in 1 5} {clrn clrn in 1 6} {jtag_state_tlr jtag_state_tlr in 1 7} {jtag_state_rti jtag_state_rti in 1 8} {jtag_state_sdrs jtag_state_sdrs in 1 9} {jtag_state_cdr jtag_state_cdr in 1 10} {jtag_state_sdr jtag_state_sdr in 1 11} {jtag_state_e1dr jtag_state_e1dr in 1 12} {jtag_state_pdr jtag_state_pdr in 1 13} {jtag_state_e2dr jtag_state_e2dr in 1 14} {jtag_state_udr jtag_state_udr in 1 15} {jtag_state_sirs jtag_state_sirs in 1 16} {jtag_state_cir jtag_state_cir in 1 17} {jtag_state_sir jtag_state_sir in 1 18} {jtag_state_e1ir jtag_state_e1ir in 1 19} {jtag_state_pir jtag_state_pir in 1 20} {jtag_state_e2ir jtag_state_e2ir in 1 21} {jtag_state_uir jtag_state_uir in 1 22} {ir_in ir_in in 5 23} {irq irq out 1 1} {ir_out ir_out out 5 2} } clock clock assign {debug.controlledBy {link_1} } moduleassign {debug.virtualInterface.link_1 {debug.endpointLink {fabric sld index 2} } } } } }
Info (11172): Add_connection jtagpins.clock sldfabric.clock clock
Info (11172): Add_connection jtagpins.node sldfabric.node conduit
Info (11172): Add_connection sldfabric.clock_0 splitter.clock_1 clock
Info (11172): Add_connection sldfabric.node_0 splitter.node_1 conduit
Info (11172): Add_connection sldfabric.clock_1 splitter.clock_0 clock
Info (11172): Add_connection sldfabric.node_1 splitter.node_0 conduit
Info (11172): Add_connection sldfabric.ident ident.ident_0 conduit
Info (11172): Add_connection configresetfabric.conf_reset_out_0 sldfabric.conf_reset_out reset
Info (11172): Set_parameter_value COMPOSED_SETTINGS {{fabric sld dir agent mfr_code 110 type_code 128 version 1 instance 0 ir_width 1 bridge_agent 0 prefer_host {} type_name 0 instance_name 0} {fabric sld dir agent mfr_code 110 type_code 19 version 1 instance 0 ir_width 5 bridge_agent 0 prefer_host {} type_name 0 instance_name 0} }
Info (11172): Add_instance splitter altera_sld_splitter
Info (11172): Set_instance_parameter_value splitter ADD_INTERFACE_ASGN 1
Info (11172): Send_message info {SLD fabric agents which did not specify prefer_host were connected to JTAG}
Info (11172): Add_instance jtagpins altera_jtag_wys_atom
Info (11172): Add_instance sldfabric altera_sld_jtag_hub
Info (11172): Set_instance_parameter_value sldfabric COUNT 2
Info (11172): Set_instance_parameter_value sldfabric SETTINGS {{mfr_code 110 type_code 19 version 1 instance 0 ir_width 5 bridge_agent 0 prefer_host {} type_name 0 instance_name 0} {mfr_code 110 type_code 128 version 1 instance 0 ir_width 1 bridge_agent 0 prefer_host {} type_name 0 instance_name 0} }
Info (11172): Set_instance_parameter_value sldfabric CONN_INDEX 0
Info (11172): Set_instance_parameter_value sldfabric ENABLE_SOFT_CORE_CONTROLLER 0
Info (11172): Set_instance_parameter_value sldfabric BRIDGE_HOST 0
Info (11172): Set_instance_parameter_value sldfabric USE_TCK_ENA 0
Info (11172): Set_instance_parameter_value sldfabric NEGEDGE_TDO_LATCH 0
Info (11172): Add_instance ident altera_connection_identification_hub
Info (11172): Set_instance_parameter_value ident DESIGN_HASH 7c11d6c90c29d94f5287
Info (11172): Set_instance_parameter_value ident COUNT 1
Info (11172): Set_instance_parameter_value ident SETTINGS {{width 4 latency 0 type_name 0 instance_name 0} }
Info (11172): Add_instance configresetfabric intel_configuration_debug_reset_release_hub
Info (11172): Set_instance_parameter_value configresetfabric COUNT 1
Info (11172): Set_instance_parameter_value configresetfabric SETTINGS {{is_source 0 type_name 0 instance_name 0} }
Info (11172): Set_instance_parameter_value splitter FRAGMENTS {{{name clock type clock dir end ports { {tck clk in 1 0} } } {name node type conduit dir end ports { {tms tms in 1 1} {tdi tdi in 1 2} {tdo tdo out 1 0} {ena ena in 1 3} {usr1 usr1 in 1 4} {clr clr in 1 5} {clrn clrn in 1 6} {jtag_state_tlr jtag_state_tlr in 1 7} {jtag_state_rti jtag_state_rti in 1 8} {jtag_state_sdrs jtag_state_sdrs in 1 9} {jtag_state_cdr jtag_state_cdr in 1 10} {jtag_state_sdr jtag_state_sdr in 1 11} {jtag_state_e1dr jtag_state_e1dr in 1 12} {jtag_state_pdr jtag_state_pdr in 1 13} {jtag_state_e2dr jtag_state_e2dr in 1 14} {jtag_state_udr jtag_state_udr in 1 15} {jtag_state_sirs jtag_state_sirs in 1 16} {jtag_state_cir jtag_state_cir in 1 17} {jtag_state_sir jtag_state_sir in 1 18} {jtag_state_e1ir jtag_state_e1ir in 1 19} {jtag_state_pir jtag_state_pir in 1 20} {jtag_state_e2ir jtag_state_e2ir in 1 21} {jtag_state_uir jtag_state_uir in 1 22} {ir_in ir_in in 1 23} {irq irq out 1 1} {ir_out ir_out out 1 2} } clock clock assign {debug.controlledBy {link_0} } moduleassign {debug.virtualInterface.link_0 {debug.endpointLink {fabric sld index 1} } } } } {{name clock type clock dir end ports { {tck clk in 1 0} } } {name node type conduit dir end ports { {tms tms in 1 1} {tdi tdi in 1 2} {tdo tdo out 1 0} {ena ena in 1 3} {usr1 usr1 in 1 4} {clr clr in 1 5} {clrn clrn in 1 6} {jtag_state_tlr jtag_state_tlr in 1 7} {jtag_state_rti jtag_state_rti in 1 8} {jtag_state_sdrs jtag_state_sdrs in 1 9} {jtag_state_cdr jtag_state_cdr in 1 10} {jtag_state_sdr jtag_state_sdr in 1 11} {jtag_state_e1dr jtag_state_e1dr in 1 12} {jtag_state_pdr jtag_state_pdr in 1 13} {jtag_state_e2dr jtag_state_e2dr in 1 14} {jtag_state_udr jtag_state_udr in 1 15} {jtag_state_sirs jtag_state_sirs in 1 16} {jtag_state_cir jtag_state_cir in 1 17} {jtag_state_sir jtag_state_sir in 1 18} {jtag_state_e1ir jtag_state_e1ir in 1 19} {jtag_state_pir jtag_state_pir in 1 20} {jtag_state_e2ir jtag_state_e2ir in 1 21} {jtag_state_uir jtag_state_uir in 1 22} {ir_in ir_in in 5 23} {irq irq out 1 1} {ir_out ir_out out 5 2} } clock clock assign {debug.controlledBy {link_1} } moduleassign {debug.virtualInterface.link_1 {debug.endpointLink {fabric sld index 2} } } } } }
Info (11172): Add_connection jtagpins.clock sldfabric.clock clock
Info (11172): Add_connection jtagpins.node sldfabric.node conduit
Info (11172): Add_connection sldfabric.clock_0 splitter.clock_1 clock
Info (11172): Add_connection sldfabric.node_0 splitter.node_1 conduit
Info (11172): Add_connection sldfabric.clock_1 splitter.clock_0 clock
Info (11172): Add_connection sldfabric.node_1 splitter.node_0 conduit
Info (11172): Add_connection sldfabric.ident ident.ident_0 conduit
Info (11172): Add_connection configresetfabric.conf_reset_out_0 sldfabric.conf_reset_out reset
Info (11172): Set_parameter_value COMPOSED_SETTINGS {{fabric sld dir agent mfr_code 110 type_code 128 version 1 instance 0 ir_width 1 bridge_agent 0 prefer_host {} type_name 0 instance_name 0} {fabric sld dir agent mfr_code 110 type_code 19 version 1 instance 0 ir_width 5 bridge_agent 0 prefer_host {} type_name 0 instance_name 0} }
Info (11172): Alt_sld_fab_0.alt_sld_fab_0.alt_sld_fab_0: SLD fabric agents which did not specify prefer_host were connected to JTAG
Info (11172): Alt_sld_fab_0: "Transforming system: alt_sld_fab_0"
Info (11172): Alt_sld_fab_0: "Naming system components in system: alt_sld_fab_0"
Info (11172): Alt_sld_fab_0: "Processing generation queue"
Info (11172): Alt_sld_fab_0: "Generating: alt_sld_fab_0"
Info (11172): Alt_sld_fab_0: "Generating: alt_sld_fab_0_alt_sld_fab_0_10_fkimwiy"
Info (11172): Alt_sld_fab_0: "Generating: alt_sld_fab_0_alt_sld_fab_1920_dopew5i"
Info (11172): Alt_sld_fab_0: "Generating: alt_sld_fab_0_altera_sld_splitter_1920_lwajxka"
Info (11172): Alt_sld_fab_0: "Generating: altera_jtag_wys_atom"
Info (11172): Alt_sld_fab_0: "Generating: alt_sld_fab_0_altera_sld_jtag_hub_1920_nxacx4i"
Info (11172): Alt_sld_fab_0: "Generating: alt_sld_fab_0_altera_connection_identification_hub_1920_b6d6vty"
Info (11172): Alt_sld_fab_0: "Generating: alt_sld_fab_0_intel_configuration_debug_reset_release_hub_203_ku24h5y"
Info (11172): Conf_reset_src: "Generating: conf_reset_src"
Info (11172): Grounded_conf_reset_src: "Generating: grounded_conf_reset_src"
Info (11172): Alt_sld_fab_0: "Generating: conf_reset_src"
Info (11172): Alt_sld_fab_0: "Generating: grounded_conf_reset_src"
Info (11172): Alt_sld_fab_0: "Generating: intel_configuration_reset_release_for_debug"
Info (11172): Alt_sld_fab_0: "Generating: intel_configuration_reset_release_to_debug_logic"
Info (11172): Alt_sld_fab_0: Done "alt_sld_fab_0" with 12 modules, 12 files
Info (11172): Finished: Create HDL design files for synthesis
Info (11172): Generation of /mnt/ssd2/hamza/hello_world/dni/sandboxes/ipaa-10xe_140841_0/sld/ipgen/alt_sld_fab_0.ip (alt_sld_fab_0) took 2913 ms
Info (11171): Finished IP generation for the debug fabric: alt_sld_fab_0.
Info (19337): VHDL info at alt_sld_fab_0_altera_sld_jtag_hub_1920_nxacx4i.vhd(13): executing entity "alt_sld_fab_0_altera_sld_jtag_hub_1920_nxacx4i(device_family="Agilex 5",count=2,n_node_ir_bits=5,node_info="0000110000000000011011100000000000001000100110000110111000000000",compilation_mode=0,force_pre_1_4_feature=0,negedge_tdo_latch=0,bridge_start_index=3)(1,8)(1,0)(1,64)" with architecture "rtl" File: /mnt/ssd2/hamza/hello_world/dni/sandboxes/ipaa-10xe_140841_0/sld/ipgen/alt_sld_fab_0/altera_sld_jtag_hub_1920/synth/alt_sld_fab_0_altera_sld_jtag_hub_1920_nxacx4i.vhd Line: 13
Info (19337): VHDL info at sld_jtag_hub.vhd(89): executing entity "sld_jtag_hub(device_family="Agilex 5",n_nodes=2,n_node_ir_bits=5,node_info="0000110000000000011011100000000000001000100110000110111000000000",force_pre_1_4_feature=0,negedge_tdo_latch=0,bridge_start_index=3)(1,8)(63,0)" with architecture "rtl" File: /mnt/ssd2/Quartus_25_1_1_Setup_Installation/quartus/libraries/megafunctions/sld_jtag_hub.vhd Line: 89
Info (19337): VHDL info at sld_hub.vhd(1554): executing entity "sld_shadow_jsm(ip_major_version=1,ip_minor_version=5)" with architecture "rtl" File: /mnt/ssd2/Quartus_25_1_1_Setup_Installation/quartus/libraries/megafunctions/sld_hub.vhd Line: 1554
Info (19337): VHDL info at sld_rom_sr.vhd(5): executing entity "sld_rom_sr(n_bits=96)" with architecture "INFO_REG" File: /mnt/ssd2/Quartus_25_1_1_Setup_Installation/quartus/libraries/megafunctions/sld_rom_sr.vhd Line: 5
Warning (23197): Intel FPGA IP Evaluation Mode (Simulation-Only) feature is turned on for all cores in the design.
    Warning (23198): Some cores in this design do not support the Intel FPGA IP Evaluation Mode feature.
        Warning (23199): "Nios V/m Microcontroller Intel FPGA IP" does not support the Intel FPGA IP Evaluation Mode feature.
Info: DA report generation in native DNI mode
Info (21615): Running Design Assistant Rules for snapshot 'partitioned'
Info: No waiver waived any violations
Info (22360): Design Assistant Results: 27 of 29 enabled rules passed, and 1 rules was disabled, in snapshot 'partitioned'
Info (21660): Design Assistant Results: 0 of 19 Critical severity rules issued violations in snapshot 'partitioned'
Warning (21620): Design Assistant Results: 1 of 1 High severity rules issued violations in snapshot 'partitioned'. Please refer to DRC report '/mnt/ssd2/hamza/hello_world/output_files/niosv.drc.partitioned.rpt' for more information
Info (21621): Design Assistant Results: 0 of 1 Medium severity rules issued violations in snapshot 'partitioned'
Info (21622): Design Assistant Results: 1 of 8 Low severity rules issued violations in snapshot 'partitioned'. Please refer to DRC report '/mnt/ssd2/hamza/hello_world/output_files/niosv.drc.partitioned.rpt' for more information
Info: Synthesizing partition "root_partition"
Info (13014): Ignored 3 buffer(s)
    Info (13019): Ignored 3 SOFT buffer(s)
Info (276014): Found 1 instances of uninferred RAM logic
    Info (276006): RAM logic "my_niosv|my_niosv|hart|m_core.niosv_m_full_inst|prefetch_inst|buffer_inst|queue_mem" is uninferred due to "logic" being set as ramstyle synthesis attribute File: /mnt/ssd2/hamza/hello_world/ip/niosv/niosv_intel_niosv_m_0/intel_niosv_m_unit_2600/synth/niosv_instr_buffer.sv Line: 58
Info (284007): State machine "my_niosv|my_niosv|dbg_mod|dm_inst|dm_state" will be implemented as a safe state machine. File: /mnt/ssd2/hamza/hello_world/ip/niosv/niosv_intel_niosv_m_0/intel_niosv_dbg_mod_210/synth/niosv_debug_module.sv Line: 266
Info (17049): 499 registers lost all their fanouts during netlist optimizations.
Info (21057): Implemented 5776 device resources after synthesis - the final resource count might be different
    Info (21058): Implemented 4 input pins
    Info (21059): Implemented 1 output pins
    Info (21061): Implemented 5082 logic cells
    Info (21064): Implemented 688 RAM segments
    Info (21071): Implemented 1 partitions
Info: Successfully synthesized partition
Info: Synthesizing partition "auto_fab_0"
Info (13014): Ignored 1 buffer(s)
    Info (13019): Ignored 1 SOFT buffer(s)
Info (21057): Implemented 207 device resources after synthesis - the final resource count might be different
    Info (21058): Implemented 13 input pins
    Info (21059): Implemented 53 output pins
    Info (21061): Implemented 139 logic cells
Info: Successfully synthesized partition
Info: Saving post-synthesis snapshots for 2 partition(s)
Info (21615): Running Design Assistant Rules for snapshot 'synthesized'
Info: No waiver waived any violations
Info (22360): Design Assistant Results: 13 of 13 enabled rules passed, and 7 rules was disabled, in snapshot 'synthesized'
Info (21661): Design Assistant Results: 0 of 1 High severity rules issued violations in snapshot 'synthesized'
Info (21621): Design Assistant Results: 0 of 6 Medium severity rules issued violations in snapshot 'synthesized'
Info (21622): Design Assistant Results: 0 of 6 Low severity rules issued violations in snapshot 'synthesized'
Info: Quartus Prime Synthesis was successful. 0 errors, 1 warning
    Info: Peak virtual memory: 2929 megabytes
    Info: Processing ended: Wed Jun 24 12:34:54 2026
    Info: Elapsed time: 00:01:29
    Info: System process ID: 140841


