Fitter Place Stage Report for niosv
Wed Jun 24 12:38:45 2026
Quartus Prime Version 25.1.1 Build 125 07/31/2025 Patches 1.31 SC Pro Edition


---------------------
; Table of Contents ;
---------------------
  1. Legal Notice
  2. Fitter Resource Usage Summary
  3. Fitter Resource Utilization by Entity
  4. Fitter Partition Statistics
  5. Global & Other Fast Signals Summary
  6. Global Signal Visualization
  7. Global & Other Fast Signals Details
  8. Non-Global High Fan-Out Signals
  9. Fitter RAM Summary
 10. Fitter Physical RAM Information
 11. Place Messages



----------------
; Legal Notice ;
----------------
Copyright (C) 2025  Altera Corporation. All rights reserved.
Your use of Altera Corporation's design tools, logic functions 
and other software and tools, and any partner logic 
functions, and any output files from any of the foregoing 
(including device programming or simulation files), and any 
associated documentation or information are expressly subject 
to the terms and conditions of the Altera Program License 
Subscription Agreement, the Altera Quartus Prime License Agreement,
the Altera IP License Agreement, or other applicable license
agreement, including, without limitation, that your use is for
the sole purpose of programming logic devices manufactured by
Altera and sold by Altera or its authorized distributors.  Please
refer to the Altera Software License Subscription Agreements 
on the Quartus Prime software download page.



+----------------------------------------------------------------------------------------------+
; Fitter Resource Usage Summary                                                                ;
+-------------------------------------------------------------+------------------------+-------+
; Resource                                                    ; Usage                  ; %     ;
+-------------------------------------------------------------+------------------------+-------+
; Usage Report Generated after: Place                         ;                        ;       ;
;                                                             ;                        ;       ;
; Logic utilization (ALMs needed / total ALMs on device)      ; 2,828 / 222,400        ; 1 %   ;
; ALMs needed [=A-B+C]                                        ; 2,828                  ;       ;
;     [A] ALMs used in final placement [=a+b+c+d]             ; 3,175 / 222,400        ; 1 %   ;
;         [a] ALMs used for LUT logic and register circuitry  ; 964                    ;       ;
;         [b] ALMs used for LUT logic                         ; 1,677                  ;       ;
;         [c] ALMs used for register circuitry                ; 474                    ;       ;
;         [d] ALMs used for memory (up to half of total ALMs) ; 60                     ;       ;
;     [B] Estimate of ALMs recoverable by dense packing       ; 366 / 222,400          ; < 1 % ;
;     [C] Estimate of ALMs unavailable [=a+b+c+d]             ; 19 / 222,400           ; < 1 % ;
;         [a] Due to location constrained logic               ; 0                      ;       ;
;         [b] Due to LAB-wide signal conflicts                ; 9                      ;       ;
;         [c] Due to LAB input limits                         ; 10                     ;       ;
;         [d] Due to virtual I/Os                             ; 0                      ;       ;
;                                                             ;                        ;       ;
; Difficulty packing design                                   ; Low                    ;       ;
;                                                             ;                        ;       ;
; Total LABs:  partially or completely used                   ; 429 / 22,240           ; 2 %   ;
;     -- Logic LABs                                           ; 423                    ;       ;
;     -- Memory LABs (up to half of total LABs)               ; 6                      ;       ;
;                                                             ;                        ;       ;
; Combinational ALUT usage for logic                          ; 3,976                  ;       ;
;     -- 8 input functions                                    ; 135                    ;       ;
;     -- 7 input functions                                    ; 105                    ;       ;
;     -- 6 input functions                                    ; 790                    ;       ;
;     -- 5 input functions                                    ; 867                    ;       ;
;     -- 4 input functions                                    ; 828                    ;       ;
;     -- <=3 input functions                                  ; 1,251                  ;       ;
; Combinational ALUT usage for route-throughs                 ; 182                    ;       ;
; Memory ALUT usage                                           ; 96                     ;       ;
;     -- 64-address deep                                      ; 0                      ;       ;
;     -- 32-address deep                                      ; 96                     ;       ;
;                                                             ;                        ;       ;
;                                                             ;                        ;       ;
; Dedicated logic registers                                   ; 3,463                  ;       ;
;     -- By type:                                             ;                        ;       ;
;         -- LAB logic registers:                             ;                        ;       ;
;             -- Primary logic registers                      ; 2,875 / 444,800        ; < 1 % ;
;             -- Secondary logic registers                    ; 97 / 444,800           ; < 1 % ;
;         -- Hyper-Registers:                                 ; 491                    ;       ;
;                                                             ;                        ;       ;
; Register control circuitry for power estimation             ; 120                    ;       ;
;                                                             ;                        ;       ;
; ALMs adjustment for power estimation                        ; 422                    ;       ;
;                                                             ;                        ;       ;
; I/O pins                                                    ; 1 / 624                ; < 1 % ;
;     -- Clock pins                                           ; 1 / 44                 ; 2 %   ;
;     -- Dedicated input pins                                 ; 3 / 54                 ; 6 %   ;
;                                                             ;                        ;       ;
; M20K blocks                                                 ; 68 / 1,611             ; 4 %   ;
; Total MLAB memory bits                                      ; 1,664                  ;       ;
; Total block memory bits                                     ; 1,051,648 / 32,993,280 ; 3 %   ;
;                                                             ;                        ;       ;
; DSP Blocks Needed [=A+B+C-D]                                ; 0 / 846                ; 0 %   ;
;     [A] Total Fixed Point DSP Blocks                        ; 0                      ;       ;
;     [B] Total Floating Point DSP Blocks                     ; 0                      ;       ;
;     [C] Total DSP_PRIME Blocks                              ; 0                      ;       ;
;     [D] Estimate of DSP Blocks recoverable by dense merging ; 0                      ;       ;
;                                                             ;                        ;       ;
; IOPLLs                                                      ; 0 / 15                 ; 0 %   ;
; Global signals                                              ; 2                      ;       ;
; LVDS_RX blocks                                              ; 0 / 192                ; 0 %   ;
; HMC blocks                                                  ; 0 / 8                  ; 0 %   ;
; Maximum fan-out                                             ; 3640                   ;       ;
; Highest non-global fan-out                                  ; 1024                   ;       ;
; Total fan-out                                               ; 33359                  ;       ;
; Average fan-out                                             ; 5.13                   ;       ;
+-------------------------------------------------------------+------------------------+-------+
The Fitter Resource Usage Summary report displays a detailed analysis of logic utilization based on calculations of ALM usage. Refer to <a class="xref" href="https://www.intel.com/content/www/us/en/programmable/quartushelp/current/index.htm#mapIdTopics/mwh1465496451103.htm" target="_blank">Fitter Resource Usage Summary Report</a> in the <i>Intel® Quartus® Prime Pro Edition Help</i> for more information.


+-------------------------------------------------------------------------------------------------------------------------------------------------------------------------------------------------------------------------------------------------------------------------------------------------------------------------------------------------------------------------------------------------------------------------------------------------------------------------------------------------------------------------------------------------------------------------------------------------------------------------------------------------------------------------------------------------------------------------+
; Fitter Resource Utilization by Entity                                                                                                                                                                                                                                                                                                                                                                                                                                                                                                                                                                                                                                                                                   ;
+------------------------------------------------------+----------------------+----------------------------------+---------------------------------------------------+----------------------------------+----------------------+---------------------+---------------------------+---------------+-------------------+-------+--------------------------+----------------------------------------+---------------------------------------------------+------+--------+---------------------------------------------------------------------------------------------------------------------------------------+-----------------------------------------------------------------------+------------------------------------+
; Compilation Hierarchy Node                           ; ALMs needed [=A-B+C] ; [A] ALMs used in final placement ; [B] Estimate of ALMs recoverable by dense packing ; [C] Estimate of ALMs unavailable ; ALMs used for memory ; Combinational ALUTs ; Dedicated Logic Registers ; I/O Registers ; Block Memory Bits ; M20Ks ; DSP Blocks needed [=A-B] ; [A] DSP Blocks used in final placement ; [B] Estimate of DSPs recoverable by dense merging ; Pins ; IOPLLs ; Full Hierarchy Name                                                                                                                   ; Entity Name                                                           ; Library Name                       ;
+------------------------------------------------------+----------------------+----------------------------------+---------------------------------------------------+----------------------------------+----------------------+---------------------+---------------------------+---------------+-------------------+-------+--------------------------+----------------------------------------+---------------------------------------------------+------+--------+---------------------------------------------------------------------------------------------------------------------------------------+-----------------------------------------------------------------------+------------------------------------+
; |                                                    ; 2827.5 (0.5)         ; 3174.0 (0.5)                     ; 365.0 (0.0)                                       ; 18.5 (0.0)                       ; 60.0 (0.0)           ; 3976 (1)            ; 3463 (0)                  ; 0 (0)         ; 1051648           ; 68    ; 0                        ; 0                                      ; 0                                                 ; 6    ; 0 (0)  ; |                                                                                                                                     ; niosv                                                                 ; niosv                              ;
;    |auto_fab_0|                                      ; 76.3 (0.0)           ; 83.5 (0.0)                       ; 7.2 (0.0)                                         ; 0.0 (0.0)                        ; 0.0 (0.0)            ; 125 (0)             ; 96 (0)                    ; 0 (0)         ; 0                 ; 0     ; 0                        ; 0                                      ; 0                                                 ; 0    ; 0 (0)  ; auto_fab_0                                                                                                                            ; alt_sld_fab_0                                                         ; alt_sld_fab_0                      ;
;       |alt_sld_fab_0|                                ; 76.3 (0.0)           ; 83.5 (0.0)                       ; 7.2 (0.0)                                         ; 0.0 (0.0)                        ; 0.0 (0.0)            ; 125 (0)             ; 96 (0)                    ; 0 (0)         ; 0                 ; 0     ; 0                        ; 0                                      ; 0                                                 ; 0    ; 0 (0)  ; auto_fab_0|alt_sld_fab_0                                                                                                              ; alt_sld_fab_0_alt_sld_fab_0_10_fkimwiy                                ; intel_niosv_dbg_mod_210            ;
;          |alt_sld_fab_0|                             ; 76.3 (0.0)           ; 83.5 (0.0)                       ; 7.2 (0.0)                                         ; 0.0 (0.0)                        ; 0.0 (0.0)            ; 125 (0)             ; 96 (0)                    ; 0 (0)         ; 0                 ; 0     ; 0                        ; 0                                      ; 0                                                 ; 0    ; 0 (0)  ; auto_fab_0|alt_sld_fab_0|alt_sld_fab_0                                                                                                ; alt_sld_fab_0_alt_sld_fab_1920_dopew5i                                ; intel_niosv_dbg_mod_210            ;
;             |configresetfabric|                      ; 0.0 (0.0)            ; 0.0 (0.0)                        ; 0.0 (0.0)                                         ; 0.0 (0.0)                        ; 0.0 (0.0)            ; 0 (0)               ; 0 (0)                     ; 0 (0)         ; 0                 ; 0     ; 0                        ; 0                                      ; 0                                                 ; 0    ; 0 (0)  ; auto_fab_0|alt_sld_fab_0|alt_sld_fab_0|configresetfabric                                                                              ; alt_sld_fab_0_intel_configuration_debug_reset_release_hub_203_ku24h5y ; intel_niosv_dbg_mod_210            ;
;                |conf_reset_src|                      ; 0.0 (0.0)            ; 0.0 (0.0)                        ; 0.0 (0.0)                                         ; 0.0 (0.0)                        ; 0.0 (0.0)            ; 0 (0)               ; 0 (0)                     ; 0 (0)         ; 0                 ; 0     ; 0                        ; 0                                      ; 0                                                 ; 0    ; 0 (0)  ; auto_fab_0|alt_sld_fab_0|alt_sld_fab_0|configresetfabric|conf_reset_src                                                               ; intel_configuration_reset_release_for_debug                           ; intel_niosv_dbg_mod_210            ;
;             |jtagpins|                               ; 0.0 (0.0)            ; 0.0 (0.0)                        ; 0.0 (0.0)                                         ; 0.0 (0.0)                        ; 0.0 (0.0)            ; 0 (0)               ; 0 (0)                     ; 0 (0)         ; 0                 ; 0     ; 0                        ; 0                                      ; 0                                                 ; 0    ; 0 (0)  ; auto_fab_0|alt_sld_fab_0|alt_sld_fab_0|jtagpins                                                                                       ; altera_jtag_wys_atom                                                  ; intel_niosv_dbg_mod_210            ;
;                |atom_inst|                           ; 0.0 (0.0)            ; 0.0 (0.0)                        ; 0.0 (0.0)                                         ; 0.0 (0.0)                        ; 0.0 (0.0)            ; 0 (0)               ; 0 (0)                     ; 0 (0)         ; 0                 ; 0     ; 0                        ; 0                                      ; 0                                                 ; 0    ; 0 (0)  ; auto_fab_0|alt_sld_fab_0|alt_sld_fab_0|jtagpins|atom_inst                                                                             ; altera_jtag_wys_atom_bare                                             ; intel_niosv_dbg_mod_210            ;
;             |sldfabric|                              ; 76.3 (0.0)           ; 83.5 (0.0)                       ; 7.2 (0.0)                                         ; 0.0 (0.0)                        ; 0.0 (0.0)            ; 125 (0)             ; 96 (0)                    ; 0 (0)         ; 0                 ; 0     ; 0                        ; 0                                      ; 0                                                 ; 0    ; 0 (0)  ; auto_fab_0|alt_sld_fab_0|alt_sld_fab_0|sldfabric                                                                                      ; alt_sld_fab_0_altera_sld_jtag_hub_1920_nxacx4i                        ; intel_niosv_dbg_mod_210            ;
;                |jtag_hub_gen.real_sld_jtag_hub|      ; 76.3 (56.8)          ; 83.5 (62.7)                      ; 7.2 (6.0)                                         ; 0.0 (0.0)                        ; 0.0 (0.0)            ; 125 (90)            ; 96 (68)                   ; 0 (0)         ; 0                 ; 0     ; 0                        ; 0                                      ; 0                                                 ; 0    ; 0 (0)  ; auto_fab_0|alt_sld_fab_0|alt_sld_fab_0|sldfabric|jtag_hub_gen.real_sld_jtag_hub                                                       ; sld_jtag_hub                                                          ; intel_niosv_dbg_mod_210            ;
;                   |hub_info_reg|                     ; 9.5 (9.5)            ; 10.5 (10.5)                      ; 1.0 (1.0)                                         ; 0.0 (0.0)                        ; 0.0 (0.0)            ; 16 (16)             ; 9 (9)                     ; 0 (0)         ; 0                 ; 0     ; 0                        ; 0                                      ; 0                                                 ; 0    ; 0 (0)  ; auto_fab_0|alt_sld_fab_0|alt_sld_fab_0|sldfabric|jtag_hub_gen.real_sld_jtag_hub|hub_info_reg                                          ; sld_rom_sr                                                            ; intel_niosv_dbg_mod_210            ;
;                   |shadow_jsm|                       ; 10.0 (10.0)          ; 10.2 (10.2)                      ; 0.2 (0.2)                                         ; 0.0 (0.0)                        ; 0.0 (0.0)            ; 19 (19)             ; 19 (19)                   ; 0 (0)         ; 0                 ; 0     ; 0                        ; 0                                      ; 0                                                 ; 0    ; 0 (0)  ; auto_fab_0|alt_sld_fab_0|alt_sld_fab_0|sldfabric|jtag_hub_gen.real_sld_jtag_hub|shadow_jsm                                            ; sld_shadow_jsm                                                        ; intel_niosv_dbg_mod_210            ;
;    |debug|                                           ; 74.1 (0.0)           ; 86.3 (0.0)                       ; 12.3 (0.0)                                        ; 0.1 (0.0)                        ; 0.0 (0.0)            ; 124 (0)             ; 113 (0)                   ; 0 (0)         ; 1024              ; 2     ; 0                        ; 0                                      ; 0                                                 ; 0    ; 0 (0)  ; debug                                                                                                                                 ; niosv_jtag_uart_0                                                     ; niosv_jtag_uart_0                  ;
;       |debug|                                        ; 74.1 (12.4)          ; 86.3 (15.5)                      ; 12.3 (3.1)                                        ; 0.1 (0.0)                        ; 0.0 (0.0)            ; 124 (25)            ; 113 (13)                  ; 0 (0)         ; 1024              ; 2     ; 0                        ; 0                                      ; 0                                                 ; 0    ; 0 (0)  ; debug|debug                                                                                                                           ; altera_avalon_jtag_uart                                               ; altera_avalon_jtag_uart_1931       ;
;          |altera_avalon_jtag_uart_alt_jtag_atlantic| ; 36.9 (36.9)          ; 43.4 (43.4)                      ; 6.6 (6.6)                                         ; 0.1 (0.1)                        ; 0.0 (0.0)            ; 47 (47)             ; 60 (60)                   ; 0 (0)         ; 0                 ; 0     ; 0                        ; 0                                      ; 0                                                 ; 0    ; 0 (0)  ; debug|debug|altera_avalon_jtag_uart_alt_jtag_atlantic                                                                                 ; alt_jtag_atlantic                                                     ; altera_work                        ;
;          |altera_avalon_jtag_uart_scfifo_r|          ; 11.6 (0.0)           ; 14.3 (0.0)                       ; 2.7 (0.0)                                         ; 0.0 (0.0)                        ; 0.0 (0.0)            ; 26 (0)              ; 20 (0)                    ; 0 (0)         ; 512               ; 1     ; 0                        ; 0                                      ; 0                                                 ; 0    ; 0 (0)  ; debug|debug|altera_avalon_jtag_uart_scfifo_r                                                                                          ; altera_avalon_jtag_uart_scfifo_r                                      ; altera_avalon_jtag_uart_1931       ;
;             |rfifo|                                  ; 11.6 (0.0)           ; 14.3 (0.0)                       ; 2.7 (0.0)                                         ; 0.0 (0.0)                        ; 0.0 (0.0)            ; 26 (0)              ; 20 (0)                    ; 0 (0)         ; 512               ; 1     ; 0                        ; 0                                      ; 0                                                 ; 0    ; 0 (0)  ; debug|debug|altera_avalon_jtag_uart_scfifo_r|rfifo                                                                                    ; scfifo                                                                ; altera_work                        ;
;                |auto_generated|                      ; 11.6 (0.0)           ; 14.3 (0.0)                       ; 2.7 (0.0)                                         ; 0.0 (0.0)                        ; 0.0 (0.0)            ; 26 (0)              ; 20 (0)                    ; 0 (0)         ; 512               ; 1     ; 0                        ; 0                                      ; 0                                                 ; 0    ; 0 (0)  ; debug|debug|altera_avalon_jtag_uart_scfifo_r|rfifo|auto_generated                                                                     ; scfifo_v1n72                                                          ; altera_work                        ;
;                   |dpfifo|                           ; 11.6 (0.0)           ; 14.3 (0.0)                       ; 2.7 (0.0)                                         ; 0.0 (0.0)                        ; 0.0 (0.0)            ; 26 (0)              ; 20 (0)                    ; 0 (0)         ; 512               ; 1     ; 0                        ; 0                                      ; 0                                                 ; 0    ; 0 (0)  ; debug|debug|altera_avalon_jtag_uart_scfifo_r|rfifo|auto_generated|dpfifo                                                              ; a_dpfifo_thtu                                                         ; altera_work                        ;
;                      |FIFOram|                       ; 0.0 (0.0)            ; 0.0 (0.0)                        ; 0.0 (0.0)                                         ; 0.0 (0.0)                        ; 0.0 (0.0)            ; 0 (0)               ; 0 (0)                     ; 0 (0)         ; 512               ; 1     ; 0                        ; 0                                      ; 0                                                 ; 0    ; 0 (0)  ; debug|debug|altera_avalon_jtag_uart_scfifo_r|rfifo|auto_generated|dpfifo|FIFOram                                                      ; altera_syncram_5s9i1                                                  ; altera_work                        ;
;                         |altera_syncram_impl1|       ; 0.0 (0.0)            ; 0.0 (0.0)                        ; 0.0 (0.0)                                         ; 0.0 (0.0)                        ; 0.0 (0.0)            ; 0 (0)               ; 0 (0)                     ; 0 (0)         ; 512               ; 1     ; 0                        ; 0                                      ; 0                                                 ; 0    ; 0 (0)  ; debug|debug|altera_avalon_jtag_uart_scfifo_r|rfifo|auto_generated|dpfifo|FIFOram|altera_syncram_impl1                                 ; altera_syncram_impl_d6o82                                             ; altera_work                        ;
;                      |fifo_state|                    ; 7.1 (4.1)            ; 7.2 (4.2)                        ; 0.1 (0.1)                                         ; 0.0 (0.0)                        ; 0.0 (0.0)            ; 12 (6)              ; 8 (2)                     ; 0 (0)         ; 0                 ; 0     ; 0                        ; 0                                      ; 0                                                 ; 0    ; 0 (0)  ; debug|debug|altera_avalon_jtag_uart_scfifo_r|rfifo|auto_generated|dpfifo|fifo_state                                                   ; a_fefifo_1pu6                                                         ; altera_work                        ;
;                         |count_usedw|                ; 3.0 (3.0)            ; 3.0 (3.0)                        ; 0.0 (0.0)                                         ; 0.0 (0.0)                        ; 0.0 (0.0)            ; 6 (6)               ; 6 (6)                     ; 0 (0)         ; 0                 ; 0     ; 0                        ; 0                                      ; 0                                                 ; 0    ; 0 (0)  ; debug|debug|altera_avalon_jtag_uart_scfifo_r|rfifo|auto_generated|dpfifo|fifo_state|count_usedw                                       ; cntr_mdq02                                                            ; altera_work                        ;
;                      |rd_ptr_count|                  ; 2.3 (2.3)            ; 3.7 (3.7)                        ; 1.4 (1.4)                                         ; 0.0 (0.0)                        ; 0.0 (0.0)            ; 7 (7)               ; 6 (6)                     ; 0 (0)         ; 0                 ; 0     ; 0                        ; 0                                      ; 0                                                 ; 0    ; 0 (0)  ; debug|debug|altera_avalon_jtag_uart_scfifo_r|rfifo|auto_generated|dpfifo|rd_ptr_count                                                 ; altera_counter                                                        ; altera_work                        ;
;                      |wr_ptr|                        ; 2.2 (2.2)            ; 3.4 (3.4)                        ; 1.2 (1.2)                                         ; 0.0 (0.0)                        ; 0.0 (0.0)            ; 7 (7)               ; 6 (6)                     ; 0 (0)         ; 0                 ; 0     ; 0                        ; 0                                      ; 0                                                 ; 0    ; 0 (0)  ; debug|debug|altera_avalon_jtag_uart_scfifo_r|rfifo|auto_generated|dpfifo|wr_ptr                                                       ; altera_counter                                                        ; altera_work                        ;
;          |altera_avalon_jtag_uart_scfifo_w|          ; 13.2 (0.0)           ; 13.2 (0.0)                       ; 0.0 (0.0)                                         ; 0.0 (0.0)                        ; 0.0 (0.0)            ; 26 (0)              ; 20 (0)                    ; 0 (0)         ; 512               ; 1     ; 0                        ; 0                                      ; 0                                                 ; 0    ; 0 (0)  ; debug|debug|altera_avalon_jtag_uart_scfifo_w                                                                                          ; altera_avalon_jtag_uart_scfifo_w                                      ; altera_avalon_jtag_uart_1931       ;
;             |wfifo|                                  ; 13.2 (0.0)           ; 13.2 (0.0)                       ; 0.0 (0.0)                                         ; 0.0 (0.0)                        ; 0.0 (0.0)            ; 26 (0)              ; 20 (0)                    ; 0 (0)         ; 512               ; 1     ; 0                        ; 0                                      ; 0                                                 ; 0    ; 0 (0)  ; debug|debug|altera_avalon_jtag_uart_scfifo_w|wfifo                                                                                    ; scfifo                                                                ; altera_work                        ;
;                |auto_generated|                      ; 13.2 (0.0)           ; 13.2 (0.0)                       ; 0.0 (0.0)                                         ; 0.0 (0.0)                        ; 0.0 (0.0)            ; 26 (0)              ; 20 (0)                    ; 0 (0)         ; 512               ; 1     ; 0                        ; 0                                      ; 0                                                 ; 0    ; 0 (0)  ; debug|debug|altera_avalon_jtag_uart_scfifo_w|wfifo|auto_generated                                                                     ; scfifo_v1n72                                                          ; altera_work                        ;
;                   |dpfifo|                           ; 13.2 (0.0)           ; 13.2 (0.0)                       ; 0.0 (0.0)                                         ; 0.0 (0.0)                        ; 0.0 (0.0)            ; 26 (0)              ; 20 (0)                    ; 0 (0)         ; 512               ; 1     ; 0                        ; 0                                      ; 0                                                 ; 0    ; 0 (0)  ; debug|debug|altera_avalon_jtag_uart_scfifo_w|wfifo|auto_generated|dpfifo                                                              ; a_dpfifo_thtu                                                         ; altera_work                        ;
;                      |FIFOram|                       ; 0.0 (0.0)            ; 0.0 (0.0)                        ; 0.0 (0.0)                                         ; 0.0 (0.0)                        ; 0.0 (0.0)            ; 0 (0)               ; 0 (0)                     ; 0 (0)         ; 512               ; 1     ; 0                        ; 0                                      ; 0                                                 ; 0    ; 0 (0)  ; debug|debug|altera_avalon_jtag_uart_scfifo_w|wfifo|auto_generated|dpfifo|FIFOram                                                      ; altera_syncram_5s9i1                                                  ; altera_work                        ;
;                         |altera_syncram_impl1|       ; 0.0 (0.0)            ; 0.0 (0.0)                        ; 0.0 (0.0)                                         ; 0.0 (0.0)                        ; 0.0 (0.0)            ; 0 (0)               ; 0 (0)                     ; 0 (0)         ; 512               ; 1     ; 0                        ; 0                                      ; 0                                                 ; 0    ; 0 (0)  ; debug|debug|altera_avalon_jtag_uart_scfifo_w|wfifo|auto_generated|dpfifo|FIFOram|altera_syncram_impl1                                 ; altera_syncram_impl_d6o82                                             ; altera_work                        ;
;                      |fifo_state|                    ; 6.2 (3.2)            ; 6.2 (3.2)                        ; 0.0 (0.0)                                         ; 0.0 (0.0)                        ; 0.0 (0.0)            ; 12 (6)              ; 8 (2)                     ; 0 (0)         ; 0                 ; 0     ; 0                        ; 0                                      ; 0                                                 ; 0    ; 0 (0)  ; debug|debug|altera_avalon_jtag_uart_scfifo_w|wfifo|auto_generated|dpfifo|fifo_state                                                   ; a_fefifo_1pu6                                                         ; altera_work                        ;
;                         |count_usedw|                ; 3.0 (3.0)            ; 3.0 (3.0)                        ; 0.0 (0.0)                                         ; 0.0 (0.0)                        ; 0.0 (0.0)            ; 6 (6)               ; 6 (6)                     ; 0 (0)         ; 0                 ; 0     ; 0                        ; 0                                      ; 0                                                 ; 0    ; 0 (0)  ; debug|debug|altera_avalon_jtag_uart_scfifo_w|wfifo|auto_generated|dpfifo|fifo_state|count_usedw                                       ; cntr_mdq02                                                            ; altera_work                        ;
;                      |rd_ptr_count|                  ; 3.5 (3.5)            ; 3.5 (3.5)                        ; 0.0 (0.0)                                         ; 0.0 (0.0)                        ; 0.0 (0.0)            ; 7 (7)               ; 6 (6)                     ; 0 (0)         ; 0                 ; 0     ; 0                        ; 0                                      ; 0                                                 ; 0    ; 0 (0)  ; debug|debug|altera_avalon_jtag_uart_scfifo_w|wfifo|auto_generated|dpfifo|rd_ptr_count                                                 ; altera_counter                                                        ; altera_work                        ;
;                      |wr_ptr|                        ; 3.5 (3.5)            ; 3.5 (3.5)                        ; 0.0 (0.0)                                         ; 0.0 (0.0)                        ; 0.0 (0.0)            ; 7 (7)               ; 6 (6)                     ; 0 (0)         ; 0                 ; 0     ; 0                        ; 0                                      ; 0                                                 ; 0    ; 0 (0)  ; debug|debug|altera_avalon_jtag_uart_scfifo_w|wfifo|auto_generated|dpfifo|wr_ptr                                                       ; altera_counter                                                        ; altera_work                        ;
;    |mm_interconnect_0|                               ; 372.0 (0.0)          ; 409.6 (0.0)                      ; 37.9 (0.0)                                        ; 0.3 (0.0)                        ; 0.0 (0.0)            ; 678 (0)             ; 492 (0)                   ; 0 (0)         ; 0                 ; 0     ; 0                        ; 0                                      ; 0                                                 ; 0    ; 0 (0)  ; mm_interconnect_0                                                                                                                     ; niosv_altera_mm_interconnect_1920_4pky6ba                             ; altera_mm_interconnect_1920        ;
;       |cmd_demux|                                    ; 3.8 (3.8)            ; 3.8 (3.8)                        ; 0.0 (0.0)                                         ; 0.0 (0.0)                        ; 0.0 (0.0)            ; 8 (8)               ; 0 (0)                     ; 0 (0)         ; 0                 ; 0     ; 0                        ; 0                                      ; 0                                                 ; 0    ; 0 (0)  ; mm_interconnect_0|cmd_demux                                                                                                           ; niosv_altera_merlin_demultiplexer_1921_gf66usy                        ; altera_merlin_demultiplexer_1921   ;
;       |cmd_demux_001|                                ; 1.3 (1.3)            ; 2.0 (2.0)                        ; 0.7 (0.7)                                         ; 0.0 (0.0)                        ; 0.0 (0.0)            ; 4 (4)               ; 0 (0)                     ; 0 (0)         ; 0                 ; 0     ; 0                        ; 0                                      ; 0                                                 ; 0    ; 0 (0)  ; mm_interconnect_0|cmd_demux_001                                                                                                       ; niosv_altera_merlin_demultiplexer_1921_gf66usy                        ; altera_merlin_demultiplexer_1921   ;
;       |cmd_demux_003|                                ; 1.2 (1.2)            ; 1.2 (1.2)                        ; 0.0 (0.0)                                         ; 0.0 (0.0)                        ; 0.0 (0.0)            ; 3 (3)               ; 0 (0)                     ; 0 (0)         ; 0                 ; 0     ; 0                        ; 0                                      ; 0                                                 ; 0    ; 0 (0)  ; mm_interconnect_0|cmd_demux_003                                                                                                       ; niosv_altera_merlin_demultiplexer_1921_eqthw6y                        ; altera_merlin_demultiplexer_1921   ;
;       |cmd_mux|                                      ; 7.9 (5.9)            ; 8.9 (6.8)                        ; 1.0 (0.9)                                         ; 0.0 (0.0)                        ; 0.0 (0.0)            ; 20 (15)             ; 7 (4)                     ; 0 (0)         ; 0                 ; 0     ; 0                        ; 0                                      ; 0                                                 ; 0    ; 0 (0)  ; mm_interconnect_0|cmd_mux                                                                                                             ; niosv_altera_merlin_multiplexer_1922_szjlx7q                          ; altera_merlin_multiplexer_1922     ;
;          |arb|                                       ; 2.1 (2.1)            ; 2.2 (2.2)                        ; 0.1 (0.1)                                         ; 0.0 (0.0)                        ; 0.0 (0.0)            ; 5 (5)               ; 3 (3)                     ; 0 (0)         ; 0                 ; 0     ; 0                        ; 0                                      ; 0                                                 ; 0    ; 0 (0)  ; mm_interconnect_0|cmd_mux|arb                                                                                                         ; altera_merlin_arbitrator                                              ; altera_merlin_multiplexer_1922     ;
;       |cmd_mux_001|                                  ; 15.4 (11.5)          ; 17.7 (12.9)                      ; 2.3 (1.4)                                         ; 0.0 (0.0)                        ; 0.0 (0.0)            ; 24 (15)             ; 9 (5)                     ; 0 (0)         ; 0                 ; 0     ; 0                        ; 0                                      ; 0                                                 ; 0    ; 0 (0)  ; mm_interconnect_0|cmd_mux_001                                                                                                         ; niosv_altera_merlin_multiplexer_1922_lxeu3ki                          ; altera_merlin_multiplexer_1922     ;
;          |arb|                                       ; 3.9 (3.3)            ; 4.8 (4.1)                        ; 0.9 (0.8)                                         ; 0.0 (0.0)                        ; 0.0 (0.0)            ; 9 (8)               ; 4 (4)                     ; 0 (0)         ; 0                 ; 0     ; 0                        ; 0                                      ; 0                                                 ; 0    ; 0 (0)  ; mm_interconnect_0|cmd_mux_001|arb                                                                                                     ; altera_merlin_arbitrator                                              ; altera_merlin_multiplexer_1922     ;
;             |adder|                                  ; 0.6 (0.6)            ; 0.7 (0.7)                        ; 0.1 (0.1)                                         ; 0.0 (0.0)                        ; 0.0 (0.0)            ; 1 (1)               ; 0 (0)                     ; 0 (0)         ; 0                 ; 0     ; 0                        ; 0                                      ; 0                                                 ; 0    ; 0 (0)  ; mm_interconnect_0|cmd_mux_001|arb|adder                                                                                               ; altera_merlin_arb_adder                                               ; altera_merlin_multiplexer_1922     ;
;       |cmd_mux_002|                                  ; 39.3 (33.7)          ; 40.7 (34.7)                      ; 1.4 (1.0)                                         ; 0.0 (0.0)                        ; 0.0 (0.0)            ; 66 (56)             ; 9 (5)                     ; 0 (0)         ; 0                 ; 0     ; 0                        ; 0                                      ; 0                                                 ; 0    ; 0 (0)  ; mm_interconnect_0|cmd_mux_002                                                                                                         ; niosv_altera_merlin_multiplexer_1922_lxeu3ki                          ; altera_merlin_multiplexer_1922     ;
;          |arb|                                       ; 5.6 (4.6)            ; 6.0 (5.0)                        ; 0.4 (0.4)                                         ; 0.0 (0.0)                        ; 0.0 (0.0)            ; 10 (9)              ; 4 (4)                     ; 0 (0)         ; 0                 ; 0     ; 0                        ; 0                                      ; 0                                                 ; 0    ; 0 (0)  ; mm_interconnect_0|cmd_mux_002|arb                                                                                                     ; altera_merlin_arbitrator                                              ; altera_merlin_multiplexer_1922     ;
;             |adder|                                  ; 1.0 (1.0)            ; 1.0 (1.0)                        ; 0.0 (0.0)                                         ; 0.0 (0.0)                        ; 0.0 (0.0)            ; 1 (1)               ; 0 (0)                     ; 0 (0)         ; 0                 ; 0     ; 0                        ; 0                                      ; 0                                                 ; 0    ; 0 (0)  ; mm_interconnect_0|cmd_mux_002|arb|adder                                                                                               ; altera_merlin_arb_adder                                               ; altera_merlin_multiplexer_1922     ;
;       |cmd_mux_003|                                  ; 15.8 (13.4)          ; 21.2 (19.3)                      ; 5.5 (5.9)                                         ; 0.0 (0.0)                        ; 0.0 (0.0)            ; 50 (45)             ; 7 (4)                     ; 0 (0)         ; 0                 ; 0     ; 0                        ; 0                                      ; 0                                                 ; 0    ; 0 (0)  ; mm_interconnect_0|cmd_mux_003                                                                                                         ; niosv_altera_merlin_multiplexer_1922_szjlx7q                          ; altera_merlin_multiplexer_1922     ;
;          |arb|                                       ; 1.9 (1.9)            ; 1.9 (1.9)                        ; 0.0 (0.0)                                         ; 0.0 (0.0)                        ; 0.0 (0.0)            ; 5 (5)               ; 3 (3)                     ; 0 (0)         ; 0                 ; 0     ; 0                        ; 0                                      ; 0                                                 ; 0    ; 0 (0)  ; mm_interconnect_0|cmd_mux_003|arb                                                                                                     ; altera_merlin_arbitrator                                              ; altera_merlin_multiplexer_1922     ;
;       |debug_avalon_jtag_slave_agent|                ; 0.7 (0.7)            ; 0.8 (0.8)                        ; 0.1 (0.1)                                         ; 0.0 (0.0)                        ; 0.0 (0.0)            ; 2 (2)               ; 0 (0)                     ; 0 (0)         ; 0                 ; 0     ; 0                        ; 0                                      ; 0                                                 ; 0    ; 0 (0)  ; mm_interconnect_0|debug_avalon_jtag_slave_agent                                                                                       ; niosv_altera_merlin_slave_agent_1930_jxauz3i                          ; altera_merlin_slave_agent_1930     ;
;       |debug_avalon_jtag_slave_agent_rdata_fifo|     ; 13.5 (13.5)          ; 14.2 (14.2)                      ; 0.7 (0.7)                                         ; 0.0 (0.0)                        ; 0.0 (0.0)            ; 27 (27)             ; 50 (50)                   ; 0 (0)         ; 0                 ; 0     ; 0                        ; 0                                      ; 0                                                 ; 0    ; 0 (0)  ; mm_interconnect_0|debug_avalon_jtag_slave_agent_rdata_fifo                                                                            ; niosv_altera_avalon_sc_fifo_1932_22gxxgi                              ; altera_avalon_sc_fifo_1932         ;
;       |debug_avalon_jtag_slave_agent_rsp_fifo|       ; 4.1 (4.1)            ; 5.2 (5.2)                        ; 1.1 (1.1)                                         ; 0.0 (0.0)                        ; 0.0 (0.0)            ; 9 (9)               ; 9 (9)                     ; 0 (0)         ; 0                 ; 0     ; 0                        ; 0                                      ; 0                                                 ; 0    ; 0 (0)  ; mm_interconnect_0|debug_avalon_jtag_slave_agent_rsp_fifo                                                                              ; niosv_altera_avalon_sc_fifo_1932_22gxxgi                              ; altera_avalon_sc_fifo_1932         ;
;       |debug_avalon_jtag_slave_translator|           ; 9.7 (9.7)            ; 13.8 (13.8)                      ; 4.2 (4.2)                                         ; 0.0 (0.0)                        ; 0.0 (0.0)            ; 18 (18)             ; 26 (26)                   ; 0 (0)         ; 0                 ; 0     ; 0                        ; 0                                      ; 0                                                 ; 0    ; 0 (0)  ; mm_interconnect_0|debug_avalon_jtag_slave_translator                                                                                  ; niosv_altera_merlin_slave_translator_191_xg7rzxi                      ; altera_merlin_slave_translator_191 ;
;       |my_niosv_data_manager_agent|                  ; 24.4 (24.4)          ; 30.3 (30.3)                      ; 6.0 (6.0)                                         ; 0.1 (0.1)                        ; 0.0 (0.0)            ; 10 (10)             ; 72 (72)                   ; 0 (0)         ; 0                 ; 0     ; 0                        ; 0                                      ; 0                                                 ; 0    ; 0 (0)  ; mm_interconnect_0|my_niosv_data_manager_agent                                                                                         ; niosv_altera_merlin_axi_master_ni_19112_2jrcixq                       ; altera_merlin_axi_master_ni_19112  ;
;       |my_niosv_dm_agent_agent|                      ; 1.2 (1.2)            ; 2.0 (2.0)                        ; 0.8 (0.8)                                         ; 0.0 (0.0)                        ; 0.0 (0.0)            ; 3 (3)               ; 0 (0)                     ; 0 (0)         ; 0                 ; 0     ; 0                        ; 0                                      ; 0                                                 ; 0    ; 0 (0)  ; mm_interconnect_0|my_niosv_dm_agent_agent                                                                                             ; niosv_altera_merlin_slave_agent_1930_jxauz3i                          ; altera_merlin_slave_agent_1930     ;
;       |my_niosv_dm_agent_agent_rdata_fifo|           ; 43.5 (43.5)          ; 47.2 (47.2)                      ; 3.7 (3.7)                                         ; 0.0 (0.0)                        ; 0.0 (0.0)            ; 94 (94)             ; 100 (100)                 ; 0 (0)         ; 0                 ; 0     ; 0                        ; 0                                      ; 0                                                 ; 0    ; 0 (0)  ; mm_interconnect_0|my_niosv_dm_agent_agent_rdata_fifo                                                                                  ; niosv_altera_avalon_sc_fifo_1932_22gxxgi                              ; altera_avalon_sc_fifo_1932         ;
;       |my_niosv_dm_agent_agent_rsp_fifo|             ; 9.3 (9.3)            ; 11.5 (11.5)                      ; 2.2 (2.2)                                         ; 0.0 (0.0)                        ; 0.0 (0.0)            ; 18 (18)             ; 19 (19)                   ; 0 (0)         ; 0                 ; 0     ; 0                        ; 0                                      ; 0                                                 ; 0    ; 0 (0)  ; mm_interconnect_0|my_niosv_dm_agent_agent_rsp_fifo                                                                                    ; niosv_altera_avalon_sc_fifo_1932_22gxxgi                              ; altera_avalon_sc_fifo_1932         ;
;       |my_niosv_instruction_manager_agent|           ; 5.3 (5.3)            ; 5.3 (5.3)                        ; 0.0 (0.0)                                         ; 0.0 (0.0)                        ; 0.0 (0.0)            ; 2 (2)               ; 18 (18)                   ; 0 (0)         ; 0                 ; 0     ; 0                        ; 0                                      ; 0                                                 ; 0    ; 0 (0)  ; mm_interconnect_0|my_niosv_instruction_manager_agent                                                                                  ; niosv_altera_merlin_axi_master_ni_19112_2jrcixq                       ; altera_merlin_axi_master_ni_19112  ;
;       |my_niosv_instruction_manager_rd_limiter|      ; 6.3 (6.3)            ; 7.3 (7.3)                        ; 1.1 (1.1)                                         ; 0.0 (0.0)                        ; 0.0 (0.0)            ; 10 (10)             ; 7 (7)                     ; 0 (0)         ; 0                 ; 0     ; 0                        ; 0                                      ; 0                                                 ; 0    ; 0 (0)  ; mm_interconnect_0|my_niosv_instruction_manager_rd_limiter                                                                             ; niosv_altera_merlin_traffic_limiter_1921_2thi65i                      ; altera_merlin_traffic_limiter_1921 ;
;       |my_niosv_timer_sw_agent_agent|                ; 1.1 (1.1)            ; 1.1 (1.1)                        ; 0.0 (0.0)                                         ; 0.0 (0.0)                        ; 0.0 (0.0)            ; 3 (3)               ; 0 (0)                     ; 0 (0)         ; 0                 ; 0     ; 0                        ; 0                                      ; 0                                                 ; 0    ; 0 (0)  ; mm_interconnect_0|my_niosv_timer_sw_agent_agent                                                                                       ; niosv_altera_merlin_slave_agent_1930_jxauz3i                          ; altera_merlin_slave_agent_1930     ;
;       |my_niosv_timer_sw_agent_agent_rdata_fifo|     ; 20.0 (20.0)          ; 20.0 (20.0)                      ; 0.0 (0.0)                                         ; 0.0 (0.0)                        ; 0.0 (0.0)            ; 36 (36)             ; 67 (67)                   ; 0 (0)         ; 0                 ; 0     ; 0                        ; 0                                      ; 0                                                 ; 0    ; 0 (0)  ; mm_interconnect_0|my_niosv_timer_sw_agent_agent_rdata_fifo                                                                            ; niosv_altera_avalon_sc_fifo_1932_22gxxgi                              ; altera_avalon_sc_fifo_1932         ;
;       |my_niosv_timer_sw_agent_agent_rsp_fifo|       ; 3.7 (3.7)            ; 3.7 (3.7)                        ; 0.0 (0.0)                                         ; 0.0 (0.0)                        ; 0.0 (0.0)            ; 6 (6)               ; 9 (9)                     ; 0 (0)         ; 0                 ; 0     ; 0                        ; 0                                      ; 0                                                 ; 0    ; 0 (0)  ; mm_interconnect_0|my_niosv_timer_sw_agent_agent_rsp_fifo                                                                              ; niosv_altera_avalon_sc_fifo_1932_22gxxgi                              ; altera_avalon_sc_fifo_1932         ;
;       |router|                                       ; 2.7 (2.7)            ; 3.0 (3.0)                        ; 0.3 (0.3)                                         ; 0.0 (0.0)                        ; 0.0 (0.0)            ; 4 (4)               ; 0 (0)                     ; 0 (0)         ; 0                 ; 0     ; 0                        ; 0                                      ; 0                                                 ; 0    ; 0 (0)  ; mm_interconnect_0|router                                                                                                              ; niosv_altera_merlin_router_1921_f7bfoqi                               ; altera_merlin_router_1921          ;
;       |router_001|                                   ; 3.3 (3.3)            ; 3.5 (3.5)                        ; 0.2 (0.2)                                         ; 0.0 (0.0)                        ; 0.0 (0.0)            ; 6 (6)               ; 0 (0)                     ; 0 (0)         ; 0                 ; 0     ; 0                        ; 0                                      ; 0                                                 ; 0    ; 0 (0)  ; mm_interconnect_0|router_001                                                                                                          ; niosv_altera_merlin_router_1921_f7bfoqi                               ; altera_merlin_router_1921          ;
;       |rsp_demux|                                    ; 1.0 (1.0)            ; 1.2 (1.2)                        ; 0.2 (0.2)                                         ; 0.0 (0.0)                        ; 0.0 (0.0)            ; 2 (2)               ; 0 (0)                     ; 0 (0)         ; 0                 ; 0     ; 0                        ; 0                                      ; 0                                                 ; 0    ; 0 (0)  ; mm_interconnect_0|rsp_demux                                                                                                           ; niosv_altera_merlin_demultiplexer_1921_s633mky                        ; altera_merlin_demultiplexer_1921   ;
;       |rsp_demux_001|                                ; 0.6 (0.6)            ; 1.0 (1.0)                        ; 0.4 (0.4)                                         ; 0.0 (0.0)                        ; 0.0 (0.0)            ; 2 (2)               ; 0 (0)                     ; 0 (0)         ; 0                 ; 0     ; 0                        ; 0                                      ; 0                                                 ; 0    ; 0 (0)  ; mm_interconnect_0|rsp_demux_001                                                                                                       ; niosv_altera_merlin_demultiplexer_1921_gf66usy                        ; altera_merlin_demultiplexer_1921   ;
;       |rsp_demux_002|                                ; 1.1 (1.1)            ; 1.3 (1.3)                        ; 0.2 (0.2)                                         ; 0.0 (0.0)                        ; 0.0 (0.0)            ; 3 (3)               ; 0 (0)                     ; 0 (0)         ; 0                 ; 0     ; 0                        ; 0                                      ; 0                                                 ; 0    ; 0 (0)  ; mm_interconnect_0|rsp_demux_002                                                                                                       ; niosv_altera_merlin_demultiplexer_1921_gf66usy                        ; altera_merlin_demultiplexer_1921   ;
;       |rsp_demux_003|                                ; 1.3 (1.3)            ; 2.0 (2.0)                        ; 0.7 (0.7)                                         ; 0.0 (0.0)                        ; 0.0 (0.0)            ; 2 (2)               ; 0 (0)                     ; 0 (0)         ; 0                 ; 0     ; 0                        ; 0                                      ; 0                                                 ; 0    ; 0 (0)  ; mm_interconnect_0|rsp_demux_003                                                                                                       ; niosv_altera_merlin_demultiplexer_1921_s633mky                        ; altera_merlin_demultiplexer_1921   ;
;       |rsp_mux|                                      ; 2.2 (2.2)            ; 2.8 (2.8)                        ; 0.6 (0.6)                                         ; 0.0 (0.0)                        ; 0.0 (0.0)            ; 5 (5)               ; 0 (0)                     ; 0 (0)         ; 0                 ; 0     ; 0                        ; 0                                      ; 0                                                 ; 0    ; 0 (0)  ; mm_interconnect_0|rsp_mux                                                                                                             ; niosv_altera_merlin_multiplexer_1922_pkoothq                          ; altera_merlin_multiplexer_1922     ;
;       |rsp_mux_001|                                  ; 81.1 (81.1)          ; 84.3 (84.3)                      ; 3.3 (3.3)                                         ; 0.0 (0.0)                        ; 0.0 (0.0)            ; 126 (126)           ; 0 (0)                     ; 0 (0)         ; 0                 ; 0     ; 0                        ; 0                                      ; 0                                                 ; 0    ; 0 (0)  ; mm_interconnect_0|rsp_mux_001                                                                                                         ; niosv_altera_merlin_multiplexer_1922_pkoothq                          ; altera_merlin_multiplexer_1922     ;
;       |rsp_mux_003|                                  ; 13.1 (13.1)          ; 13.7 (13.7)                      ; 0.6 (0.6)                                         ; 0.1 (0.1)                        ; 0.0 (0.0)            ; 42 (42)             ; 0 (0)                     ; 0 (0)         ; 0                 ; 0     ; 0                        ; 0                                      ; 0                                                 ; 0    ; 0 (0)  ; mm_interconnect_0|rsp_mux_003                                                                                                         ; niosv_altera_merlin_multiplexer_1922_y4jafty                          ; altera_merlin_multiplexer_1922     ;
;       |sram_s1_agent|                                ; 3.2 (2.2)            ; 3.3 (2.8)                        ; 0.1 (0.6)                                         ; 0.0 (0.0)                        ; 0.0 (0.0)            ; 5 (4)               ; 0 (0)                     ; 0 (0)         ; 0                 ; 0     ; 0                        ; 0                                      ; 0                                                 ; 0    ; 0 (0)  ; mm_interconnect_0|sram_s1_agent                                                                                                       ; niosv_altera_merlin_slave_agent_1930_jxauz3i                          ; altera_merlin_slave_agent_1930     ;
;          |uncompressor|                              ; 0.5 (0.5)            ; 0.5 (0.5)                        ; 0.0 (0.0)                                         ; 0.0 (0.0)                        ; 0.0 (0.0)            ; 1 (1)               ; 0 (0)                     ; 0 (0)         ; 0                 ; 0     ; 0                        ; 0                                      ; 0                                                 ; 0    ; 0 (0)  ; mm_interconnect_0|sram_s1_agent|uncompressor                                                                                          ; altera_merlin_burst_uncompressor                                      ; altera_merlin_slave_agent_1930     ;
;       |sram_s1_agent_rdata_fifo|                     ; 26.3 (26.3)          ; 28.1 (28.1)                      ; 1.8 (1.8)                                         ; 0.0 (0.0)                        ; 0.0 (0.0)            ; 57 (57)             ; 67 (67)                   ; 0 (0)         ; 0                 ; 0     ; 0                        ; 0                                      ; 0                                                 ; 0    ; 0 (0)  ; mm_interconnect_0|sram_s1_agent_rdata_fifo                                                                                            ; niosv_altera_avalon_sc_fifo_1932_22gxxgi                              ; altera_avalon_sc_fifo_1932         ;
;       |sram_s1_agent_rsp_fifo|                       ; 5.6 (5.6)            ; 6.0 (6.0)                        ; 0.4 (0.4)                                         ; 0.0 (0.0)                        ; 0.0 (0.0)            ; 10 (10)             ; 13 (13)                   ; 0 (0)         ; 0                 ; 0     ; 0                        ; 0                                      ; 0                                                 ; 0    ; 0 (0)  ; mm_interconnect_0|sram_s1_agent_rsp_fifo                                                                                              ; niosv_altera_avalon_sc_fifo_1932_22gxxgi                              ; altera_avalon_sc_fifo_1932         ;
;       |sram_s1_translator|                           ; 1.1 (1.1)            ; 1.3 (1.3)                        ; 0.3 (0.3)                                         ; 0.0 (0.0)                        ; 0.0 (0.0)            ; 1 (1)               ; 3 (3)                     ; 0 (0)         ; 0                 ; 0     ; 0                        ; 0                                      ; 0                                                 ; 0    ; 0 (0)  ; mm_interconnect_0|sram_s1_translator                                                                                                  ; niosv_altera_merlin_slave_translator_191_xg7rzxi                      ; altera_merlin_slave_translator_191 ;
;    |my_niosv|                                        ; 2132.0 (0.0)         ; 2409.7 (0.0)                     ; 295.5 (0.0)                                       ; 17.8 (0.0)                       ; 60.0 (0.0)           ; 2864 (0)            ; 2738 (0)                  ; 0 (0)         ; 2048              ; 2     ; 0                        ; 0                                      ; 0                                                 ; 0    ; 0 (0)  ; my_niosv                                                                                                                              ; niosv_intel_niosv_m_0                                                 ; niosv_intel_niosv_m_0              ;
;       |my_niosv|                                     ; 2132.0 (0.0)         ; 2409.7 (0.0)                     ; 295.5 (0.0)                                       ; 17.8 (0.0)                       ; 60.0 (0.0)           ; 2864 (0)            ; 2738 (0)                  ; 0 (0)         ; 2048              ; 2     ; 0                        ; 0                                      ; 0                                                 ; 0    ; 0 (0)  ; my_niosv|my_niosv                                                                                                                     ; niosv_intel_niosv_m_0_intel_niosv_m_2600_yimltqq                      ; intel_niosv_m_2600                 ;
;          |dbg_mod|                                   ; 472.9 (0.0)          ; 525.2 (0.0)                      ; 61.5 (0.0)                                        ; 9.2 (0.0)                        ; 60.0 (0.0)           ; 483 (0)             ; 750 (0)                   ; 0 (0)         ; 0                 ; 0     ; 0                        ; 0                                      ; 0                                                 ; 0    ; 0 (0)  ; my_niosv|my_niosv|dbg_mod                                                                                                             ; niosv_dm_top                                                          ; intel_niosv_dbg_mod_210            ;
;             |dm_inst|                                ; 282.7 (210.4)        ; 315.8 (242.8)                    ; 33.9 (33.2)                                       ; 0.8 (0.8)                        ; 60.0 (0.0)           ; 307 (307)           ; 286 (239)                 ; 0 (0)         ; 0                 ; 0     ; 0                        ; 0                                      ; 0                                                 ; 0    ; 0 (0)  ; my_niosv|my_niosv|dbg_mod|dm_inst                                                                                                     ; niosv_debug_module                                                    ; intel_niosv_dbg_mod_210            ;
;                |dbg_rom_inst|                        ; 42.0 (0.0)           ; 42.0 (0.0)                       ; 0.0 (0.0)                                         ; 0.0 (0.0)                        ; 40.0 (0.0)           ; 0 (0)               ; 6 (0)                     ; 0 (0)         ; 0                 ; 0     ; 0                        ; 0                                      ; 0                                                 ; 0    ; 0 (0)  ; my_niosv|my_niosv|dbg_mod|dm_inst|dbg_rom_inst                                                                                        ; niosv_debug_rom                                                       ; intel_niosv_dbg_mod_210            ;
;                   |gen_mlab_rom.dbg_rom_inst|        ; 42.0 (0.0)           ; 42.0 (0.0)                       ; 0.0 (0.0)                                         ; 0.0 (0.0)                        ; 40.0 (0.0)           ; 0 (0)               ; 6 (0)                     ; 0 (0)         ; 0                 ; 0     ; 0                        ; 0                                      ; 0                                                 ; 0    ; 0 (0)  ; my_niosv|my_niosv|dbg_mod|dm_inst|dbg_rom_inst|gen_mlab_rom.dbg_rom_inst                                                              ; niosv_ram                                                             ; intel_niosv_dbg_mod_210            ;
;                      |ram_no_ecc.data_ram_inst|      ; 42.0 (0.0)           ; 42.0 (0.0)                       ; 0.0 (0.0)                                         ; 0.0 (0.0)                        ; 40.0 (0.0)           ; 0 (0)               ; 6 (0)                     ; 0 (0)         ; 0                 ; 0     ; 0                        ; 0                                      ; 0                                                 ; 0    ; 0 (0)  ; my_niosv|my_niosv|dbg_mod|dm_inst|dbg_rom_inst|gen_mlab_rom.dbg_rom_inst|ram_no_ecc.data_ram_inst                                     ; altsyncram                                                            ; altera_work                        ;
;                         |auto_generated|             ; 42.0 (0.0)           ; 42.0 (0.0)                       ; 0.0 (0.0)                                         ; 0.0 (0.0)                        ; 40.0 (0.0)           ; 0 (0)               ; 6 (0)                     ; 0 (0)         ; 0                 ; 0     ; 0                        ; 0                                      ; 0                                                 ; 0    ; 0 (0)  ; my_niosv|my_niosv|dbg_mod|dm_inst|dbg_rom_inst|gen_mlab_rom.dbg_rom_inst|ram_no_ecc.data_ram_inst|auto_generated                      ; altsyncram_pl301                                                      ; altera_work                        ;
;                            |altera_syncram_impl1|    ; 42.0 (42.0)          ; 42.0 (42.0)                      ; 0.0 (0.0)                                         ; 0.0 (0.0)                        ; 40.0 (40.0)          ; 0 (0)               ; 6 (6)                     ; 0 (0)         ; 0                 ; 0     ; 0                        ; 0                                      ; 0                                                 ; 0    ; 0 (0)  ; my_niosv|my_niosv|dbg_mod|dm_inst|dbg_rom_inst|gen_mlab_rom.dbg_rom_inst|ram_no_ecc.data_ram_inst|auto_generated|altera_syncram_impl1 ; altera_syncram_impl_37g7                                              ; altera_work                        ;
;                |niosv_dm_csr_mem_inst|               ; 30.3 (0.0)           ; 31.0 (0.0)                       ; 0.7 (0.0)                                         ; 0.0 (0.0)                        ; 20.0 (0.0)           ; 0 (0)               ; 41 (0)                    ; 0 (0)         ; 0                 ; 0     ; 0                        ; 0                                      ; 0                                                 ; 0    ; 0 (0)  ; my_niosv|my_niosv|dbg_mod|dm_inst|niosv_dm_csr_mem_inst                                                                               ; niosv_ram                                                             ; intel_niosv_dbg_mod_210            ;
;                   |ram_no_ecc.data_ram_inst|         ; 30.3 (0.0)           ; 31.0 (0.0)                       ; 0.7 (0.0)                                         ; 0.0 (0.0)                        ; 20.0 (0.0)           ; 0 (0)               ; 41 (0)                    ; 0 (0)         ; 0                 ; 0     ; 0                        ; 0                                      ; 0                                                 ; 0    ; 0 (0)  ; my_niosv|my_niosv|dbg_mod|dm_inst|niosv_dm_csr_mem_inst|ram_no_ecc.data_ram_inst                                                      ; altsyncram                                                            ; altera_work                        ;
;                      |auto_generated|                ; 30.3 (0.0)           ; 31.0 (0.0)                       ; 0.7 (0.0)                                         ; 0.0 (0.0)                        ; 20.0 (0.0)           ; 0 (0)               ; 41 (0)                    ; 0 (0)         ; 0                 ; 0     ; 0                        ; 0                                      ; 0                                                 ; 0    ; 0 (0)  ; my_niosv|my_niosv|dbg_mod|dm_inst|niosv_dm_csr_mem_inst|ram_no_ecc.data_ram_inst|auto_generated                                       ; altsyncram_gm7r1                                                      ; altera_work                        ;
;                         |altera_syncram_impl1|       ; 30.3 (30.3)          ; 31.0 (31.0)                      ; 0.7 (0.7)                                         ; 0.0 (0.0)                        ; 20.0 (20.0)          ; 0 (0)               ; 41 (41)                   ; 0 (0)         ; 0                 ; 0     ; 0                        ; 0                                      ; 0                                                 ; 0    ; 0 (0)  ; my_niosv|my_niosv|dbg_mod|dm_inst|niosv_dm_csr_mem_inst|ram_no_ecc.data_ram_inst|auto_generated|altera_syncram_impl1                  ; altera_syncram_impl_22tt1                                             ; altera_work                        ;
;             |dtm_inst|                               ; 189.3 (77.5)         ; 207.8 (89.3)                     ; 27.0 (11.7)                                       ; 8.4 (0.0)                        ; 0.0 (0.0)            ; 176 (166)           ; 461 (203)                 ; 0 (0)         ; 0                 ; 0     ; 0                        ; 0                                      ; 0                                                 ; 0    ; 0 (0)  ; my_niosv|my_niosv|dbg_mod|dtm_inst                                                                                                    ; niosv_dm_jtag2mm                                                      ; intel_niosv_dbg_mod_210            ;
;                |cmd_clk_xer|                         ; 63.4 (0.0)           ; 62.2 (0.0)                       ; 5.3 (0.0)                                         ; 6.4 (0.0)                        ; 0.0 (0.0)            ; 5 (0)               ; 144 (0)                   ; 0 (0)         ; 0                 ; 0     ; 0                        ; 0                                      ; 0                                                 ; 0    ; 0 (0)  ; my_niosv|my_niosv|dbg_mod|dtm_inst|cmd_clk_xer                                                                                        ; altera_avalon_st_handshake_clock_crosser                              ; intel_niosv_dbg_mod_210            ;
;                   |clock_xer|                        ; 63.4 (38.9)          ; 62.2 (35.5)                      ; 5.3 (1.6)                                         ; 6.4 (5.0)                        ; 0.0 (0.0)            ; 5 (4)               ; 144 (90)                  ; 0 (0)         ; 0                 ; 0     ; 0                        ; 0                                      ; 0                                                 ; 0    ; 0 (0)  ; my_niosv|my_niosv|dbg_mod|dtm_inst|cmd_clk_xer|clock_xer                                                                              ; altera_avalon_st_clock_crosser                                        ; intel_niosv_dbg_mod_210            ;
;                      |alt_rst_req_sync_in_rst|       ; 2.0 (2.0)            ; 1.5 (1.5)                        ; 0.0 (0.0)                                         ; 0.5 (0.5)                        ; 0.0 (0.0)            ; 0 (0)               ; 3 (3)                     ; 0 (0)         ; 0                 ; 0     ; 0                        ; 0                                      ; 0                                                 ; 0    ; 0 (0)  ; my_niosv|my_niosv|dbg_mod|dtm_inst|cmd_clk_xer|clock_xer|alt_rst_req_sync_in_rst                                                      ; altera_reset_synchronizer                                             ; intel_niosv_dbg_mod_210            ;
;                      |alt_rst_req_sync_out_rst|      ; 1.5 (1.5)            ; 1.5 (1.5)                        ; 0.0 (0.0)                                         ; 0.0 (0.0)                        ; 0.0 (0.0)            ; 0 (0)               ; 3 (3)                     ; 0 (0)         ; 0                 ; 0     ; 0                        ; 0                                      ; 0                                                 ; 0    ; 0 (0)  ; my_niosv|my_niosv|dbg_mod|dtm_inst|cmd_clk_xer|clock_xer|alt_rst_req_sync_out_rst                                                     ; altera_reset_synchronizer                                             ; intel_niosv_dbg_mod_210            ;
;                      |in_to_out_synchronizer|        ; 1.1 (1.1)            ; 1.0 (1.0)                        ; 0.4 (0.4)                                         ; 0.5 (0.5)                        ; 0.0 (0.0)            ; 0 (0)               ; 2 (2)                     ; 0 (0)         ; 0                 ; 0     ; 0                        ; 0                                      ; 0                                                 ; 0    ; 0 (0)  ; my_niosv|my_niosv|dbg_mod|dtm_inst|cmd_clk_xer|clock_xer|in_to_out_synchronizer                                                       ; altera_std_synchronizer_nocut                                         ; intel_niosv_dbg_mod_210            ;
;                      |out_to_in_synchronizer|        ; 0.8 (0.8)            ; 0.8 (0.8)                        ; 0.0 (0.0)                                         ; 0.0 (0.0)                        ; 0.0 (0.0)            ; 0 (0)               ; 2 (2)                     ; 0 (0)         ; 0                 ; 0     ; 0                        ; 0                                      ; 0                                                 ; 0    ; 0 (0)  ; my_niosv|my_niosv|dbg_mod|dtm_inst|cmd_clk_xer|clock_xer|out_to_in_synchronizer                                                       ; altera_std_synchronizer_nocut                                         ; intel_niosv_dbg_mod_210            ;
;                      |output_stage|                  ; 19.1 (19.1)          ; 22.0 (22.0)                      ; 3.3 (3.3)                                         ; 0.4 (0.4)                        ; 0.0 (0.0)            ; 1 (1)               ; 44 (44)                   ; 0 (0)         ; 0                 ; 0     ; 0                        ; 0                                      ; 0                                                 ; 0    ; 0 (0)  ; my_niosv|my_niosv|dbg_mod|dtm_inst|cmd_clk_xer|clock_xer|output_stage                                                                 ; altera_avalon_st_pipeline_base                                        ; intel_niosv_dbg_mod_210            ;
;                |rsp_clk_xer|                         ; 46.8 (0.0)           ; 54.3 (0.0)                       ; 9.5 (0.0)                                         ; 2.0 (0.0)                        ; 0.0 (0.0)            ; 4 (0)               ; 111 (0)                   ; 0 (0)         ; 0                 ; 0     ; 0                        ; 0                                      ; 0                                                 ; 0    ; 0 (0)  ; my_niosv|my_niosv|dbg_mod|dtm_inst|rsp_clk_xer                                                                                        ; altera_avalon_st_handshake_clock_crosser                              ; intel_niosv_dbg_mod_210            ;
;                   |clock_xer|                        ; 46.8 (25.7)          ; 54.3 (33.3)                      ; 9.5 (9.2)                                         ; 2.0 (1.5)                        ; 0.0 (0.0)            ; 4 (3)               ; 111 (68)                  ; 0 (0)         ; 0                 ; 0     ; 0                        ; 0                                      ; 0                                                 ; 0    ; 0 (0)  ; my_niosv|my_niosv|dbg_mod|dtm_inst|rsp_clk_xer|clock_xer                                                                              ; altera_avalon_st_clock_crosser                                        ; intel_niosv_dbg_mod_210            ;
;                      |alt_rst_req_sync_in_rst|       ; 2.0 (2.0)            ; 1.5 (1.5)                        ; 0.0 (0.0)                                         ; 0.5 (0.5)                        ; 0.0 (0.0)            ; 0 (0)               ; 3 (3)                     ; 0 (0)         ; 0                 ; 0     ; 0                        ; 0                                      ; 0                                                 ; 0    ; 0 (0)  ; my_niosv|my_niosv|dbg_mod|dtm_inst|rsp_clk_xer|clock_xer|alt_rst_req_sync_in_rst                                                      ; altera_reset_synchronizer                                             ; intel_niosv_dbg_mod_210            ;
;                      |alt_rst_req_sync_out_rst|      ; 1.5 (1.5)            ; 1.5 (1.5)                        ; 0.0 (0.0)                                         ; 0.0 (0.0)                        ; 0.0 (0.0)            ; 0 (0)               ; 3 (3)                     ; 0 (0)         ; 0                 ; 0     ; 0                        ; 0                                      ; 0                                                 ; 0    ; 0 (0)  ; my_niosv|my_niosv|dbg_mod|dtm_inst|rsp_clk_xer|clock_xer|alt_rst_req_sync_out_rst                                                     ; altera_reset_synchronizer                                             ; intel_niosv_dbg_mod_210            ;
;                      |in_to_out_synchronizer|        ; 0.4 (0.4)            ; 1.0 (1.0)                        ; 0.6 (0.6)                                         ; 0.0 (0.0)                        ; 0.0 (0.0)            ; 0 (0)               ; 2 (2)                     ; 0 (0)         ; 0                 ; 0     ; 0                        ; 0                                      ; 0                                                 ; 0    ; 0 (0)  ; my_niosv|my_niosv|dbg_mod|dtm_inst|rsp_clk_xer|clock_xer|in_to_out_synchronizer                                                       ; altera_std_synchronizer_nocut                                         ; intel_niosv_dbg_mod_210            ;
;                      |out_to_in_synchronizer|        ; 0.7 (0.7)            ; 0.7 (0.7)                        ; 0.0 (0.0)                                         ; 0.0 (0.0)                        ; 0.0 (0.0)            ; 0 (0)               ; 2 (2)                     ; 0 (0)         ; 0                 ; 0     ; 0                        ; 0                                      ; 0                                                 ; 0    ; 0 (0)  ; my_niosv|my_niosv|dbg_mod|dtm_inst|rsp_clk_xer|clock_xer|out_to_in_synchronizer                                                       ; altera_std_synchronizer_nocut                                         ; intel_niosv_dbg_mod_210            ;
;                      |output_stage|                  ; 16.3 (16.3)          ; 16.3 (16.3)                      ; 0.0 (0.0)                                         ; 0.0 (0.0)                        ; 0.0 (0.0)            ; 1 (1)               ; 33 (33)                   ; 0 (0)         ; 0                 ; 0     ; 0                        ; 0                                      ; 0                                                 ; 0    ; 0 (0)  ; my_niosv|my_niosv|dbg_mod|dtm_inst|rsp_clk_xer|clock_xer|output_stage                                                                 ; altera_avalon_st_pipeline_base                                        ; intel_niosv_dbg_mod_210            ;
;                |rst_controller|                      ; 1.5 (0.0)            ; 1.5 (0.0)                        ; 0.0 (0.0)                                         ; 0.0 (0.0)                        ; 0.0 (0.0)            ; 0 (0)               ; 3 (0)                     ; 0 (0)         ; 0                 ; 0     ; 0                        ; 0                                      ; 0                                                 ; 0    ; 0 (0)  ; my_niosv|my_niosv|dbg_mod|dtm_inst|rst_controller                                                                                     ; altera_reset_controller                                               ; intel_niosv_dbg_mod_210            ;
;                   |alt_rst_sync_uq1|                 ; 1.5 (1.5)            ; 1.5 (1.5)                        ; 0.0 (0.0)                                         ; 0.0 (0.0)                        ; 0.0 (0.0)            ; 0 (0)               ; 3 (3)                     ; 0 (0)         ; 0                 ; 0     ; 0                        ; 0                                      ; 0                                                 ; 0    ; 0 (0)  ; my_niosv|my_niosv|dbg_mod|dtm_inst|rst_controller|alt_rst_sync_uq1                                                                    ; altera_reset_synchronizer                                             ; intel_niosv_dbg_mod_210            ;
;                |vjtag_inst|                          ; 0.0 (0.0)            ; 0.5 (0.0)                        ; 0.5 (0.0)                                         ; 0.0 (0.0)                        ; 0.0 (0.0)            ; 1 (0)               ; 0 (0)                     ; 0 (0)         ; 0                 ; 0     ; 0                        ; 0                                      ; 0                                                 ; 0    ; 0 (0)  ; my_niosv|my_niosv|dbg_mod|dtm_inst|vjtag_inst                                                                                         ; sld_virtual_jtag_basic                                                ; altera_work                        ;
;                   |sld_virtual_jtag_impl_inst|       ; 0.0 (0.0)            ; 0.5 (0.5)                        ; 0.5 (0.5)                                         ; 0.0 (0.0)                        ; 0.0 (0.0)            ; 1 (1)               ; 0 (0)                     ; 0 (0)         ; 0                 ; 0     ; 0                        ; 0                                      ; 0                                                 ; 0    ; 0 (0)  ; my_niosv|my_niosv|dbg_mod|dtm_inst|vjtag_inst|sld_virtual_jtag_impl_inst                                                              ; sld_virtual_jtag_impl                                                 ; altera_work                        ;
;             |rst_controller|                         ; 1.0 (0.0)            ; 1.5 (0.0)                        ; 0.5 (0.0)                                         ; 0.0 (0.0)                        ; 0.0 (0.0)            ; 0 (0)               ; 3 (0)                     ; 0 (0)         ; 0                 ; 0     ; 0                        ; 0                                      ; 0                                                 ; 0    ; 0 (0)  ; my_niosv|my_niosv|dbg_mod|rst_controller                                                                                              ; altera_reset_controller                                               ; intel_niosv_dbg_mod_210            ;
;                |alt_rst_sync_uq1|                    ; 1.0 (1.0)            ; 1.5 (1.5)                        ; 0.5 (0.5)                                         ; 0.0 (0.0)                        ; 0.0 (0.0)            ; 0 (0)               ; 3 (3)                     ; 0 (0)         ; 0                 ; 0     ; 0                        ; 0                                      ; 0                                                 ; 0    ; 0 (0)  ; my_niosv|my_niosv|dbg_mod|rst_controller|alt_rst_sync_uq1                                                                             ; altera_reset_synchronizer                                             ; intel_niosv_dbg_mod_210            ;
;          |hart|                                      ; 1514.1 (0.0)         ; 1716.0 (0.0)                     ; 210.5 (0.0)                                       ; 8.6 (0.0)                        ; 0.0 (0.0)            ; 2158 (0)            ; 1821 (0)                  ; 0 (0)         ; 2048              ; 2     ; 0                        ; 0                                      ; 0                                                 ; 0    ; 0 (0)  ; my_niosv|my_niosv|hart                                                                                                                ; niosv_intel_niosv_m_0_intel_niosv_m_unit_2600_ez2mqoy                 ; intel_niosv_m_unit_2600            ;
;             |m_core.niosv_m_full_inst|               ; 1514.1 (185.8)       ; 1716.0 (207.1)                   ; 210.5 (22.3)                                      ; 8.6 (1.0)                        ; 0.0 (0.0)            ; 2158 (302)          ; 1821 (152)                ; 0 (0)         ; 2048              ; 2     ; 0                        ; 0                                      ; 0                                                 ; 0    ; 0 (0)  ; my_niosv|my_niosv|hart|m_core.niosv_m_full_inst                                                                                       ; niosv_m_core                                                          ; intel_niosv_m_unit_2600            ;
;                |D_stage_inst|                        ; 106.5 (44.8)         ; 133.8 (63.0)                     ; 27.6 (18.2)                                       ; 0.2 (0.0)                        ; 0.0 (0.0)            ; 172 (20)            ; 146 (146)                 ; 0 (0)         ; 0                 ; 0     ; 0                        ; 0                                      ; 0                                                 ; 0    ; 0 (0)  ; my_niosv|my_niosv|hart|m_core.niosv_m_full_inst|D_stage_inst                                                                          ; niosv_m_D_stage                                                       ; intel_niosv_m_unit_2600            ;
;                   |instr_decoder_inst|               ; 61.7 (61.7)          ; 70.8 (70.8)                      ; 9.4 (9.4)                                         ; 0.2 (0.2)                        ; 0.0 (0.0)            ; 152 (152)           ; 0 (0)                     ; 0 (0)         ; 0                 ; 0     ; 0                        ; 0                                      ; 0                                                 ; 0    ; 0 (0)  ; my_niosv|my_niosv|hart|m_core.niosv_m_full_inst|D_stage_inst|instr_decoder_inst                                                       ; niosv_m_decoder                                                       ; intel_niosv_m_unit_2600            ;
;                |E_stage_inst|                        ; 273.3 (199.0)        ; 301.1 (226.2)                    ; 28.6 (28.0)                                       ; 0.9 (0.9)                        ; 0.0 (0.0)            ; 352 (255)           ; 315 (315)                 ; 0 (0)         ; 0                 ; 0     ; 0                        ; 0                                      ; 0                                                 ; 0    ; 0 (0)  ; my_niosv|my_niosv|hart|m_core.niosv_m_full_inst|E_stage_inst                                                                          ; niosv_m_E_stage                                                       ; intel_niosv_m_unit_2600            ;
;                   |alu_inst|                         ; 74.3 (74.3)          ; 74.9 (74.9)                      ; 0.6 (0.6)                                         ; 0.0 (0.0)                        ; 0.0 (0.0)            ; 97 (97)             ; 0 (0)                     ; 0 (0)         ; 0                 ; 0     ; 0                        ; 0                                      ; 0                                                 ; 0    ; 0 (0)  ; my_niosv|my_niosv|hart|m_core.niosv_m_full_inst|E_stage_inst|alu_inst                                                                 ; niosv_alu                                                             ; intel_niosv_m_unit_2600            ;
;                |M0_stage_inst|                       ; 220.4 (148.6)        ; 247.2 (175.9)                    ; 28.2 (28.6)                                       ; 1.4 (1.3)                        ; 0.0 (0.0)            ; 263 (162)           ; 260 (215)                 ; 0 (0)         ; 0                 ; 0     ; 0                        ; 0                                      ; 0                                                 ; 0    ; 0 (0)  ; my_niosv|my_niosv|hart|m_core.niosv_m_full_inst|M0_stage_inst                                                                         ; niosv_m_M0_stage                                                      ; intel_niosv_m_unit_2600            ;
;                   |shifter_inst|                     ; 71.4 (71.4)          ; 71.2 (71.2)                      ; 0.0 (0.0)                                         ; 0.2 (0.2)                        ; 0.0 (0.0)            ; 101 (101)           ; 45 (45)                   ; 0 (0)         ; 0                 ; 0     ; 0                        ; 0                                      ; 0                                                 ; 0    ; 0 (0)  ; my_niosv|my_niosv|hart|m_core.niosv_m_full_inst|M0_stage_inst|shifter_inst                                                            ; niosv_shift                                                           ; intel_niosv_m_unit_2600            ;
;                |W_stage_inst|                        ; 12.8 (12.8)          ; 15.3 (15.3)                      ; 2.7 (2.7)                                         ; 0.1 (0.1)                        ; 0.0 (0.0)            ; 1 (1)               ; 38 (38)                   ; 0 (0)         ; 0                 ; 0     ; 0                        ; 0                                      ; 0                                                 ; 0    ; 0 (0)  ; my_niosv|my_niosv|hart|m_core.niosv_m_full_inst|W_stage_inst                                                                          ; niosv_m_W_stage                                                       ; intel_niosv_m_unit_2600            ;
;                |csr_inst|                            ; 416.5 (412.8)        ; 447.8 (443.0)                    ; 35.2 (34.3)                                       ; 4.0 (4.0)                        ; 0.0 (0.0)            ; 648 (643)           ; 526 (518)                 ; 0 (0)         ; 0                 ; 0     ; 0                        ; 0                                      ; 0                                                 ; 0    ; 0 (0)  ; my_niosv|my_niosv|hart|m_core.niosv_m_full_inst|csr_inst                                                                              ; niosv_csr                                                             ; intel_niosv_m_unit_2600            ;
;                   |irq_inst|                         ; 3.8 (3.8)            ; 4.8 (4.8)                        ; 1.0 (1.0)                                         ; 0.0 (0.0)                        ; 0.0 (0.0)            ; 5 (5)               ; 8 (8)                     ; 0 (0)         ; 0                 ; 0     ; 0                        ; 0                                      ; 0                                                 ; 0    ; 0 (0)  ; my_niosv|my_niosv|hart|m_core.niosv_m_full_inst|csr_inst|irq_inst                                                                     ; niosv_interrupt_handler                                               ; intel_niosv_m_unit_2600            ;
;                |lsu_inst|                            ; 141.5 (139.0)        ; 150.8 (147.7)                    ; 9.7 (9.1)                                         ; 0.4 (0.4)                        ; 0.0 (0.0)            ; 198 (192)           ; 73 (67)                   ; 0 (0)         ; 0                 ; 0     ; 0                        ; 0                                      ; 0                                                 ; 0    ; 0 (0)  ; my_niosv|my_niosv|hart|m_core.niosv_m_full_inst|lsu_inst                                                                              ; niosv_lsu                                                             ; intel_niosv_m_unit_2600            ;
;                   |read_cmd|                         ; 1.0 (1.0)            ; 1.2 (1.2)                        ; 0.2 (0.2)                                         ; 0.0 (0.0)                        ; 0.0 (0.0)            ; 2 (2)               ; 2 (2)                     ; 0 (0)         ; 0                 ; 0     ; 0                        ; 0                                      ; 0                                                 ; 0    ; 0 (0)  ; my_niosv|my_niosv|hart|m_core.niosv_m_full_inst|lsu_inst|read_cmd                                                                     ; niosv_mem_op_state                                                    ; intel_niosv_m_unit_2600            ;
;                   |wr_addr|                          ; 0.6 (0.6)            ; 1.0 (1.0)                        ; 0.4 (0.4)                                         ; 0.0 (0.0)                        ; 0.0 (0.0)            ; 2 (2)               ; 2 (2)                     ; 0 (0)         ; 0                 ; 0     ; 0                        ; 0                                      ; 0                                                 ; 0    ; 0 (0)  ; my_niosv|my_niosv|hart|m_core.niosv_m_full_inst|lsu_inst|wr_addr                                                                      ; niosv_mem_op_state                                                    ; intel_niosv_m_unit_2600            ;
;                   |wr_data|                          ; 1.0 (1.0)            ; 1.0 (1.0)                        ; 0.0 (0.0)                                         ; 0.0 (0.0)                        ; 0.0 (0.0)            ; 2 (2)               ; 2 (2)                     ; 0 (0)         ; 0                 ; 0     ; 0                        ; 0                                      ; 0                                                 ; 0    ; 0 (0)  ; my_niosv|my_niosv|hart|m_core.niosv_m_full_inst|lsu_inst|wr_data                                                                      ; niosv_mem_op_state                                                    ; intel_niosv_m_unit_2600            ;
;                |prefetch_inst|                       ; 157.2 (92.9)         ; 212.9 (121.7)                    ; 56.1 (29.0)                                       ; 0.4 (0.3)                        ; 0.0 (0.0)            ; 222 (170)           ; 311 (167)                 ; 0 (0)         ; 0                 ; 0     ; 0                        ; 0                                      ; 0                                                 ; 0    ; 0 (0)  ; my_niosv|my_niosv|hart|m_core.niosv_m_full_inst|prefetch_inst                                                                         ; niosv_m_instr_prefetch                                                ; intel_niosv_m_unit_2600            ;
;                   |buffer_inst|                      ; 64.3 (64.3)          ; 91.3 (91.3)                      ; 27.1 (27.1)                                       ; 0.1 (0.1)                        ; 0.0 (0.0)            ; 52 (52)             ; 144 (144)                 ; 0 (0)         ; 0                 ; 0     ; 0                        ; 0                                      ; 0                                                 ; 0    ; 0 (0)  ; my_niosv|my_niosv|hart|m_core.niosv_m_full_inst|prefetch_inst|buffer_inst                                                             ; niosv_instr_buffer                                                    ; intel_niosv_m_unit_2600            ;
;                |reg_file_inst|                       ; 0.0 (0.0)            ; 0.0 (0.0)                        ; 0.0 (0.0)                                         ; 0.0 (0.0)                        ; 0.0 (0.0)            ; 0 (0)               ; 0 (0)                     ; 0 (0)         ; 2048              ; 2     ; 0                        ; 0                                      ; 0                                                 ; 0    ; 0 (0)  ; my_niosv|my_niosv|hart|m_core.niosv_m_full_inst|reg_file_inst                                                                         ; niosv_reg_file                                                        ; intel_niosv_m_unit_2600            ;
;                   |reg_file_a|                       ; 0.0 (0.0)            ; 0.0 (0.0)                        ; 0.0 (0.0)                                         ; 0.0 (0.0)                        ; 0.0 (0.0)            ; 0 (0)               ; 0 (0)                     ; 0 (0)         ; 1024              ; 1     ; 0                        ; 0                                      ; 0                                                 ; 0    ; 0 (0)  ; my_niosv|my_niosv|hart|m_core.niosv_m_full_inst|reg_file_inst|reg_file_a                                                              ; niosv_ram                                                             ; intel_niosv_m_unit_2600            ;
;                      |ram_no_ecc.data_ram_inst|      ; 0.0 (0.0)            ; 0.0 (0.0)                        ; 0.0 (0.0)                                         ; 0.0 (0.0)                        ; 0.0 (0.0)            ; 0 (0)               ; 0 (0)                     ; 0 (0)         ; 1024              ; 1     ; 0                        ; 0                                      ; 0                                                 ; 0    ; 0 (0)  ; my_niosv|my_niosv|hart|m_core.niosv_m_full_inst|reg_file_inst|reg_file_a|ram_no_ecc.data_ram_inst                                     ; altsyncram                                                            ; altera_work                        ;
;                         |auto_generated|             ; 0.0 (0.0)            ; 0.0 (0.0)                        ; 0.0 (0.0)                                         ; 0.0 (0.0)                        ; 0.0 (0.0)            ; 0 (0)               ; 0 (0)                     ; 0 (0)         ; 1024              ; 1     ; 0                        ; 0                                      ; 0                                                 ; 0    ; 0 (0)  ; my_niosv|my_niosv|hart|m_core.niosv_m_full_inst|reg_file_inst|reg_file_a|ram_no_ecc.data_ram_inst|auto_generated                      ; altsyncram_f37e1                                                      ; altera_work                        ;
;                            |altera_syncram_impl1|    ; 0.0 (0.0)            ; 0.0 (0.0)                        ; 0.0 (0.0)                                         ; 0.0 (0.0)                        ; 0.0 (0.0)            ; 0 (0)               ; 0 (0)                     ; 0 (0)         ; 1024              ; 1     ; 0                        ; 0                                      ; 0                                                 ; 0    ; 0 (0)  ; my_niosv|my_niosv|hart|m_core.niosv_m_full_inst|reg_file_inst|reg_file_a|ram_no_ecc.data_ram_inst|auto_generated|altera_syncram_impl1 ; altera_syncram_impl_vara                                              ; altera_work                        ;
;                   |reg_file_b|                       ; 0.0 (0.0)            ; 0.0 (0.0)                        ; 0.0 (0.0)                                         ; 0.0 (0.0)                        ; 0.0 (0.0)            ; 0 (0)               ; 0 (0)                     ; 0 (0)         ; 1024              ; 1     ; 0                        ; 0                                      ; 0                                                 ; 0    ; 0 (0)  ; my_niosv|my_niosv|hart|m_core.niosv_m_full_inst|reg_file_inst|reg_file_b                                                              ; niosv_ram                                                             ; intel_niosv_m_unit_2600            ;
;                      |ram_no_ecc.data_ram_inst|      ; 0.0 (0.0)            ; 0.0 (0.0)                        ; 0.0 (0.0)                                         ; 0.0 (0.0)                        ; 0.0 (0.0)            ; 0 (0)               ; 0 (0)                     ; 0 (0)         ; 1024              ; 1     ; 0                        ; 0                                      ; 0                                                 ; 0    ; 0 (0)  ; my_niosv|my_niosv|hart|m_core.niosv_m_full_inst|reg_file_inst|reg_file_b|ram_no_ecc.data_ram_inst                                     ; altsyncram                                                            ; altera_work                        ;
;                         |auto_generated|             ; 0.0 (0.0)            ; 0.0 (0.0)                        ; 0.0 (0.0)                                         ; 0.0 (0.0)                        ; 0.0 (0.0)            ; 0 (0)               ; 0 (0)                     ; 0 (0)         ; 1024              ; 1     ; 0                        ; 0                                      ; 0                                                 ; 0    ; 0 (0)  ; my_niosv|my_niosv|hart|m_core.niosv_m_full_inst|reg_file_inst|reg_file_b|ram_no_ecc.data_ram_inst|auto_generated                      ; altsyncram_f37e1                                                      ; altera_work                        ;
;                            |altera_syncram_impl1|    ; 0.0 (0.0)            ; 0.0 (0.0)                        ; 0.0 (0.0)                                         ; 0.0 (0.0)                        ; 0.0 (0.0)            ; 0 (0)               ; 0 (0)                     ; 0 (0)         ; 1024              ; 1     ; 0                        ; 0                                      ; 0                                                 ; 0    ; 0 (0)  ; my_niosv|my_niosv|hart|m_core.niosv_m_full_inst|reg_file_inst|reg_file_b|ram_no_ecc.data_ram_inst|auto_generated|altera_syncram_impl1 ; altera_syncram_impl_vara                                              ; altera_work                        ;
;          |rst_controller_001|                        ; 1.3 (0.0)            ; 1.5 (0.0)                        ; 0.2 (0.0)                                         ; 0.0 (0.0)                        ; 0.0 (0.0)            ; 0 (0)               ; 3 (0)                     ; 0 (0)         ; 0                 ; 0     ; 0                        ; 0                                      ; 0                                                 ; 0    ; 0 (0)  ; my_niosv|my_niosv|rst_controller_001                                                                                                  ; altera_reset_controller                                               ; altera_reset_controller_1924       ;
;             |alt_rst_sync_uq1|                       ; 1.3 (1.3)            ; 1.5 (1.5)                        ; 0.2 (0.2)                                         ; 0.0 (0.0)                        ; 0.0 (0.0)            ; 0 (0)               ; 3 (3)                     ; 0 (0)         ; 0                 ; 0     ; 0                        ; 0                                      ; 0                                                 ; 0    ; 0 (0)  ; my_niosv|my_niosv|rst_controller_001|alt_rst_sync_uq1                                                                                 ; altera_reset_synchronizer                                             ; altera_reset_controller_1924       ;
;          |timer_module|                              ; 143.7 (143.7)        ; 167.0 (167.0)                    ; 23.3 (23.3)                                       ; 0.0 (0.0)                        ; 0.0 (0.0)            ; 223 (223)           ; 164 (164)                 ; 0 (0)         ; 0                 ; 0     ; 0                        ; 0                                      ; 0                                                 ; 0    ; 0 (0)  ; my_niosv|my_niosv|timer_module                                                                                                        ; niosv_timer_msip                                                      ; intel_niosv_timer_msip_120         ;
;    |rst_controller|                                  ; 6.1 (3.9)            ; 7.5 (5.0)                        ; 1.6 (1.3)                                         ; 0.2 (0.2)                        ; 0.0 (0.0)            ; 6 (5)               ; 17 (11)                   ; 0 (0)         ; 0                 ; 0     ; 0                        ; 0                                      ; 0                                                 ; 0    ; 0 (0)  ; rst_controller                                                                                                                        ; altera_reset_controller                                               ; altera_reset_controller_1924       ;
;       |alt_rst_req_sync_uq1|                         ; 0.7 (0.7)            ; 1.0 (1.0)                        ; 0.3 (0.3)                                         ; 0.0 (0.0)                        ; 0.0 (0.0)            ; 1 (1)               ; 3 (3)                     ; 0 (0)         ; 0                 ; 0     ; 0                        ; 0                                      ; 0                                                 ; 0    ; 0 (0)  ; rst_controller|alt_rst_req_sync_uq1                                                                                                   ; altera_reset_synchronizer                                             ; altera_reset_controller_1924       ;
;       |alt_rst_sync_uq1|                             ; 1.5 (1.5)            ; 1.5 (1.5)                        ; 0.0 (0.0)                                         ; 0.0 (0.0)                        ; 0.0 (0.0)            ; 0 (0)               ; 3 (3)                     ; 0 (0)         ; 0                 ; 0     ; 0                        ; 0                                      ; 0                                                 ; 0    ; 0 (0)  ; rst_controller|alt_rst_sync_uq1                                                                                                       ; altera_reset_synchronizer                                             ; altera_reset_controller_1924       ;
;    |rst_controller_001|                              ; 1.1 (0.0)            ; 1.5 (0.0)                        ; 0.4 (0.0)                                         ; 0.1 (0.0)                        ; 0.0 (0.0)            ; 1 (0)               ; 3 (0)                     ; 0 (0)         ; 0                 ; 0     ; 0                        ; 0                                      ; 0                                                 ; 0    ; 0 (0)  ; rst_controller_001                                                                                                                    ; altera_reset_controller                                               ; altera_reset_controller_1924       ;
;       |alt_rst_sync_uq1|                             ; 1.1 (1.1)            ; 1.5 (1.5)                        ; 0.4 (0.4)                                         ; 0.1 (0.1)                        ; 0.0 (0.0)            ; 1 (1)               ; 3 (3)                     ; 0 (0)         ; 0                 ; 0     ; 0                        ; 0                                      ; 0                                                 ; 0    ; 0 (0)  ; rst_controller_001|alt_rst_sync_uq1                                                                                                   ; altera_reset_synchronizer                                             ; altera_reset_controller_1924       ;
;    |sram|                                            ; 165.3 (0.0)          ; 175.4 (0.0)                      ; 10.1 (0.0)                                        ; 0.0 (0.0)                        ; 0.0 (0.0)            ; 177 (0)             ; 4 (0)                     ; 0 (0)         ; 1048576           ; 64    ; 0                        ; 0                                      ; 0                                                 ; 0    ; 0 (0)  ; sram                                                                                                                                  ; niosv_intel_onchip_memory_0                                           ; niosv_intel_onchip_memory_0        ;
;       |intel_onchip_memory_0|                        ; 165.3 (0.0)          ; 175.4 (0.0)                      ; 10.1 (0.0)                                        ; 0.0 (0.0)                        ; 0.0 (0.0)            ; 177 (0)             ; 4 (0)                     ; 0 (0)         ; 1048576           ; 64    ; 0                        ; 0                                      ; 0                                                 ; 0    ; 0 (0)  ; sram|intel_onchip_memory_0                                                                                                            ; niosv_intel_onchip_memory_0_intel_onchip_memory_1410_tz44c5y          ; intel_onchip_memory_1410           ;
;          |altera_syncram_component|                  ; 165.3 (0.0)          ; 175.4 (0.0)                      ; 10.1 (0.0)                                        ; 0.0 (0.0)                        ; 0.0 (0.0)            ; 177 (0)             ; 4 (0)                     ; 0 (0)         ; 1048576           ; 64    ; 0                        ; 0                                      ; 0                                                 ; 0    ; 0 (0)  ; sram|intel_onchip_memory_0|altera_syncram_component                                                                                   ; altera_syncram                                                        ; altera_work                        ;
;             |auto_generated|                         ; 165.3 (0.0)          ; 175.4 (0.0)                      ; 10.1 (0.0)                                        ; 0.0 (0.0)                        ; 0.0 (0.0)            ; 177 (0)             ; 4 (0)                     ; 0 (0)         ; 1048576           ; 64    ; 0                        ; 0                                      ; 0                                                 ; 0    ; 0 (0)  ; sram|intel_onchip_memory_0|altera_syncram_component|auto_generated                                                                    ; altera_syncram_rio3                                                   ; altera_work                        ;
;                |altera_syncram_impl1|                ; 165.3 (1.4)          ; 175.4 (1.4)                      ; 10.1 (0.0)                                        ; 0.0 (0.0)                        ; 0.0 (0.0)            ; 177 (1)             ; 4 (4)                     ; 0 (0)         ; 1048576           ; 64    ; 0                        ; 0                                      ; 0                                                 ; 0    ; 0 (0)  ; sram|intel_onchip_memory_0|altera_syncram_component|auto_generated|altera_syncram_impl1                                               ; altera_syncram_impl_h2j3                                              ; altera_work                        ;
;                   |decode3|                          ; 16.0 (16.0)          ; 16.0 (16.0)                      ; 0.0 (0.0)                                         ; 0.0 (0.0)                        ; 0.0 (0.0)            ; 16 (16)             ; 0 (0)                     ; 0 (0)         ; 0                 ; 0     ; 0                        ; 0                                      ; 0                                                 ; 0    ; 0 (0)  ; sram|intel_onchip_memory_0|altera_syncram_component|auto_generated|altera_syncram_impl1|decode3                                       ; decode_m7op                                                           ; altera_work                        ;
;                   |mux4|                             ; 147.8 (147.8)        ; 158.0 (158.0)                    ; 10.2 (10.2)                                       ; 0.0 (0.0)                        ; 0.0 (0.0)            ; 160 (160)           ; 0 (0)                     ; 0 (0)         ; 0                 ; 0     ; 0                        ; 0                                      ; 0                                                 ; 0    ; 0 (0)  ; sram|intel_onchip_memory_0|altera_syncram_component|auto_generated|altera_syncram_impl1|mux4                                          ; mux_lrsc1                                                             ; altera_work                        ;
+------------------------------------------------------+----------------------+----------------------------------+---------------------------------------------------+----------------------------------+----------------------+---------------------+---------------------------+---------------+-------------------+-------+--------------------------+----------------------------------------+---------------------------------------------------+------+--------+---------------------------------------------------------------------------------------------------------------------------------------+-----------------------------------------------------------------------+------------------------------------+
Note: For table entries with two numbers listed, the numbers in parentheses indicate the number of resources of the given type used by the specific entity alone. The numbers listed outside of parentheses indicate the total resources of the given type used by the specific entity and all of its sub-entities in the hierarchy.


+------------------------------------------------------------------------------------------------------------+
; Fitter Partition Statistics                                                                                ;
+-------------------------------------------------------+--------------------------+-------------------------+
; Statistic                                             ; |                        ; auto_fab_0              ;
+-------------------------------------------------------+--------------------------+-------------------------+
; ALMs needed [=A-B+C]                                  ; 2827.5 / 222400 ( 1 % )  ; 76.3 / 222400 ( < 1 % ) ;
;     [A] ALMs used in final placement                  ; 3174.0 / 222400 ( 1 % )  ; 83.5 / 222400 ( < 1 % ) ;
;     [B] Estimate of ALMs recoverable by dense packing ; 365.0 / 222400 ( < 1 % ) ; 7.2 / 222400 ( < 1 % )  ;
;     [C] Estimate of ALMs unavailable                  ; 18.5 / 222400 ( < 1 % )  ; 0.0 / 222400 ( 0 % )    ;
; ALMs used for memory                                  ; 60.0                     ; 0.0                     ;
; Combinational ALUTs                                   ; 3976                     ; 125                     ;
; Dedicated Logic Registers                             ; 3463 / 889600 ( < 1 % )  ; 96 / 889600 ( < 1 % )   ;
; I/O Registers                                         ; 0                        ; 0                       ;
; Block Memory Bits                                     ; 1051648                  ; 0                       ;
; M20Ks                                                 ; 68 / 1611 ( 4 % )        ; 0 / 1611 ( 0 % )        ;
; DSP Blocks needed [=A-B]                              ; 0 / 846 ( 0 % )          ; 0 / 846 ( 0 % )         ;
;     [A] DSP Blocks used in final placement            ; 0 / 846 ( 0 % )          ; 0 / 846 ( 0 % )         ;
;     [B] Estimate of DSPs recoverable by dense merging ; 0 / 846 ( 0 % )          ; 0 / 846 ( 0 % )         ;
; Pins                                                  ; 6                        ; 0                       ;
; IOPLLs                                                ; 0                        ; 0                       ;
;                                                       ;                          ;                         ;
; Region Placement                                      ; -                        ; -                       ;
;                                                       ;                          ;                         ;
; Partition Ports                                       ;                          ;                         ;
;     -- Input Ports                                    ; 4                        ; 13                      ;
;     -- Output Ports                                   ; 1                        ; 53                      ;
;                                                       ;                          ;                         ;
; Connections                                           ;                          ;                         ;
;     -- Input Connections                              ; 12                       ; 694                     ;
;     -- Registered Input Connections                   ; 1                        ; 313                     ;
;     -- Output Connections                             ; 694                      ; 12                      ;
;     -- Registered Output Connections                  ; 370                      ; 0                       ;
;                                                       ;                          ;                         ;
; Internal Connections                                  ;                          ;                         ;
;     -- Total Connections                              ; 44646                    ; 1489                    ;
;     -- Registered Connections                         ; 12622                    ; 750                     ;
;                                                       ;                          ;                         ;
; External Connections                                  ;                          ;                         ;
;     -- |                                              ; 0                        ; 706                     ;
;     -- auto_fab_0                                     ; 706                      ; 0                       ;
+-------------------------------------------------------+--------------------------+-------------------------+


+----------------------------------------------------------------------------------------------------------------------+
; Global & Other Fast Signals Summary                                                                                  ;
+--------------------------------------------------------------------+-----------------------+---------+---------------+
; Name                                                               ; Location              ; Fan-Out ; Clock Region  ;
+--------------------------------------------------------------------+-----------------------+---------+---------------+
; auto_fab_0|alt_sld_fab_0|alt_sld_fab_0|jtagpins|atom_inst|core_tck ; SDMJTAGELA_X0_Y2_N124 ; 463     ; Sector (0, 0) ;
; clk_clk                                                            ; PIN_V98               ; 3640    ; Sector (0, 0) ;
+--------------------------------------------------------------------+-----------------------+---------+---------------+


-------------------------------
; Global Signal Visualization ;
-------------------------------
This report is unavailable in plain text report export.


+------------------------------------------------------------------------------------------------------------------------+
; Global & Other Fast Signals Details                                                                                    ;
+---------------------------------------------------+--------------------------------------------------------------------+
; Property                                          ; Value                                                              ;
+---------------------------------------------------+--------------------------------------------------------------------+
; Name                                              ; auto_fab_0|alt_sld_fab_0|alt_sld_fab_0|jtagpins|atom_inst|core_tck ;
;     -- Source Node                                ; auto_fab_0|alt_sld_fab_0|alt_sld_fab_0|jtagpins|atom_inst|atom     ;
;     -- Source Type                                ; SDM JTAG ELA block                                                 ;
;     -- Source Location                            ; SDMJTAGELA_X0_Y2_N124                                              ;
;     -- Fan-Out                                    ; 463                                                                ;
;     -- Promotion Reason                           ; Mandatory                                                          ;
;     -- Clock Region                               ; Sector (0, 0)                                                      ;
;     -- Clock Partition Ownership for Preservation ; root_partition, auto_fab_0                                         ;
;     -- Clock Region Size (in Sectors)             ; 1 x 1 (1 total)                                                    ;
;     -- Clock Region Bounding Box                  ; (0, 5) to (60, 51)                                                 ;
;     -- Clock Region Constraint                    ; SX0 SY0 SX0 SY0                                                    ;
;     -- Terminating Spine Index                    ; 6                                                                  ;
;     -- Path Length                                ; 0.5 clock sector wire(s) and 0 layer jump(s)                       ;
;         -- Length from Clock Source to Clock Tree ; 0.5 clock sector wire(s) and 0 layer jump(s)                       ;
;         -- Clock Tree Length                      ; 0.0 clock sector wire(s) and 0 layer jump(s)                       ;
;                                                   ;                                                                    ;
; Name                                              ; clk_clk                                                            ;
;     -- Source Node                                ; clk_clk~pad                                                        ;
;     -- Source Type                                ; I/O pad                                                            ;
;     -- Source Location                            ; PIN_V98                                                            ;
;     -- Fan-Out                                    ; 3640                                                               ;
;     -- Promotion Reason                           ; Mandatory                                                          ;
;     -- Clock Region                               ; Sector (0, 0)                                                      ;
;     -- Clock Partition Ownership for Preservation ; root_partition                                                     ;
;     -- Clock Region Size (in Sectors)             ; 1 x 1 (1 total)                                                    ;
;     -- Clock Region Bounding Box                  ; (0, 5) to (60, 51)                                                 ;
;     -- Clock Region Constraint                    ; SX0 SY0 SX0 SY0                                                    ;
;     -- Terminating Spine Index                    ; 6                                                                  ;
;     -- Path Length                                ; 2.5 clock sector wire(s) and 0 layer jump(s)                       ;
;         -- Length from Clock Source to Clock Tree ; 2.5 clock sector wire(s) and 0 layer jump(s)*                      ;
;         -- Clock Tree Length                      ; 0.0 clock sector wire(s) and 0 layer jump(s)                       ;
+---------------------------------------------------+--------------------------------------------------------------------+
To visualize how these signals are routed, use the Chip Planner task "Report Clock Details".
To manually specify the size and placement of these signals, use the Assignment Editor to make Clock Region assignments.
* A long insertion path may limit performance on high-speed signals. Consider revising the clock pin location or use Clock Region and/or Logic Lock Region assignments to constrain the placement of the fanout closer to the source.


+-------------------------------------------------------------------------+
; Non-Global High Fan-Out Signals                                         ;
+--------------------------------------------+---------+------------------+
; Name                                       ; Fan-Out ; Physical Fan-Out ;
+--------------------------------------------+---------+------------------+
; mm_interconnect_0|cmd_mux_002|Select_111~2 ; 1024    ; 128              ;
; mm_interconnect_0|cmd_mux_002|Select_112~1 ; 1024    ; 128              ;
; mm_interconnect_0|cmd_mux_002|Select_113~1 ; 1024    ; 128              ;
; mm_interconnect_0|cmd_mux_002|Select_114~1 ; 1024    ; 128              ;
; mm_interconnect_0|cmd_mux_002|Select_115~1 ; 1024    ; 128              ;
; mm_interconnect_0|cmd_mux_002|Select_116~1 ; 1024    ; 128              ;
; mm_interconnect_0|cmd_mux_002|Select_117~1 ; 1024    ; 128              ;
; mm_interconnect_0|cmd_mux_002|Select_118~1 ; 1024    ; 128              ;
; mm_interconnect_0|cmd_mux_002|Select_119~1 ; 1024    ; 128              ;
; mm_interconnect_0|cmd_mux_002|Select_120~1 ; 1024    ; 128              ;
; mm_interconnect_0|cmd_mux_002|Select_121~1 ; 1024    ; 128              ;
; rst_controller|r_sync_rst                  ; 594     ; 132              ;
; mm_interconnect_0|sram_s1_agent|m0_read~7  ; 514     ; 66               ;
; rst_controller|r_early_rst                 ; 513     ; 65               ;
; mm_interconnect_0|cmd_mux_002|Select_127~5 ; 512     ; 16               ;
; mm_interconnect_0|cmd_mux_002|Select_127~4 ; 512     ; 16               ;
; mm_interconnect_0|cmd_mux_002|Select_127~3 ; 512     ; 16               ;
; mm_interconnect_0|cmd_mux_002|Select_127~2 ; 512     ; 16               ;
+--------------------------------------------+---------+------------------+


+-------------------------------------------------------------------------------------------------------------------------------------------------------------------------------------------------------------------------------------------------------------------------------------------------------------------------------------------------------------------------------------------------------------------------------------------------------------------------------------------------------------------------------------------------------------------------------------------------------------------------------------------------------------------------------------------------------------------------------------------------------------------------------------------------------------------------------------------------------------------------------------------------------------------------------------------------------------------------------------------------------------------------------------------------------------------------------------------------------------------------------------------------------------------------------------------------------------------------------------------------------------------------------------------------------------------------------------------------------------------------------------------------------------------------------------------------------------------------------------------------------------------------------------------------------------------------------------------------------------------------------------------------------------------------------------------------------------------------------------------------------------------------------------------------------------------------------------------------------------------------------------------------------------------------------------------------------------------------+
; Fitter RAM Summary                                                                                                                                                                                                                                                                                                                                                                                                                                                                                                                                                                                                                                                                                                                                                                                                                                                                                                                                                                                                                                                                                                                                                                                                                                                                                                                                                                                                                                                                                                                                                                                                                                                                                                                                                                                                                                                                                                                                                      ;
+---------------------------------------------------------------------------------------------------------------------------------------------------------+------+------------------+--------------+--------------+--------------+--------------+--------------+------------------------+-------------------------+------------------------+-------------------------+--------------+-----------------------------+-----------------------------+-----------------------------+-----------------------------+---------------------+-------------+-------+---------------------------------------------------------------------------------------------------------------------------+------------------------------------------------------------------------------------------------------------------------------------------------------------------------------------------------------------------------------------------------------------------------------------------------------------------------------------------------------------------------------------------------------------------------------------------------------------------------------------------------------------------------------------------------------------------------------------------------------------------------------------------------------------------------------------------------------------------------------------------------------------------------------------------------------------------------------------------------------------------------------------------------------------------------------------------------------------------------------------------------------------------------------------------------------------------------------------------------------------------------+---------------------+-----------------+-----------------+----------+------------------------+------------------+-------------------------------------------+
; Name                                                                                                                                                    ; Type ; Mode             ; Clock Mode   ; Port A Depth ; Port A Width ; Port B Depth ; Port B Width ; Port A Input Registers ; Port A Output Registers ; Port B Input Registers ; Port B Output Registers ; Logical Size ; Implementation Port A Depth ; Implementation Port A Width ; Implementation Port B Depth ; Implementation Port B Width ; Implementation Bits ; M20K blocks ; MLABs ; MIF                                                                                                                       ; Location                                                                                                                                                                                                                                                                                                                                                                                                                                                                                                                                                                                                                                                                                                                                                                                                                                                                                                                                                                                                                                                                                                               ; Mixed Port RDW Mode ; Port A RDW Mode ; Port B RDW Mode ; ECC Mode ; ECC Pipeline Registers ; Performance Mode ; Fits in MLABs                             ;
+---------------------------------------------------------------------------------------------------------------------------------------------------------+------+------------------+--------------+--------------+--------------+--------------+--------------+------------------------+-------------------------+------------------------+-------------------------+--------------+-----------------------------+-----------------------------+-----------------------------+-----------------------------+---------------------+-------------+-------+---------------------------------------------------------------------------------------------------------------------------+------------------------------------------------------------------------------------------------------------------------------------------------------------------------------------------------------------------------------------------------------------------------------------------------------------------------------------------------------------------------------------------------------------------------------------------------------------------------------------------------------------------------------------------------------------------------------------------------------------------------------------------------------------------------------------------------------------------------------------------------------------------------------------------------------------------------------------------------------------------------------------------------------------------------------------------------------------------------------------------------------------------------------------------------------------------------------------------------------------------------+---------------------+-----------------+-----------------+----------+------------------------+------------------+-------------------------------------------+
; debug|debug|altera_avalon_jtag_uart_scfifo_r|rfifo|auto_generated|dpfifo|FIFOram|altera_syncram_impl1|ALTERA_SYNCRAM                                    ; M20K ; Simple Dual Port ; Single Clock ; 64           ; 8            ; 64           ; 8            ; yes                    ; no                      ; yes                    ; no                      ; 512          ; 64                          ; 8                           ; 64                          ; 8                           ; 512                 ; 1.000       ; 0.000 ; None                                                                                                                      ; M20K_X24_Y6_N0                                                                                                                                                                                                                                                                                                                                                                                                                                                                                                                                                                                                                                                                                                                                                                                                                                                                                                                                                                                                                                                                                                         ; Don't care          ; New data        ; New data        ; Off      ; No                     ; High Speed       ; No - Read Address Using Clock 1 on Port B ;
; debug|debug|altera_avalon_jtag_uart_scfifo_w|wfifo|auto_generated|dpfifo|FIFOram|altera_syncram_impl1|ALTERA_SYNCRAM                                    ; M20K ; Simple Dual Port ; Single Clock ; 64           ; 8            ; 64           ; 8            ; yes                    ; no                      ; yes                    ; no                      ; 512          ; 64                          ; 8                           ; 64                          ; 8                           ; 512                 ; 1.000       ; 0.000 ; None                                                                                                                      ; M20K_X5_Y12_N0                                                                                                                                                                                                                                                                                                                                                                                                                                                                                                                                                                                                                                                                                                                                                                                                                                                                                                                                                                                                                                                                                                         ; Don't care          ; New data        ; New data        ; Off      ; No                     ; High Speed       ; No - Read Address Using Clock 1 on Port B ;
; my_niosv|my_niosv|dbg_mod|dm_inst|dbg_rom_inst|gen_mlab_rom.dbg_rom_inst|ram_no_ecc.data_ram_inst|auto_generated|altera_syncram_impl1|ALTDPRAM_INSTANCE ; MLAB ; Simple Dual Port ; No clocks.   ; 42           ; 32           ; 42           ; 32           ; yes                    ; no                      ; no                     ; no                      ; 1344         ; 42                          ; 32                          ; 42                          ; 32                          ; 1344                ; 0.000       ; 4.000 ; ip/niosv/niosv_intel_niosv_m_0/intel_niosv_dbg_mod_210/synth/debug_rom.mif                                                ; LAB_X37_Y20_N0, LAB_X39_Y21_N0, LAB_X37_Y21_N0, LAB_X37_Y16_N0                                                                                                                                                                                                                                                                                                                                                                                                                                                                                                                                                                                                                                                                                                                                                                                                                                                                                                                                                                                                                                                         ; New data            ;                 ;                 ;          ;                        ;                  ;                                           ;
; my_niosv|my_niosv|dbg_mod|dm_inst|niosv_dm_csr_mem_inst|ram_no_ecc.data_ram_inst|auto_generated|altera_syncram_impl1|ALTDPRAM_INSTANCE                  ; MLAB ; Simple Dual Port ; Single Clock ; 10           ; 32           ; 10           ; 32           ; yes                    ; no                      ; no                     ; no                      ; 320          ; 10                          ; 32                          ; 10                          ; 32                          ; 320                 ; 0.000       ; 2.000 ; ip/niosv/niosv_intel_niosv_m_0/intel_niosv_dbg_mod_210/synth/csr_mlab.mif                                                 ; LAB_X39_Y19_N0, LAB_X39_Y18_N0                                                                                                                                                                                                                                                                                                                                                                                                                                                                                                                                                                                                                                                                                                                                                                                                                                                                                                                                                                                                                                                                                         ; New data            ;                 ;                 ;          ;                        ;                  ;                                           ;
; my_niosv|my_niosv|hart|m_core.niosv_m_full_inst|reg_file_inst|reg_file_a|ram_no_ecc.data_ram_inst|auto_generated|altera_syncram_impl1|ALTERA_SYNCRAM    ; M20K ; Simple Dual Port ; Single Clock ; 32           ; 32           ; 32           ; 32           ; yes                    ; no                      ; yes                    ; no                      ; 1024         ; 32                          ; 32                          ; 32                          ; 32                          ; 1024                ; 1.000       ; 0.000 ; None                                                                                                                      ; M20K_X24_Y20_N0                                                                                                                                                                                                                                                                                                                                                                                                                                                                                                                                                                                                                                                                                                                                                                                                                                                                                                                                                                                                                                                                                                        ; Old data            ; New data        ; New data        ; Off      ; No                     ; High Speed       ; No - Size Too Big                         ;
; my_niosv|my_niosv|hart|m_core.niosv_m_full_inst|reg_file_inst|reg_file_b|ram_no_ecc.data_ram_inst|auto_generated|altera_syncram_impl1|ALTERA_SYNCRAM    ; M20K ; Simple Dual Port ; Single Clock ; 32           ; 32           ; 32           ; 32           ; yes                    ; no                      ; yes                    ; no                      ; 1024         ; 32                          ; 32                          ; 32                          ; 32                          ; 1024                ; 1.000       ; 0.000 ; None                                                                                                                      ; M20K_X24_Y19_N0                                                                                                                                                                                                                                                                                                                                                                                                                                                                                                                                                                                                                                                                                                                                                                                                                                                                                                                                                                                                                                                                                                        ; Old data            ; New data        ; New data        ; Off      ; No                     ; High Speed       ; No - Size Too Big                         ;
; sram|intel_onchip_memory_0|altera_syncram_component|auto_generated|altera_syncram_impl1|ALTERA_SYNCRAM                                                  ; M20K ; Simple Dual Port ; Single Clock ; 32768        ; 32           ; 32768        ; 32           ; yes                    ; no                      ; yes                    ; no                      ; 1048576      ; 32768                       ; 32                          ; 32768                       ; 32                          ; 1048576             ; 64.000      ; 0.000 ; ip/niosv/niosv_intel_onchip_memory_0/intel_onchip_memory_1410/synth/niosv_intel_onchip_memory_0_intel_onchip_memory_0.hex ; M20K_X24_Y28_N0, M20K_X29_Y25_N0, M20K_X24_Y25_N0, M20K_X24_Y29_N0, M20K_X24_Y32_N0, M20K_X29_Y24_N0, M20K_X24_Y23_N0, M20K_X24_Y24_N0, M20K_X24_Y22_N0, M20K_X29_Y26_N0, M20K_X24_Y30_N0, M20K_X24_Y26_N0, M20K_X29_Y28_N0, M20K_X29_Y29_N0, M20K_X29_Y27_N0, M20K_X24_Y27_N0, M20K_X29_Y6_N0, M20K_X24_Y10_N0, M20K_X29_Y5_N0, M20K_X29_Y14_N0, M20K_X24_Y8_N0, M20K_X24_Y9_N0, M20K_X29_Y9_N0, M20K_X29_Y10_N0, M20K_X29_Y12_N0, M20K_X24_Y12_N0, M20K_X29_Y7_N0, M20K_X24_Y11_N0, M20K_X24_Y7_N0, M20K_X29_Y13_N0, M20K_X29_Y8_N0, M20K_X29_Y11_N0, M20K_X29_Y19_N0, M20K_X29_Y20_N0, M20K_X24_Y13_N0, M20K_X29_Y23_N0, M20K_X29_Y21_N0, M20K_X24_Y21_N0, M20K_X24_Y18_N0, M20K_X29_Y22_N0, M20K_X24_Y16_N0, M20K_X29_Y15_N0, M20K_X24_Y14_N0, M20K_X24_Y15_N0, M20K_X29_Y18_N0, M20K_X24_Y17_N0, M20K_X29_Y17_N0, M20K_X29_Y16_N0, M20K_X29_Y31_N0, M20K_X29_Y30_N0, M20K_X29_Y38_N0, M20K_X24_Y31_N0, M20K_X24_Y35_N0, M20K_X29_Y35_N0, M20K_X29_Y39_N0, M20K_X29_Y34_N0, M20K_X24_Y34_N0, M20K_X29_Y37_N0, M20K_X24_Y33_N0, M20K_X29_Y33_N0, M20K_X29_Y32_N0, M20K_X29_Y36_N0, M20K_X24_Y36_N0, M20K_X24_Y37_N0 ; Don't care          ; New data        ; New data        ; Off      ; No                     ; High Speed       ; No - Size Too Big                         ;
+---------------------------------------------------------------------------------------------------------------------------------------------------------+------+------------------+--------------+--------------+--------------+--------------+--------------+------------------------+-------------------------+------------------------+-------------------------+--------------+-----------------------------+-----------------------------+-----------------------------+-----------------------------+---------------------+-------------+-------+---------------------------------------------------------------------------------------------------------------------------+------------------------------------------------------------------------------------------------------------------------------------------------------------------------------------------------------------------------------------------------------------------------------------------------------------------------------------------------------------------------------------------------------------------------------------------------------------------------------------------------------------------------------------------------------------------------------------------------------------------------------------------------------------------------------------------------------------------------------------------------------------------------------------------------------------------------------------------------------------------------------------------------------------------------------------------------------------------------------------------------------------------------------------------------------------------------------------------------------------------------+---------------------+-----------------+-----------------+----------+------------------------+------------------+-------------------------------------------+
Note: Fitter may spread logical memories into multiple blocks to improve timing. The actual required RAM blocks can be found in the Fitter Resource Usage section.


+----------------------------------------------------------------------------------------------------------------------------------------------------------------------------------------------------------------------------------------+
; Fitter Physical RAM Information                                                                                                                                                                                                        ;
+-----------------------+-------------------------+-------------------------------+------------------------------------------------------------------------------------------------------------------------------------------------------+
; Physical RAM Location ; Physical RAM Usage Bits ; Physical RAM Usage Percentage ; Logical RAM Name                                                                                                                                     ;
+-----------------------+-------------------------+-------------------------------+------------------------------------------------------------------------------------------------------------------------------------------------------+
; M20K_X24_Y6_N0        ; 512                     ; 2.5                           ; debug|debug|altera_avalon_jtag_uart_scfifo_r|rfifo|auto_generated|dpfifo|FIFOram|altera_syncram_impl1|ALTERA_SYNCRAM                                 ;
; M20K_X5_Y12_N0        ; 512                     ; 2.5                           ; debug|debug|altera_avalon_jtag_uart_scfifo_w|wfifo|auto_generated|dpfifo|FIFOram|altera_syncram_impl1|ALTERA_SYNCRAM                                 ;
; M20K_X24_Y19_N0       ; 1024                    ; 5.0                           ; my_niosv|my_niosv|hart|m_core.niosv_m_full_inst|reg_file_inst|reg_file_b|ram_no_ecc.data_ram_inst|auto_generated|altera_syncram_impl1|ALTERA_SYNCRAM ;
; M20K_X24_Y20_N0       ; 1024                    ; 5.0                           ; my_niosv|my_niosv|hart|m_core.niosv_m_full_inst|reg_file_inst|reg_file_a|ram_no_ecc.data_ram_inst|auto_generated|altera_syncram_impl1|ALTERA_SYNCRAM ;
; M20K_X24_Y10_N0       ; 16384                   ; 80.0                          ; sram|intel_onchip_memory_0|altera_syncram_component|auto_generated|altera_syncram_impl1|ALTERA_SYNCRAM                                               ;
; M20K_X24_Y11_N0       ; 16384                   ; 80.0                          ; sram|intel_onchip_memory_0|altera_syncram_component|auto_generated|altera_syncram_impl1|ALTERA_SYNCRAM                                               ;
; M20K_X24_Y12_N0       ; 16384                   ; 80.0                          ; sram|intel_onchip_memory_0|altera_syncram_component|auto_generated|altera_syncram_impl1|ALTERA_SYNCRAM                                               ;
; M20K_X24_Y13_N0       ; 16384                   ; 80.0                          ; sram|intel_onchip_memory_0|altera_syncram_component|auto_generated|altera_syncram_impl1|ALTERA_SYNCRAM                                               ;
; M20K_X24_Y14_N0       ; 16384                   ; 80.0                          ; sram|intel_onchip_memory_0|altera_syncram_component|auto_generated|altera_syncram_impl1|ALTERA_SYNCRAM                                               ;
; M20K_X24_Y15_N0       ; 16384                   ; 80.0                          ; sram|intel_onchip_memory_0|altera_syncram_component|auto_generated|altera_syncram_impl1|ALTERA_SYNCRAM                                               ;
; M20K_X24_Y16_N0       ; 16384                   ; 80.0                          ; sram|intel_onchip_memory_0|altera_syncram_component|auto_generated|altera_syncram_impl1|ALTERA_SYNCRAM                                               ;
; M20K_X24_Y17_N0       ; 16384                   ; 80.0                          ; sram|intel_onchip_memory_0|altera_syncram_component|auto_generated|altera_syncram_impl1|ALTERA_SYNCRAM                                               ;
; M20K_X24_Y18_N0       ; 16384                   ; 80.0                          ; sram|intel_onchip_memory_0|altera_syncram_component|auto_generated|altera_syncram_impl1|ALTERA_SYNCRAM                                               ;
; M20K_X24_Y21_N0       ; 16384                   ; 80.0                          ; sram|intel_onchip_memory_0|altera_syncram_component|auto_generated|altera_syncram_impl1|ALTERA_SYNCRAM                                               ;
; M20K_X24_Y22_N0       ; 16384                   ; 80.0                          ; sram|intel_onchip_memory_0|altera_syncram_component|auto_generated|altera_syncram_impl1|ALTERA_SYNCRAM                                               ;
; M20K_X24_Y23_N0       ; 16384                   ; 80.0                          ; sram|intel_onchip_memory_0|altera_syncram_component|auto_generated|altera_syncram_impl1|ALTERA_SYNCRAM                                               ;
; M20K_X24_Y24_N0       ; 16384                   ; 80.0                          ; sram|intel_onchip_memory_0|altera_syncram_component|auto_generated|altera_syncram_impl1|ALTERA_SYNCRAM                                               ;
; M20K_X24_Y25_N0       ; 16384                   ; 80.0                          ; sram|intel_onchip_memory_0|altera_syncram_component|auto_generated|altera_syncram_impl1|ALTERA_SYNCRAM                                               ;
; M20K_X24_Y26_N0       ; 16384                   ; 80.0                          ; sram|intel_onchip_memory_0|altera_syncram_component|auto_generated|altera_syncram_impl1|ALTERA_SYNCRAM                                               ;
; M20K_X24_Y27_N0       ; 16384                   ; 80.0                          ; sram|intel_onchip_memory_0|altera_syncram_component|auto_generated|altera_syncram_impl1|ALTERA_SYNCRAM                                               ;
; M20K_X24_Y28_N0       ; 16384                   ; 80.0                          ; sram|intel_onchip_memory_0|altera_syncram_component|auto_generated|altera_syncram_impl1|ALTERA_SYNCRAM                                               ;
; M20K_X24_Y29_N0       ; 16384                   ; 80.0                          ; sram|intel_onchip_memory_0|altera_syncram_component|auto_generated|altera_syncram_impl1|ALTERA_SYNCRAM                                               ;
; M20K_X24_Y30_N0       ; 16384                   ; 80.0                          ; sram|intel_onchip_memory_0|altera_syncram_component|auto_generated|altera_syncram_impl1|ALTERA_SYNCRAM                                               ;
; M20K_X24_Y31_N0       ; 16384                   ; 80.0                          ; sram|intel_onchip_memory_0|altera_syncram_component|auto_generated|altera_syncram_impl1|ALTERA_SYNCRAM                                               ;
; M20K_X24_Y32_N0       ; 16384                   ; 80.0                          ; sram|intel_onchip_memory_0|altera_syncram_component|auto_generated|altera_syncram_impl1|ALTERA_SYNCRAM                                               ;
; M20K_X24_Y33_N0       ; 16384                   ; 80.0                          ; sram|intel_onchip_memory_0|altera_syncram_component|auto_generated|altera_syncram_impl1|ALTERA_SYNCRAM                                               ;
; M20K_X24_Y34_N0       ; 16384                   ; 80.0                          ; sram|intel_onchip_memory_0|altera_syncram_component|auto_generated|altera_syncram_impl1|ALTERA_SYNCRAM                                               ;
; M20K_X24_Y35_N0       ; 16384                   ; 80.0                          ; sram|intel_onchip_memory_0|altera_syncram_component|auto_generated|altera_syncram_impl1|ALTERA_SYNCRAM                                               ;
; M20K_X24_Y36_N0       ; 16384                   ; 80.0                          ; sram|intel_onchip_memory_0|altera_syncram_component|auto_generated|altera_syncram_impl1|ALTERA_SYNCRAM                                               ;
; M20K_X24_Y37_N0       ; 16384                   ; 80.0                          ; sram|intel_onchip_memory_0|altera_syncram_component|auto_generated|altera_syncram_impl1|ALTERA_SYNCRAM                                               ;
; M20K_X24_Y7_N0        ; 16384                   ; 80.0                          ; sram|intel_onchip_memory_0|altera_syncram_component|auto_generated|altera_syncram_impl1|ALTERA_SYNCRAM                                               ;
; M20K_X24_Y8_N0        ; 16384                   ; 80.0                          ; sram|intel_onchip_memory_0|altera_syncram_component|auto_generated|altera_syncram_impl1|ALTERA_SYNCRAM                                               ;
; M20K_X24_Y9_N0        ; 16384                   ; 80.0                          ; sram|intel_onchip_memory_0|altera_syncram_component|auto_generated|altera_syncram_impl1|ALTERA_SYNCRAM                                               ;
; M20K_X29_Y10_N0       ; 16384                   ; 80.0                          ; sram|intel_onchip_memory_0|altera_syncram_component|auto_generated|altera_syncram_impl1|ALTERA_SYNCRAM                                               ;
; M20K_X29_Y11_N0       ; 16384                   ; 80.0                          ; sram|intel_onchip_memory_0|altera_syncram_component|auto_generated|altera_syncram_impl1|ALTERA_SYNCRAM                                               ;
; M20K_X29_Y12_N0       ; 16384                   ; 80.0                          ; sram|intel_onchip_memory_0|altera_syncram_component|auto_generated|altera_syncram_impl1|ALTERA_SYNCRAM                                               ;
; M20K_X29_Y13_N0       ; 16384                   ; 80.0                          ; sram|intel_onchip_memory_0|altera_syncram_component|auto_generated|altera_syncram_impl1|ALTERA_SYNCRAM                                               ;
; M20K_X29_Y14_N0       ; 16384                   ; 80.0                          ; sram|intel_onchip_memory_0|altera_syncram_component|auto_generated|altera_syncram_impl1|ALTERA_SYNCRAM                                               ;
; M20K_X29_Y15_N0       ; 16384                   ; 80.0                          ; sram|intel_onchip_memory_0|altera_syncram_component|auto_generated|altera_syncram_impl1|ALTERA_SYNCRAM                                               ;
; M20K_X29_Y16_N0       ; 16384                   ; 80.0                          ; sram|intel_onchip_memory_0|altera_syncram_component|auto_generated|altera_syncram_impl1|ALTERA_SYNCRAM                                               ;
; M20K_X29_Y17_N0       ; 16384                   ; 80.0                          ; sram|intel_onchip_memory_0|altera_syncram_component|auto_generated|altera_syncram_impl1|ALTERA_SYNCRAM                                               ;
; M20K_X29_Y18_N0       ; 16384                   ; 80.0                          ; sram|intel_onchip_memory_0|altera_syncram_component|auto_generated|altera_syncram_impl1|ALTERA_SYNCRAM                                               ;
; M20K_X29_Y19_N0       ; 16384                   ; 80.0                          ; sram|intel_onchip_memory_0|altera_syncram_component|auto_generated|altera_syncram_impl1|ALTERA_SYNCRAM                                               ;
; M20K_X29_Y20_N0       ; 16384                   ; 80.0                          ; sram|intel_onchip_memory_0|altera_syncram_component|auto_generated|altera_syncram_impl1|ALTERA_SYNCRAM                                               ;
; M20K_X29_Y21_N0       ; 16384                   ; 80.0                          ; sram|intel_onchip_memory_0|altera_syncram_component|auto_generated|altera_syncram_impl1|ALTERA_SYNCRAM                                               ;
; M20K_X29_Y22_N0       ; 16384                   ; 80.0                          ; sram|intel_onchip_memory_0|altera_syncram_component|auto_generated|altera_syncram_impl1|ALTERA_SYNCRAM                                               ;
; M20K_X29_Y23_N0       ; 16384                   ; 80.0                          ; sram|intel_onchip_memory_0|altera_syncram_component|auto_generated|altera_syncram_impl1|ALTERA_SYNCRAM                                               ;
; M20K_X29_Y24_N0       ; 16384                   ; 80.0                          ; sram|intel_onchip_memory_0|altera_syncram_component|auto_generated|altera_syncram_impl1|ALTERA_SYNCRAM                                               ;
; M20K_X29_Y25_N0       ; 16384                   ; 80.0                          ; sram|intel_onchip_memory_0|altera_syncram_component|auto_generated|altera_syncram_impl1|ALTERA_SYNCRAM                                               ;
; M20K_X29_Y26_N0       ; 16384                   ; 80.0                          ; sram|intel_onchip_memory_0|altera_syncram_component|auto_generated|altera_syncram_impl1|ALTERA_SYNCRAM                                               ;
; M20K_X29_Y27_N0       ; 16384                   ; 80.0                          ; sram|intel_onchip_memory_0|altera_syncram_component|auto_generated|altera_syncram_impl1|ALTERA_SYNCRAM                                               ;
; M20K_X29_Y28_N0       ; 16384                   ; 80.0                          ; sram|intel_onchip_memory_0|altera_syncram_component|auto_generated|altera_syncram_impl1|ALTERA_SYNCRAM                                               ;
; M20K_X29_Y29_N0       ; 16384                   ; 80.0                          ; sram|intel_onchip_memory_0|altera_syncram_component|auto_generated|altera_syncram_impl1|ALTERA_SYNCRAM                                               ;
; M20K_X29_Y30_N0       ; 16384                   ; 80.0                          ; sram|intel_onchip_memory_0|altera_syncram_component|auto_generated|altera_syncram_impl1|ALTERA_SYNCRAM                                               ;
; M20K_X29_Y31_N0       ; 16384                   ; 80.0                          ; sram|intel_onchip_memory_0|altera_syncram_component|auto_generated|altera_syncram_impl1|ALTERA_SYNCRAM                                               ;
; M20K_X29_Y32_N0       ; 16384                   ; 80.0                          ; sram|intel_onchip_memory_0|altera_syncram_component|auto_generated|altera_syncram_impl1|ALTERA_SYNCRAM                                               ;
; M20K_X29_Y33_N0       ; 16384                   ; 80.0                          ; sram|intel_onchip_memory_0|altera_syncram_component|auto_generated|altera_syncram_impl1|ALTERA_SYNCRAM                                               ;
; M20K_X29_Y34_N0       ; 16384                   ; 80.0                          ; sram|intel_onchip_memory_0|altera_syncram_component|auto_generated|altera_syncram_impl1|ALTERA_SYNCRAM                                               ;
; M20K_X29_Y35_N0       ; 16384                   ; 80.0                          ; sram|intel_onchip_memory_0|altera_syncram_component|auto_generated|altera_syncram_impl1|ALTERA_SYNCRAM                                               ;
; M20K_X29_Y36_N0       ; 16384                   ; 80.0                          ; sram|intel_onchip_memory_0|altera_syncram_component|auto_generated|altera_syncram_impl1|ALTERA_SYNCRAM                                               ;
; M20K_X29_Y37_N0       ; 16384                   ; 80.0                          ; sram|intel_onchip_memory_0|altera_syncram_component|auto_generated|altera_syncram_impl1|ALTERA_SYNCRAM                                               ;
; M20K_X29_Y38_N0       ; 16384                   ; 80.0                          ; sram|intel_onchip_memory_0|altera_syncram_component|auto_generated|altera_syncram_impl1|ALTERA_SYNCRAM                                               ;
; M20K_X29_Y39_N0       ; 16384                   ; 80.0                          ; sram|intel_onchip_memory_0|altera_syncram_component|auto_generated|altera_syncram_impl1|ALTERA_SYNCRAM                                               ;
; M20K_X29_Y5_N0        ; 16384                   ; 80.0                          ; sram|intel_onchip_memory_0|altera_syncram_component|auto_generated|altera_syncram_impl1|ALTERA_SYNCRAM                                               ;
; M20K_X29_Y6_N0        ; 16384                   ; 80.0                          ; sram|intel_onchip_memory_0|altera_syncram_component|auto_generated|altera_syncram_impl1|ALTERA_SYNCRAM                                               ;
; M20K_X29_Y7_N0        ; 16384                   ; 80.0                          ; sram|intel_onchip_memory_0|altera_syncram_component|auto_generated|altera_syncram_impl1|ALTERA_SYNCRAM                                               ;
; M20K_X29_Y8_N0        ; 16384                   ; 80.0                          ; sram|intel_onchip_memory_0|altera_syncram_component|auto_generated|altera_syncram_impl1|ALTERA_SYNCRAM                                               ;
; M20K_X29_Y9_N0        ; 16384                   ; 80.0                          ; sram|intel_onchip_memory_0|altera_syncram_component|auto_generated|altera_syncram_impl1|ALTERA_SYNCRAM                                               ;
+-----------------------+-------------------------+-------------------------------+------------------------------------------------------------------------------------------------------------------------------------------------------+
Note: This table shows up to 500 physical rams that are least utilized. You can change this number by setting PHYSICAL_RAM_RPT_MAX_ROW in qsf file.


+----------------+
; Place Messages ;
+----------------+
Info (20030): Parallel compilation is enabled and will use 24 of the 32 processors detected
Info: *******************************************************************
Info: Running Quartus Prime Fitter
    Info: Version 25.1.1 Build 125 07/31/2025 Patches 1.31 SC Pro Edition
    Info: Processing started: Wed Jun 24 12:34:57 2026
    Info: System process ID: 144171
Info: Command: quartus_fit --read_settings_files=on --write_settings_files=off niosv -c niosv
Info: qfit2_default_script.tcl version: #1
Info: Project  = niosv
Info: Revision = niosv
Info (11165): Fitter preparation operations ending: elapsed time is 00:01:29
Info (18252): The Fitter is using Physical Synthesis.
Info (22300): Design uses Placement Effort Multiplier = 1.0.
Info (18258): Fitter Physical Synthesis operations beginning
Info (18259): Fitter Physical Synthesis operations ending: elapsed time is 00:00:03
Info (11888): Total time spent on timing analysis during Physical Synthesis is 0.00 seconds.
Info (11178): Promoted 2 clocks 
    Info (18386): clk_clk (3640 fanout) drives clock sector (0, 0)
    Info (18386): auto_fab_0|alt_sld_fab_0|alt_sld_fab_0|jtagpins|atom_inst|core_tck (463 fanout) drives clock sector (0, 0)
Info (22300): Design uses Placement Effort Multiplier = 1.0.
Info (170189): Fitter placement preparation operations beginning
Info (11888): Total time spent on timing analysis during Physical Synthesis is 0.00 seconds.
Info (22300): Design uses Placement Effort Multiplier = 1.0.
Info (170191): Fitter placement operations beginning
Info (170137): Fitter placement was successful
Info (170192): Fitter placement operations ending: elapsed time is 00:00:18
Info (11888): Total time spent on timing analysis during Placement is 0.01 seconds.


