Fitter Fastforward Stage Report for niosv
Tue Jun 23 15:42:30 2026
Quartus Prime Version 25.1.1 Build 125 07/31/2025 Patches 1.31 SC Pro Edition


---------------------
; Table of Contents ;
---------------------
  1. Legal Notice
  2. Summary
  3. Settings
  4. Clock Fmax Summary
  5. Clock Worst-Case Slack Summary
  6. Fast Forward Summary for Clock Domain altera_reserved_tck~derived
  7. Critical Chain for Base Result
  8. Critical Chain at Fast Forward Limit
  9. Fast Forward Summary for Clock Domain clk_clk~derived
 10. Critical Chain for Base Result
 11. Optimizations Analyzed for Fast Forward Step 1 (218 MHz)
 12. Critical Chain at Fast Forward Limit
 13. Fastforward Messages



----------------
; Legal Notice ;
----------------
Copyright (C) 2025  Altera Corporation. All rights reserved.
Your use of Altera Corporation's design tools, logic functions 
and other software and tools, and any partner logic 
functions, and any output files from any of the foregoing 
(including device programming or simulation files), and any 
associated documentation or information are expressly subject 
to the terms and conditions of the Altera Program License 
Subscription Agreement, the Altera Quartus Prime License Agreement,
the Altera IP License Agreement, or other applicable license
agreement, including, without limitation, that your use is for
the sole purpose of programming logic devices manufactured by
Altera and sold by Altera or its authorized distributors.  Please
refer to the Altera Software License Subscription Agreements 
on the Quartus Prime software download page.



+---------------------------------------------------------------------------------+
; Summary                                                                         ;
+-----------------------+---------------------------------------------------------+
; Fast Forward Status   ; Successful - Tue Jun 23 15:42:29 2026                   ;
; Quartus Prime Version ; 25.1.1 Build 125 07/31/2025 Patches 1.31 SC Pro Edition ;
; Revision Name         ; niosv                                                   ;
; Top-level Entity Name ; niosv                                                   ;
; Family                ; Agilex 5                                                ;
; Device                ; A5ED065BB32AE6SR0                                       ;
+-----------------------+---------------------------------------------------------+


+---------------------------------------------------------------------------------------------------+
; Settings                                                                                          ;
+-------------------------------------------------------------------------+---------+---------------+
; Option                                                                  ; Setting ; Default Value ;
+-------------------------------------------------------------------------+---------+---------------+
; Enable Hyper-Retimer Fast Forward analysis during compilation           ; Off     ; Off           ;
; Enable Hyper-Retimer Fast Forward Hierarchy analysis during compilation ; On      ; On            ;
; Fast Forward Compile Maximum Additional Pipeline Stages                 ; -1      ; -1            ;
; Fast Forward Compile Asynchronous Clears                                ; Auto    ; Auto          ;
; Fast Forward Compile User Preserve Directives                           ; Auto    ; Auto          ;
; Fast Forward Compile Fully Register DSP blocks                          ; On      ; On            ;
; Fast Forward Compile Fully Register RAM blocks                          ; On      ; On            ;
; Enable Critical Chain Viewer                                            ; On      ; On            ;
+-------------------------------------------------------------------------+---------+---------------+
To turn on Fast Forward analysis during Quartus compilation, edit the setting in the HyperFlex settings menu in the Quartus GUI or set_global_assignment -name FLOW_ENABLE_HYPER_RETIMER_FAST_FORWARD ON in your QSF


+------------------------------------------------------------------------------------------------------------------------------------------------------------+
; Clock Fmax Summary                                                                                                                                         ;
+-----------------------------+---------+------------------------------+--------------------------------+----------------------------------+-----------------+
; Clock Name                  ; Fmax    ; Achieved with Hyper-Retiming ; Achieved with Hyper-Pipelining ; Achieved with Hyper-Optimization ; Restricted Fmax ;
+-----------------------------+---------+------------------------------+--------------------------------+----------------------------------+-----------------+
; altera_reserved_tck~derived ; 78 MHz  ; 78 MHz                       ; 78 MHz                         ; 78 MHz                           ; 78 MHz          ;
; clk_clk~derived             ; 210 MHz ; 210 MHz                      ; 210 MHz                        ; 218 MHz                          ; 218 MHz         ;
+-----------------------------+---------+------------------------------+--------------------------------+----------------------------------+-----------------+
Fast Forward Compilation enabled: Post-place & route results are analyzed to provide step-by-step recommendations for suggested RTL changes and show the estimated performance improvement from making these changes
- Fmax/Slack: Estimated performance from retiming existing registers in the design
- Relationship: Timing relationship between launch and latch clock edge
- Achieved with Hyper-Retiming: Estimated performance from analyzing optimizations to remove restrictions that prevent registers from retiming
- Achieved with Hyper-Pipelining: Estimated performance from analyzing optimizations to add new registers to the design to pipeline paths better
- Achieved with Hyper-Optimization: Estimated performance from analyzing optimizations to further improve the design


+--------------------------------------------------------------------------------------------------------------------------------------------------------------+
; Clock Worst-Case Slack Summary                                                                                                                               ;
+-----------------------------+-----------------------------+------------------------------+--------------------------------+----------------------------------+
; Clock Name                  ; Slack                       ; Achieved with Hyper-Retiming ; Achieved with Hyper-Pipelining ; Achieved with Hyper-Optimization ;
+-----------------------------+-----------------------------+------------------------------+--------------------------------+----------------------------------+
; altera_reserved_tck~derived ; -5.893 (0.500 Relationship) ; -5.893 (0.500 Relationship)  ; -5.893 (0.500 Relationship)    ; -5.893 (0.500 Relationship)      ;
; clk_clk~derived             ; -3.765 (1.000 Relationship) ; -3.765 (1.000 Relationship)  ; -3.765 (1.000 Relationship)    ; -3.590 (1.000 Relationship)      ;
+-----------------------------+-----------------------------+------------------------------+--------------------------------+----------------------------------+
Fast Forward Compilation enabled: Post-place & route results are analyzed to provide step-by-step recommendations for suggested RTL changes and show the estimated performance improvement from making these changes
- Fmax/Slack: Estimated performance from retiming existing registers in the design
- Relationship: Timing relationship between launch and latch clock edge
- Achieved with Hyper-Retiming: Estimated performance from analyzing optimizations to remove restrictions that prevent registers from retiming
- Achieved with Hyper-Pipelining: Estimated performance from analyzing optimizations to add new registers to the design to pipeline paths better
- Achieved with Hyper-Optimization: Estimated performance from analyzing optimizations to further improve the design


+--------------------------------------------------------------------------------------------------------------+
; Fast Forward Summary for Clock Domain altera_reserved_tck~derived                                            ;
+--------------------+------------------------------------------------+----------------+--------+--------------+
; Step               ; Fast Forward Optimizations Analyzed            ; Estimated Fmax ; Slack  ; Relationship ;
+--------------------+------------------------------------------------+----------------+--------+--------------+
; Base Performance   ; None                                           ; 78 MHz         ; -5.893 ; 0.500        ;
; Fast Forward Limit ; Performance Limited by: Insufficient Registers ; --             ; --     ; --           ;
+--------------------+------------------------------------------------+----------------+--------+--------------+


Critical Chain for Base Result
===============================================================================
+--------------------------------------------------------------------+
; Critical Chain for Base Result                                     ;
+--------------------------------------------------------------------+
; Critical Chain for Base Result                                     ;
+--------------------------------------------------------------------+
; See 'Retiming Limit Details' results in Fitter Retime Stage folder ;
+--------------------------------------------------------------------+



Critical Chain at Fast Forward Limit
===============================================================================
+----------------------------------------------------------------------------------------+
; Optimizations Analyzed (Cumulative)                                                    ;
+----------------------------------------------------------------------------------------+
; Optimizations Analyzed (Cumulative)                                                    ;
+----------------------------------------------------------------------------------------+
; No Fast Forward optimizations analyzed to achieve this performance and critical chain. ;
+----------------------------------------------------------------------------------------+

+--------------------------------------------------------------------------------------------------------------------------------------------------------------------------------------------------------------------------------------------------------------------------------+
; Recommendations for Critical Chain                                                                                                                                                                                                                                             ;
+--------------------------------------------------------------------------------------------------------------------------------------------------------------------------------------------------------------------------------------------------------------------------------+
; Recommendation                                                                                                                                                                                                                                                                 ;
+--------------------------------------------------------------------------------------------------------------------------------------------------------------------------------------------------------------------------------------------------------------------------------+
; The critical chain is limited by: Insufficient Registers                                                                                                                                                                                                                       ;
;                                                                                                                                                                                                                                                                                ;
; 1) Make RTL design changes as described in the 'Optimizations Analyzed (Cumulative)' table                                                                                                                                                                                     ;
; 2) Reduce the delay of 'Long Paths' in the chain                                                                                                                                                                                                                               ;
;   or insert more pipeline stages for 'Long Paths' in the chain                                                                                                                                                                                                                 ;
;   or remove retiming restrictions                                                                                                                                                                                                                                              ;
;    Refer to <a href='https://www.intel.com/content/www/us/en/docs/programmable/683353/current/insufficient-registers.html'>Insufficient Registers</a> in the <i>Intel Hyperflex Architecture High-Performance Design Handbook</i> for more information.                        ;
;                                                                                                                                                                                                                                                                                ;
; Add additional pipeline stages at Register #1:                                                                                                                                                                                                                                 ;
;  auto_fab_0|alt_sld_fab_0|alt_sld_fab_0|sldfabric|jtag_hub_gen.real_sld_jtag_hub|shadow_jsm|state[3]                                                                                                                                                                           ;
;  Add additional pipeline stages along these paths BEFORE the destinations                                                                                                                                                                                                      ;
;   from altera_reserved_tdi to auto_fab_0|alt_sld_fab_0|alt_sld_fab_0|sldfabric|jtag_hub_gen.real_sld_jtag_hub|shadow_irf_reg[2][0]                                                                                                                                             ;
;   from altera_reserved_tdi to debug|jtag_uart_0|altera_avalon_jtag_uart_alt_jtag_atlantic|state                                                                                                                                                                                ;
;   from altera_reserved_tdi to auto_fab_0|alt_sld_fab_0|alt_sld_fab_0|sldfabric|jtag_hub_gen.real_sld_jtag_hub|shadow_jsm|state[3]                                                                                                                                              ;
;   from altera_reserved_tdi to auto_fab_0|alt_sld_fab_0|alt_sld_fab_0|sldfabric|jtag_hub_gen.real_sld_jtag_hub|hub_minor_ver_reg[3]                                                                                                                                             ;
;   from altera_reserved_tdi to auto_fab_0|alt_sld_fab_0|alt_sld_fab_0|sldfabric|jtag_hub_gen.real_sld_jtag_hub|irsr_reg[0]~DUPLICATE                                                                                                                                            ;
;   from altera_reserved_tdi to auto_fab_0|alt_sld_fab_0|alt_sld_fab_0|sldfabric|jtag_hub_gen.real_sld_jtag_hub|shadow_jsm|state[1]                                                                                                                                              ;
;   from altera_reserved_tdi to auto_fab_0|alt_sld_fab_0|alt_sld_fab_0|sldfabric|jtag_hub_gen.real_sld_jtag_hub|irsr_reg[3]                                                                                                                                                      ;
;   from altera_reserved_tdi to auto_fab_0|alt_sld_fab_0|alt_sld_fab_0|sldfabric|jtag_hub_gen.real_sld_jtag_hub|irf_reg[2][0]                                                                                                                                                    ;
;   from altera_reserved_tdi to auto_fab_0|alt_sld_fab_0|alt_sld_fab_0|sldfabric|jtag_hub_gen.real_sld_jtag_hub|reset_ena_reg                                                                                                                                                    ;
;   from altera_reserved_tdi to auto_fab_0|alt_sld_fab_0|alt_sld_fab_0|sldfabric|jtag_hub_gen.real_sld_jtag_hub|shadow_irf_reg[1][0]                                                                                                                                             ;
;   from altera_reserved_tdi to auto_fab_0|alt_sld_fab_0|alt_sld_fab_0|sldfabric|jtag_hub_gen.real_sld_jtag_hub|shadow_irf_reg[1][2]                                                                                                                                             ;
;   from altera_reserved_tdi to auto_fab_0|alt_sld_fab_0|alt_sld_fab_0|sldfabric|jtag_hub_gen.real_sld_jtag_hub|irsr_reg[1]                                                                                                                                                      ;
;   from altera_reserved_tdi to auto_fab_0|alt_sld_fab_0|alt_sld_fab_0|sldfabric|jtag_hub_gen.real_sld_jtag_hub|irf_reg[1][1]                                                                                                                                                    ;
;   from altera_reserved_tdi to auto_fab_0|alt_sld_fab_0|alt_sld_fab_0|sldfabric|jtag_hub_gen.real_sld_jtag_hub|hub_mode_reg[1]                                                                                                                                                  ;
;   from altera_reserved_tdi to auto_fab_0|alt_sld_fab_0|alt_sld_fab_0|sldfabric|jtag_hub_gen.real_sld_jtag_hub|hub_info_reg|WORD_SR[3]                                                                                                                                          ;
;   from altera_reserved_tdi to auto_fab_0|alt_sld_fab_0|alt_sld_fab_0|sldfabric|jtag_hub_gen.real_sld_jtag_hub|irsr_reg[2]~RTM                                                                                                                                                  ;
;   from altera_reserved_tdi to auto_fab_0|alt_sld_fab_0|alt_sld_fab_0|sldfabric|jtag_hub_gen.real_sld_jtag_hub|irsr_reg[2]~RTM_9                                                                                                                                                ;
;   from altera_reserved_tdi to debug|jtag_uart_0|altera_avalon_jtag_uart_alt_jtag_atlantic|td_shift[0]                                                                                                                                                                          ;
;   from altera_reserved_tdi to auto_fab_0|alt_sld_fab_0|alt_sld_fab_0|sldfabric|jtag_hub_gen.real_sld_jtag_hub|shadow_jsm|state[8]                                                                                                                                              ;
;   from altera_reserved_tdi to auto_fab_0|alt_sld_fab_0|alt_sld_fab_0|sldfabric|jtag_hub_gen.real_sld_jtag_hub|irf_reg[1][3]                                                                                                                                                    ;
;   from altera_reserved_tdi to my_niosv|intel_niosv_m_0|dbg_mod|dtm_inst|shifted_dtmcs[31]                                                                                                                                                                                      ;
;   from altera_reserved_tdi to debug|jtag_uart_0|altera_avalon_jtag_uart_alt_jtag_atlantic|count[9]                                                                                                                                                                             ;
;   from altera_reserved_tdi to auto_fab_0|alt_sld_fab_0|alt_sld_fab_0|sldfabric|jtag_hub_gen.real_sld_jtag_hub|shadow_irf_reg[1][4]                                                                                                                                             ;
;   from altera_reserved_tdi to auto_fab_0|alt_sld_fab_0|alt_sld_fab_0|sldfabric|jtag_hub_gen.real_sld_jtag_hub|shadow_jsm|state[6]                                                                                                                                              ;
;   from altera_reserved_tdi to auto_fab_0|alt_sld_fab_0|alt_sld_fab_0|sldfabric|jtag_hub_gen.real_sld_jtag_hub|shadow_jsm|state[4]                                                                                                                                              ;
;   from altera_reserved_tdi to auto_fab_0|alt_sld_fab_0|alt_sld_fab_0|sldfabric|jtag_hub_gen.real_sld_jtag_hub|shadow_jsm|state[2]                                                                                                                                              ;
;   from altera_reserved_tdi to auto_fab_0|alt_sld_fab_0|alt_sld_fab_0|sldfabric|jtag_hub_gen.real_sld_jtag_hub|node_ena_reg[2]                                                                                                                                                  ;
;   from altera_reserved_tdi to auto_fab_0|alt_sld_fab_0|alt_sld_fab_0|sldfabric|jtag_hub_gen.real_sld_jtag_hub|irsr_reg[2]                                                                                                                                                      ;
;   from altera_reserved_tdi to auto_fab_0|alt_sld_fab_0|alt_sld_fab_0|sldfabric|jtag_hub_gen.real_sld_jtag_hub|shadow_irf_reg[1][1]                                                                                                                                             ;
;   from altera_reserved_tdi to auto_fab_0|alt_sld_fab_0|alt_sld_fab_0|sldfabric|jtag_hub_gen.real_sld_jtag_hub|shadow_irf_reg[1][3]                                                                                                                                             ;
;   from altera_reserved_tdi to auto_fab_0|alt_sld_fab_0|alt_sld_fab_0|sldfabric|jtag_hub_gen.real_sld_jtag_hub|tdo_bypass_reg                                                                                                                                                   ;
;   from altera_reserved_tdi to auto_fab_0|alt_sld_fab_0|alt_sld_fab_0|sldfabric|jtag_hub_gen.real_sld_jtag_hub|irsr_reg[6]                                                                                                                                                      ;
;   from altera_reserved_tdi to auto_fab_0|alt_sld_fab_0|alt_sld_fab_0|sldfabric|jtag_hub_gen.real_sld_jtag_hub|irf_reg[1][2]                                                                                                                                                    ;
;   from altera_reserved_tdi to auto_fab_0|alt_sld_fab_0|alt_sld_fab_0|sldfabric|jtag_hub_gen.real_sld_jtag_hub|irsr_reg[4]                                                                                                                                                      ;
;   from altera_reserved_tdi to auto_fab_0|alt_sld_fab_0|alt_sld_fab_0|sldfabric|jtag_hub_gen.real_sld_jtag_hub|irf_reg[1][0]                                                                                                                                                    ;
;   from altera_reserved_tdi to auto_fab_0|alt_sld_fab_0|alt_sld_fab_0|sldfabric|jtag_hub_gen.real_sld_jtag_hub|irsr_reg[0]                                                                                                                                                      ;
;   from altera_reserved_tdi to auto_fab_0|alt_sld_fab_0|alt_sld_fab_0|sldfabric|jtag_hub_gen.real_sld_jtag_hub|node_ena_reg[1]                                                                                                                                                  ;
;   from altera_reserved_tdi to my_niosv|intel_niosv_m_0|dbg_mod|dtm_inst|shifted_dmi[42]                                                                                                                                                                                        ;
;   from altera_reserved_tdi to auto_fab_0|alt_sld_fab_0|alt_sld_fab_0|sldfabric|jtag_hub_gen.real_sld_jtag_hub|hub_mode_reg[0]                                                                                                                                                  ;
;   from altera_reserved_tdi to auto_fab_0|alt_sld_fab_0|alt_sld_fab_0|sldfabric|jtag_hub_gen.real_sld_jtag_hub|shadow_jsm|state[9]                                                                                                                                              ;
;   from altera_reserved_tdi to auto_fab_0|alt_sld_fab_0|alt_sld_fab_0|sldfabric|jtag_hub_gen.real_sld_jtag_hub|irf_reg[1][4]                                                                                                                                                    ;
;   from altera_reserved_tdi to auto_fab_0|alt_sld_fab_0|alt_sld_fab_0|sldfabric|jtag_hub_gen.real_sld_jtag_hub|shadow_jsm|state[7]                                                                                                                                              ;
;   from altera_reserved_tms to auto_fab_0|alt_sld_fab_0|alt_sld_fab_0|sldfabric|jtag_hub_gen.real_sld_jtag_hub|shadow_irf_reg[2][0]                                                                                                                                             ;
;   from altera_reserved_tms to debug|jtag_uart_0|altera_avalon_jtag_uart_alt_jtag_atlantic|state                                                                                                                                                                                ;
;   from altera_reserved_tms to auto_fab_0|alt_sld_fab_0|alt_sld_fab_0|sldfabric|jtag_hub_gen.real_sld_jtag_hub|shadow_jsm|state[3]                                                                                                                                              ;
;   from altera_reserved_tms to auto_fab_0|alt_sld_fab_0|alt_sld_fab_0|sldfabric|jtag_hub_gen.real_sld_jtag_hub|hub_minor_ver_reg[3]                                                                                                                                             ;
;   from altera_reserved_tms to auto_fab_0|alt_sld_fab_0|alt_sld_fab_0|sldfabric|jtag_hub_gen.real_sld_jtag_hub|irsr_reg[0]~DUPLICATE                                                                                                                                            ;
;   from altera_reserved_tms to auto_fab_0|alt_sld_fab_0|alt_sld_fab_0|sldfabric|jtag_hub_gen.real_sld_jtag_hub|shadow_jsm|state[1]                                                                                                                                              ;
;   from altera_reserved_tms to auto_fab_0|alt_sld_fab_0|alt_sld_fab_0|sldfabric|jtag_hub_gen.real_sld_jtag_hub|irsr_reg[3]                                                                                                                                                      ;
;   from altera_reserved_tms to auto_fab_0|alt_sld_fab_0|alt_sld_fab_0|sldfabric|jtag_hub_gen.real_sld_jtag_hub|irf_reg[2][0]                                                                                                                                                    ;
;   from altera_reserved_tms to auto_fab_0|alt_sld_fab_0|alt_sld_fab_0|sldfabric|jtag_hub_gen.real_sld_jtag_hub|reset_ena_reg                                                                                                                                                    ;
;   from altera_reserved_tms to auto_fab_0|alt_sld_fab_0|alt_sld_fab_0|sldfabric|jtag_hub_gen.real_sld_jtag_hub|shadow_irf_reg[1][0]                                                                                                                                             ;
;   from altera_reserved_tms to auto_fab_0|alt_sld_fab_0|alt_sld_fab_0|sldfabric|jtag_hub_gen.real_sld_jtag_hub|shadow_irf_reg[1][2]                                                                                                                                             ;
;   from altera_reserved_tms to auto_fab_0|alt_sld_fab_0|alt_sld_fab_0|sldfabric|jtag_hub_gen.real_sld_jtag_hub|irsr_reg[1]                                                                                                                                                      ;
;   from altera_reserved_tms to auto_fab_0|alt_sld_fab_0|alt_sld_fab_0|sldfabric|jtag_hub_gen.real_sld_jtag_hub|irf_reg[1][1]                                                                                                                                                    ;
;   from altera_reserved_tms to auto_fab_0|alt_sld_fab_0|alt_sld_fab_0|sldfabric|jtag_hub_gen.real_sld_jtag_hub|hub_mode_reg[1]                                                                                                                                                  ;
;   from altera_reserved_tms to auto_fab_0|alt_sld_fab_0|alt_sld_fab_0|sldfabric|jtag_hub_gen.real_sld_jtag_hub|hub_info_reg|WORD_SR[3]                                                                                                                                          ;
;   from altera_reserved_tms to auto_fab_0|alt_sld_fab_0|alt_sld_fab_0|sldfabric|jtag_hub_gen.real_sld_jtag_hub|irsr_reg[2]~RTM                                                                                                                                                  ;
;   from altera_reserved_tms to auto_fab_0|alt_sld_fab_0|alt_sld_fab_0|sldfabric|jtag_hub_gen.real_sld_jtag_hub|irsr_reg[2]~RTM_9                                                                                                                                                ;
;   from altera_reserved_tms to debug|jtag_uart_0|altera_avalon_jtag_uart_alt_jtag_atlantic|td_shift[0]                                                                                                                                                                          ;
;   from altera_reserved_tms to auto_fab_0|alt_sld_fab_0|alt_sld_fab_0|sldfabric|jtag_hub_gen.real_sld_jtag_hub|shadow_jsm|state[8]                                                                                                                                              ;
;   from altera_reserved_tms to auto_fab_0|alt_sld_fab_0|alt_sld_fab_0|sldfabric|jtag_hub_gen.real_sld_jtag_hub|irf_reg[1][3]                                                                                                                                                    ;
;   from altera_reserved_tms to my_niosv|intel_niosv_m_0|dbg_mod|dtm_inst|shifted_dtmcs[31]                                                                                                                                                                                      ;
;   from altera_reserved_tms to debug|jtag_uart_0|altera_avalon_jtag_uart_alt_jtag_atlantic|count[9]                                                                                                                                                                             ;
;   from altera_reserved_tms to auto_fab_0|alt_sld_fab_0|alt_sld_fab_0|sldfabric|jtag_hub_gen.real_sld_jtag_hub|shadow_irf_reg[1][4]                                                                                                                                             ;
;   from altera_reserved_tms to auto_fab_0|alt_sld_fab_0|alt_sld_fab_0|sldfabric|jtag_hub_gen.real_sld_jtag_hub|shadow_jsm|state[6]                                                                                                                                              ;
;   from altera_reserved_tms to auto_fab_0|alt_sld_fab_0|alt_sld_fab_0|sldfabric|jtag_hub_gen.real_sld_jtag_hub|shadow_jsm|state[4]                                                                                                                                              ;
;   from altera_reserved_tms to auto_fab_0|alt_sld_fab_0|alt_sld_fab_0|sldfabric|jtag_hub_gen.real_sld_jtag_hub|shadow_jsm|state[2]                                                                                                                                              ;
;   from altera_reserved_tms to auto_fab_0|alt_sld_fab_0|alt_sld_fab_0|sldfabric|jtag_hub_gen.real_sld_jtag_hub|node_ena_reg[2]                                                                                                                                                  ;
;   from altera_reserved_tms to auto_fab_0|alt_sld_fab_0|alt_sld_fab_0|sldfabric|jtag_hub_gen.real_sld_jtag_hub|irsr_reg[2]                                                                                                                                                      ;
;   from altera_reserved_tms to auto_fab_0|alt_sld_fab_0|alt_sld_fab_0|sldfabric|jtag_hub_gen.real_sld_jtag_hub|shadow_irf_reg[1][1]                                                                                                                                             ;
;   from altera_reserved_tms to auto_fab_0|alt_sld_fab_0|alt_sld_fab_0|sldfabric|jtag_hub_gen.real_sld_jtag_hub|shadow_irf_reg[1][3]                                                                                                                                             ;
;   from altera_reserved_tms to auto_fab_0|alt_sld_fab_0|alt_sld_fab_0|sldfabric|jtag_hub_gen.real_sld_jtag_hub|tdo_bypass_reg                                                                                                                                                   ;
;   from altera_reserved_tms to auto_fab_0|alt_sld_fab_0|alt_sld_fab_0|sldfabric|jtag_hub_gen.real_sld_jtag_hub|irsr_reg[6]                                                                                                                                                      ;
;   from altera_reserved_tms to auto_fab_0|alt_sld_fab_0|alt_sld_fab_0|sldfabric|jtag_hub_gen.real_sld_jtag_hub|irf_reg[1][2]                                                                                                                                                    ;
;   from altera_reserved_tms to auto_fab_0|alt_sld_fab_0|alt_sld_fab_0|sldfabric|jtag_hub_gen.real_sld_jtag_hub|irsr_reg[4]                                                                                                                                                      ;
;   from altera_reserved_tms to auto_fab_0|alt_sld_fab_0|alt_sld_fab_0|sldfabric|jtag_hub_gen.real_sld_jtag_hub|irf_reg[1][0]                                                                                                                                                    ;
;   from altera_reserved_tms to auto_fab_0|alt_sld_fab_0|alt_sld_fab_0|sldfabric|jtag_hub_gen.real_sld_jtag_hub|irsr_reg[0]                                                                                                                                                      ;
;   from altera_reserved_tms to auto_fab_0|alt_sld_fab_0|alt_sld_fab_0|sldfabric|jtag_hub_gen.real_sld_jtag_hub|node_ena_reg[1]                                                                                                                                                  ;
;   from altera_reserved_tms to my_niosv|intel_niosv_m_0|dbg_mod|dtm_inst|shifted_dmi[42]                                                                                                                                                                                        ;
;   from altera_reserved_tms to auto_fab_0|alt_sld_fab_0|alt_sld_fab_0|sldfabric|jtag_hub_gen.real_sld_jtag_hub|hub_mode_reg[0]                                                                                                                                                  ;
;   from altera_reserved_tms to auto_fab_0|alt_sld_fab_0|alt_sld_fab_0|sldfabric|jtag_hub_gen.real_sld_jtag_hub|shadow_jsm|state[9]                                                                                                                                              ;
;   from altera_reserved_tms to auto_fab_0|alt_sld_fab_0|alt_sld_fab_0|sldfabric|jtag_hub_gen.real_sld_jtag_hub|irf_reg[1][4]                                                                                                                                                    ;
;   from altera_reserved_tms to auto_fab_0|alt_sld_fab_0|alt_sld_fab_0|sldfabric|jtag_hub_gen.real_sld_jtag_hub|shadow_jsm|state[7]                                                                                                                                              ;
;                                                                                                                                                                                                                                                                                ;
; Retiming Restrictions at Register #2:                                                                                                                                                                                                                                          ;
;  auto_fab_0|alt_sld_fab_0|alt_sld_fab_0|jtagpins|atom_inst|atom                                                                                                                                                                                                                ;
;   Node is in a block that cannot be retimed.                                                                                                                                                                                                                                   ;
;   Manually adjust your RTL design to add additional registers or re-position registers along the path to balance slack.                                                                                                                                                        ;
;   Node is a path end-point with two or more different timing requirements                                                                                                                                                                                                      ;
;    Timing Relationship #1 was 500 ps                                                                                                                                                                                                                                           ;
;     To auto_fab_0|alt_sld_fab_0|alt_sld_fab_0|jtagpins|atom_inst|atom                                                                                                                                                                                                          ;
;    Timing Relationship #2 was 1000 ps                                                                                                                                                                                                                                          ;
;                                                                                                                                                                                                                                                                                ;
; Retiming Restriction: Cross Partition Transfer Restriction                                                                                                                                                                                                                     ;
;  Unable to retime across nodes involved in cross-partition transfers:                                                                                                                                                                                                          ;
;    auto_fab_0|alt_sld_fab_0|alt_sld_fab_0|sldfabric|jtag_hub_gen.real_sld_jtag_hub|shadow_jsm|state[3]                                                                                                                                                                         ;
;    auto_fab_0|alt_sld_fab_0|alt_sld_fab_0|sldfabric|jtag_hub_gen.real_sld_jtag_hub|tdo_mux_out~3xsyn_10                                                                                                                                                                        ;
;    auto_fab_0|alt_sld_fab_0|alt_sld_fab_0|jtagpins|atom_inst|atom                                                                                                                                                                                                              ;
;                                                                                                                                                                                                                                                                                ;
; Retiming Restriction: Metastability Synchronizer                                                                                                                                                                                                                               ;
;  Add additional pipeline stages to isolate the register(s), to allow retiming optimizations to improve performance                                                                                                                                                             ;
;  or set Synchronization Register Chain Length to 1 if evaluating IP module performance                                                                                                                                                                                         ;
;   auto_fab_0|alt_sld_fab_0|alt_sld_fab_0|sldfabric|jtag_hub_gen.real_sld_jtag_hub|shadow_jsm|state[3]                                                                                                                                                                          ;
;    Refer to <a href='https://www.intel.com/content/www/us/en/docs/programmable/683353/current/hyper-pipelining-add-pipeline-registers.html'>Hyper-Pipelining</a> in the <i>Intel Hyperflex Architecture High-Performance Design Handbook</i> for more information.             ;
;                                                                                                                                                                                                                                                                                ;
; The critical chain has Domain Boundary Entry/Exit Constraint                                                                                                                                                                                                                   ;
;    Refer to <a href='https://www.intel.com/content/www/us/en/docs/programmable/683353/current/domain-boundary-entry-and-domain-boundary.html'>Domain Boundary Entry/Exit</a> in the <i>Intel Hyperflex Architecture High-Performance Design Handbook</i> for more information. ;
+--------------------------------------------------------------------------------------------------------------------------------------------------------------------------------------------------------------------------------------------------------------------------------+

+----------------------------------------------------------------------------------------------------------------------------------------------------------------------------------------------------------------------+
; Critical Chain Details                                                                                                                                                                                               ;
+-----------------------+------------------------------+-------------+-------------------------------------------------------------------------------------------------------------------------------------------------+
; Path Info             ; Register                     ; Register ID ; Element                                                                                                                                         ;
+-----------------------+------------------------------+-------------+-------------------------------------------------------------------------------------------------------------------------------------------------+
; Domain Boundary Entry ; REG (Metastability required) ; #1          ; auto_fab_0|alt_sld_fab_0|alt_sld_fab_0|sldfabric|jtag_hub_gen.real_sld_jtag_hub|shadow_jsm|state[3]                                             ;
; Long Path (Critical)  ;                              ;             ; auto_fab_0|alt_sld_fab_0|alt_sld_fab_0|sldfabric|jtag_hub_gen.real_sld_jtag_hub|shadow_jsm|state[3]|q                                           ;
; Long Path (Critical)  ;                              ;             ; auto_fab_0|alt_sld_fab_0|alt_sld_fab_0|sldfabric|jtag_hub_gen.real_sld_jtag_hub|i108|datad                                                      ;
; Long Path (Critical)  ;                              ;             ; auto_fab_0|alt_sld_fab_0|alt_sld_fab_0|sldfabric|jtag_hub_gen.real_sld_jtag_hub|i108|combout                                                    ;
; Long Path (Critical)  ;                              ;             ; auto_fab_0|alt_sld_fab_0|alt_sld_fab_0|sldfabric|jtag_hub_gen.real_sld_jtag_hub|i108~cw_ml_mlab/lab_lut5outt[0]                                 ;
; Long Path (Critical)  ;                              ;             ; auto_fab_0|alt_sld_fab_0|alt_sld_fab_0|sldfabric|jtag_hub_gen.real_sld_jtag_hub|i108~LAB_RE_X21_Y6_N0_I129                                      ;
; Long Path (Critical)  ;                              ;             ; auto_fab_0|alt_sld_fab_0|alt_sld_fab_0|sldfabric|jtag_hub_gen.real_sld_jtag_hub|i108~LOCAL_INTERCONNECT_X21_Y6_N0_I12                           ;
; Long Path (Critical)  ; Bypassed Hyper-Register      ;             ; auto_fab_0|alt_sld_fab_0|alt_sld_fab_0|sldfabric|jtag_hub_gen.real_sld_jtag_hub|i108~BLOCK_INPUT_MUX_PASSTHROUGH_X21_Y6_N0_I47                  ;
; Long Path (Critical)  ;                              ;             ; auto_fab_0|alt_sld_fab_0|alt_sld_fab_0|sldfabric|jtag_hub_gen.real_sld_jtag_hub|i108~LAB_RE_X21_Y6_N0_I41                                       ;
; Long Path (Critical)  ;                              ;             ; auto_fab_0|alt_sld_fab_0|alt_sld_fab_0|sldfabric|jtag_hub_gen.real_sld_jtag_hub|tdo_mux_out~xsyn|datad                                          ;
; Long Path (Critical)  ;                              ;             ; auto_fab_0|alt_sld_fab_0|alt_sld_fab_0|sldfabric|jtag_hub_gen.real_sld_jtag_hub|tdo_mux_out~xsyn|combout                                        ;
; Long Path (Critical)  ;                              ;             ; auto_fab_0|alt_sld_fab_0|alt_sld_fab_0|sldfabric|jtag_hub_gen.real_sld_jtag_hub|tdo_mux_out~xsyn~_LAB_RE_X21_Y6_N0_I109                         ;
; Long Path (Critical)  ;                              ;             ; auto_fab_0|alt_sld_fab_0|alt_sld_fab_0|sldfabric|jtag_hub_gen.real_sld_jtag_hub|tdo_mux_out~xsyn~_R0_X21_Y6_N0_I36                              ;
; Long Path (Critical)  ;                              ;             ; auto_fab_0|alt_sld_fab_0|alt_sld_fab_0|sldfabric|jtag_hub_gen.real_sld_jtag_hub|tdo_mux_out~xsyn~_LOCAL_INTERCONNECT_X21_Y6_N0_I0               ;
; Long Path (Critical)  ; Bypassed Hyper-Register      ;             ; auto_fab_0|alt_sld_fab_0|alt_sld_fab_0|sldfabric|jtag_hub_gen.real_sld_jtag_hub|tdo_mux_out~xsyn~_BLOCK_INPUT_MUX_PASSTHROUGH_X21_Y6_N0_I19     ;
; Long Path (Critical)  ;                              ;             ; auto_fab_0|alt_sld_fab_0|alt_sld_fab_0|sldfabric|jtag_hub_gen.real_sld_jtag_hub|tdo_mux_out~xsyn~_LAB_RE_X21_Y6_N0_I23                          ;
; Long Path (Critical)  ;                              ;             ; auto_fab_0|alt_sld_fab_0|alt_sld_fab_0|sldfabric|jtag_hub_gen.real_sld_jtag_hub|tdo_mux_out~3xsyn|dataf                                         ;
; Long Path (Critical)  ;                              ;             ; auto_fab_0|alt_sld_fab_0|alt_sld_fab_0|sldfabric|jtag_hub_gen.real_sld_jtag_hub|tdo_mux_out~3xsyn|combout                                       ;
; Long Path (Critical)  ;                              ;             ; auto_fab_0|alt_sld_fab_0|alt_sld_fab_0|sldfabric|jtag_hub_gen.real_sld_jtag_hub|tdo_mux_out~3xsyn~_LAB_RE_X21_Y6_N0_I99                         ;
; Long Path (Critical)  ;                              ;             ; auto_fab_0|alt_sld_fab_0|alt_sld_fab_0|sldfabric|jtag_hub_gen.real_sld_jtag_hub|tdo_mux_out~3xsyn~_LOCAL_INTERCONNECT_X21_Y6_N0_I21             ;
; Long Path (Critical)  ; Bypassed Hyper-Register      ;             ; auto_fab_0|alt_sld_fab_0|alt_sld_fab_0|sldfabric|jtag_hub_gen.real_sld_jtag_hub|tdo_mux_out~3xsyn~_BLOCK_INPUT_MUX_PASSTHROUGH_X21_Y6_N0_I50    ;
; Long Path (Critical)  ;                              ;             ; auto_fab_0|alt_sld_fab_0|alt_sld_fab_0|sldfabric|jtag_hub_gen.real_sld_jtag_hub|tdo_mux_out~3xsyn~_LAB_RE_X21_Y6_N0_I48                         ;
; Long Path (Critical)  ;                              ;             ; auto_fab_0|alt_sld_fab_0|alt_sld_fab_0|sldfabric|jtag_hub_gen.real_sld_jtag_hub|tdo_mux_out~3xsyn_10|datae                                      ;
; Long Path (Critical)  ;                              ;             ; auto_fab_0|alt_sld_fab_0|alt_sld_fab_0|sldfabric|jtag_hub_gen.real_sld_jtag_hub|tdo_mux_out~3xsyn_10|combout                                    ;
; Long Path (Critical)  ;                              ;             ; auto_fab_0|alt_sld_fab_0|alt_sld_fab_0|sldfabric|jtag_hub_gen.real_sld_jtag_hub|tdo_mux_out~3xsyn_10~_LAB_RE_X21_Y6_N0_I145                     ;
; Long Path (Critical)  ;                              ;             ; auto_fab_0|alt_sld_fab_0|alt_sld_fab_0|sldfabric|jtag_hub_gen.real_sld_jtag_hub|tdo_mux_out~3xsyn_10~_C1_X21_Y5_N0_I38                          ;
; Long Path (Critical)  ;                              ;             ; auto_fab_0|alt_sld_fab_0|alt_sld_fab_0|sldfabric|jtag_hub_gen.real_sld_jtag_hub|tdo_mux_out~3xsyn_10~_C1_X21_Y5_N0_I85                          ;
; Long Path (Critical)  ;                              ;             ; auto_fab_0|alt_sld_fab_0|alt_sld_fab_0|sldfabric|jtag_hub_gen.real_sld_jtag_hub|tdo_mux_out~3xsyn_10~_C1_X21_Y5_N0_I37                          ;
; Long Path (Critical)  ;                              ;             ; auto_fab_0|alt_sld_fab_0|alt_sld_fab_0|sldfabric|jtag_hub_gen.real_sld_jtag_hub|tdo_mux_out~3xsyn_10~_LOCAL_INTERCONNECT_X21_Y5_N0_I25          ;
; Long Path (Critical)  ; Bypassed Hyper-Register      ;             ; auto_fab_0|alt_sld_fab_0|alt_sld_fab_0|sldfabric|jtag_hub_gen.real_sld_jtag_hub|tdo_mux_out~3xsyn_10~_BLOCK_INPUT_MUX_PASSTHROUGH_X21_Y5_N0_I52 ;
; Long Path (Critical)  ;                              ;             ; auto_fab_0|alt_sld_fab_0|alt_sld_fab_0|sldfabric|jtag_hub_gen.real_sld_jtag_hub|tdo_mux_out~3xsyn_10~_RPII_X21_Y5_N0_I34                        ;
; Long Path (Critical)  ;                              ;             ; auto_fab_0|alt_sld_fab_0|alt_sld_fab_0|sldfabric|jtag_hub_gen.real_sld_jtag_hub|tdo_mux_out~3xsyn_10~_RPI_X21_Y5_N0_I34                         ;
; Long Path (Critical)  ;                              ;             ; auto_fab_0|alt_sld_fab_0|alt_sld_fab_0|sldfabric|jtag_hub_gen.real_sld_jtag_hub|tdo_mux_out~3xsyn_10~_SDM_BLOCK_RE_X0_Y2_N120_I525              ;
; Long Path (Critical)  ;                              ;             ; auto_fab_0|alt_sld_fab_0|alt_sld_fab_0|jtagpins|atom_inst|atom|tdoutap                                                                          ;
; Retiming Restriction  ; REG (SDM)                    ; #2          ; auto_fab_0|alt_sld_fab_0|alt_sld_fab_0|jtagpins|atom_inst|atom~soc_sdm/padsig_io1.reg__nff                                                      ;
+-----------------------+------------------------------+-------------+-------------------------------------------------------------------------------------------------------------------------------------------------+



+---------------------------------------------------------------------------------------------------------------------------------------+
; Fast Forward Summary for Clock Domain clk_clk~derived                                                                                 ;
+-------------------------------------------+--------------------------------------------------+----------------+--------+--------------+
; Step                                      ; Fast Forward Optimizations Analyzed              ; Estimated Fmax ; Slack  ; Relationship ;
+-------------------------------------------+--------------------------------------------------+----------------+--------+--------------+
; Base Performance                          ; None                                             ; 210 MHz        ; -3.765 ; 1.000        ;
; Fast Forward Step #1 (Hyper-Optimization) ; Removed asynchronous clears on 9 Registers       ; 218 MHz        ; -3.590 ; 1.000        ;
;                                           ; Fully registered 8 RAM blocks                    ;                ;        ;              ;
; Fast Forward Limit                        ; Performance Limited by: Retiming Dependency Loop ; --             ; --     ; --           ;
+-------------------------------------------+--------------------------------------------------+----------------+--------+--------------+


Critical Chain for Base Result
===============================================================================
+--------------------------------------------------------------------+
; Critical Chain for Base Result                                     ;
+--------------------------------------------------------------------+
; Critical Chain for Base Result                                     ;
+--------------------------------------------------------------------+
; See 'Retiming Limit Details' results in Fitter Retime Stage folder ;
+--------------------------------------------------------------------+



Optimizations Analyzed for Fast Forward Step 1 (218 MHz)
===============================================================================
+------------------------------------------------------------------------------------------------------------------------------------------------------+
; Optimizations Analyzed (Cumulative)                                                                                                                  ;
+------------------------------------------------------------------------------------------------------------------------------------------------------+
; Optimizations Analyzed (Cumulative)                                                                                                                  ;
+------------------------------------------------------------------------------------------------------------------------------------------------------+
; Removed asynchronous clears on 9 Registers (1 Domain)                                                                                                ;
;  Removed asynchronous clears on 9 Registers in Clock Domain 'clk_clk~derived' (3 Entities)                                                           ;
;   Removed asynchronous clears on 5 Registers in Entity niosv_shift (1 Instance)                                                                      ;
;    Removed asynchronous clears on 5 Registers in Instance my_niosv|intel_niosv_m_0|hart|m_core.niosv_m_full_inst|M0_stage_inst|shifter_inst          ;
;     Removed asynchronous clears on bus my_niosv|intel_niosv_m_0|hart|m_core.niosv_m_full_inst|M0_stage_inst|shifter_inst|count~DUPLICATE (3 signals) ;
;     Removed asynchronous clears on bus my_niosv|intel_niosv_m_0|hart|m_core.niosv_m_full_inst|M0_stage_inst|shifter_inst|rem_count (2 signals)       ;
;   Removed asynchronous clears on 1 Register in Entity niosv_m_D_stage (1 Instance)                                                                   ;
;    Removed asynchronous clears on 1 Register in Instance my_niosv|intel_niosv_m_0|hart|m_core.niosv_m_full_inst|D_stage_inst                         ;
;     Removed asynchronous clears on my_niosv|intel_niosv_m_0|hart|m_core.niosv_m_full_inst|D_stage_inst|D_mret_instr                                  ;
;   Removed asynchronous clears on 3 Registers in Entity niosv_csr (1 Instance)                                                                        ;
;    Removed asynchronous clears on 3 Registers in Instance my_niosv|intel_niosv_m_0|hart|m_core.niosv_m_full_inst|csr_inst                            ;
;     Removed asynchronous clears on bus my_niosv|intel_niosv_m_0|hart|m_core.niosv_m_full_inst|csr_inst|dcsr.cause~DUPLICATE (3 signals)              ;
; Fully registered 8 RAM blocks (1 Domain)                                                                                                             ;
;  Fully registered 8 RAM blocks in Clock Domain 'clk_clk~derived' (1 Entity)                                                                          ;
;   Fully registered 8 RAM blocks in Entity niosv_intel_onchip_memory_0_intel_onchip_memory_1410_tz44c5y (1 Instance)                                  ;
;    Fully registered 8 RAM blocks in Instance sram|intel_onchip_memory_0                                                                              ;
;     Fully registered RAM block sram|intel_onchip_memory_0|altera_syncram_component|auto_generated|altera_syncram_impl1|ram_block2a81                 ;
;     Fully registered RAM block sram|intel_onchip_memory_0|altera_syncram_component|auto_generated|altera_syncram_impl1|ram_block2a343                ;
;     Fully registered RAM block sram|intel_onchip_memory_0|altera_syncram_component|auto_generated|altera_syncram_impl1|ram_block2a247                ;
;     Fully registered RAM block sram|intel_onchip_memory_0|altera_syncram_component|auto_generated|altera_syncram_impl1|ram_block2a503                ;
;     Fully registered RAM block sram|intel_onchip_memory_0|altera_syncram_component|auto_generated|altera_syncram_impl1|ram_block2a375                ;
;     Fully registered RAM block sram|intel_onchip_memory_0|altera_syncram_component|auto_generated|altera_syncram_impl1|ram_block2a242                ;
;     Fully registered RAM block sram|intel_onchip_memory_0|altera_syncram_component|auto_generated|altera_syncram_impl1|ram_block2a178                ;
;     Fully registered RAM block sram|intel_onchip_memory_0|altera_syncram_component|auto_generated|altera_syncram_impl1|ram_block2a146                ;
+------------------------------------------------------------------------------------------------------------------------------------------------------+



Critical Chain at Fast Forward Limit
===============================================================================
+-------------------------------------------------------------------------------------------------------------------------------------------------------+
; Optimizations Analyzed (Cumulative)                                                                                                                   ;
+-------------------------------------------------------------------------------------------------------------------------------------------------------+
; Optimizations Analyzed (Cumulative)                                                                                                                   ;
+-------------------------------------------------------------------------------------------------------------------------------------------------------+
; Removed asynchronous clears on 2 Registers (1 Domain)                                                                                                 ;
;  Removed asynchronous clears on 2 Registers in Clock Domain 'clk_clk~derived' (1 Entity)                                                              ;
;   Removed asynchronous clears on 2 Registers in Entity niosv_shift (1 Instance)                                                                       ;
;    Removed asynchronous clears on 2 Registers in Instance my_niosv|intel_niosv_m_0|hart|m_core.niosv_m_full_inst|M0_stage_inst|shifter_inst           ;
;     Removed asynchronous clears on bus my_niosv|intel_niosv_m_0|hart|m_core.niosv_m_full_inst|M0_stage_inst|shifter_inst|rem_count (2 signals)        ;
; Changed power-up state for 4 Registers to "DON'T CARE" (1 Domain)                                                                                     ;
;  Changed power-up state for 4 Registers to "DON'T CARE" in Clock Domain 'clk_clk~derived' (1 Entity)                                                  ;
;   Changed power-up state for 4 Registers to "DON'T CARE" in Entity niosv_m_E_stage (1 Instance)                                                       ;
;    Changed power-up state for 4 Registers to "DON'T CARE" in Instance my_niosv|intel_niosv_m_0|hart|m_core.niosv_m_full_inst|E_stage_inst             ;
;     Changed power-up state for bus my_niosv|intel_niosv_m_0|hart|m_core.niosv_m_full_inst|E_stage_inst|E_exe_op~DUPLICATE (4 signals) to "DON'T CARE" ;
; Fully registered 8 RAM blocks (1 Domain)                                                                                                              ;
;  Fully registered 8 RAM blocks in Clock Domain 'clk_clk~derived' (1 Entity)                                                                           ;
;   Fully registered 8 RAM blocks in Entity niosv_intel_onchip_memory_0_intel_onchip_memory_1410_tz44c5y (1 Instance)                                   ;
;    Fully registered 8 RAM blocks in Instance sram|intel_onchip_memory_0                                                                               ;
;     Fully registered RAM block sram|intel_onchip_memory_0|altera_syncram_component|auto_generated|altera_syncram_impl1|ram_block2a81                  ;
;     Fully registered RAM block sram|intel_onchip_memory_0|altera_syncram_component|auto_generated|altera_syncram_impl1|ram_block2a343                 ;
;     Fully registered RAM block sram|intel_onchip_memory_0|altera_syncram_component|auto_generated|altera_syncram_impl1|ram_block2a247                 ;
;     Fully registered RAM block sram|intel_onchip_memory_0|altera_syncram_component|auto_generated|altera_syncram_impl1|ram_block2a503                 ;
;     Fully registered RAM block sram|intel_onchip_memory_0|altera_syncram_component|auto_generated|altera_syncram_impl1|ram_block2a375                 ;
;     Fully registered RAM block sram|intel_onchip_memory_0|altera_syncram_component|auto_generated|altera_syncram_impl1|ram_block2a242                 ;
;     Fully registered RAM block sram|intel_onchip_memory_0|altera_syncram_component|auto_generated|altera_syncram_impl1|ram_block2a178                 ;
;     Fully registered RAM block sram|intel_onchip_memory_0|altera_syncram_component|auto_generated|altera_syncram_impl1|ram_block2a146                 ;
+-------------------------------------------------------------------------------------------------------------------------------------------------------+

+-----------------------------------------------------------------------------------------------------------------------------------------------------------------------------------------------------------------------+
; Recommendations for Critical Chain                                                                                                                                                                                    ;
+-----------------------------------------------------------------------------------------------------------------------------------------------------------------------------------------------------------------------+
; Recommendation                                                                                                                                                                                                        ;
+-----------------------------------------------------------------------------------------------------------------------------------------------------------------------------------------------------------------------+
; The critical chain is limited by: Retiming Dependency Loop                                                                                                                                                            ;
;                                                                                                                                                                                                                       ;
; 1) Make RTL design changes as described in the 'Optimizations Analyzed (Cumulative)' table                                                                                                                            ;
; 2) The critical chain has some retiming dependencies that restrict retiming.                                                                                                                                          ;
;    Reduce the delay of 'Long Paths' in the chain                                                                                                                                                                      ;
;   or insert more pipeline stages for 'Long Paths' in the chain.                                                                                                                                                       ;
;   See the 'Critical Chain Details' table for more information                                                                                                                                                         ;
;    Refer to <a href='https://www.intel.com/content/www/us/en/docs/programmable/683353/current/loops.html'>Loops</a> in the <i>Intel Hyperflex Architecture High-Performance Design Handbook</i> for more information. ;
+-----------------------------------------------------------------------------------------------------------------------------------------------------------------------------------------------------------------------+

+---------------------------------------------------------------------------------------------------------------------------------------------------------------------------------------------------------------------+
; Critical Chain Details                                                                                                                                                                                              ;
+--------------------------+-------------------------+-------------+--------------------------------------------------------------------------------------------------------------------------------------------------+
; Path Info                ; Register                ; Register ID ; Element                                                                                                                                          ;
+--------------------------+-------------------------+-------------+--------------------------------------------------------------------------------------------------------------------------------------------------+
; Extend to locatable node ; Hyper-Register          ; #13         ; my_niosv|intel_niosv_m_0|hart|m_core.niosv_m_full_inst|E_stage_inst|E_csr_addr[8]~RTM_BLOCK_INPUT_MUX_PASSTHROUGH_X20_Y13_N0_I12_dff             ;
; Extend to locatable node ;                         ;             ; my_niosv|intel_niosv_m_0|hart|m_core.niosv_m_full_inst|E_stage_inst|E_csr_addr[8]~RTM_BLOCK_INPUT_MUX_PASSTHROUGH_X20_Y13_N0_I12_dff|q           ;
; Extend to locatable node ;                         ;             ; my_niosv|intel_niosv_m_0|hart|m_core.niosv_m_full_inst|E_stage_inst|E_csr_addr[8]~RTM~_BLOCK_INPUT_MUX_PASSTHROUGH_X20_Y13_N0_I12                ;
; Extend to locatable node ;                         ;             ; my_niosv|intel_niosv_m_0|hart|m_core.niosv_m_full_inst|E_stage_inst|E_csr_addr[8]~RTM~_LAB_RE_X20_Y13_N0_I11                                     ;
; Extend to locatable node ;                         ;             ; my_niosv|intel_niosv_m_0|hart|m_core.niosv_m_full_inst|csr_inst|reduce_nor_7~xsyn|dataa                                                          ;
; Extend to locatable node ;                         ;             ; my_niosv|intel_niosv_m_0|hart|m_core.niosv_m_full_inst|csr_inst|reduce_nor_7~xsyn|combout                                                        ;
; Extend to locatable node ;                         ;             ; my_niosv|intel_niosv_m_0|hart|m_core.niosv_m_full_inst|csr_inst|reduce_nor_7~xsyn~cw_la_lab/lab_lut6outt[1]                                      ;
; Extend to locatable node ;                         ;             ; my_niosv|intel_niosv_m_0|hart|m_core.niosv_m_full_inst|csr_inst|reduce_nor_7~xsyn~_LAB_RE_X20_Y13_N0_I135                                        ;
; Extend to locatable node ;                         ;             ; my_niosv|intel_niosv_m_0|hart|m_core.niosv_m_full_inst|csr_inst|reduce_nor_7~xsyn~_R1_X20_Y13_N0_I4                                              ;
; Extend to locatable node ;                         ;             ; my_niosv|intel_niosv_m_0|hart|m_core.niosv_m_full_inst|csr_inst|reduce_nor_7~xsyn~_R0_X19_Y13_N0_I6                                              ;
; Extend to locatable node ;                         ;             ; my_niosv|intel_niosv_m_0|hart|m_core.niosv_m_full_inst|csr_inst|reduce_nor_7~xsyn~_C1_X19_Y12_N0_I33                                             ;
; Extend to locatable node ;                         ;             ; my_niosv|intel_niosv_m_0|hart|m_core.niosv_m_full_inst|csr_inst|reduce_nor_7~xsyn~_LOCAL_INTERCONNECT_X19_Y12_N0_I69                             ;
; Long Path                ; Bypassed Hyper-Register ;             ; my_niosv|intel_niosv_m_0|hart|m_core.niosv_m_full_inst|csr_inst|reduce_nor_7~xsyn~_BLOCK_INPUT_MUX_PASSTHROUGH_X19_Y12_N0_I56                    ;
; Long Path                ;                         ;             ; my_niosv|intel_niosv_m_0|hart|m_core.niosv_m_full_inst|csr_inst|reduce_nor_7~xsyn~_LAB_RE_X19_Y12_N0_I58                                         ;
; Long Path                ;                         ;             ; my_niosv|intel_niosv_m_0|hart|m_core.niosv_m_full_inst|csr_inst|Select_92~6|datac                                                                ;
; Long Path                ;                         ;             ; my_niosv|intel_niosv_m_0|hart|m_core.niosv_m_full_inst|csr_inst|Select_92~6|combout                                                              ;
; Long Path                ;                         ;             ; my_niosv|intel_niosv_m_0|hart|m_core.niosv_m_full_inst|csr_inst|Select_92~6~_LAB_RE_X19_Y12_N0_I117                                              ;
; Long Path                ;                         ;             ; my_niosv|intel_niosv_m_0|hart|m_core.niosv_m_full_inst|csr_inst|Select_92~6~_R1_X20_Y12_N0_I29                                                   ;
; Long Path                ; Bypassed Hyper-Register ;             ; my_niosv|intel_niosv_m_0|hart|m_core.niosv_m_full_inst|csr_inst|Select_92~6~_R6_X21_Y12_N0_I14                                                   ;
; Long Path                ; Bypassed Hyper-Register ;             ; my_niosv|intel_niosv_m_0|hart|m_core.niosv_m_full_inst|csr_inst|Select_92~6~_R6_X27_Y12_N0_I14                                                   ;
; Long Path                ;                         ;             ; my_niosv|intel_niosv_m_0|hart|m_core.niosv_m_full_inst|csr_inst|Select_92~6~_C1_X32_Y11_N0_I29                                                   ;
; Long Path                ;                         ;             ; my_niosv|intel_niosv_m_0|hart|m_core.niosv_m_full_inst|csr_inst|Select_92~6~_R2_X31_Y11_N0_I14                                                   ;
; Long Path                ; Bypassed Hyper-Register ;             ; my_niosv|intel_niosv_m_0|hart|m_core.niosv_m_full_inst|csr_inst|Select_92~6~_C4_X30_Y11_N0_I28                                                   ;
; Long Path                ;                         ;             ; my_niosv|intel_niosv_m_0|hart|m_core.niosv_m_full_inst|csr_inst|Select_92~6~_LOCAL_INTERCONNECT_X30_Y15_N0_I50                                   ;
; Long Path                ; Bypassed Hyper-Register ;             ; my_niosv|intel_niosv_m_0|hart|m_core.niosv_m_full_inst|csr_inst|Select_92~6~_BLOCK_INPUT_MUX_PASSTHROUGH_X30_Y15_N0_I56                          ;
; Long Path                ;                         ;             ; my_niosv|intel_niosv_m_0|hart|m_core.niosv_m_full_inst|csr_inst|Select_92~6~_LAB_RE_X30_Y15_N0_I58                                               ;
; Long Path                ;                         ;             ; my_niosv|intel_niosv_m_0|hart|m_core.niosv_m_full_inst|E_stage_inst|E_exe_result[0]~147xsyn|datac                                                ;
; Long Path                ;                         ;             ; my_niosv|intel_niosv_m_0|hart|m_core.niosv_m_full_inst|E_stage_inst|E_exe_result[0]~147xsyn|combout                                              ;
; Long Path                ;                         ;             ; my_niosv|intel_niosv_m_0|hart|m_core.niosv_m_full_inst|E_stage_inst|E_exe_result[0]~147xsyn~cw_la_lab/lab_lut6outb[2]                            ;
; Long Path                ;                         ;             ; my_niosv|intel_niosv_m_0|hart|m_core.niosv_m_full_inst|E_stage_inst|E_exe_result[0]~147xsyn~_LAB_RE_X30_Y15_N0_I146                              ;
; Long Path                ;                         ;             ; my_niosv|intel_niosv_m_0|hart|m_core.niosv_m_full_inst|E_stage_inst|E_exe_result[0]~147xsyn~_LOCAL_INTERCONNECT_X30_Y15_N0_I59                   ;
; Long Path                ; Bypassed Hyper-Register ;             ; my_niosv|intel_niosv_m_0|hart|m_core.niosv_m_full_inst|E_stage_inst|E_exe_result[0]~147xsyn~_BLOCK_INPUT_MUX_PASSTHROUGH_X30_Y15_N0_I18          ;
; Long Path                ;                         ;             ; my_niosv|intel_niosv_m_0|hart|m_core.niosv_m_full_inst|E_stage_inst|E_exe_result[0]~147xsyn~_LAB_RE_X30_Y15_N0_I16                               ;
; Long Path                ;                         ;             ; my_niosv|intel_niosv_m_0|hart|m_core.niosv_m_full_inst|D_rs1_gpr_val[0]~18|datae                                                                 ;
; Long Path                ;                         ;             ; my_niosv|intel_niosv_m_0|hart|m_core.niosv_m_full_inst|D_rs1_gpr_val[0]~18|combout                                                               ;
; Long Path                ;                         ;             ; my_niosv|intel_niosv_m_0|hart|m_core.niosv_m_full_inst|D_rs1_gpr_val[0]~18~_LAB_RE_X30_Y15_N0_I136                                               ;
; Long Path                ;                         ;             ; my_niosv|intel_niosv_m_0|hart|m_core.niosv_m_full_inst|D_rs1_gpr_val[0]~18~_LOCAL_INTERCONNECT_X30_Y15_N0_I10                                    ;
; Long Path                ; Bypassed Hyper-Register ;             ; my_niosv|intel_niosv_m_0|hart|m_core.niosv_m_full_inst|D_rs1_gpr_val[0]~18~_BLOCK_INPUT_MUX_PASSTHROUGH_X30_Y15_N0_I2                            ;
; Long Path                ;                         ;             ; my_niosv|intel_niosv_m_0|hart|m_core.niosv_m_full_inst|D_rs1_gpr_val[0]~18~_LAB_RE_X30_Y15_N0_I0                                                 ;
; Long Path                ;                         ;             ; my_niosv|intel_niosv_m_0|hart|m_core.niosv_m_full_inst|D_stage_inst|instr_decoder_inst|Mux_87~21|datae                                           ;
; Long Path                ;                         ;             ; my_niosv|intel_niosv_m_0|hart|m_core.niosv_m_full_inst|D_stage_inst|instr_decoder_inst|Mux_87~21|combout                                         ;
; Long Path                ;                         ;             ; my_niosv|intel_niosv_m_0|hart|m_core.niosv_m_full_inst|E_stage_inst|E_exe_s1[5]~DUPLICATE|d                                                      ;
; Long Path                ; ALM Register            ; #14         ; my_niosv|intel_niosv_m_0|hart|m_core.niosv_m_full_inst|E_stage_inst|E_exe_s1[5]~DUPLICATE                                                        ;
; Long Path                ;                         ;             ; my_niosv|intel_niosv_m_0|hart|m_core.niosv_m_full_inst|E_stage_inst|E_exe_s1[5]~DUPLICATE|q                                                      ;
; Long Path                ;                         ;             ; my_niosv|intel_niosv_m_0|hart|m_core.niosv_m_full_inst|E_stage_inst|E_exe_s1[5]~DUPLICATE~_LAB_RE_X30_Y15_N0_I89                                 ;
; Long Path                ;                         ;             ; my_niosv|intel_niosv_m_0|hart|m_core.niosv_m_full_inst|E_stage_inst|E_exe_s1[5]~DUPLICATE~_R2_X29_Y15_N0_I0                                      ;
; Long Path                ;                         ;             ; my_niosv|intel_niosv_m_0|hart|m_core.niosv_m_full_inst|E_stage_inst|E_exe_s1[5]~DUPLICATE~_R0_X28_Y15_N0_I4                                      ;
; Long Path                ;                         ;             ; my_niosv|intel_niosv_m_0|hart|m_core.niosv_m_full_inst|E_stage_inst|E_exe_s1[5]~DUPLICATE~_R1_X28_Y15_N0_I12                                     ;
; Long Path                ;                         ;             ; my_niosv|intel_niosv_m_0|hart|m_core.niosv_m_full_inst|E_stage_inst|E_exe_s1[5]~DUPLICATE~_C1_X27_Y15_N0_I12                                     ;
; Long Path                ;                         ;             ; my_niosv|intel_niosv_m_0|hart|m_core.niosv_m_full_inst|E_stage_inst|E_exe_s1[5]~DUPLICATE~_LOCAL_INTERCONNECT_X27_Y16_N0_I21                     ;
; Long Path                ; Bypassed Hyper-Register ;             ; my_niosv|intel_niosv_m_0|hart|m_core.niosv_m_full_inst|E_stage_inst|E_exe_s1[5]~DUPLICATE~_BLOCK_INPUT_MUX_PASSTHROUGH_X27_Y16_N0_I24            ;
; Long Path                ;                         ;             ; my_niosv|intel_niosv_m_0|hart|m_core.niosv_m_full_inst|E_stage_inst|E_exe_s1[5]~DUPLICATE~_LAB_RE_X27_Y16_N0_I26                                 ;
; Long Path                ;                         ;             ; my_niosv|intel_niosv_m_0|hart|m_core.niosv_m_full_inst|E_stage_inst|alu_inst|add_0~86|datac                                                      ;
; Long Path                ; Bypassed Hyper-Register ;             ; my_niosv|intel_niosv_m_0|hart|m_core.niosv_m_full_inst|E_stage_inst|alu_inst|add_0~131|cout                                                      ;
; Long Path                ;                         ;             ; my_niosv|intel_niosv_m_0|hart|m_core.niosv_m_full_inst|E_stage_inst|alu_inst|add_0~131~_LAB_RE_X27_Y16_N0_I88                                    ;
; Long Path                ;                         ;             ; my_niosv|intel_niosv_m_0|hart|m_core.niosv_m_full_inst|E_stage_inst|alu_inst|add_0~131~_LAB_RE_X27_Y15_N0_I87                                    ;
; Long Path                ;                         ;             ; my_niosv|intel_niosv_m_0|hart|m_core.niosv_m_full_inst|E_stage_inst|alu_inst|add_0~141|cin                                                       ;
; Long Path                ;                         ;             ; my_niosv|intel_niosv_m_0|hart|m_core.niosv_m_full_inst|E_stage_inst|alu_inst|add_0~71|cout                                                       ;
; Long Path                ;                         ;             ; my_niosv|intel_niosv_m_0|hart|m_core.niosv_m_full_inst|E_stage_inst|alu_inst|add_0~151|cin                                                       ;
; Long Path                ;                         ;             ; my_niosv|intel_niosv_m_0|hart|m_core.niosv_m_full_inst|E_stage_inst|alu_inst|add_0~66|cout                                                       ;
; Long Path                ;                         ;             ; my_niosv|intel_niosv_m_0|hart|m_core.niosv_m_full_inst|E_stage_inst|alu_inst|add_0~81|cin                                                        ;
; Long Path                ;                         ;             ; my_niosv|intel_niosv_m_0|hart|m_core.niosv_m_full_inst|E_stage_inst|alu_inst|add_0~16|sumout                                                     ;
; Long Path                ;                         ;             ; my_niosv|intel_niosv_m_0|hart|m_core.niosv_m_full_inst|E_stage_inst|alu_inst|add_0~16~cw_la_lab/laboutb[6]                                       ;
; Long Path                ;                         ;             ; my_niosv|intel_niosv_m_0|hart|m_core.niosv_m_full_inst|E_stage_inst|alu_inst|add_0~16~_LAB_RE_X27_Y15_N0_I115                                    ;
; Long Path                ;                         ;             ; my_niosv|intel_niosv_m_0|hart|m_core.niosv_m_full_inst|E_stage_inst|alu_inst|add_0~16~_R0_X27_Y15_N0_I46                                         ;
; Long Path                ;                         ;             ; my_niosv|intel_niosv_m_0|hart|m_core.niosv_m_full_inst|E_stage_inst|alu_inst|add_0~16~_R1_X27_Y15_N0_I36                                         ;
; Long Path                ; Bypassed Hyper-Register ;             ; my_niosv|intel_niosv_m_0|hart|m_core.niosv_m_full_inst|E_stage_inst|alu_inst|add_0~16~_R4_X23_Y15_N0_I19                                         ;
; Long Path                ;                         ;             ; my_niosv|intel_niosv_m_0|hart|m_core.niosv_m_full_inst|E_stage_inst|alu_inst|add_0~16~_LOCAL_INTERCONNECT_X22_Y15_N0_I64                         ;
; Long Path                ; Bypassed Hyper-Register ;             ; my_niosv|intel_niosv_m_0|hart|m_core.niosv_m_full_inst|E_stage_inst|alu_inst|add_0~16~_BLOCK_INPUT_MUX_PASSTHROUGH_X22_Y15_N0_I79                ;
; Long Path                ;                         ;             ; my_niosv|intel_niosv_m_0|hart|m_core.niosv_m_full_inst|E_stage_inst|alu_inst|add_0~16~_LAB_RE_X22_Y15_N0_I73                                     ;
; Long Path                ;                         ;             ; my_niosv|intel_niosv_m_0|hart|m_core.niosv_m_full_inst|E_stage_inst|alu_inst|Mux_32~42xsyn|datad                                                 ;
; Long Path                ;                         ;             ; my_niosv|intel_niosv_m_0|hart|m_core.niosv_m_full_inst|E_stage_inst|alu_inst|Mux_32~42xsyn|combout                                               ;
; Long Path                ;                         ;             ; my_niosv|intel_niosv_m_0|hart|m_core.niosv_m_full_inst|E_stage_inst|alu_inst|Mux_32~42xsyn~_LAB_RE_X22_Y15_N0_I125                               ;
; Long Path                ;                         ;             ; my_niosv|intel_niosv_m_0|hart|m_core.niosv_m_full_inst|E_stage_inst|alu_inst|Mux_32~42xsyn~_R0_X22_Y15_N0_I63                                    ;
; Long Path                ;                         ;             ; my_niosv|intel_niosv_m_0|hart|m_core.niosv_m_full_inst|E_stage_inst|alu_inst|Mux_32~42xsyn~_LOCAL_INTERCONNECT_X22_Y15_N0_I9                     ;
; Long Path                ; Bypassed Hyper-Register ;             ; my_niosv|intel_niosv_m_0|hart|m_core.niosv_m_full_inst|E_stage_inst|alu_inst|Mux_32~42xsyn~_BLOCK_INPUT_MUX_PASSTHROUGH_X22_Y15_N0_I15           ;
; Long Path                ;                         ;             ; my_niosv|intel_niosv_m_0|hart|m_core.niosv_m_full_inst|E_stage_inst|alu_inst|Mux_32~42xsyn~_LAB_RE_X22_Y15_N0_I9                                 ;
; Long Path                ;                         ;             ; my_niosv|intel_niosv_m_0|hart|m_core.niosv_m_full_inst|E_stage_inst|E_exe_result[0]~36|datad                                                     ;
; Long Path                ;                         ;             ; my_niosv|intel_niosv_m_0|hart|m_core.niosv_m_full_inst|E_stage_inst|E_exe_result[0]~36|combout                                                   ;
; Long Path                ;                         ;             ; my_niosv|intel_niosv_m_0|hart|m_core.niosv_m_full_inst|E_stage_inst|E_exe_result[0]~36~cw_la_lab/laboutt[6]                                      ;
; Long Path                ;                         ;             ; my_niosv|intel_niosv_m_0|hart|m_core.niosv_m_full_inst|E_stage_inst|E_exe_result[0]~36~_LAB_RE_X22_Y15_N0_I95                                    ;
; Long Path                ;                         ;             ; my_niosv|intel_niosv_m_0|hart|m_core.niosv_m_full_inst|E_stage_inst|E_exe_result[0]~36~_R0_X22_Y15_N0_I11                                        ;
; Long Path                ; Bypassed Hyper-Register ;             ; my_niosv|intel_niosv_m_0|hart|m_core.niosv_m_full_inst|E_stage_inst|E_exe_result[0]~36~_R6_X23_Y15_N0_I8                                         ;
; Long Path                ;                         ;             ; my_niosv|intel_niosv_m_0|hart|m_core.niosv_m_full_inst|E_stage_inst|E_exe_result[0]~36~_LOCAL_INTERCONNECT_X28_Y15_N0_I34                        ;
; Long Path                ; Bypassed Hyper-Register ;             ; my_niosv|intel_niosv_m_0|hart|m_core.niosv_m_full_inst|E_stage_inst|E_exe_result[0]~36~_BLOCK_INPUT_MUX_PASSTHROUGH_X28_Y15_N0_I35               ;
; Long Path                ;                         ;             ; my_niosv|intel_niosv_m_0|hart|m_core.niosv_m_full_inst|E_stage_inst|E_exe_result[0]~36~_LAB_RE_X28_Y15_N0_I39                                    ;
; Long Path                ;                         ;             ; my_niosv|intel_niosv_m_0|hart|m_core.niosv_m_full_inst|D_rs1_gpr_val[0]~17|datae                                                                 ;
; Long Path                ;                         ;             ; my_niosv|intel_niosv_m_0|hart|m_core.niosv_m_full_inst|D_rs1_gpr_val[0]~17|combout                                                               ;
; Long Path                ;                         ;             ; my_niosv|intel_niosv_m_0|hart|m_core.niosv_m_full_inst|D_rs1_gpr_val[0]~17~cw_ml_mlab/laboutt[19]                                                ;
; Long Path                ;                         ;             ; my_niosv|intel_niosv_m_0|hart|m_core.niosv_m_full_inst|D_rs1_gpr_val[0]~17~_LAB_RE_X28_Y15_N0_I108                                               ;
; Long Path                ;                         ;             ; my_niosv|intel_niosv_m_0|hart|m_core.niosv_m_full_inst|D_rs1_gpr_val[0]~17~_C1_X28_Y15_N0_I16                                                    ;
; Long Path                ;                         ;             ; my_niosv|intel_niosv_m_0|hart|m_core.niosv_m_full_inst|D_rs1_gpr_val[0]~17~_C1_X28_Y16_N0_I16                                                    ;
; Long Path                ;                         ;             ; my_niosv|intel_niosv_m_0|hart|m_core.niosv_m_full_inst|D_rs1_gpr_val[0]~17~_LOCAL_INTERCONNECT_X28_Y17_N0_I36                                    ;
; Long Path                ; Bypassed Hyper-Register ;             ; my_niosv|intel_niosv_m_0|hart|m_core.niosv_m_full_inst|D_rs1_gpr_val[0]~17~_BLOCK_INPUT_MUX_PASSTHROUGH_X28_Y17_N0_I18                           ;
; Long Path                ;                         ;             ; my_niosv|intel_niosv_m_0|hart|m_core.niosv_m_full_inst|D_rs1_gpr_val[0]~17~_LAB_RE_X28_Y17_N0_I16                                                ;
; Long Path                ;                         ;             ; my_niosv|intel_niosv_m_0|hart|m_core.niosv_m_full_inst|D_stage_inst|instr_decoder_inst|Mux_87~20|datae                                           ;
; Long Path                ;                         ;             ; my_niosv|intel_niosv_m_0|hart|m_core.niosv_m_full_inst|D_stage_inst|instr_decoder_inst|Mux_87~20|combout                                         ;
; Long Path                ;                         ;             ; my_niosv|intel_niosv_m_0|hart|m_core.niosv_m_full_inst|E_stage_inst|E_exe_s1[0]~DUPLICATE|d                                                      ;
; Long Path                ; ALM Register            ; #15         ; my_niosv|intel_niosv_m_0|hart|m_core.niosv_m_full_inst|E_stage_inst|E_exe_s1[0]~DUPLICATE                                                        ;
; Long Path                ;                         ;             ; my_niosv|intel_niosv_m_0|hart|m_core.niosv_m_full_inst|E_stage_inst|E_exe_s1[0]~DUPLICATE|q                                                      ;
; Long Path                ;                         ;             ; my_niosv|intel_niosv_m_0|hart|m_core.niosv_m_full_inst|E_stage_inst|E_exe_s1[0]~DUPLICATE~_LAB_RE_X28_Y17_N0_I97                                 ;
; Long Path                ;                         ;             ; my_niosv|intel_niosv_m_0|hart|m_core.niosv_m_full_inst|E_stage_inst|E_exe_s1[0]~DUPLICATE~_R1_X28_Y17_N0_I8                                      ;
; Long Path                ;                         ;             ; my_niosv|intel_niosv_m_0|hart|m_core.niosv_m_full_inst|E_stage_inst|E_exe_s1[0]~DUPLICATE~_C1_X27_Y16_N0_I9                                      ;
; Long Path                ;                         ;             ; my_niosv|intel_niosv_m_0|hart|m_core.niosv_m_full_inst|E_stage_inst|E_exe_s1[0]~DUPLICATE~_LOCAL_INTERCONNECT_X27_Y16_N0_I10                     ;
; Long Path                ; Bypassed Hyper-Register ;             ; my_niosv|intel_niosv_m_0|hart|m_core.niosv_m_full_inst|E_stage_inst|E_exe_s1[0]~DUPLICATE~_BLOCK_INPUT_MUX_PASSTHROUGH_X27_Y16_N0_I5             ;
; Long Path                ;                         ;             ; my_niosv|intel_niosv_m_0|hart|m_core.niosv_m_full_inst|E_stage_inst|E_exe_s1[0]~DUPLICATE~_LAB_RE_X27_Y16_N0_I4                                  ;
; Long Path                ;                         ;             ; my_niosv|intel_niosv_m_0|hart|m_core.niosv_m_full_inst|E_stage_inst|alu_inst|add_0~6|datab                                                       ;
; Long Path                ;                         ;             ; my_niosv|intel_niosv_m_0|hart|m_core.niosv_m_full_inst|E_stage_inst|alu_inst|add_0~6|cout                                                        ;
; Long Path                ;                         ;             ; my_niosv|intel_niosv_m_0|hart|m_core.niosv_m_full_inst|E_stage_inst|alu_inst|add_0~11|cin                                                        ;
; Long Path                ;                         ;             ; my_niosv|intel_niosv_m_0|hart|m_core.niosv_m_full_inst|E_stage_inst|alu_inst|add_0~1|cout                                                        ;
; Long Path                ;                         ;             ; my_niosv|intel_niosv_m_0|hart|m_core.niosv_m_full_inst|E_stage_inst|alu_inst|add_0~26|cin                                                        ;
; Long Path                ;                         ;             ; my_niosv|intel_niosv_m_0|hart|m_core.niosv_m_full_inst|E_stage_inst|alu_inst|add_0~31|cout                                                       ;
; Long Path                ;                         ;             ; my_niosv|intel_niosv_m_0|hart|m_core.niosv_m_full_inst|E_stage_inst|alu_inst|add_0~86|cin                                                        ;
; Long Path                ;                         ;             ; my_niosv|intel_niosv_m_0|hart|m_core.niosv_m_full_inst|E_stage_inst|alu_inst|add_0~91|cout                                                       ;
; Long Path                ;                         ;             ; my_niosv|intel_niosv_m_0|hart|m_core.niosv_m_full_inst|E_stage_inst|alu_inst|add_0~96|cin                                                        ;
; Long Path                ;                         ;             ; my_niosv|intel_niosv_m_0|hart|m_core.niosv_m_full_inst|E_stage_inst|alu_inst|add_0~101|cout                                                      ;
; Long Path                ;                         ;             ; my_niosv|intel_niosv_m_0|hart|m_core.niosv_m_full_inst|E_stage_inst|alu_inst|add_0~106|cin                                                       ;
; Long Path                ;                         ;             ; my_niosv|intel_niosv_m_0|hart|m_core.niosv_m_full_inst|E_stage_inst|alu_inst|add_0~111|cout                                                      ;
; Long Path                ;                         ;             ; my_niosv|intel_niosv_m_0|hart|m_core.niosv_m_full_inst|E_stage_inst|alu_inst|add_0~36|cin                                                        ;
; Long Path                ;                         ;             ; my_niosv|intel_niosv_m_0|hart|m_core.niosv_m_full_inst|E_stage_inst|alu_inst|add_0~21|cout                                                       ;
; Long Path                ;                         ;             ; my_niosv|intel_niosv_m_0|hart|m_core.niosv_m_full_inst|E_stage_inst|alu_inst|add_0~116|cin                                                       ;
; Long Path                ;                         ;             ; my_niosv|intel_niosv_m_0|hart|m_core.niosv_m_full_inst|E_stage_inst|alu_inst|add_0~116|sumout                                                    ;
; Long Path                ;                         ;             ; my_niosv|intel_niosv_m_0|hart|m_core.niosv_m_full_inst|E_stage_inst|alu_inst|add_0~116~_LAB_RE_X27_Y16_N0_I117                                   ;
; Long Path                ;                         ;             ; my_niosv|intel_niosv_m_0|hart|m_core.niosv_m_full_inst|E_stage_inst|alu_inst|add_0~116~_C1_X27_Y15_N0_I29                                        ;
; Long Path                ;                         ;             ; my_niosv|intel_niosv_m_0|hart|m_core.niosv_m_full_inst|E_stage_inst|alu_inst|add_0~116~_LOCAL_INTERCONNECT_X27_Y15_N0_I59                        ;
; Long Path                ; Bypassed Hyper-Register ;             ; my_niosv|intel_niosv_m_0|hart|m_core.niosv_m_full_inst|E_stage_inst|alu_inst|add_0~116~_BLOCK_INPUT_MUX_PASSTHROUGH_X27_Y15_N0_I73               ;
; Long Path                ;                         ;             ; my_niosv|intel_niosv_m_0|hart|m_core.niosv_m_full_inst|E_stage_inst|alu_inst|add_0~116~_LAB_RE_X27_Y15_N0_I77                                    ;
; Long Path                ;                         ;             ; my_niosv|intel_niosv_m_0|hart|m_core.niosv_m_full_inst|E_stage_inst|E_exe_result[0]~137xsyn|dataf                                                ;
; Long Path                ;                         ;             ; my_niosv|intel_niosv_m_0|hart|m_core.niosv_m_full_inst|E_stage_inst|E_exe_result[0]~137xsyn|combout                                              ;
; Long Path                ;                         ;             ; my_niosv|intel_niosv_m_0|hart|m_core.niosv_m_full_inst|E_stage_inst|E_exe_result[0]~137xsyn~_LAB_RE_X27_Y15_N0_I125                              ;
; Long Path                ;                         ;             ; my_niosv|intel_niosv_m_0|hart|m_core.niosv_m_full_inst|E_stage_inst|E_exe_result[0]~137xsyn~_R4_X28_Y15_N0_I9                                    ;
; Long Path                ;                         ;             ; my_niosv|intel_niosv_m_0|hart|m_core.niosv_m_full_inst|E_stage_inst|E_exe_result[0]~137xsyn~_LOCAL_INTERCONNECT_X31_Y15_N0_I79                   ;
; Long Path                ; Bypassed Hyper-Register ;             ; my_niosv|intel_niosv_m_0|hart|m_core.niosv_m_full_inst|E_stage_inst|E_exe_result[0]~137xsyn~_BLOCK_INPUT_MUX_PASSTHROUGH_X31_Y15_N0_I40          ;
; Long Path                ;                         ;             ; my_niosv|intel_niosv_m_0|hart|m_core.niosv_m_full_inst|E_stage_inst|E_exe_result[0]~137xsyn~_LAB_RE_X31_Y15_N0_I42                               ;
; Long Path                ;                         ;             ; my_niosv|intel_niosv_m_0|hart|m_core.niosv_m_full_inst|E_stage_inst|E_exe_result[0]~21|datac                                                     ;
; Long Path                ;                         ;             ; my_niosv|intel_niosv_m_0|hart|m_core.niosv_m_full_inst|E_stage_inst|E_exe_result[0]~21|combout                                                   ;
; Long Path                ;                         ;             ; my_niosv|intel_niosv_m_0|hart|m_core.niosv_m_full_inst|E_stage_inst|E_exe_result[0]~21~cw_ml_mlab/laboutb[1]                                     ;
; Long Path                ;                         ;             ; my_niosv|intel_niosv_m_0|hart|m_core.niosv_m_full_inst|E_stage_inst|E_exe_result[0]~21~_LAB_RE_X31_Y15_N0_I110                                   ;
; Long Path                ;                         ;             ; my_niosv|intel_niosv_m_0|hart|m_core.niosv_m_full_inst|E_stage_inst|E_exe_result[0]~21~_C1_X31_Y15_N0_I22                                        ;
; Long Path                ;                         ;             ; my_niosv|intel_niosv_m_0|hart|m_core.niosv_m_full_inst|E_stage_inst|E_exe_result[0]~21~_LOCAL_INTERCONNECT_X31_Y16_N0_I52                        ;
; Long Path                ; Bypassed Hyper-Register ;             ; my_niosv|intel_niosv_m_0|hart|m_core.niosv_m_full_inst|E_stage_inst|E_exe_result[0]~21~_BLOCK_INPUT_MUX_PASSTHROUGH_X31_Y16_N0_I62               ;
; Long Path                ;                         ;             ; my_niosv|intel_niosv_m_0|hart|m_core.niosv_m_full_inst|E_stage_inst|E_exe_result[0]~21~_LAB_RE_X31_Y16_N0_I62                                    ;
; Long Path                ;                         ;             ; my_niosv|intel_niosv_m_0|hart|m_core.niosv_m_full_inst|D_rs2_gpr_val[0]~81xsyn|datag                                                             ;
; Long Path                ;                         ;             ; my_niosv|intel_niosv_m_0|hart|m_core.niosv_m_full_inst|D_rs2_gpr_val[0]~81xsyn|combout                                                           ;
; Long Path                ;                         ;             ; my_niosv|intel_niosv_m_0|hart|m_core.niosv_m_full_inst|D_rs2_gpr_val[0]~81xsyn~cw_ml_mlab/laboutb[10]                                            ;
; Long Path                ;                         ;             ; my_niosv|intel_niosv_m_0|hart|m_core.niosv_m_full_inst|D_rs2_gpr_val[0]~81xsyn~_LAB_RE_X31_Y16_N0_I119                                           ;
; Long Path                ;                         ;             ; my_niosv|intel_niosv_m_0|hart|m_core.niosv_m_full_inst|D_rs2_gpr_val[0]~81xsyn~_R0_X31_Y16_N0_I54                                                ;
; Long Path                ;                         ;             ; my_niosv|intel_niosv_m_0|hart|m_core.niosv_m_full_inst|D_rs2_gpr_val[0]~81xsyn~_LOCAL_INTERCONNECT_X31_Y16_N0_I23                                ;
; Long Path                ; Bypassed Hyper-Register ;             ; my_niosv|intel_niosv_m_0|hart|m_core.niosv_m_full_inst|D_rs2_gpr_val[0]~81xsyn~_BLOCK_INPUT_MUX_PASSTHROUGH_X31_Y16_N0_I27                       ;
; Long Path                ;                         ;             ; my_niosv|intel_niosv_m_0|hart|m_core.niosv_m_full_inst|D_rs2_gpr_val[0]~81xsyn~_LAB_RE_X31_Y16_N0_I31                                            ;
; Long Path                ;                         ;             ; my_niosv|intel_niosv_m_0|hart|m_core.niosv_m_full_inst|D_stage_inst|instr_decoder_inst|D_exe_s2[0]~5|dataf                                       ;
; Long Path                ;                         ;             ; my_niosv|intel_niosv_m_0|hart|m_core.niosv_m_full_inst|D_stage_inst|instr_decoder_inst|D_exe_s2[0]~5|combout                                     ;
; Long Path                ;                         ;             ; my_niosv|intel_niosv_m_0|hart|m_core.niosv_m_full_inst|E_stage_inst|E_exe_s2[13]|d                                                               ;
; Long Path                ; ALM Register            ; #16         ; my_niosv|intel_niosv_m_0|hart|m_core.niosv_m_full_inst|E_stage_inst|E_exe_s2[13]                                                                 ;
; Long Path                ;                         ;             ; my_niosv|intel_niosv_m_0|hart|m_core.niosv_m_full_inst|E_stage_inst|E_exe_s2[13]|q                                                               ;
; Long Path                ;                         ;             ; my_niosv|intel_niosv_m_0|hart|m_core.niosv_m_full_inst|E_stage_inst|E_exe_s2[13]~LAB_RE_X31_Y16_N0_I102                                          ;
; Long Path                ;                         ;             ; my_niosv|intel_niosv_m_0|hart|m_core.niosv_m_full_inst|E_stage_inst|E_exe_s2[13]~R2_X32_Y16_N0_I7                                                ;
; Long Path                ;                         ;             ; my_niosv|intel_niosv_m_0|hart|m_core.niosv_m_full_inst|E_stage_inst|E_exe_s2[13]~R0_X33_Y16_N0_I27                                               ;
; Long Path                ;                         ;             ; my_niosv|intel_niosv_m_0|hart|m_core.niosv_m_full_inst|E_stage_inst|E_exe_s2[13]~R0_X33_Y16_N0_I8                                                ;
; Long Path                ; Bypassed Hyper-Register ;             ; my_niosv|intel_niosv_m_0|hart|m_core.niosv_m_full_inst|E_stage_inst|E_exe_s2[13]~R6_X28_Y16_N0_I11                                               ;
; Long Path                ;                         ;             ; my_niosv|intel_niosv_m_0|hart|m_core.niosv_m_full_inst|E_stage_inst|E_exe_s2[13]~LOCAL_INTERCONNECT_X27_Y16_N0_I47                               ;
; Long Path                ; Bypassed Hyper-Register ;             ; my_niosv|intel_niosv_m_0|hart|m_core.niosv_m_full_inst|E_stage_inst|E_exe_s2[13]~BLOCK_INPUT_MUX_PASSTHROUGH_X27_Y16_N0_I56                      ;
; Long Path                ;                         ;             ; my_niosv|intel_niosv_m_0|hart|m_core.niosv_m_full_inst|E_stage_inst|E_exe_s2[13]~LAB_RE_X27_Y16_N0_I58                                           ;
; Long Path                ;                         ;             ; my_niosv|intel_niosv_m_0|hart|m_core.niosv_m_full_inst|E_stage_inst|alu_inst|add_0~116|datac                                                     ;
; Long Path                ; Bypassed Hyper-Register ;             ; my_niosv|intel_niosv_m_0|hart|m_core.niosv_m_full_inst|E_stage_inst|alu_inst|add_0~131|cout                                                      ;
; Long Path                ;                         ;             ; my_niosv|intel_niosv_m_0|hart|m_core.niosv_m_full_inst|E_stage_inst|alu_inst|add_0~131~_LAB_RE_X27_Y16_N0_I88                                    ;
; Long Path                ;                         ;             ; my_niosv|intel_niosv_m_0|hart|m_core.niosv_m_full_inst|E_stage_inst|alu_inst|add_0~131~_LAB_RE_X27_Y15_N0_I87                                    ;
; Long Path                ;                         ;             ; my_niosv|intel_niosv_m_0|hart|m_core.niosv_m_full_inst|E_stage_inst|alu_inst|add_0~141|cin                                                       ;
; Long Path                ;                         ;             ; my_niosv|intel_niosv_m_0|hart|m_core.niosv_m_full_inst|E_stage_inst|alu_inst|add_0~71|cout                                                       ;
; Long Path                ;                         ;             ; my_niosv|intel_niosv_m_0|hart|m_core.niosv_m_full_inst|E_stage_inst|alu_inst|add_0~151|cin                                                       ;
; Long Path                ;                         ;             ; my_niosv|intel_niosv_m_0|hart|m_core.niosv_m_full_inst|E_stage_inst|alu_inst|add_0~66|cout                                                       ;
; Long Path                ;                         ;             ; my_niosv|intel_niosv_m_0|hart|m_core.niosv_m_full_inst|E_stage_inst|alu_inst|add_0~81|cin                                                        ;
; Long Path                ;                         ;             ; my_niosv|intel_niosv_m_0|hart|m_core.niosv_m_full_inst|E_stage_inst|alu_inst|add_0~16|sumout                                                     ;
; Long Path                ;                         ;             ; my_niosv|intel_niosv_m_0|hart|m_core.niosv_m_full_inst|E_stage_inst|alu_inst|add_0~16~cw_la_lab/laboutb[6]                                       ;
; Long Path                ;                         ;             ; my_niosv|intel_niosv_m_0|hart|m_core.niosv_m_full_inst|E_stage_inst|alu_inst|add_0~16~_LAB_RE_X27_Y15_N0_I115                                    ;
; Long Path                ;                         ;             ; my_niosv|intel_niosv_m_0|hart|m_core.niosv_m_full_inst|E_stage_inst|alu_inst|add_0~16~_R0_X27_Y15_N0_I46                                         ;
; Long Path                ;                         ;             ; my_niosv|intel_niosv_m_0|hart|m_core.niosv_m_full_inst|E_stage_inst|alu_inst|add_0~16~_R1_X27_Y15_N0_I36                                         ;
; Long Path                ; Bypassed Hyper-Register ;             ; my_niosv|intel_niosv_m_0|hart|m_core.niosv_m_full_inst|E_stage_inst|alu_inst|add_0~16~_R4_X23_Y15_N0_I19                                         ;
; Long Path                ;                         ;             ; my_niosv|intel_niosv_m_0|hart|m_core.niosv_m_full_inst|E_stage_inst|alu_inst|add_0~16~_LOCAL_INTERCONNECT_X22_Y15_N0_I64                         ;
; Long Path                ; Bypassed Hyper-Register ;             ; my_niosv|intel_niosv_m_0|hart|m_core.niosv_m_full_inst|E_stage_inst|alu_inst|add_0~16~_BLOCK_INPUT_MUX_PASSTHROUGH_X22_Y15_N0_I79                ;
; Long Path                ;                         ;             ; my_niosv|intel_niosv_m_0|hart|m_core.niosv_m_full_inst|E_stage_inst|alu_inst|add_0~16~_LAB_RE_X22_Y15_N0_I73                                     ;
; Long Path                ;                         ;             ; my_niosv|intel_niosv_m_0|hart|m_core.niosv_m_full_inst|E_stage_inst|alu_inst|Mux_32~42xsyn|datad                                                 ;
; Long Path                ;                         ;             ; my_niosv|intel_niosv_m_0|hart|m_core.niosv_m_full_inst|E_stage_inst|alu_inst|Mux_32~42xsyn|combout                                               ;
; Long Path                ;                         ;             ; my_niosv|intel_niosv_m_0|hart|m_core.niosv_m_full_inst|E_stage_inst|alu_inst|Mux_32~42xsyn~_LAB_RE_X22_Y15_N0_I125                               ;
; Long Path                ;                         ;             ; my_niosv|intel_niosv_m_0|hart|m_core.niosv_m_full_inst|E_stage_inst|alu_inst|Mux_32~42xsyn~_R0_X22_Y15_N0_I63                                    ;
; Long Path                ;                         ;             ; my_niosv|intel_niosv_m_0|hart|m_core.niosv_m_full_inst|E_stage_inst|alu_inst|Mux_32~42xsyn~_LOCAL_INTERCONNECT_X22_Y15_N0_I9                     ;
; Long Path                ; Bypassed Hyper-Register ;             ; my_niosv|intel_niosv_m_0|hart|m_core.niosv_m_full_inst|E_stage_inst|alu_inst|Mux_32~42xsyn~_BLOCK_INPUT_MUX_PASSTHROUGH_X22_Y15_N0_I15           ;
; Long Path                ;                         ;             ; my_niosv|intel_niosv_m_0|hart|m_core.niosv_m_full_inst|E_stage_inst|alu_inst|Mux_32~42xsyn~_LAB_RE_X22_Y15_N0_I9                                 ;
; Long Path                ;                         ;             ; my_niosv|intel_niosv_m_0|hart|m_core.niosv_m_full_inst|E_stage_inst|E_exe_result[0]~36|datad                                                     ;
; Long Path                ;                         ;             ; my_niosv|intel_niosv_m_0|hart|m_core.niosv_m_full_inst|E_stage_inst|E_exe_result[0]~36|combout                                                   ;
; Long Path                ;                         ;             ; my_niosv|intel_niosv_m_0|hart|m_core.niosv_m_full_inst|E_stage_inst|E_exe_result[0]~36~cw_la_lab/laboutt[6]                                      ;
; Long Path                ;                         ;             ; my_niosv|intel_niosv_m_0|hart|m_core.niosv_m_full_inst|E_stage_inst|E_exe_result[0]~36~_LAB_RE_X22_Y15_N0_I95                                    ;
; Long Path                ;                         ;             ; my_niosv|intel_niosv_m_0|hart|m_core.niosv_m_full_inst|E_stage_inst|E_exe_result[0]~36~_R0_X22_Y15_N0_I11                                        ;
; Long Path                ; Bypassed Hyper-Register ;             ; my_niosv|intel_niosv_m_0|hart|m_core.niosv_m_full_inst|E_stage_inst|E_exe_result[0]~36~_R6_X23_Y15_N0_I8                                         ;
; Long Path                ;                         ;             ; my_niosv|intel_niosv_m_0|hart|m_core.niosv_m_full_inst|E_stage_inst|E_exe_result[0]~36~_LOCAL_INTERCONNECT_X28_Y15_N0_I34                        ;
; Long Path                ; Bypassed Hyper-Register ;             ; my_niosv|intel_niosv_m_0|hart|m_core.niosv_m_full_inst|E_stage_inst|E_exe_result[0]~36~_BLOCK_INPUT_MUX_PASSTHROUGH_X28_Y15_N0_I35               ;
; Long Path                ;                         ;             ; my_niosv|intel_niosv_m_0|hart|m_core.niosv_m_full_inst|E_stage_inst|E_exe_result[0]~36~_LAB_RE_X28_Y15_N0_I39                                    ;
; Long Path                ;                         ;             ; my_niosv|intel_niosv_m_0|hart|m_core.niosv_m_full_inst|D_rs1_gpr_val[0]~17|datae                                                                 ;
; Long Path                ;                         ;             ; my_niosv|intel_niosv_m_0|hart|m_core.niosv_m_full_inst|D_rs1_gpr_val[0]~17|combout                                                               ;
; Long Path                ;                         ;             ; my_niosv|intel_niosv_m_0|hart|m_core.niosv_m_full_inst|D_rs1_gpr_val[0]~17~cw_ml_mlab/laboutt[19]                                                ;
; Long Path                ;                         ;             ; my_niosv|intel_niosv_m_0|hart|m_core.niosv_m_full_inst|D_rs1_gpr_val[0]~17~_LAB_RE_X28_Y15_N0_I108                                               ;
; Long Path                ;                         ;             ; my_niosv|intel_niosv_m_0|hart|m_core.niosv_m_full_inst|D_rs1_gpr_val[0]~17~_C1_X28_Y15_N0_I16                                                    ;
; Long Path                ;                         ;             ; my_niosv|intel_niosv_m_0|hart|m_core.niosv_m_full_inst|D_rs1_gpr_val[0]~17~_C1_X28_Y16_N0_I16                                                    ;
; Long Path                ;                         ;             ; my_niosv|intel_niosv_m_0|hart|m_core.niosv_m_full_inst|D_rs1_gpr_val[0]~17~_LOCAL_INTERCONNECT_X28_Y17_N0_I36                                    ;
; Long Path                ; Bypassed Hyper-Register ;             ; my_niosv|intel_niosv_m_0|hart|m_core.niosv_m_full_inst|D_rs1_gpr_val[0]~17~_BLOCK_INPUT_MUX_PASSTHROUGH_X28_Y17_N0_I18                           ;
; Long Path                ;                         ;             ; my_niosv|intel_niosv_m_0|hart|m_core.niosv_m_full_inst|D_rs1_gpr_val[0]~17~_LAB_RE_X28_Y17_N0_I16                                                ;
; Long Path                ;                         ;             ; my_niosv|intel_niosv_m_0|hart|m_core.niosv_m_full_inst|D_stage_inst|instr_decoder_inst|Mux_87~20|datae                                           ;
; Long Path                ;                         ;             ; my_niosv|intel_niosv_m_0|hart|m_core.niosv_m_full_inst|D_stage_inst|instr_decoder_inst|Mux_87~20|combout                                         ;
; Long Path                ;                         ;             ; my_niosv|intel_niosv_m_0|hart|m_core.niosv_m_full_inst|E_stage_inst|E_exe_s1[0]~DUPLICATE|d                                                      ;
; Long Path                ; ALM Register            ; #15         ; my_niosv|intel_niosv_m_0|hart|m_core.niosv_m_full_inst|E_stage_inst|E_exe_s1[0]~DUPLICATE                                                        ;
; Long Path                ;                         ;             ; my_niosv|intel_niosv_m_0|hart|m_core.niosv_m_full_inst|E_stage_inst|E_exe_s1[0]~DUPLICATE|q                                                      ;
; Long Path                ;                         ;             ; my_niosv|intel_niosv_m_0|hart|m_core.niosv_m_full_inst|E_stage_inst|E_exe_s1[0]~DUPLICATE~_LAB_RE_X28_Y17_N0_I97                                 ;
; Long Path                ;                         ;             ; my_niosv|intel_niosv_m_0|hart|m_core.niosv_m_full_inst|E_stage_inst|E_exe_s1[0]~DUPLICATE~_R1_X28_Y17_N0_I8                                      ;
; Long Path                ;                         ;             ; my_niosv|intel_niosv_m_0|hart|m_core.niosv_m_full_inst|E_stage_inst|E_exe_s1[0]~DUPLICATE~_C1_X27_Y16_N0_I9                                      ;
; Long Path                ;                         ;             ; my_niosv|intel_niosv_m_0|hart|m_core.niosv_m_full_inst|E_stage_inst|E_exe_s1[0]~DUPLICATE~_LOCAL_INTERCONNECT_X27_Y16_N0_I10                     ;
; Long Path                ; Bypassed Hyper-Register ;             ; my_niosv|intel_niosv_m_0|hart|m_core.niosv_m_full_inst|E_stage_inst|E_exe_s1[0]~DUPLICATE~_BLOCK_INPUT_MUX_PASSTHROUGH_X27_Y16_N0_I5             ;
; Long Path                ;                         ;             ; my_niosv|intel_niosv_m_0|hart|m_core.niosv_m_full_inst|E_stage_inst|E_exe_s1[0]~DUPLICATE~_LAB_RE_X27_Y16_N0_I4                                  ;
; Long Path                ;                         ;             ; my_niosv|intel_niosv_m_0|hart|m_core.niosv_m_full_inst|E_stage_inst|alu_inst|add_0~6|datab                                                       ;
; Long Path                ; Bypassed Hyper-Register ;             ; my_niosv|intel_niosv_m_0|hart|m_core.niosv_m_full_inst|E_stage_inst|alu_inst|add_0~131|cout                                                      ;
; Long Path                ;                         ;             ; my_niosv|intel_niosv_m_0|hart|m_core.niosv_m_full_inst|E_stage_inst|alu_inst|add_0~131~_LAB_RE_X27_Y16_N0_I88                                    ;
; Long Path                ;                         ;             ; my_niosv|intel_niosv_m_0|hart|m_core.niosv_m_full_inst|E_stage_inst|alu_inst|add_0~131~_LAB_RE_X27_Y15_N0_I87                                    ;
; Long Path                ;                         ;             ; my_niosv|intel_niosv_m_0|hart|m_core.niosv_m_full_inst|E_stage_inst|alu_inst|add_0~141|cin                                                       ;
; Long Path                ;                         ;             ; my_niosv|intel_niosv_m_0|hart|m_core.niosv_m_full_inst|E_stage_inst|alu_inst|add_0~141|sumout                                                    ;
; Long Path                ;                         ;             ; my_niosv|intel_niosv_m_0|hart|m_core.niosv_m_full_inst|E_stage_inst|alu_inst|add_0~141~_LAB_RE_X27_Y15_N0_I89                                    ;
; Long Path                ; Bypassed Hyper-Register ;             ; my_niosv|intel_niosv_m_0|hart|m_core.niosv_m_full_inst|E_stage_inst|alu_inst|add_0~141~_C4_X27_Y11_N0_I1                                         ;
; Long Path                ;                         ;             ; my_niosv|intel_niosv_m_0|hart|m_core.niosv_m_full_inst|E_stage_inst|alu_inst|add_0~141~_R1_X28_Y11_N0_I3                                         ;
; Long Path                ;                         ;             ; my_niosv|intel_niosv_m_0|hart|m_core.niosv_m_full_inst|E_stage_inst|alu_inst|add_0~141~_C1_X28_Y11_N0_I2                                         ;
; Long Path                ;                         ;             ; my_niosv|intel_niosv_m_0|hart|m_core.niosv_m_full_inst|E_stage_inst|alu_inst|add_0~141~_R0_X28_Y12_N0_I8                                         ;
; Long Path                ;                         ;             ; my_niosv|intel_niosv_m_0|hart|m_core.niosv_m_full_inst|E_stage_inst|alu_inst|add_0~141~_LOCAL_INTERCONNECT_X28_Y12_N0_I56                        ;
; Long Path                ; Bypassed Hyper-Register ;             ; my_niosv|intel_niosv_m_0|hart|m_core.niosv_m_full_inst|E_stage_inst|alu_inst|add_0~141~_BLOCK_INPUT_MUX_PASSTHROUGH_X28_Y12_N0_I49               ;
; Long Path                ;                         ;             ; my_niosv|intel_niosv_m_0|hart|m_core.niosv_m_full_inst|E_stage_inst|alu_inst|add_0~141~_LAB_RE_X28_Y12_N0_I53                                    ;
; Long Path                ;                         ;             ; my_niosv|intel_niosv_m_0|hart|m_core.niosv_m_full_inst|E_stage_inst|E_exe_result[0]~141xsyn|dataf                                                ;
; Long Path                ;                         ;             ; my_niosv|intel_niosv_m_0|hart|m_core.niosv_m_full_inst|E_stage_inst|E_exe_result[0]~141xsyn|combout                                              ;
; Long Path                ;                         ;             ; my_niosv|intel_niosv_m_0|hart|m_core.niosv_m_full_inst|E_stage_inst|E_exe_result[0]~141xsyn~cw_ml_mlab/lab_lut6outb[1]                           ;
; Long Path                ;                         ;             ; my_niosv|intel_niosv_m_0|hart|m_core.niosv_m_full_inst|E_stage_inst|E_exe_result[0]~141xsyn~_LAB_RE_X28_Y12_N0_I145                              ;
; Long Path                ;                         ;             ; my_niosv|intel_niosv_m_0|hart|m_core.niosv_m_full_inst|E_stage_inst|E_exe_result[0]~141xsyn~_LOCAL_INTERCONNECT_X28_Y12_N0_I54                   ;
; Long Path                ; Bypassed Hyper-Register ;             ; my_niosv|intel_niosv_m_0|hart|m_core.niosv_m_full_inst|E_stage_inst|E_exe_result[0]~141xsyn~_BLOCK_INPUT_MUX_PASSTHROUGH_X28_Y12_N0_I25          ;
; Long Path                ;                         ;             ; my_niosv|intel_niosv_m_0|hart|m_core.niosv_m_full_inst|E_stage_inst|E_exe_result[0]~141xsyn~_LAB_RE_X28_Y12_N0_I29                               ;
; Long Path                ;                         ;             ; my_niosv|intel_niosv_m_0|hart|m_core.niosv_m_full_inst|E_stage_inst|E_exe_result[0]~66|datac                                                     ;
; Long Path                ;                         ;             ; my_niosv|intel_niosv_m_0|hart|m_core.niosv_m_full_inst|E_stage_inst|E_exe_result[0]~66|combout                                                   ;
; Long Path                ;                         ;             ; my_niosv|intel_niosv_m_0|hart|m_core.niosv_m_full_inst|E_stage_inst|E_exe_result[0]~66~cw_ml_mlab/laboutt[14]                                    ;
; Long Path                ;                         ;             ; my_niosv|intel_niosv_m_0|hart|m_core.niosv_m_full_inst|E_stage_inst|E_exe_result[0]~66~_LAB_RE_X28_Y12_N0_I103                                   ;
; Long Path                ;                         ;             ; my_niosv|intel_niosv_m_0|hart|m_core.niosv_m_full_inst|E_stage_inst|E_exe_result[0]~66~_C1_X28_Y12_N0_I14                                        ;
; Long Path                ;                         ;             ; my_niosv|intel_niosv_m_0|hart|m_core.niosv_m_full_inst|E_stage_inst|E_exe_result[0]~66~_R2_X29_Y13_N0_I7                                         ;
; Long Path                ;                         ;             ; my_niosv|intel_niosv_m_0|hart|m_core.niosv_m_full_inst|E_stage_inst|E_exe_result[0]~66~_LOCAL_INTERCONNECT_X30_Y13_N0_I32                        ;
; Long Path                ; Bypassed Hyper-Register ;             ; my_niosv|intel_niosv_m_0|hart|m_core.niosv_m_full_inst|E_stage_inst|E_exe_result[0]~66~_BLOCK_INPUT_MUX_PASSTHROUGH_X30_Y13_N0_I30               ;
; Long Path                ;                         ;             ; my_niosv|intel_niosv_m_0|hart|m_core.niosv_m_full_inst|E_stage_inst|E_exe_result[0]~66~_LAB_RE_X30_Y13_N0_I30                                    ;
; Long Path                ;                         ;             ; my_niosv|intel_niosv_m_0|hart|m_core.niosv_m_full_inst|D_rs2_gpr_val[0]~66xsyn|datag                                                             ;
; Long Path                ;                         ;             ; my_niosv|intel_niosv_m_0|hart|m_core.niosv_m_full_inst|D_rs2_gpr_val[0]~66xsyn|combout                                                           ;
; Long Path                ;                         ;             ; my_niosv|intel_niosv_m_0|hart|m_core.niosv_m_full_inst|D_rs2_gpr_val[0]~66xsyn~cw_la_lab/laboutt[12]                                             ;
; Long Path                ;                         ;             ; my_niosv|intel_niosv_m_0|hart|m_core.niosv_m_full_inst|D_rs2_gpr_val[0]~66xsyn~_LAB_RE_X30_Y13_N0_I101                                           ;
; Long Path                ;                         ;             ; my_niosv|intel_niosv_m_0|hart|m_core.niosv_m_full_inst|D_rs2_gpr_val[0]~66xsyn~_R0_X30_Y13_N0_I21                                                ;
; Long Path                ;                         ;             ; my_niosv|intel_niosv_m_0|hart|m_core.niosv_m_full_inst|D_rs2_gpr_val[0]~66xsyn~_LOCAL_INTERCONNECT_X30_Y13_N0_I47                                ;
; Long Path                ; Bypassed Hyper-Register ;             ; my_niosv|intel_niosv_m_0|hart|m_core.niosv_m_full_inst|D_rs2_gpr_val[0]~66xsyn~_BLOCK_INPUT_MUX_PASSTHROUGH_X30_Y13_N0_I51                       ;
; Long Path                ;                         ;             ; my_niosv|intel_niosv_m_0|hart|m_core.niosv_m_full_inst|D_rs2_gpr_val[0]~66xsyn~_LAB_RE_X30_Y13_N0_I55                                            ;
; Long Path                ;                         ;             ; my_niosv|intel_niosv_m_0|hart|m_core.niosv_m_full_inst|D_stage_inst|instr_decoder_inst|D_exe_s2[0]~11|dataf                                      ;
; Long Path                ;                         ;             ; my_niosv|intel_niosv_m_0|hart|m_core.niosv_m_full_inst|D_stage_inst|instr_decoder_inst|D_exe_s2[0]~11|combout                                    ;
; Long Path                ;                         ;             ; my_niosv|intel_niosv_m_0|hart|m_core.niosv_m_full_inst|E_stage_inst|E_exe_s2[19]|d                                                               ;
; Long Path                ; ALM Register            ; #17         ; my_niosv|intel_niosv_m_0|hart|m_core.niosv_m_full_inst|E_stage_inst|E_exe_s2[19]                                                                 ;
; Long Path                ;                         ;             ; my_niosv|intel_niosv_m_0|hart|m_core.niosv_m_full_inst|E_stage_inst|E_exe_s2[19]|q                                                               ;
; Long Path                ;                         ;             ; my_niosv|intel_niosv_m_0|hart|m_core.niosv_m_full_inst|E_stage_inst|E_exe_s2[19]~LAB_RE_X30_Y13_N0_I115                                          ;
; Long Path                ;                         ;             ; my_niosv|intel_niosv_m_0|hart|m_core.niosv_m_full_inst|E_stage_inst|E_exe_s2[19]~R0_X30_Y13_N0_I47                                               ;
; Long Path                ;                         ;             ; my_niosv|intel_niosv_m_0|hart|m_core.niosv_m_full_inst|E_stage_inst|E_exe_s2[19]~R1_X31_Y13_N0_I7                                                ;
; Long Path                ;                         ;             ; my_niosv|intel_niosv_m_0|hart|m_core.niosv_m_full_inst|E_stage_inst|E_exe_s2[19]~C1_X31_Y13_N0_I6                                                ;
; Long Path                ;                         ;             ; my_niosv|intel_niosv_m_0|hart|m_core.niosv_m_full_inst|E_stage_inst|E_exe_s2[19]~C1_X31_Y14_N0_I6                                                ;
; Long Path                ; Bypassed Hyper-Register ;             ; my_niosv|intel_niosv_m_0|hart|m_core.niosv_m_full_inst|E_stage_inst|E_exe_s2[19]~R4_X28_Y15_N0_I11                                               ;
; Long Path                ;                         ;             ; my_niosv|intel_niosv_m_0|hart|m_core.niosv_m_full_inst|E_stage_inst|E_exe_s2[19]~LOCAL_INTERCONNECT_X27_Y15_N0_I14                               ;
; Long Path                ; Bypassed Hyper-Register ;             ; my_niosv|intel_niosv_m_0|hart|m_core.niosv_m_full_inst|E_stage_inst|E_exe_s2[19]~BLOCK_INPUT_MUX_PASSTHROUGH_X27_Y15_N0_I7                       ;
; Long Path                ;                         ;             ; my_niosv|intel_niosv_m_0|hart|m_core.niosv_m_full_inst|E_stage_inst|E_exe_s2[19]~LAB_RE_X27_Y15_N0_I1                                            ;
; Long Path                ;                         ;             ; my_niosv|intel_niosv_m_0|hart|m_core.niosv_m_full_inst|E_stage_inst|alu_inst|add_0~141|datad                                                     ;
; Long Path                ;                         ;             ; my_niosv|intel_niosv_m_0|hart|m_core.niosv_m_full_inst|E_stage_inst|alu_inst|add_0~71|cout                                                       ;
; Long Path                ;                         ;             ; my_niosv|intel_niosv_m_0|hart|m_core.niosv_m_full_inst|E_stage_inst|alu_inst|add_0~151|cin                                                       ;
; Long Path                ;                         ;             ; my_niosv|intel_niosv_m_0|hart|m_core.niosv_m_full_inst|E_stage_inst|alu_inst|add_0~66|cout                                                       ;
; Long Path                ;                         ;             ; my_niosv|intel_niosv_m_0|hart|m_core.niosv_m_full_inst|E_stage_inst|alu_inst|add_0~81|cin                                                        ;
; Long Path                ;                         ;             ; my_niosv|intel_niosv_m_0|hart|m_core.niosv_m_full_inst|E_stage_inst|alu_inst|add_0~16|sumout                                                     ;
; Long Path                ;                         ;             ; my_niosv|intel_niosv_m_0|hart|m_core.niosv_m_full_inst|E_stage_inst|alu_inst|add_0~16~cw_la_lab/laboutb[7]                                       ;
; Long Path                ;                         ;             ; my_niosv|intel_niosv_m_0|hart|m_core.niosv_m_full_inst|E_stage_inst|alu_inst|add_0~16~_LAB_RE_X27_Y15_N0_I116                                    ;
; Long Path                ; Bypassed Hyper-Register ;             ; my_niosv|intel_niosv_m_0|hart|m_core.niosv_m_full_inst|E_stage_inst|alu_inst|add_0~16~_R6_X22_Y15_N0_I13                                         ;
; Long Path                ;                         ;             ; my_niosv|intel_niosv_m_0|hart|m_core.niosv_m_full_inst|E_stage_inst|alu_inst|add_0~16~_C1_X21_Y14_N0_I27                                         ;
; Long Path                ;                         ;             ; my_niosv|intel_niosv_m_0|hart|m_core.niosv_m_full_inst|E_stage_inst|alu_inst|add_0~16~_LOCAL_INTERCONNECT_X21_Y14_N0_I58                         ;
; Long Path                ; Bypassed Hyper-Register ;             ; my_niosv|intel_niosv_m_0|hart|m_core.niosv_m_full_inst|E_stage_inst|alu_inst|add_0~16~_BLOCK_INPUT_MUX_PASSTHROUGH_X21_Y14_N0_I27                ;
; Long Path                ;                         ;             ; my_niosv|intel_niosv_m_0|hart|m_core.niosv_m_full_inst|E_stage_inst|alu_inst|add_0~16~_LAB_RE_X21_Y14_N0_I31                                     ;
; Long Path                ;                         ;             ; my_niosv|intel_niosv_m_0|hart|m_core.niosv_m_full_inst|E_stage_inst|E_unaligned_redir~1|dataf                                                    ;
; Long Path                ;                         ;             ; my_niosv|intel_niosv_m_0|hart|m_core.niosv_m_full_inst|E_stage_inst|E_unaligned_redir~1|combout                                                  ;
; Long Path                ;                         ;             ; my_niosv|intel_niosv_m_0|hart|m_core.niosv_m_full_inst|E_stage_inst|E_unaligned_redir~1~cw_ml_mlab/lab_lut6outt[3]                               ;
; Long Path                ;                         ;             ; my_niosv|intel_niosv_m_0|hart|m_core.niosv_m_full_inst|E_stage_inst|E_unaligned_redir~1~_LAB_RE_X21_Y14_N0_I137                                  ;
; Long Path                ;                         ;             ; my_niosv|intel_niosv_m_0|hart|m_core.niosv_m_full_inst|E_stage_inst|E_unaligned_redir~1~_R1_X22_Y14_N0_I13                                       ;
; Long Path                ;                         ;             ; my_niosv|intel_niosv_m_0|hart|m_core.niosv_m_full_inst|E_stage_inst|E_unaligned_redir~1~_LOCAL_INTERCONNECT_X22_Y14_N0_I36                       ;
; Long Path                ; Bypassed Hyper-Register ;             ; my_niosv|intel_niosv_m_0|hart|m_core.niosv_m_full_inst|E_stage_inst|E_unaligned_redir~1~_BLOCK_INPUT_MUX_PASSTHROUGH_X22_Y14_N0_I63              ;
; Long Path                ;                         ;             ; my_niosv|intel_niosv_m_0|hart|m_core.niosv_m_full_inst|E_stage_inst|E_unaligned_redir~1~_LAB_RE_X22_Y14_N0_I57                                   ;
; Long Path                ;                         ;             ; my_niosv|intel_niosv_m_0|hart|m_core.niosv_m_full_inst|E_stage_inst|E_unaligned_redir~1xsyn_7|datad                                              ;
; Long Path                ;                         ;             ; my_niosv|intel_niosv_m_0|hart|m_core.niosv_m_full_inst|E_stage_inst|E_unaligned_redir~1xsyn_7|combout                                            ;
; Long Path                ;                         ;             ; my_niosv|intel_niosv_m_0|hart|m_core.niosv_m_full_inst|E_stage_inst|E_unaligned_redir~1xsyn_7~cw_la_lab/lab_lut6outb[2]                          ;
; Long Path                ;                         ;             ; my_niosv|intel_niosv_m_0|hart|m_core.niosv_m_full_inst|E_stage_inst|E_unaligned_redir~1xsyn_7~_LAB_RE_X22_Y14_N0_I146                            ;
; Long Path                ;                         ;             ; my_niosv|intel_niosv_m_0|hart|m_core.niosv_m_full_inst|E_stage_inst|E_unaligned_redir~1xsyn_7~_C1_X22_Y14_N0_I26                                 ;
; Long Path                ;                         ;             ; my_niosv|intel_niosv_m_0|hart|m_core.niosv_m_full_inst|E_stage_inst|E_unaligned_redir~1xsyn_7~_C1_X22_Y15_N0_I26                                 ;
; Long Path                ;                         ;             ; my_niosv|intel_niosv_m_0|hart|m_core.niosv_m_full_inst|E_stage_inst|E_unaligned_redir~1xsyn_7~_R2_X21_Y16_N0_I12                                 ;
; Long Path                ;                         ;             ; my_niosv|intel_niosv_m_0|hart|m_core.niosv_m_full_inst|E_stage_inst|E_unaligned_redir~1xsyn_7~_R0_X20_Y16_N0_I44                                 ;
; Long Path                ;                         ;             ; my_niosv|intel_niosv_m_0|hart|m_core.niosv_m_full_inst|E_stage_inst|E_unaligned_redir~1xsyn_7~_R0_X20_Y16_N0_I27                                 ;
; Long Path                ;                         ;             ; my_niosv|intel_niosv_m_0|hart|m_core.niosv_m_full_inst|E_stage_inst|E_unaligned_redir~1xsyn_7~_LOCAL_INTERCONNECT_X20_Y16_N0_I8                  ;
; Long Path                ; Bypassed Hyper-Register ;             ; my_niosv|intel_niosv_m_0|hart|m_core.niosv_m_full_inst|E_stage_inst|E_unaligned_redir~1xsyn_7~_BLOCK_INPUT_MUX_PASSTHROUGH_X20_Y16_N0_I15        ;
; Long Path                ;                         ;             ; my_niosv|intel_niosv_m_0|hart|m_core.niosv_m_full_inst|E_stage_inst|E_unaligned_redir~1xsyn_7~_LAB_RE_X20_Y16_N0_I9                              ;
; Long Path                ;                         ;             ; my_niosv|intel_niosv_m_0|hart|m_core.niosv_m_full_inst|M0_stage_inst|i700~0xsyn_2|datad                                                          ;
; Long Path                ;                         ;             ; my_niosv|intel_niosv_m_0|hart|m_core.niosv_m_full_inst|M0_stage_inst|i700~0xsyn_2|combout                                                        ;
; Long Path                ;                         ;             ; my_niosv|intel_niosv_m_0|hart|m_core.niosv_m_full_inst|M0_stage_inst|M0_gpr_wr_en|d                                                              ;
; Long Path                ; ALM Register            ; #9          ; my_niosv|intel_niosv_m_0|hart|m_core.niosv_m_full_inst|M0_stage_inst|M0_gpr_wr_en                                                                ;
; Long Path                ;                         ;             ; my_niosv|intel_niosv_m_0|hart|m_core.niosv_m_full_inst|M0_stage_inst|M0_gpr_wr_en|q                                                              ;
; Long Path                ;                         ;             ; my_niosv|intel_niosv_m_0|hart|m_core.niosv_m_full_inst|M0_stage_inst|M0_gpr_wr_en~LAB_RE_X20_Y16_N0_I94                                          ;
; Long Path                ;                         ;             ; my_niosv|intel_niosv_m_0|hart|m_core.niosv_m_full_inst|M0_stage_inst|M0_gpr_wr_en~LOCAL_INTERCONNECT_X20_Y16_N0_I18                              ;
; Long Path                ; Bypassed Hyper-Register ;             ; my_niosv|intel_niosv_m_0|hart|m_core.niosv_m_full_inst|M0_stage_inst|M0_gpr_wr_en~BLOCK_INPUT_MUX_PASSTHROUGH_X20_Y16_N0_I77                     ;
; Long Path                ;                         ;             ; my_niosv|intel_niosv_m_0|hart|m_core.niosv_m_full_inst|M0_stage_inst|M0_gpr_wr_en~LAB_RE_X20_Y16_N0_I76                                          ;
; Long Path                ;                         ;             ; my_niosv|intel_niosv_m_0|hart|m_core.niosv_m_full_inst|lsu_inst|ld_instr_valid~1|datab                                                           ;
; Long Path                ;                         ;             ; my_niosv|intel_niosv_m_0|hart|m_core.niosv_m_full_inst|lsu_inst|ld_instr_valid~1|combout                                                         ;
; Long Path                ;                         ;             ; my_niosv|intel_niosv_m_0|hart|m_core.niosv_m_full_inst|lsu_inst|ld_instr_valid~1~cw_la_lab/laboutb[18]                                           ;
; Long Path                ;                         ;             ; my_niosv|intel_niosv_m_0|hart|m_core.niosv_m_full_inst|lsu_inst|ld_instr_valid~1~_LAB_RE_X20_Y16_N0_I127                                         ;
; Long Path                ;                         ;             ; my_niosv|intel_niosv_m_0|hart|m_core.niosv_m_full_inst|lsu_inst|ld_instr_valid~1~_R0_X20_Y16_N0_I67                                              ;
; Long Path                ;                         ;             ; my_niosv|intel_niosv_m_0|hart|m_core.niosv_m_full_inst|lsu_inst|ld_instr_valid~1~_LOCAL_INTERCONNECT_X20_Y16_N0_I10                              ;
; Long Path                ; Bypassed Hyper-Register ;             ; my_niosv|intel_niosv_m_0|hart|m_core.niosv_m_full_inst|lsu_inst|ld_instr_valid~1~_BLOCK_INPUT_MUX_PASSTHROUGH_X20_Y16_N0_I17                     ;
; Long Path                ;                         ;             ; my_niosv|intel_niosv_m_0|hart|m_core.niosv_m_full_inst|lsu_inst|ld_instr_valid~1~_LAB_RE_X20_Y16_N0_I21                                          ;
; Long Path                ;                         ;             ; my_niosv|intel_niosv_m_0|hart|m_core.niosv_m_full_inst|i1086~2|datac                                                                             ;
; Long Path                ;                         ;             ; my_niosv|intel_niosv_m_0|hart|m_core.niosv_m_full_inst|i1086~2|combout                                                                           ;
; Long Path                ;                         ;             ; my_niosv|intel_niosv_m_0|hart|m_core.niosv_m_full_inst|i1086~2~cw_la_lab/laboutt[11]                                                             ;
; Long Path                ;                         ;             ; my_niosv|intel_niosv_m_0|hart|m_core.niosv_m_full_inst|i1086~2~_LAB_RE_X20_Y16_N0_I100                                                           ;
; Long Path                ;                         ;             ; my_niosv|intel_niosv_m_0|hart|m_core.niosv_m_full_inst|i1086~2~_LOCAL_INTERCONNECT_X20_Y16_N0_I19                                                ;
; Long Path                ; Bypassed Hyper-Register ;             ; my_niosv|intel_niosv_m_0|hart|m_core.niosv_m_full_inst|i1086~2~_BLOCK_INPUT_MUX_PASSTHROUGH_X20_Y16_N0_I5                                        ;
; Long Path                ;                         ;             ; my_niosv|intel_niosv_m_0|hart|m_core.niosv_m_full_inst|i1086~2~_LAB_RE_X20_Y16_N0_I4                                                             ;
; Long Path                ;                         ;             ; my_niosv|intel_niosv_m_0|hart|m_core.niosv_m_full_inst|i1130~2|datab                                                                             ;
; Long Path                ;                         ;             ; my_niosv|intel_niosv_m_0|hart|m_core.niosv_m_full_inst|i1130~2|combout                                                                           ;
; Long Path                ;                         ;             ; my_niosv|intel_niosv_m_0|hart|m_core.niosv_m_full_inst|i1130~2~cw_la_lab/laboutt[2]                                                              ;
; Long Path                ;                         ;             ; my_niosv|intel_niosv_m_0|hart|m_core.niosv_m_full_inst|i1130~2~_LAB_RE_X20_Y16_N0_I91                                                            ;
; Long Path                ;                         ;             ; my_niosv|intel_niosv_m_0|hart|m_core.niosv_m_full_inst|i1130~2~_R0_X20_Y16_N0_I4                                                                 ;
; Long Path                ;                         ;             ; my_niosv|intel_niosv_m_0|hart|m_core.niosv_m_full_inst|i1130~2~_LOCAL_INTERCONNECT_X20_Y16_N0_I27                                                ;
; Long Path                ; Bypassed Hyper-Register ;             ; my_niosv|intel_niosv_m_0|hart|m_core.niosv_m_full_inst|i1130~2~_BLOCK_INPUT_MUX_PASSTHROUGH_X20_Y16_N0_I35                                       ;
; Long Path                ;                         ;             ; my_niosv|intel_niosv_m_0|hart|m_core.niosv_m_full_inst|i1130~2~_LAB_RE_X20_Y16_N0_I39                                                            ;
; Long Path                ;                         ;             ; my_niosv|intel_niosv_m_0|hart|m_core.niosv_m_full_inst|flush_E~0|dataf                                                                           ;
; Long Path                ;                         ;             ; my_niosv|intel_niosv_m_0|hart|m_core.niosv_m_full_inst|flush_E~0|combout                                                                         ;
; Long Path                ;                         ;             ; my_niosv|intel_niosv_m_0|hart|m_core.niosv_m_full_inst|flush_E~0~cw_la_lab/laboutt[18]                                                           ;
; Long Path                ;                         ;             ; my_niosv|intel_niosv_m_0|hart|m_core.niosv_m_full_inst|flush_E~0~_LAB_RE_X20_Y16_N0_I107                                                         ;
; Long Path                ;                         ;             ; my_niosv|intel_niosv_m_0|hart|m_core.niosv_m_full_inst|flush_E~0~_R0_X20_Y16_N0_I32                                                              ;
; Long Path                ; Bypassed Hyper-Register ;             ; my_niosv|intel_niosv_m_0|hart|m_core.niosv_m_full_inst|flush_E~0~_R6_X21_Y16_N0_I14                                                              ;
; Long Path                ;                         ;             ; my_niosv|intel_niosv_m_0|hart|m_core.niosv_m_full_inst|flush_E~0~_LOCAL_INTERCONNECT_X26_Y16_N0_I60                                              ;
; Long Path                ; Bypassed Hyper-Register ;             ; my_niosv|intel_niosv_m_0|hart|m_core.niosv_m_full_inst|flush_E~0~_BLOCK_INPUT_MUX_PASSTHROUGH_X26_Y16_N0_I74                                     ;
; Long Path                ;                         ;             ; my_niosv|intel_niosv_m_0|hart|m_core.niosv_m_full_inst|flush_E~0~_LAB_RE_X26_Y16_N0_I72                                                          ;
; Long Path                ;                         ;             ; my_niosv|intel_niosv_m_0|hart|m_core.niosv_m_full_inst|flush_E~0xsyn|datae                                                                       ;
; Long Path                ;                         ;             ; my_niosv|intel_niosv_m_0|hart|m_core.niosv_m_full_inst|flush_E~0xsyn|combout                                                                     ;
; Long Path                ;                         ;             ; my_niosv|intel_niosv_m_0|hart|m_core.niosv_m_full_inst|flush_E~0xsyn~cw_ml_mlab/laboutb[17]                                                      ;
; Long Path                ;                         ;             ; my_niosv|intel_niosv_m_0|hart|m_core.niosv_m_full_inst|flush_E~0xsyn~_LAB_RE_X26_Y16_N0_I126                                                     ;
; Long Path                ; Bypassed Hyper-Register ;             ; my_niosv|intel_niosv_m_0|hart|m_core.niosv_m_full_inst|flush_E~0xsyn~_C4_X26_Y12_N0_I39                                                          ;
; Long Path                ; Bypassed Hyper-Register ;             ; my_niosv|intel_niosv_m_0|hart|m_core.niosv_m_full_inst|flush_E~0xsyn~_R4_X23_Y12_N0_I19                                                          ;
; Long Path                ;                         ;             ; my_niosv|intel_niosv_m_0|hart|m_core.niosv_m_full_inst|flush_E~0xsyn~_R0_X22_Y12_N0_I68                                                          ;
; Long Path                ;                         ;             ; my_niosv|intel_niosv_m_0|hart|m_core.niosv_m_full_inst|flush_E~0xsyn~_LOCAL_INTERCONNECT_X22_Y12_N0_I35                                          ;
; Long Path                ; Bypassed Hyper-Register ;             ; my_niosv|intel_niosv_m_0|hart|m_core.niosv_m_full_inst|flush_E~0xsyn~_BLOCK_INPUT_MUX_PASSTHROUGH_X22_Y12_N0_I30                                 ;
; Long Path                ;                         ;             ; my_niosv|intel_niosv_m_0|hart|m_core.niosv_m_full_inst|flush_E~0xsyn~_LAB_RE_X22_Y12_N0_I30                                                      ;
; Long Path                ;                         ;             ; my_niosv|intel_niosv_m_0|hart|m_core.niosv_m_full_inst|csr_inst|mtvec.base[29]~0|datad                                                           ;
; Long Path                ;                         ;             ; my_niosv|intel_niosv_m_0|hart|m_core.niosv_m_full_inst|csr_inst|mtvec.base[29]~0|combout                                                         ;
; Long Path                ;                         ;             ; my_niosv|intel_niosv_m_0|hart|m_core.niosv_m_full_inst|csr_inst|dscratch0[1]~RTM_41|d                                                            ;
; Long Path                ; Bypassed ALM Register   ;             ; my_niosv|intel_niosv_m_0|hart|m_core.niosv_m_full_inst|csr_inst|dscratch0[1]~RTM_41~.comb                                                        ;
; Long Path                ;                         ;             ; my_niosv|intel_niosv_m_0|hart|m_core.niosv_m_full_inst|csr_inst|dscratch0[1]~RTM_41|q                                                            ;
; Long Path                ;                         ;             ; my_niosv|intel_niosv_m_0|hart|m_core.niosv_m_full_inst|csr_inst|dscratch0[1]~RTM_41~_LAB_RE_X22_Y12_N0_I103                                      ;
; Long Path                ;                         ;             ; my_niosv|intel_niosv_m_0|hart|m_core.niosv_m_full_inst|csr_inst|dscratch0[1]~RTM_41_Duplicate_69|d                                               ;
; Long Path                ; Hyper-Register          ; #18         ; my_niosv|intel_niosv_m_0|hart|m_core.niosv_m_full_inst|csr_inst|dscratch0[1]~RTM_41_Duplicate_69                                                 ;
; Long Path                ;                         ;             ; my_niosv|intel_niosv_m_0|hart|m_core.niosv_m_full_inst|csr_inst|dscratch0[1]~RTM_41_Duplicate_69|q                                               ;
; Long Path                ;                         ;             ; my_niosv|intel_niosv_m_0|hart|m_core.niosv_m_full_inst|csr_inst|dscratch0[1]~RTM_41~_C4_X22_Y8_N0_I20                                            ;
; Long Path                ;                         ;             ; my_niosv|intel_niosv_m_0|hart|m_core.niosv_m_full_inst|csr_inst|dscratch0[1]~RTM_41~_R1_X22_Y8_N0_I14                                            ;
; Long Path                ;                         ;             ; my_niosv|intel_niosv_m_0|hart|m_core.niosv_m_full_inst|csr_inst|dscratch0[1]~RTM_41~_LOCAL_INTERCONNECT_X21_Y8_N0_I33                            ;
; Long Path                ; Bypassed Hyper-Register ;             ; my_niosv|intel_niosv_m_0|hart|m_core.niosv_m_full_inst|csr_inst|dscratch0[1]~RTM_41~_BLOCK_INPUT_MUX_PASSTHROUGH_X21_Y8_N0_I3                    ;
; Long Path                ;                         ;             ; my_niosv|intel_niosv_m_0|hart|m_core.niosv_m_full_inst|csr_inst|dscratch0[1]~RTM_41~_LAB_RE_X21_Y8_N0_I7                                         ;
; Long Path                ;                         ;             ; my_niosv|intel_niosv_m_0|hart|m_core.niosv_m_full_inst|csr_inst|mtval2_nxt[0]~1|datae                                                            ;
; Long Path                ;                         ;             ; my_niosv|intel_niosv_m_0|hart|m_core.niosv_m_full_inst|csr_inst|mtval2_nxt[0]~1|combout                                                          ;
; Long Path                ;                         ;             ; my_niosv|intel_niosv_m_0|hart|m_core.niosv_m_full_inst|csr_inst|mtval2_nxt[0]~1~cw_ml_mlab/lab_lut5outt[0]                                       ;
; Long Path                ;                         ;             ; my_niosv|intel_niosv_m_0|hart|m_core.niosv_m_full_inst|csr_inst|mtval2_nxt[0]~1~_LAB_RE_X21_Y8_N0_I129                                           ;
; Long Path                ;                         ;             ; my_niosv|intel_niosv_m_0|hart|m_core.niosv_m_full_inst|csr_inst|mtval2_nxt[0]~1~_C1_X21_Y8_N0_I4                                                 ;
; Long Path                ;                         ;             ; my_niosv|intel_niosv_m_0|hart|m_core.niosv_m_full_inst|csr_inst|mtval2_nxt[0]~1~_R1_X22_Y9_N0_I5                                                 ;
; Long Path                ;                         ;             ; my_niosv|intel_niosv_m_0|hart|m_core.niosv_m_full_inst|csr_inst|mtval2_nxt[0]~1~_LOCAL_INTERCONNECT_X22_Y9_N0_I17                                ;
; Long Path                ; Bypassed Hyper-Register ;             ; my_niosv|intel_niosv_m_0|hart|m_core.niosv_m_full_inst|csr_inst|mtval2_nxt[0]~1~_BLOCK_INPUT_MUX_PASSTHROUGH_X22_Y9_N0_I65                       ;
; Long Path                ;                         ;             ; my_niosv|intel_niosv_m_0|hart|m_core.niosv_m_full_inst|csr_inst|mtval2_nxt[0]~1~_LAB_RE_X22_Y9_N0_I69                                            ;
; Long Path                ;                         ;             ; my_niosv|intel_niosv_m_0|hart|m_core.niosv_m_full_inst|csr_inst|mtval2[4]~RTMUX|datac                                                            ;
; Long Path                ;                         ;             ; my_niosv|intel_niosv_m_0|hart|m_core.niosv_m_full_inst|csr_inst|mtval2[4]~RTMUX|combout                                                          ;
; Long Path                ;                         ;             ; my_niosv|intel_niosv_m_0|hart|m_core.niosv_m_full_inst|csr_inst|mtval2[4]~RTMUX~cw_la_lab/lab_lut5outb[3]                                        ;
; Long Path                ;                         ;             ; my_niosv|intel_niosv_m_0|hart|m_core.niosv_m_full_inst|csr_inst|mtval2[4]~RTMUX~_LAB_RE_X22_Y9_N0_I142                                           ;
; Long Path                ;                         ;             ; my_niosv|intel_niosv_m_0|hart|m_core.niosv_m_full_inst|csr_inst|mtval2[4]~RTMUX~_LOCAL_INTERCONNECT_X22_Y9_N0_I71                                ;
; Long Path                ; Bypassed Hyper-Register ;             ; my_niosv|intel_niosv_m_0|hart|m_core.niosv_m_full_inst|csr_inst|mtval2[4]~RTMUX~_BLOCK_INPUT_MUX_PASSTHROUGH_X22_Y9_N0_I5                        ;
; Long Path                ;                         ;             ; my_niosv|intel_niosv_m_0|hart|m_core.niosv_m_full_inst|csr_inst|mtval2[4]~RTMUX~_LAB_RE_X22_Y9_N0_I4                                             ;
; Long Path                ;                         ;             ; my_niosv|intel_niosv_m_0|hart|m_core.niosv_m_full_inst|csr_inst|Select_93~3|datab                                                                ;
; Long Path                ;                         ;             ; my_niosv|intel_niosv_m_0|hart|m_core.niosv_m_full_inst|csr_inst|Select_93~3|combout                                                              ;
; Long Path                ;                         ;             ; my_niosv|intel_niosv_m_0|hart|m_core.niosv_m_full_inst|csr_inst|Select_93~3~_LAB_RE_X22_Y9_N0_I129                                               ;
; Long Path                ;                         ;             ; my_niosv|intel_niosv_m_0|hart|m_core.niosv_m_full_inst|csr_inst|Select_93~3~_R1_X22_Y9_N0_I2                                                     ;
; Long Path                ;                         ;             ; my_niosv|intel_niosv_m_0|hart|m_core.niosv_m_full_inst|csr_inst|Select_93~3~_LOCAL_INTERCONNECT_X21_Y9_N0_I5                                     ;
; Long Path                ; Bypassed Hyper-Register ;             ; my_niosv|intel_niosv_m_0|hart|m_core.niosv_m_full_inst|csr_inst|Select_93~3~_BLOCK_INPUT_MUX_PASSTHROUGH_X21_Y9_N0_I2                            ;
; Long Path                ;                         ;             ; my_niosv|intel_niosv_m_0|hart|m_core.niosv_m_full_inst|csr_inst|Select_93~3~_LAB_RE_X21_Y9_N0_I0                                                 ;
; Long Path                ;                         ;             ; my_niosv|intel_niosv_m_0|hart|m_core.niosv_m_full_inst|csr_inst|Select_93~4|datae                                                                ;
; Long Path                ;                         ;             ; my_niosv|intel_niosv_m_0|hart|m_core.niosv_m_full_inst|csr_inst|Select_93~4|combout                                                              ;
; Long Path                ;                         ;             ; my_niosv|intel_niosv_m_0|hart|m_core.niosv_m_full_inst|csr_inst|Select_93~4~_LAB_RE_X21_Y9_N0_I89                                                ;
; Long Path                ; Bypassed Hyper-Register ;             ; my_niosv|intel_niosv_m_0|hart|m_core.niosv_m_full_inst|csr_inst|Select_93~4~_R6_X22_Y9_N0_I0                                                     ;
; Long Path                ;                         ;             ; my_niosv|intel_niosv_m_0|hart|m_core.niosv_m_full_inst|csr_inst|Select_93~4~_C1_X27_Y9_N0_I0                                                     ;
; Long Path                ;                         ;             ; my_niosv|intel_niosv_m_0|hart|m_core.niosv_m_full_inst|csr_inst|Select_93~4~_C1_X27_Y10_N0_I0                                                    ;
; Long Path                ;                         ;             ; my_niosv|intel_niosv_m_0|hart|m_core.niosv_m_full_inst|csr_inst|Select_93~4~_LOCAL_INTERCONNECT_X27_Y11_N0_I6                                    ;
; Long Path                ; Bypassed Hyper-Register ;             ; my_niosv|intel_niosv_m_0|hart|m_core.niosv_m_full_inst|csr_inst|Select_93~4~_BLOCK_INPUT_MUX_PASSTHROUGH_X27_Y11_N0_I2                           ;
; Long Path                ;                         ;             ; my_niosv|intel_niosv_m_0|hart|m_core.niosv_m_full_inst|csr_inst|Select_93~4~_LAB_RE_X27_Y11_N0_I0                                                ;
; Long Path                ;                         ;             ; my_niosv|intel_niosv_m_0|hart|m_core.niosv_m_full_inst|E_stage_inst|E_exe_result[0]~3|datae                                                      ;
; Long Path                ;                         ;             ; my_niosv|intel_niosv_m_0|hart|m_core.niosv_m_full_inst|E_stage_inst|E_exe_result[0]~3|combout                                                    ;
; Long Path                ;                         ;             ; my_niosv|intel_niosv_m_0|hart|m_core.niosv_m_full_inst|E_stage_inst|E_exe_result[0]~3~cw_la_lab/lab_lut6outt[0]                                  ;
; Long Path                ;                         ;             ; my_niosv|intel_niosv_m_0|hart|m_core.niosv_m_full_inst|E_stage_inst|E_exe_result[0]~3~_LAB_RE_X27_Y11_N0_I134                                    ;
; Long Path                ;                         ;             ; my_niosv|intel_niosv_m_0|hart|m_core.niosv_m_full_inst|E_stage_inst|E_exe_result[0]~3~_C1_X27_Y11_N0_I0                                          ;
; Long Path                ;                         ;             ; my_niosv|intel_niosv_m_0|hart|m_core.niosv_m_full_inst|E_stage_inst|E_exe_result[0]~3~_C1_X27_Y12_N0_I0                                          ;
; Long Path                ; Bypassed Hyper-Register ;             ; my_niosv|intel_niosv_m_0|hart|m_core.niosv_m_full_inst|E_stage_inst|E_exe_result[0]~3~_C4_X27_Y13_N0_I0                                          ;
; Long Path                ;                         ;             ; my_niosv|intel_niosv_m_0|hart|m_core.niosv_m_full_inst|E_stage_inst|E_exe_result[0]~3~_R0_X27_Y17_N0_I1                                          ;
; Long Path                ;                         ;             ; my_niosv|intel_niosv_m_0|hart|m_core.niosv_m_full_inst|E_stage_inst|E_exe_result[0]~3~_LOCAL_INTERCONNECT_X27_Y17_N0_I51                         ;
; Long Path                ; Bypassed Hyper-Register ;             ; my_niosv|intel_niosv_m_0|hart|m_core.niosv_m_full_inst|E_stage_inst|E_exe_result[0]~3~_BLOCK_INPUT_MUX_PASSTHROUGH_X27_Y17_N0_I58                ;
; Long Path                ;                         ;             ; my_niosv|intel_niosv_m_0|hart|m_core.niosv_m_full_inst|E_stage_inst|E_exe_result[0]~3~_LAB_RE_X27_Y17_N0_I56                                     ;
; Long Path                ;                         ;             ; my_niosv|intel_niosv_m_0|hart|m_core.niosv_m_full_inst|D_rs1_gpr_val[0]~19|datae                                                                 ;
; Long Path                ;                         ;             ; my_niosv|intel_niosv_m_0|hart|m_core.niosv_m_full_inst|D_rs1_gpr_val[0]~19|combout                                                               ;
; Long Path                ;                         ;             ; my_niosv|intel_niosv_m_0|hart|m_core.niosv_m_full_inst|D_rs1_gpr_val[0]~19~_LAB_RE_X27_Y17_N0_I146                                               ;
; Long Path                ;                         ;             ; my_niosv|intel_niosv_m_0|hart|m_core.niosv_m_full_inst|D_rs1_gpr_val[0]~19~_LOCAL_INTERCONNECT_X27_Y17_N0_I59                                    ;
; Long Path                ; Bypassed Hyper-Register ;             ; my_niosv|intel_niosv_m_0|hart|m_core.niosv_m_full_inst|D_rs1_gpr_val[0]~19~_BLOCK_INPUT_MUX_PASSTHROUGH_X27_Y17_N0_I51                           ;
; Long Path                ;                         ;             ; my_niosv|intel_niosv_m_0|hart|m_core.niosv_m_full_inst|D_rs1_gpr_val[0]~19~_LAB_RE_X27_Y17_N0_I55                                                ;
; Long Path                ;                         ;             ; my_niosv|intel_niosv_m_0|hart|m_core.niosv_m_full_inst|D_rs1_gpr_val[0]~20|dataf                                                                 ;
; Long Path                ;                         ;             ; my_niosv|intel_niosv_m_0|hart|m_core.niosv_m_full_inst|D_rs1_gpr_val[0]~20|combout                                                               ;
; Long Path                ;                         ;             ; my_niosv|intel_niosv_m_0|hart|m_core.niosv_m_full_inst|D_rs1_gpr_val[0]~20~cw_la_lab/lab_lut6outb[1]                                             ;
; Long Path                ;                         ;             ; my_niosv|intel_niosv_m_0|hart|m_core.niosv_m_full_inst|D_rs1_gpr_val[0]~20~_LAB_RE_X27_Y17_N0_I145                                               ;
; Long Path                ;                         ;             ; my_niosv|intel_niosv_m_0|hart|m_core.niosv_m_full_inst|D_rs1_gpr_val[0]~20~_LOCAL_INTERCONNECT_X27_Y17_N0_I57                                    ;
; Long Path                ; Bypassed Hyper-Register ;             ; my_niosv|intel_niosv_m_0|hart|m_core.niosv_m_full_inst|D_rs1_gpr_val[0]~20~_BLOCK_INPUT_MUX_PASSTHROUGH_X27_Y17_N0_I3                            ;
; Long Path                ;                         ;             ; my_niosv|intel_niosv_m_0|hart|m_core.niosv_m_full_inst|D_rs1_gpr_val[0]~20~_LAB_RE_X27_Y17_N0_I7                                                 ;
; Long Path                ;                         ;             ; my_niosv|intel_niosv_m_0|hart|m_core.niosv_m_full_inst|D_stage_inst|instr_decoder_inst|Mux_87~22|dataf                                           ;
; Long Path                ;                         ;             ; my_niosv|intel_niosv_m_0|hart|m_core.niosv_m_full_inst|D_stage_inst|instr_decoder_inst|Mux_87~22|combout                                         ;
; Long Path                ;                         ;             ; my_niosv|intel_niosv_m_0|hart|m_core.niosv_m_full_inst|E_stage_inst|E_exe_s1[4]|d                                                                ;
; Long Path                ; ALM Register            ; #19         ; my_niosv|intel_niosv_m_0|hart|m_core.niosv_m_full_inst|E_stage_inst|E_exe_s1[4]                                                                  ;
; Long Path                ;                         ;             ; my_niosv|intel_niosv_m_0|hart|m_core.niosv_m_full_inst|E_stage_inst|E_exe_s1[4]|q                                                                ;
; Long Path                ;                         ;             ; my_niosv|intel_niosv_m_0|hart|m_core.niosv_m_full_inst|E_stage_inst|E_exe_s1[4]~LAB_RE_X27_Y17_N0_I90                                            ;
; Long Path                ;                         ;             ; my_niosv|intel_niosv_m_0|hart|m_core.niosv_m_full_inst|E_stage_inst|E_exe_s1[4]~C1_X27_Y16_N0_I3                                                 ;
; Long Path                ;                         ;             ; my_niosv|intel_niosv_m_0|hart|m_core.niosv_m_full_inst|E_stage_inst|E_exe_s1[4]~C1_X27_Y15_N0_I3                                                 ;
; Long Path                ;                         ;             ; my_niosv|intel_niosv_m_0|hart|m_core.niosv_m_full_inst|E_stage_inst|E_exe_s1[4]~R1_X27_Y15_N0_I2                                                 ;
; Long Path                ;                         ;             ; my_niosv|intel_niosv_m_0|hart|m_core.niosv_m_full_inst|E_stage_inst|E_exe_s1[4]~R1_X26_Y15_N0_I2                                                 ;
; Long Path                ;                         ;             ; my_niosv|intel_niosv_m_0|hart|m_core.niosv_m_full_inst|E_stage_inst|E_exe_s1[4]~R0_X25_Y15_N0_I7                                                 ;
; Long Path                ;                         ;             ; my_niosv|intel_niosv_m_0|hart|m_core.niosv_m_full_inst|E_stage_inst|E_exe_s1[4]~LOCAL_INTERCONNECT_X25_Y15_N0_I22                                ;
; Long Path                ; Bypassed Hyper-Register ;             ; my_niosv|intel_niosv_m_0|hart|m_core.niosv_m_full_inst|E_stage_inst|E_exe_s1[4]~BLOCK_INPUT_MUX_PASSTHROUGH_X25_Y15_N0_I24                       ;
; Long Path                ;                         ;             ; my_niosv|intel_niosv_m_0|hart|m_core.niosv_m_full_inst|E_stage_inst|E_exe_s1[4]~LAB_RE_X25_Y15_N0_I26                                            ;
; Long Path                ;                         ;             ; my_niosv|intel_niosv_m_0|hart|m_core.niosv_m_full_inst|E_stage_inst|alu_inst|E_exe_logic_result[0]~8|datac                                       ;
; Long Path                ;                         ;             ; my_niosv|intel_niosv_m_0|hart|m_core.niosv_m_full_inst|E_stage_inst|alu_inst|E_exe_logic_result[0]~8|combout                                     ;
; Long Path                ;                         ;             ; my_niosv|intel_niosv_m_0|hart|m_core.niosv_m_full_inst|E_stage_inst|alu_inst|E_exe_logic_result[0]~8~cw_la_lab/laboutt[12]                       ;
; Long Path                ;                         ;             ; my_niosv|intel_niosv_m_0|hart|m_core.niosv_m_full_inst|E_stage_inst|alu_inst|E_exe_logic_result[0]~8~_LAB_RE_X25_Y15_N0_I101                     ;
; Long Path                ;                         ;             ; my_niosv|intel_niosv_m_0|hart|m_core.niosv_m_full_inst|E_stage_inst|alu_inst|E_exe_logic_result[0]~8~_R0_X25_Y15_N0_I21                          ;
; Long Path                ;                         ;             ; my_niosv|intel_niosv_m_0|hart|m_core.niosv_m_full_inst|E_stage_inst|alu_inst|E_exe_logic_result[0]~8~_C1_X25_Y14_N0_I21                          ;
; Long Path                ;                         ;             ; my_niosv|intel_niosv_m_0|hart|m_core.niosv_m_full_inst|E_stage_inst|alu_inst|E_exe_logic_result[0]~8~_LOCAL_INTERCONNECT_X25_Y14_N0_I45          ;
; Long Path                ; Bypassed Hyper-Register ;             ; my_niosv|intel_niosv_m_0|hart|m_core.niosv_m_full_inst|E_stage_inst|alu_inst|E_exe_logic_result[0]~8~_BLOCK_INPUT_MUX_PASSTHROUGH_X25_Y14_N0_I74 ;
; Long Path                ;                         ;             ; my_niosv|intel_niosv_m_0|hart|m_core.niosv_m_full_inst|E_stage_inst|alu_inst|E_exe_logic_result[0]~8~_LAB_RE_X25_Y14_N0_I72                      ;
; Long Path                ;                         ;             ; my_niosv|intel_niosv_m_0|hart|m_core.niosv_m_full_inst|E_stage_inst|alu_inst|reduce_nor_2~13|datae                                               ;
; Long Path                ;                         ;             ; my_niosv|intel_niosv_m_0|hart|m_core.niosv_m_full_inst|E_stage_inst|alu_inst|reduce_nor_2~13|combout                                             ;
; Long Path                ;                         ;             ; my_niosv|intel_niosv_m_0|hart|m_core.niosv_m_full_inst|E_stage_inst|alu_inst|reduce_nor_2~13~cw_la_lab/laboutb[17]                               ;
; Long Path                ;                         ;             ; my_niosv|intel_niosv_m_0|hart|m_core.niosv_m_full_inst|E_stage_inst|alu_inst|reduce_nor_2~13~_LAB_RE_X25_Y14_N0_I126                             ;
; Long Path                ;                         ;             ; my_niosv|intel_niosv_m_0|hart|m_core.niosv_m_full_inst|E_stage_inst|alu_inst|reduce_nor_2~13~_LOCAL_INTERCONNECT_X25_Y14_N0_I79                  ;
; Long Path                ; Bypassed Hyper-Register ;             ; my_niosv|intel_niosv_m_0|hart|m_core.niosv_m_full_inst|E_stage_inst|alu_inst|reduce_nor_2~13~_BLOCK_INPUT_MUX_PASSTHROUGH_X25_Y14_N0_I40         ;
; Long Path                ;                         ;             ; my_niosv|intel_niosv_m_0|hart|m_core.niosv_m_full_inst|E_stage_inst|alu_inst|reduce_nor_2~13~_LAB_RE_X25_Y14_N0_I42                              ;
; Long Path                ;                         ;             ; my_niosv|intel_niosv_m_0|hart|m_core.niosv_m_full_inst|E_stage_inst|alu_inst|reduce_nor_2~13xsyn_16|datac                                        ;
; Long Path                ;                         ;             ; my_niosv|intel_niosv_m_0|hart|m_core.niosv_m_full_inst|E_stage_inst|alu_inst|reduce_nor_2~13xsyn_16|combout                                      ;
; Long Path                ;                         ;             ; my_niosv|intel_niosv_m_0|hart|m_core.niosv_m_full_inst|E_stage_inst|alu_inst|reduce_nor_2~13xsyn_16~_LAB_RE_X25_Y14_N0_I112                      ;
; Long Path                ; Bypassed Hyper-Register ;             ; my_niosv|intel_niosv_m_0|hart|m_core.niosv_m_full_inst|E_stage_inst|alu_inst|reduce_nor_2~13xsyn_16~_R4_X22_Y14_N0_I15                           ;
; Long Path                ;                         ;             ; my_niosv|intel_niosv_m_0|hart|m_core.niosv_m_full_inst|E_stage_inst|alu_inst|reduce_nor_2~13xsyn_16~_LOCAL_INTERCONNECT_X21_Y14_N0_I53           ;
; Long Path                ; Bypassed Hyper-Register ;             ; my_niosv|intel_niosv_m_0|hart|m_core.niosv_m_full_inst|E_stage_inst|alu_inst|reduce_nor_2~13xsyn_16~_BLOCK_INPUT_MUX_PASSTHROUGH_X21_Y14_N0_I59  ;
; Long Path                ;                         ;             ; my_niosv|intel_niosv_m_0|hart|m_core.niosv_m_full_inst|E_stage_inst|alu_inst|reduce_nor_2~13xsyn_16~_LAB_RE_X21_Y14_N0_I63                       ;
; Long Path                ;                         ;             ; my_niosv|intel_niosv_m_0|hart|m_core.niosv_m_full_inst|E_stage_inst|alu_inst|Mux_0~5xsyn_8|dataf                                                 ;
; Long Path                ;                         ;             ; my_niosv|intel_niosv_m_0|hart|m_core.niosv_m_full_inst|E_stage_inst|alu_inst|Mux_0~5xsyn_8|combout                                               ;
; Long Path                ;                         ;             ; my_niosv|intel_niosv_m_0|hart|m_core.niosv_m_full_inst|E_stage_inst|alu_inst|Mux_0~5xsyn_8~_LAB_RE_X21_Y14_N0_I118                               ;
; Long Path                ;                         ;             ; my_niosv|intel_niosv_m_0|hart|m_core.niosv_m_full_inst|E_stage_inst|alu_inst|Mux_0~5xsyn_8~_R0_X21_Y14_N0_I51                                    ;
; Long Path                ;                         ;             ; my_niosv|intel_niosv_m_0|hart|m_core.niosv_m_full_inst|E_stage_inst|alu_inst|Mux_0~5xsyn_8~_LOCAL_INTERCONNECT_X21_Y14_N0_I28                    ;
; Long Path                ; Bypassed Hyper-Register ;             ; my_niosv|intel_niosv_m_0|hart|m_core.niosv_m_full_inst|E_stage_inst|alu_inst|Mux_0~5xsyn_8~_BLOCK_INPUT_MUX_PASSTHROUGH_X21_Y14_N0_I35           ;
; Long Path                ;                         ;             ; my_niosv|intel_niosv_m_0|hart|m_core.niosv_m_full_inst|E_stage_inst|alu_inst|Mux_0~5xsyn_8~_LAB_RE_X21_Y14_N0_I39                                ;
; Long Path                ;                         ;             ; my_niosv|intel_niosv_m_0|hart|m_core.niosv_m_full_inst|E_stage_inst|E_unaligned_redir~1xsyn_8|dataf                                              ;
; Long Path                ;                         ;             ; my_niosv|intel_niosv_m_0|hart|m_core.niosv_m_full_inst|E_stage_inst|E_unaligned_redir~1xsyn_8|combout                                            ;
; Long Path                ;                         ;             ; my_niosv|intel_niosv_m_0|hart|m_core.niosv_m_full_inst|E_stage_inst|E_unaligned_redir~1xsyn_8~cw_ml_mlab/laboutt[18]                             ;
; Long Path                ;                         ;             ; my_niosv|intel_niosv_m_0|hart|m_core.niosv_m_full_inst|E_stage_inst|E_unaligned_redir~1xsyn_8~_LAB_RE_X21_Y14_N0_I107                            ;
; Long Path                ;                         ;             ; my_niosv|intel_niosv_m_0|hart|m_core.niosv_m_full_inst|E_stage_inst|E_unaligned_redir~1xsyn_8~_R1_X21_Y14_N0_I18                                 ;
; Long Path                ;                         ;             ; my_niosv|intel_niosv_m_0|hart|m_core.niosv_m_full_inst|E_stage_inst|E_unaligned_redir~1xsyn_8~_C1_X20_Y14_N0_I18                                 ;
; Long Path                ;                         ;             ; my_niosv|intel_niosv_m_0|hart|m_core.niosv_m_full_inst|E_stage_inst|E_unaligned_redir~1xsyn_8~_R0_X20_Y15_N0_I27                                 ;
; Long Path                ;                         ;             ; my_niosv|intel_niosv_m_0|hart|m_core.niosv_m_full_inst|E_stage_inst|E_unaligned_redir~1xsyn_8~_LOCAL_INTERCONNECT_X20_Y15_N0_I8                  ;
; Long Path                ; Bypassed Hyper-Register ;             ; my_niosv|intel_niosv_m_0|hart|m_core.niosv_m_full_inst|E_stage_inst|E_unaligned_redir~1xsyn_8~_BLOCK_INPUT_MUX_PASSTHROUGH_X20_Y15_N0_I2         ;
; Long Path                ;                         ;             ; my_niosv|intel_niosv_m_0|hart|m_core.niosv_m_full_inst|E_stage_inst|E_unaligned_redir~1xsyn_8~_LAB_RE_X20_Y15_N0_I0                              ;
; Long Path                ;                         ;             ; my_niosv|intel_niosv_m_0|hart|m_core.niosv_m_full_inst|M0_stage_inst|i684~xsyn|datae                                                             ;
; Long Path                ;                         ;             ; my_niosv|intel_niosv_m_0|hart|m_core.niosv_m_full_inst|M0_stage_inst|i684~xsyn|combout                                                           ;
; Long Path                ;                         ;             ; my_niosv|intel_niosv_m_0|hart|m_core.niosv_m_full_inst|M0_stage_inst|M0_mem_op~DUPLICATE|d                                                       ;
; Long Path (Critical)     ; ALM Register            ; #20         ; my_niosv|intel_niosv_m_0|hart|m_core.niosv_m_full_inst|M0_stage_inst|M0_mem_op~DUPLICATE                                                         ;
; Long Path (Critical)     ;                         ;             ; my_niosv|intel_niosv_m_0|hart|m_core.niosv_m_full_inst|M0_stage_inst|M0_mem_op~DUPLICATE|q                                                       ;
; Long Path (Critical)     ;                         ;             ; my_niosv|intel_niosv_m_0|hart|m_core.niosv_m_full_inst|M0_stage_inst|M0_mem_op~DUPLICATE~_LAB_RE_X20_Y15_N0_I89                                  ;
; Long Path (Critical)     ;                         ;             ; my_niosv|intel_niosv_m_0|hart|m_core.niosv_m_full_inst|M0_stage_inst|M0_mem_op~DUPLICATE~_C1_X20_Y15_N0_I0                                       ;
; Long Path (Critical)     ;                         ;             ; my_niosv|intel_niosv_m_0|hart|m_core.niosv_m_full_inst|M0_stage_inst|M0_mem_op~DUPLICATE~_LOCAL_INTERCONNECT_X20_Y16_N0_I5                       ;
; Long Path (Critical)     ; Bypassed Hyper-Register ;             ; my_niosv|intel_niosv_m_0|hart|m_core.niosv_m_full_inst|M0_stage_inst|M0_mem_op~DUPLICATE~_BLOCK_INPUT_MUX_PASSTHROUGH_X20_Y16_N0_I79             ;
; Long Path (Critical)     ;                         ;             ; my_niosv|intel_niosv_m_0|hart|m_core.niosv_m_full_inst|M0_stage_inst|M0_mem_op~DUPLICATE~_LAB_RE_X20_Y16_N0_I73                                  ;
; Long Path (Critical)     ;                         ;             ; my_niosv|intel_niosv_m_0|hart|m_core.niosv_m_full_inst|lsu_inst|ld_instr_valid~1|datad                                                           ;
; Long Path (Critical)     ;                         ;             ; my_niosv|intel_niosv_m_0|hart|m_core.niosv_m_full_inst|lsu_inst|ld_instr_valid~1|combout                                                         ;
; Long Path (Critical)     ;                         ;             ; my_niosv|intel_niosv_m_0|hart|m_core.niosv_m_full_inst|lsu_inst|ld_instr_valid~1~cw_la_lab/laboutb[18]                                           ;
; Long Path (Critical)     ;                         ;             ; my_niosv|intel_niosv_m_0|hart|m_core.niosv_m_full_inst|lsu_inst|ld_instr_valid~1~_LAB_RE_X20_Y16_N0_I127                                         ;
; Long Path (Critical)     ;                         ;             ; my_niosv|intel_niosv_m_0|hart|m_core.niosv_m_full_inst|lsu_inst|ld_instr_valid~1~_R0_X20_Y16_N0_I67                                              ;
; Long Path (Critical)     ;                         ;             ; my_niosv|intel_niosv_m_0|hart|m_core.niosv_m_full_inst|lsu_inst|ld_instr_valid~1~_LOCAL_INTERCONNECT_X20_Y16_N0_I10                              ;
; Long Path (Critical)     ; Bypassed Hyper-Register ;             ; my_niosv|intel_niosv_m_0|hart|m_core.niosv_m_full_inst|lsu_inst|ld_instr_valid~1~_BLOCK_INPUT_MUX_PASSTHROUGH_X20_Y16_N0_I17                     ;
; Long Path (Critical)     ;                         ;             ; my_niosv|intel_niosv_m_0|hart|m_core.niosv_m_full_inst|lsu_inst|ld_instr_valid~1~_LAB_RE_X20_Y16_N0_I21                                          ;
; Long Path (Critical)     ;                         ;             ; my_niosv|intel_niosv_m_0|hart|m_core.niosv_m_full_inst|i1086~2|datac                                                                             ;
; Long Path (Critical)     ;                         ;             ; my_niosv|intel_niosv_m_0|hart|m_core.niosv_m_full_inst|i1086~2|combout                                                                           ;
; Long Path (Critical)     ;                         ;             ; my_niosv|intel_niosv_m_0|hart|m_core.niosv_m_full_inst|i1086~2~cw_la_lab/laboutt[11]                                                             ;
; Long Path (Critical)     ;                         ;             ; my_niosv|intel_niosv_m_0|hart|m_core.niosv_m_full_inst|i1086~2~_LAB_RE_X20_Y16_N0_I100                                                           ;
; Long Path (Critical)     ;                         ;             ; my_niosv|intel_niosv_m_0|hart|m_core.niosv_m_full_inst|i1086~2~_LOCAL_INTERCONNECT_X20_Y16_N0_I19                                                ;
; Long Path (Critical)     ; Bypassed Hyper-Register ;             ; my_niosv|intel_niosv_m_0|hart|m_core.niosv_m_full_inst|i1086~2~_BLOCK_INPUT_MUX_PASSTHROUGH_X20_Y16_N0_I5                                        ;
; Long Path (Critical)     ;                         ;             ; my_niosv|intel_niosv_m_0|hart|m_core.niosv_m_full_inst|i1086~2~_LAB_RE_X20_Y16_N0_I4                                                             ;
; Long Path (Critical)     ;                         ;             ; my_niosv|intel_niosv_m_0|hart|m_core.niosv_m_full_inst|i1130~2|datab                                                                             ;
; Long Path (Critical)     ;                         ;             ; my_niosv|intel_niosv_m_0|hart|m_core.niosv_m_full_inst|i1130~2|combout                                                                           ;
; Long Path (Critical)     ;                         ;             ; my_niosv|intel_niosv_m_0|hart|m_core.niosv_m_full_inst|i1130~2~cw_la_lab/laboutt[2]                                                              ;
; Long Path (Critical)     ;                         ;             ; my_niosv|intel_niosv_m_0|hart|m_core.niosv_m_full_inst|i1130~2~_LAB_RE_X20_Y16_N0_I91                                                            ;
; Long Path (Critical)     ;                         ;             ; my_niosv|intel_niosv_m_0|hart|m_core.niosv_m_full_inst|i1130~2~_R0_X20_Y16_N0_I4                                                                 ;
; Long Path (Critical)     ;                         ;             ; my_niosv|intel_niosv_m_0|hart|m_core.niosv_m_full_inst|i1130~2~_LOCAL_INTERCONNECT_X20_Y16_N0_I27                                                ;
; Long Path (Critical)     ; Bypassed Hyper-Register ;             ; my_niosv|intel_niosv_m_0|hart|m_core.niosv_m_full_inst|i1130~2~_BLOCK_INPUT_MUX_PASSTHROUGH_X20_Y16_N0_I35                                       ;
; Long Path (Critical)     ;                         ;             ; my_niosv|intel_niosv_m_0|hart|m_core.niosv_m_full_inst|i1130~2~_LAB_RE_X20_Y16_N0_I39                                                            ;
; Long Path (Critical)     ;                         ;             ; my_niosv|intel_niosv_m_0|hart|m_core.niosv_m_full_inst|flush_E~0|dataf                                                                           ;
; Long Path (Critical)     ;                         ;             ; my_niosv|intel_niosv_m_0|hart|m_core.niosv_m_full_inst|flush_E~0|combout                                                                         ;
; Long Path (Critical)     ;                         ;             ; my_niosv|intel_niosv_m_0|hart|m_core.niosv_m_full_inst|flush_E~0~cw_la_lab/laboutt[18]                                                           ;
; Long Path (Critical)     ;                         ;             ; my_niosv|intel_niosv_m_0|hart|m_core.niosv_m_full_inst|flush_E~0~_LAB_RE_X20_Y16_N0_I107                                                         ;
; Long Path (Critical)     ;                         ;             ; my_niosv|intel_niosv_m_0|hart|m_core.niosv_m_full_inst|flush_E~0~_R0_X20_Y16_N0_I32                                                              ;
; Long Path (Critical)     ; Bypassed Hyper-Register ;             ; my_niosv|intel_niosv_m_0|hart|m_core.niosv_m_full_inst|flush_E~0~_R6_X21_Y16_N0_I14                                                              ;
; Long Path (Critical)     ;                         ;             ; my_niosv|intel_niosv_m_0|hart|m_core.niosv_m_full_inst|flush_E~0~_LOCAL_INTERCONNECT_X26_Y16_N0_I60                                              ;
; Long Path (Critical)     ; Bypassed Hyper-Register ;             ; my_niosv|intel_niosv_m_0|hart|m_core.niosv_m_full_inst|flush_E~0~_BLOCK_INPUT_MUX_PASSTHROUGH_X26_Y16_N0_I74                                     ;
; Long Path (Critical)     ;                         ;             ; my_niosv|intel_niosv_m_0|hart|m_core.niosv_m_full_inst|flush_E~0~_LAB_RE_X26_Y16_N0_I72                                                          ;
; Long Path (Critical)     ;                         ;             ; my_niosv|intel_niosv_m_0|hart|m_core.niosv_m_full_inst|flush_E~0xsyn|datae                                                                       ;
; Long Path (Critical)     ;                         ;             ; my_niosv|intel_niosv_m_0|hart|m_core.niosv_m_full_inst|flush_E~0xsyn|combout                                                                     ;
; Long Path (Critical)     ;                         ;             ; my_niosv|intel_niosv_m_0|hart|m_core.niosv_m_full_inst|flush_E~0xsyn~cw_ml_mlab/laboutb[18]                                                      ;
; Long Path (Critical)     ;                         ;             ; my_niosv|intel_niosv_m_0|hart|m_core.niosv_m_full_inst|flush_E~0xsyn~_LAB_RE_X26_Y16_N0_I127                                                     ;
; Long Path (Critical)     ;                         ;             ; my_niosv|intel_niosv_m_0|hart|m_core.niosv_m_full_inst|flush_E~0xsyn~_R2_X25_Y16_N0_I18                                                          ;
; Long Path (Critical)     ; Bypassed Hyper-Register ;             ; my_niosv|intel_niosv_m_0|hart|m_core.niosv_m_full_inst|flush_E~0xsyn~_C4_X24_Y12_N0_I37                                                          ;
; Long Path (Critical)     ;                         ;             ; my_niosv|intel_niosv_m_0|hart|m_core.niosv_m_full_inst|flush_E~0xsyn~_R2_X23_Y12_N0_I18                                                          ;
; Long Path (Critical)     ;                         ;             ; my_niosv|intel_niosv_m_0|hart|m_core.niosv_m_full_inst|flush_E~0xsyn~_R0_X22_Y12_N0_I65                                                          ;
; Long Path (Critical)     ;                         ;             ; my_niosv|intel_niosv_m_0|hart|m_core.niosv_m_full_inst|flush_E~0xsyn~_LOCAL_INTERCONNECT_X22_Y12_N0_I54                                          ;
; Long Path (Critical)     ; Bypassed Hyper-Register ;             ; my_niosv|intel_niosv_m_0|hart|m_core.niosv_m_full_inst|flush_E~0xsyn~_BLOCK_INPUT_MUX_PASSTHROUGH_X22_Y12_N0_I43                                 ;
; Long Path (Critical)     ;                         ;             ; my_niosv|intel_niosv_m_0|hart|m_core.niosv_m_full_inst|flush_E~0xsyn~_LAB_RE_X22_Y12_N0_I47                                                      ;
; Long Path (Critical)     ;                         ;             ; my_niosv|intel_niosv_m_0|hart|m_core.niosv_m_full_inst|csr_inst|debug_pc_nxt[0]~5|dataf                                                          ;
; Long Path (Critical)     ;                         ;             ; my_niosv|intel_niosv_m_0|hart|m_core.niosv_m_full_inst|csr_inst|debug_pc_nxt[0]~5|combout                                                        ;
; Long Path (Critical)     ;                         ;             ; my_niosv|intel_niosv_m_0|hart|m_core.niosv_m_full_inst|csr_inst|debug_pc_nxt[0]~5~_LAB_RE_X22_Y12_N0_I144                                        ;
; Long Path (Critical)     ;                         ;             ; my_niosv|intel_niosv_m_0|hart|m_core.niosv_m_full_inst|csr_inst|debug_pc_nxt[0]~5~_LOCAL_INTERCONNECT_X22_Y12_N0_I45                             ;
; Long Path (Critical)     ; Bypassed Hyper-Register ;             ; my_niosv|intel_niosv_m_0|hart|m_core.niosv_m_full_inst|csr_inst|debug_pc_nxt[0]~5~_BLOCK_INPUT_MUX_PASSTHROUGH_X22_Y12_N0_I11                    ;
; Long Path (Critical)     ;                         ;             ; my_niosv|intel_niosv_m_0|hart|m_core.niosv_m_full_inst|csr_inst|debug_pc_nxt[0]~5~_LAB_RE_X22_Y12_N0_I15                                         ;
; Long Path (Critical)     ;                         ;             ; my_niosv|intel_niosv_m_0|hart|m_core.niosv_m_full_inst|csr_inst|debug_pc_nxt[0]~5xsyn|datae                                                      ;
; Long Path (Critical)     ;                         ;             ; my_niosv|intel_niosv_m_0|hart|m_core.niosv_m_full_inst|csr_inst|debug_pc_nxt[0]~5xsyn|combout                                                    ;
; Long Path (Critical)     ;                         ;             ; my_niosv|intel_niosv_m_0|hart|m_core.niosv_m_full_inst|csr_inst|debug_pc_nxt[0]~5xsyn~cw_la_lab/laboutt[6]                                       ;
; Long Path (Critical)     ;                         ;             ; my_niosv|intel_niosv_m_0|hart|m_core.niosv_m_full_inst|csr_inst|debug_pc_nxt[0]~5xsyn~_LAB_RE_X22_Y12_N0_I95                                     ;
; Long Path (Critical)     ;                         ;             ; my_niosv|intel_niosv_m_0|hart|m_core.niosv_m_full_inst|csr_inst|debug_pc_nxt[0]~5xsyn~_R1_X23_Y12_N0_I5                                          ;
; Long Path (Critical)     ;                         ;             ; my_niosv|intel_niosv_m_0|hart|m_core.niosv_m_full_inst|csr_inst|debug_pc_nxt[0]~5xsyn~_C1_X23_Y11_N0_I5                                          ;
; Long Path (Critical)     ;                         ;             ; my_niosv|intel_niosv_m_0|hart|m_core.niosv_m_full_inst|csr_inst|debug_pc_nxt[0]~5xsyn~_C1_X23_Y10_N0_I5                                          ;
; Long Path (Critical)     ;                         ;             ; my_niosv|intel_niosv_m_0|hart|m_core.niosv_m_full_inst|csr_inst|debug_pc_nxt[0]~5xsyn~_C1_X23_Y9_N0_I5                                           ;
; Long Path (Critical)     ;                         ;             ; my_niosv|intel_niosv_m_0|hart|m_core.niosv_m_full_inst|csr_inst|debug_pc_nxt[0]~5xsyn~_LOCAL_INTERCONNECT_X23_Y9_N0_I14                          ;
; Long Path (Critical)     ;                         ;             ; my_niosv|intel_niosv_m_0|hart|m_core.niosv_m_full_inst|csr_inst|debug_pc_nxt[0]~5xsyn~_BLOCK_INPUT_MUX_PASSTHROUGH_X23_Y9_N0_I82                 ;
; Long Path (Critical)     ;                         ;             ; my_niosv|intel_niosv_m_0|hart|m_core.niosv_m_full_inst|csr_inst|debug_pc_nxt[0]~5xsyn~_LAB_RE_X23_Y9_N0_I80                                      ;
; Long Path (Critical)     ;                         ;             ; my_niosv|intel_niosv_m_0|hart|m_core.niosv_m_full_inst|csr_inst|debug_pc[28]~DUPLICATEENA_dff|d                                                  ;
; Long Path (Critical)     ; Hyper-Register          ; #2          ; my_niosv|intel_niosv_m_0|hart|m_core.niosv_m_full_inst|csr_inst|debug_pc[28]~DUPLICATEENA_dff                                                    ;
; ------------------------ ; ----------------------- ; ----------- ; ------------------------------------------------------------------------------------------------------------------------------------------------ ;
; Extend to locatable node ; ALM Register            ; #1          ; my_niosv|intel_niosv_m_0|hart|m_core.niosv_m_full_inst|C_expn_update                                                                             ;
; Extend to locatable node ;                         ;             ; my_niosv|intel_niosv_m_0|hart|m_core.niosv_m_full_inst|C_expn_update|q                                                                           ;
; Extend to locatable node ;                         ;             ; my_niosv|intel_niosv_m_0|hart|m_core.niosv_m_full_inst|C_expn_update~LAB_RE_X20_Y12_N0_I127                                                      ;
; Extend to locatable node ;                         ;             ; my_niosv|intel_niosv_m_0|hart|m_core.niosv_m_full_inst|C_expn_update~R1_X21_Y12_N0_I37                                                           ;
; Extend to locatable node ;                         ;             ; my_niosv|intel_niosv_m_0|hart|m_core.niosv_m_full_inst|C_expn_update~R1_X22_Y12_N0_I37                                                           ;
; Extend to locatable node ;                         ;             ; my_niosv|intel_niosv_m_0|hart|m_core.niosv_m_full_inst|C_expn_update~R0_X22_Y12_N0_I64                                                           ;
; Extend to locatable node ;                         ;             ; my_niosv|intel_niosv_m_0|hart|m_core.niosv_m_full_inst|C_expn_update~R0_X22_Y12_N0_I28                                                           ;
; Extend to locatable node ;                         ;             ; my_niosv|intel_niosv_m_0|hart|m_core.niosv_m_full_inst|C_expn_update~R0_X22_Y12_N0_I47                                                           ;
; Extend to locatable node ;                         ;             ; my_niosv|intel_niosv_m_0|hart|m_core.niosv_m_full_inst|C_expn_update~LOCAL_INTERCONNECT_X22_Y12_N0_I14                                           ;
; Retiming Dependency      ; Bypassed Hyper-Register ;             ; my_niosv|intel_niosv_m_0|hart|m_core.niosv_m_full_inst|C_expn_update~BLOCK_INPUT_MUX_PASSTHROUGH_X22_Y12_N0_I12                                  ;
; Retiming Dependency      ;                         ;             ; my_niosv|intel_niosv_m_0|hart|m_core.niosv_m_full_inst|C_expn_update~LAB_RE_X22_Y12_N0_I11                                                       ;
; Retiming Dependency      ;                         ;             ; my_niosv|intel_niosv_m_0|hart|m_core.niosv_m_full_inst|csr_inst|debug_pc_nxt[0]~5xsyn|dataa                                                      ;
; Retiming Dependency      ;                         ;             ; my_niosv|intel_niosv_m_0|hart|m_core.niosv_m_full_inst|csr_inst|debug_pc_nxt[0]~5xsyn|combout                                                    ;
; Retiming Dependency      ;                         ;             ; my_niosv|intel_niosv_m_0|hart|m_core.niosv_m_full_inst|csr_inst|debug_pc_nxt[0]~5xsyn~cw_la_lab/laboutt[6]                                       ;
; Retiming Dependency      ;                         ;             ; my_niosv|intel_niosv_m_0|hart|m_core.niosv_m_full_inst|csr_inst|debug_pc_nxt[0]~5xsyn~_LAB_RE_X22_Y12_N0_I95                                     ;
; Retiming Dependency      ;                         ;             ; my_niosv|intel_niosv_m_0|hart|m_core.niosv_m_full_inst|csr_inst|debug_pc_nxt[0]~5xsyn~_R1_X23_Y12_N0_I5                                          ;
; Retiming Dependency      ;                         ;             ; my_niosv|intel_niosv_m_0|hart|m_core.niosv_m_full_inst|csr_inst|debug_pc_nxt[0]~5xsyn~_C1_X23_Y11_N0_I5                                          ;
; Retiming Dependency      ;                         ;             ; my_niosv|intel_niosv_m_0|hart|m_core.niosv_m_full_inst|csr_inst|debug_pc_nxt[0]~5xsyn~_C1_X23_Y10_N0_I5                                          ;
; Retiming Dependency      ;                         ;             ; my_niosv|intel_niosv_m_0|hart|m_core.niosv_m_full_inst|csr_inst|debug_pc_nxt[0]~5xsyn~_C1_X23_Y9_N0_I5                                           ;
; Retiming Dependency      ;                         ;             ; my_niosv|intel_niosv_m_0|hart|m_core.niosv_m_full_inst|csr_inst|debug_pc_nxt[0]~5xsyn~_LOCAL_INTERCONNECT_X23_Y9_N0_I14                          ;
; Retiming Dependency      ;                         ;             ; my_niosv|intel_niosv_m_0|hart|m_core.niosv_m_full_inst|csr_inst|debug_pc_nxt[0]~5xsyn~_BLOCK_INPUT_MUX_PASSTHROUGH_X23_Y9_N0_I82                 ;
; Retiming Dependency      ;                         ;             ; my_niosv|intel_niosv_m_0|hart|m_core.niosv_m_full_inst|csr_inst|debug_pc_nxt[0]~5xsyn~_LAB_RE_X23_Y9_N0_I80                                      ;
; Retiming Dependency      ;                         ;             ; my_niosv|intel_niosv_m_0|hart|m_core.niosv_m_full_inst|csr_inst|debug_pc[28]~DUPLICATEENA_dff|d                                                  ;
; Retiming Dependency      ; Hyper-Register          ; #2          ; my_niosv|intel_niosv_m_0|hart|m_core.niosv_m_full_inst|csr_inst|debug_pc[28]~DUPLICATEENA_dff                                                    ;
; ------------------------ ; ----------------------- ; ----------- ; ------------------------------------------------------------------------------------------------------------------------------------------------ ;
; Extend to locatable node ; ALM Register            ; #1          ; my_niosv|intel_niosv_m_0|hart|m_core.niosv_m_full_inst|C_expn_update                                                                             ;
; Extend to locatable node ;                         ;             ; my_niosv|intel_niosv_m_0|hart|m_core.niosv_m_full_inst|C_expn_update|q                                                                           ;
; Extend to locatable node ;                         ;             ; my_niosv|intel_niosv_m_0|hart|m_core.niosv_m_full_inst|C_expn_update~LAB_RE_X20_Y12_N0_I127                                                      ;
; Extend to locatable node ;                         ;             ; my_niosv|intel_niosv_m_0|hart|m_core.niosv_m_full_inst|C_expn_update~R1_X21_Y12_N0_I37                                                           ;
; Extend to locatable node ;                         ;             ; my_niosv|intel_niosv_m_0|hart|m_core.niosv_m_full_inst|C_expn_update~R1_X22_Y12_N0_I37                                                           ;
; Extend to locatable node ;                         ;             ; my_niosv|intel_niosv_m_0|hart|m_core.niosv_m_full_inst|C_expn_update~R0_X22_Y12_N0_I64                                                           ;
; Extend to locatable node ;                         ;             ; my_niosv|intel_niosv_m_0|hart|m_core.niosv_m_full_inst|C_expn_update~R0_X22_Y12_N0_I28                                                           ;
; Extend to locatable node ;                         ;             ; my_niosv|intel_niosv_m_0|hart|m_core.niosv_m_full_inst|C_expn_update~R0_X22_Y12_N0_I47                                                           ;
; Extend to locatable node ;                         ;             ; my_niosv|intel_niosv_m_0|hart|m_core.niosv_m_full_inst|C_expn_update~LOCAL_INTERCONNECT_X22_Y12_N0_I14                                           ;
; Long Path                ; Bypassed Hyper-Register ;             ; my_niosv|intel_niosv_m_0|hart|m_core.niosv_m_full_inst|C_expn_update~BLOCK_INPUT_MUX_PASSTHROUGH_X22_Y12_N0_I12                                  ;
; Long Path                ;                         ;             ; my_niosv|intel_niosv_m_0|hart|m_core.niosv_m_full_inst|C_expn_update~LAB_RE_X22_Y12_N0_I11                                                       ;
; Long Path                ;                         ;             ; my_niosv|intel_niosv_m_0|hart|m_core.niosv_m_full_inst|csr_inst|debug_pc_nxt[0]~5xsyn|dataa                                                      ;
; Long Path                ;                         ;             ; my_niosv|intel_niosv_m_0|hart|m_core.niosv_m_full_inst|csr_inst|debug_pc_nxt[0]~5xsyn|combout                                                    ;
; Long Path                ;                         ;             ; my_niosv|intel_niosv_m_0|hart|m_core.niosv_m_full_inst|csr_inst|debug_pc_nxt[0]~5xsyn~cw_la_lab/lab_lut5outt[1]                                  ;
; Long Path                ;                         ;             ; my_niosv|intel_niosv_m_0|hart|m_core.niosv_m_full_inst|csr_inst|debug_pc_nxt[0]~5xsyn~_LAB_RE_X22_Y12_N0_I130                                    ;
; Long Path                ;                         ;             ; my_niosv|intel_niosv_m_0|hart|m_core.niosv_m_full_inst|csr_inst|debug_pc_nxt[0]~5xsyn~_R1_X22_Y12_N0_I6                                          ;
; Long Path                ; Bypassed Hyper-Register ;             ; my_niosv|intel_niosv_m_0|hart|m_core.niosv_m_full_inst|csr_inst|debug_pc_nxt[0]~5xsyn~_R6_X16_Y12_N0_I5                                          ;
; Long Path                ;                         ;             ; my_niosv|intel_niosv_m_0|hart|m_core.niosv_m_full_inst|csr_inst|debug_pc_nxt[0]~5xsyn~_R0_X15_Y12_N0_I19                                         ;
; Long Path                ;                         ;             ; my_niosv|intel_niosv_m_0|hart|m_core.niosv_m_full_inst|csr_inst|debug_pc_nxt[0]~5xsyn~_R1_X16_Y12_N0_I31                                         ;
; Long Path                ;                         ;             ; my_niosv|intel_niosv_m_0|hart|m_core.niosv_m_full_inst|csr_inst|debug_pc_nxt[0]~5xsyn~_LOCAL_INTERCONNECT_X16_Y12_N0_I65                         ;
; Long Path                ;                         ;             ; my_niosv|intel_niosv_m_0|hart|m_core.niosv_m_full_inst|csr_inst|debug_pc_nxt[0]~5xsyn~_BLOCK_INPUT_MUX_PASSTHROUGH_X16_Y12_N0_I81                ;
; Long Path                ;                         ;             ; my_niosv|intel_niosv_m_0|hart|m_core.niosv_m_full_inst|csr_inst|debug_pc_nxt[0]~5xsyn~_LAB_RE_X16_Y12_N0_I81                                     ;
; Long Path                ;                         ;             ; my_niosv|intel_niosv_m_0|hart|m_core.niosv_m_full_inst|csr_inst|debug_pc[1]~ENA_dff|d                                                            ;
; Long Path                ; Hyper-Register          ; #3          ; my_niosv|intel_niosv_m_0|hart|m_core.niosv_m_full_inst|csr_inst|debug_pc[1]~ENA_dff                                                              ;
; Long Path                ;                         ;             ; my_niosv|intel_niosv_m_0|hart|m_core.niosv_m_full_inst|csr_inst|debug_pc[1]~ENA_dff|q                                                            ;
; Long Path                ;                         ;             ; my_niosv|intel_niosv_m_0|hart|m_core.niosv_m_full_inst|csr_inst|debug_pc[0]~xtophalf/xale1/xcw_la_le_regctrl/xcw_la_le_regctrl_reg/nce_out       ;
; Long Path                ;                         ;             ; my_niosv|intel_niosv_m_0|hart|m_core.niosv_m_full_inst|csr_inst|debug_pc[1]|ena                                                                  ;
; Long Path                ; Bypassed ALM Register   ;             ; my_niosv|intel_niosv_m_0|hart|m_core.niosv_m_full_inst|csr_inst|debug_pc[1]~.comb                                                                ;
; Long Path                ;                         ;             ; my_niosv|intel_niosv_m_0|hart|m_core.niosv_m_full_inst|csr_inst|debug_pc[1]|q                                                                    ;
; Long Path                ;                         ;             ; my_niosv|intel_niosv_m_0|hart|m_core.niosv_m_full_inst|csr_inst|debug_pc[1]~LAB_RE_X16_Y12_N0_I93                                                ;
; Long Path                ;                         ;             ; my_niosv|intel_niosv_m_0|hart|m_core.niosv_m_full_inst|csr_inst|debug_pc[1]~R1_X17_Y12_N0_I5                                                     ;
; Long Path                ; Bypassed Hyper-Register ;             ; my_niosv|intel_niosv_m_0|hart|m_core.niosv_m_full_inst|csr_inst|debug_pc[1]~R6_X18_Y12_N0_I2                                                     ;
; Long Path                ;                         ;             ; my_niosv|intel_niosv_m_0|hart|m_core.niosv_m_full_inst|csr_inst|debug_pc[1]~R0_X23_Y12_N0_I6                                                     ;
; Long Path                ;                         ;             ; my_niosv|intel_niosv_m_0|hart|m_core.niosv_m_full_inst|csr_inst|debug_pc[1]~R2_X24_Y12_N0_I17                                                    ;
; Long Path                ;                         ;             ; my_niosv|intel_niosv_m_0|hart|m_core.niosv_m_full_inst|csr_inst|debug_pc[1]~C1_X25_Y11_N0_I35                                                    ;
; Long Path                ;                         ;             ; my_niosv|intel_niosv_m_0|hart|m_core.niosv_m_full_inst|csr_inst|debug_pc[1]~R2_X26_Y11_N0_I17                                                    ;
; Long Path                ;                         ;             ; my_niosv|intel_niosv_m_0|hart|m_core.niosv_m_full_inst|csr_inst|debug_pc[1]~LOCAL_INTERCONNECT_X27_Y11_N0_I67                                    ;
; Long Path                ; Bypassed Hyper-Register ;             ; my_niosv|intel_niosv_m_0|hart|m_core.niosv_m_full_inst|csr_inst|debug_pc[1]~BLOCK_INPUT_MUX_PASSTHROUGH_X27_Y11_N0_I65                           ;
; Long Path                ;                         ;             ; my_niosv|intel_niosv_m_0|hart|m_core.niosv_m_full_inst|csr_inst|debug_pc[1]~LAB_RE_X27_Y11_N0_I69                                                ;
; Long Path                ;                         ;             ; my_niosv|intel_niosv_m_0|hart|m_core.niosv_m_full_inst|csr_inst|Select_96~2|datac                                                                ;
; Long Path                ;                         ;             ; my_niosv|intel_niosv_m_0|hart|m_core.niosv_m_full_inst|csr_inst|Select_96~2|combout                                                              ;
; Long Path                ;                         ;             ; my_niosv|intel_niosv_m_0|hart|m_core.niosv_m_full_inst|csr_inst|Select_96~2~_LAB_RE_X27_Y11_N0_I124                                              ;
; Long Path                ;                         ;             ; my_niosv|intel_niosv_m_0|hart|m_core.niosv_m_full_inst|csr_inst|Select_96~2~_C1_X27_Y11_N0_I32                                                   ;
; Long Path                ;                         ;             ; my_niosv|intel_niosv_m_0|hart|m_core.niosv_m_full_inst|csr_inst|Select_96~2~_C1_X27_Y12_N0_I32                                                   ;
; Long Path                ;                         ;             ; my_niosv|intel_niosv_m_0|hart|m_core.niosv_m_full_inst|csr_inst|Select_96~2~_C1_X27_Y13_N0_I32                                                   ;
; Long Path                ;                         ;             ; my_niosv|intel_niosv_m_0|hart|m_core.niosv_m_full_inst|csr_inst|Select_96~2~_R4_X24_Y14_N0_I8                                                    ;
; Long Path                ;                         ;             ; my_niosv|intel_niosv_m_0|hart|m_core.niosv_m_full_inst|csr_inst|Select_96~2~_LOCAL_INTERCONNECT_X23_Y14_N0_I71                                   ;
; Long Path                ; Bypassed Hyper-Register ;             ; my_niosv|intel_niosv_m_0|hart|m_core.niosv_m_full_inst|csr_inst|Select_96~2~_BLOCK_INPUT_MUX_PASSTHROUGH_X23_Y14_N0_I50                          ;
; Long Path                ;                         ;             ; my_niosv|intel_niosv_m_0|hart|m_core.niosv_m_full_inst|csr_inst|Select_96~2~_LAB_RE_X23_Y14_N0_I48                                               ;
; Long Path                ;                         ;             ; my_niosv|intel_niosv_m_0|hart|m_core.niosv_m_full_inst|E_stage_inst|E_exe_result[0]~37|datae                                                     ;
; Long Path                ;                         ;             ; my_niosv|intel_niosv_m_0|hart|m_core.niosv_m_full_inst|E_stage_inst|E_exe_result[0]~37|combout                                                   ;
; Long Path                ;                         ;             ; my_niosv|intel_niosv_m_0|hart|m_core.niosv_m_full_inst|E_stage_inst|E_exe_result[0]~37~cw_ml_mlab/lab_lut6outb[1]                                ;
; Long Path                ;                         ;             ; my_niosv|intel_niosv_m_0|hart|m_core.niosv_m_full_inst|E_stage_inst|E_exe_result[0]~37~_LAB_RE_X23_Y14_N0_I145                                   ;
; Long Path                ;                         ;             ; my_niosv|intel_niosv_m_0|hart|m_core.niosv_m_full_inst|E_stage_inst|E_exe_result[0]~37~_R1_X24_Y14_N0_I25                                        ;
; Long Path                ; Bypassed Hyper-Register ;             ; my_niosv|intel_niosv_m_0|hart|m_core.niosv_m_full_inst|E_stage_inst|E_exe_result[0]~37~_R4_X25_Y14_N0_I16                                        ;
; Long Path                ; Bypassed Hyper-Register ;             ; my_niosv|intel_niosv_m_0|hart|m_core.niosv_m_full_inst|E_stage_inst|E_exe_result[0]~37~_C4_X28_Y14_N0_I24                                        ;
; Long Path                ;                         ;             ; my_niosv|intel_niosv_m_0|hart|m_core.niosv_m_full_inst|E_stage_inst|E_exe_result[0]~37~_R1_X28_Y18_N0_I24                                        ;
; Long Path                ;                         ;             ; my_niosv|intel_niosv_m_0|hart|m_core.niosv_m_full_inst|E_stage_inst|E_exe_result[0]~37~_LOCAL_INTERCONNECT_X27_Y18_N0_I57                        ;
; Long Path                ; Bypassed Hyper-Register ;             ; my_niosv|intel_niosv_m_0|hart|m_core.niosv_m_full_inst|E_stage_inst|E_exe_result[0]~37~_BLOCK_INPUT_MUX_PASSTHROUGH_X27_Y18_N0_I70               ;
; Long Path                ;                         ;             ; my_niosv|intel_niosv_m_0|hart|m_core.niosv_m_full_inst|E_stage_inst|E_exe_result[0]~37~_LAB_RE_X27_Y18_N0_I70                                    ;
; Long Path                ;                         ;             ; my_niosv|intel_niosv_m_0|hart|m_core.niosv_m_full_inst|D_rs2_gpr_val[0]~91xsyn|datag                                                             ;
; Long Path                ;                         ;             ; my_niosv|intel_niosv_m_0|hart|m_core.niosv_m_full_inst|D_rs2_gpr_val[0]~91xsyn|combout                                                           ;
; Long Path                ;                         ;             ; my_niosv|intel_niosv_m_0|hart|m_core.niosv_m_full_inst|D_rs2_gpr_val[0]~91xsyn~cw_la_lab/lab_lut6outb[3]                                         ;
; Long Path                ;                         ;             ; my_niosv|intel_niosv_m_0|hart|m_core.niosv_m_full_inst|D_rs2_gpr_val[0]~91xsyn~_LAB_RE_X27_Y18_N0_I147                                           ;
; Long Path                ;                         ;             ; my_niosv|intel_niosv_m_0|hart|m_core.niosv_m_full_inst|D_rs2_gpr_val[0]~91xsyn~_LOCAL_INTERCONNECT_X27_Y18_N0_I69                                ;
; Long Path                ; Bypassed Hyper-Register ;             ; my_niosv|intel_niosv_m_0|hart|m_core.niosv_m_full_inst|D_rs2_gpr_val[0]~91xsyn~_BLOCK_INPUT_MUX_PASSTHROUGH_X27_Y18_N0_I55                       ;
; Long Path                ;                         ;             ; my_niosv|intel_niosv_m_0|hart|m_core.niosv_m_full_inst|D_rs2_gpr_val[0]~91xsyn~_LAB_RE_X27_Y18_N0_I49                                            ;
; Long Path                ;                         ;             ; my_niosv|intel_niosv_m_0|hart|m_core.niosv_m_full_inst|D_stage_inst|instr_decoder_inst|D_exe_s2[0]~1|datad                                       ;
; Long Path                ;                         ;             ; my_niosv|intel_niosv_m_0|hart|m_core.niosv_m_full_inst|D_stage_inst|instr_decoder_inst|D_exe_s2[0]~1|combout                                     ;
; Long Path                ;                         ;             ; my_niosv|intel_niosv_m_0|hart|m_core.niosv_m_full_inst|E_stage_inst|E_exe_s2[1]|d                                                                ;
; Long Path                ; ALM Register            ; #4          ; my_niosv|intel_niosv_m_0|hart|m_core.niosv_m_full_inst|E_stage_inst|E_exe_s2[1]                                                                  ;
; Long Path                ;                         ;             ; my_niosv|intel_niosv_m_0|hart|m_core.niosv_m_full_inst|E_stage_inst|E_exe_s2[1]|q                                                                ;
; Long Path                ;                         ;             ; my_niosv|intel_niosv_m_0|hart|m_core.niosv_m_full_inst|E_stage_inst|E_exe_s2[1]~LAB_RE_X27_Y18_N0_I114                                           ;
; Long Path                ;                         ;             ; my_niosv|intel_niosv_m_0|hart|m_core.niosv_m_full_inst|E_stage_inst|E_exe_s2[1]~C1_X27_Y17_N0_I27                                                ;
; Long Path                ;                         ;             ; my_niosv|intel_niosv_m_0|hart|m_core.niosv_m_full_inst|E_stage_inst|E_exe_s2[1]~C1_X27_Y16_N0_I27                                                ;
; Long Path                ;                         ;             ; my_niosv|intel_niosv_m_0|hart|m_core.niosv_m_full_inst|E_stage_inst|E_exe_s2[1]~LOCAL_INTERCONNECT_X27_Y16_N0_I58                                ;
; Long Path                ; Bypassed Hyper-Register ;             ; my_niosv|intel_niosv_m_0|hart|m_core.niosv_m_full_inst|E_stage_inst|E_exe_s2[1]~BLOCK_INPUT_MUX_PASSTHROUGH_X27_Y16_N0_I8                        ;
; Long Path                ;                         ;             ; my_niosv|intel_niosv_m_0|hart|m_core.niosv_m_full_inst|E_stage_inst|E_exe_s2[1]~LAB_RE_X27_Y16_N0_I10                                            ;
; Long Path                ;                         ;             ; my_niosv|intel_niosv_m_0|hart|m_core.niosv_m_full_inst|E_stage_inst|alu_inst|add_0~11|datac                                                      ;
; Long Path                ; Bypassed Hyper-Register ;             ; my_niosv|intel_niosv_m_0|hart|m_core.niosv_m_full_inst|E_stage_inst|alu_inst|add_0~131|cout                                                      ;
; Long Path                ;                         ;             ; my_niosv|intel_niosv_m_0|hart|m_core.niosv_m_full_inst|E_stage_inst|alu_inst|add_0~131~_LAB_RE_X27_Y16_N0_I88                                    ;
; Long Path                ;                         ;             ; my_niosv|intel_niosv_m_0|hart|m_core.niosv_m_full_inst|E_stage_inst|alu_inst|add_0~131~_LAB_RE_X27_Y15_N0_I87                                    ;
; Long Path                ;                         ;             ; my_niosv|intel_niosv_m_0|hart|m_core.niosv_m_full_inst|E_stage_inst|alu_inst|add_0~141|cin                                                       ;
; Long Path                ;                         ;             ; my_niosv|intel_niosv_m_0|hart|m_core.niosv_m_full_inst|E_stage_inst|alu_inst|add_0~71|cout                                                       ;
; Long Path                ;                         ;             ; my_niosv|intel_niosv_m_0|hart|m_core.niosv_m_full_inst|E_stage_inst|alu_inst|add_0~151|cin                                                       ;
; Long Path                ;                         ;             ; my_niosv|intel_niosv_m_0|hart|m_core.niosv_m_full_inst|E_stage_inst|alu_inst|add_0~66|cout                                                       ;
; Long Path                ;                         ;             ; my_niosv|intel_niosv_m_0|hart|m_core.niosv_m_full_inst|E_stage_inst|alu_inst|add_0~81|cin                                                        ;
; Long Path                ;                         ;             ; my_niosv|intel_niosv_m_0|hart|m_core.niosv_m_full_inst|E_stage_inst|alu_inst|add_0~16|sumout                                                     ;
; Long Path                ;                         ;             ; my_niosv|intel_niosv_m_0|hart|m_core.niosv_m_full_inst|E_stage_inst|alu_inst|add_0~16~cw_la_lab/laboutb[7]                                       ;
; Long Path                ;                         ;             ; my_niosv|intel_niosv_m_0|hart|m_core.niosv_m_full_inst|E_stage_inst|alu_inst|add_0~16~_LAB_RE_X27_Y15_N0_I116                                    ;
; Long Path                ; Bypassed Hyper-Register ;             ; my_niosv|intel_niosv_m_0|hart|m_core.niosv_m_full_inst|E_stage_inst|alu_inst|add_0~16~_R6_X22_Y15_N0_I13                                         ;
; Long Path                ;                         ;             ; my_niosv|intel_niosv_m_0|hart|m_core.niosv_m_full_inst|E_stage_inst|alu_inst|add_0~16~_C1_X21_Y14_N0_I27                                         ;
; Long Path                ;                         ;             ; my_niosv|intel_niosv_m_0|hart|m_core.niosv_m_full_inst|E_stage_inst|alu_inst|add_0~16~_LOCAL_INTERCONNECT_X21_Y14_N0_I58                         ;
; Long Path                ; Bypassed Hyper-Register ;             ; my_niosv|intel_niosv_m_0|hart|m_core.niosv_m_full_inst|E_stage_inst|alu_inst|add_0~16~_BLOCK_INPUT_MUX_PASSTHROUGH_X21_Y14_N0_I27                ;
; Long Path                ;                         ;             ; my_niosv|intel_niosv_m_0|hart|m_core.niosv_m_full_inst|E_stage_inst|alu_inst|add_0~16~_LAB_RE_X21_Y14_N0_I31                                     ;
; Long Path                ;                         ;             ; my_niosv|intel_niosv_m_0|hart|m_core.niosv_m_full_inst|E_stage_inst|E_unaligned_redir~1|dataf                                                    ;
; Long Path                ;                         ;             ; my_niosv|intel_niosv_m_0|hart|m_core.niosv_m_full_inst|E_stage_inst|E_unaligned_redir~1|combout                                                  ;
; Long Path                ;                         ;             ; my_niosv|intel_niosv_m_0|hart|m_core.niosv_m_full_inst|E_stage_inst|E_unaligned_redir~1~cw_ml_mlab/laboutt[13]                                   ;
; Long Path                ;                         ;             ; my_niosv|intel_niosv_m_0|hart|m_core.niosv_m_full_inst|E_stage_inst|E_unaligned_redir~1~_LAB_RE_X21_Y14_N0_I102                                  ;
; Long Path                ;                         ;             ; my_niosv|intel_niosv_m_0|hart|m_core.niosv_m_full_inst|E_stage_inst|E_unaligned_redir~1~_LOCAL_INTERCONNECT_X21_Y14_N0_I33                       ;
; Long Path                ; Bypassed Hyper-Register ;             ; my_niosv|intel_niosv_m_0|hart|m_core.niosv_m_full_inst|E_stage_inst|E_unaligned_redir~1~_BLOCK_INPUT_MUX_PASSTHROUGH_X21_Y14_N0_I66              ;
; Long Path                ;                         ;             ; my_niosv|intel_niosv_m_0|hart|m_core.niosv_m_full_inst|E_stage_inst|E_unaligned_redir~1~_LAB_RE_X21_Y14_N0_I64                                   ;
; Long Path                ;                         ;             ; my_niosv|intel_niosv_m_0|hart|m_core.niosv_m_full_inst|E_stage_inst|E_unaligned_redir~1xsyn|datae                                                ;
; Long Path                ;                         ;             ; my_niosv|intel_niosv_m_0|hart|m_core.niosv_m_full_inst|E_stage_inst|E_unaligned_redir~1xsyn|combout                                              ;
; Long Path                ;                         ;             ; my_niosv|intel_niosv_m_0|hart|m_core.niosv_m_full_inst|E_stage_inst|E_unaligned_redir~1xsyn~_LAB_RE_X21_Y14_N0_I123                              ;
; Long Path                ;                         ;             ; my_niosv|intel_niosv_m_0|hart|m_core.niosv_m_full_inst|E_stage_inst|E_unaligned_redir~1xsyn~_C1_X21_Y14_N0_I34                                   ;
; Long Path                ;                         ;             ; my_niosv|intel_niosv_m_0|hart|m_core.niosv_m_full_inst|E_stage_inst|E_unaligned_redir~1xsyn~_C1_X21_Y15_N0_I34                                   ;
; Long Path                ;                         ;             ; my_niosv|intel_niosv_m_0|hart|m_core.niosv_m_full_inst|E_stage_inst|E_unaligned_redir~1xsyn~_C1_X21_Y16_N0_I34                                   ;
; Long Path                ;                         ;             ; my_niosv|intel_niosv_m_0|hart|m_core.niosv_m_full_inst|E_stage_inst|E_unaligned_redir~1xsyn~_LOCAL_INTERCONNECT_X21_Y17_N0_I71                   ;
; Long Path                ; Bypassed Hyper-Register ;             ; my_niosv|intel_niosv_m_0|hart|m_core.niosv_m_full_inst|E_stage_inst|E_unaligned_redir~1xsyn~_BLOCK_INPUT_MUX_PASSTHROUGH_X21_Y17_N0_I19          ;
; Long Path                ;                         ;             ; my_niosv|intel_niosv_m_0|hart|m_core.niosv_m_full_inst|E_stage_inst|E_unaligned_redir~1xsyn~_LAB_RE_X21_Y17_N0_I23                               ;
; Long Path                ;                         ;             ; my_niosv|intel_niosv_m_0|hart|m_core.niosv_m_full_inst|M0_stage_inst|shifter_inst|i244|dataf                                                     ;
; Long Path                ;                         ;             ; my_niosv|intel_niosv_m_0|hart|m_core.niosv_m_full_inst|M0_stage_inst|shifter_inst|i244|combout                                                   ;
; Long Path                ;                         ;             ; my_niosv|intel_niosv_m_0|hart|m_core.niosv_m_full_inst|M0_stage_inst|shifter_inst|shift_done~RTM|d                                               ;
; Long Path                ; ALM Register            ; #5          ; my_niosv|intel_niosv_m_0|hart|m_core.niosv_m_full_inst|M0_stage_inst|shifter_inst|shift_done~RTM                                                 ;
; Long Path                ;                         ;             ; my_niosv|intel_niosv_m_0|hart|m_core.niosv_m_full_inst|M0_stage_inst|shifter_inst|shift_done~RTM|q                                               ;
; Long Path                ;                         ;             ; my_niosv|intel_niosv_m_0|hart|m_core.niosv_m_full_inst|M0_stage_inst|shifter_inst|shift_done~RTM~_LAB_RE_X21_Y17_N0_I97                          ;
; Long Path                ;                         ;             ; my_niosv|intel_niosv_m_0|hart|m_core.niosv_m_full_inst|M0_stage_inst|shifter_inst|shift_done~RTM~_R1_X22_Y17_N0_I9                               ;
; Long Path                ;                         ;             ; my_niosv|intel_niosv_m_0|hart|m_core.niosv_m_full_inst|M0_stage_inst|shifter_inst|shift_done~RTM~_LOCAL_INTERCONNECT_X22_Y17_N0_I19              ;
; Long Path                ; Bypassed Hyper-Register ;             ; my_niosv|intel_niosv_m_0|hart|m_core.niosv_m_full_inst|M0_stage_inst|shifter_inst|shift_done~RTM~_BLOCK_INPUT_MUX_PASSTHROUGH_X22_Y17_N0_I56     ;
; Long Path                ;                         ;             ; my_niosv|intel_niosv_m_0|hart|m_core.niosv_m_full_inst|M0_stage_inst|shifter_inst|shift_done~RTM~_LAB_RE_X22_Y17_N0_I58                          ;
; Long Path                ;                         ;             ; my_niosv|intel_niosv_m_0|hart|m_core.niosv_m_full_inst|M0_stage_inst|shifter_inst|i246~0|datac                                                   ;
; Long Path                ;                         ;             ; my_niosv|intel_niosv_m_0|hart|m_core.niosv_m_full_inst|M0_stage_inst|shifter_inst|i246~0|combout                                                 ;
; Long Path                ;                         ;             ; my_niosv|intel_niosv_m_0|hart|m_core.niosv_m_full_inst|M0_stage_inst|shifter_inst|i246~0~cw_la_lab/lab_lut6outb[2]                               ;
; Long Path                ;                         ;             ; my_niosv|intel_niosv_m_0|hart|m_core.niosv_m_full_inst|M0_stage_inst|shifter_inst|i246~0~_LAB_RE_X22_Y17_N0_I146                                 ;
; Long Path                ;                         ;             ; my_niosv|intel_niosv_m_0|hart|m_core.niosv_m_full_inst|M0_stage_inst|shifter_inst|i246~0~_LOCAL_INTERCONNECT_X22_Y17_N0_I59                      ;
; Long Path                ; Bypassed Hyper-Register ;             ; my_niosv|intel_niosv_m_0|hart|m_core.niosv_m_full_inst|M0_stage_inst|shifter_inst|i246~0~_BLOCK_INPUT_MUX_PASSTHROUGH_X22_Y17_N0_I73             ;
; Long Path                ;                         ;             ; my_niosv|intel_niosv_m_0|hart|m_core.niosv_m_full_inst|M0_stage_inst|shifter_inst|i246~0~_LAB_RE_X22_Y17_N0_I77                                  ;
; Long Path                ;                         ;             ; my_niosv|intel_niosv_m_0|hart|m_core.niosv_m_full_inst|M0_stage_inst|i22~1|datac                                                                 ;
; Long Path                ;                         ;             ; my_niosv|intel_niosv_m_0|hart|m_core.niosv_m_full_inst|M0_stage_inst|i22~1|combout                                                               ;
; Long Path                ;                         ;             ; my_niosv|intel_niosv_m_0|hart|m_core.niosv_m_full_inst|M0_stage_inst|i22~1~cw_la_lab/laboutb[18]                                                 ;
; Long Path                ;                         ;             ; my_niosv|intel_niosv_m_0|hart|m_core.niosv_m_full_inst|M0_stage_inst|i22~1~_LAB_RE_X22_Y17_N0_I127                                               ;
; Long Path                ; Bypassed Hyper-Register ;             ; my_niosv|intel_niosv_m_0|hart|m_core.niosv_m_full_inst|M0_stage_inst|i22~1~_R6_X23_Y17_N0_I18                                                    ;
; Long Path                ;                         ;             ; my_niosv|intel_niosv_m_0|hart|m_core.niosv_m_full_inst|M0_stage_inst|i22~1~_R0_X28_Y17_N0_I63                                                    ;
; Long Path                ;                         ;             ; my_niosv|intel_niosv_m_0|hart|m_core.niosv_m_full_inst|M0_stage_inst|i22~1~_C1_X28_Y16_N0_I5                                                     ;
; Long Path                ;                         ;             ; my_niosv|intel_niosv_m_0|hart|m_core.niosv_m_full_inst|M0_stage_inst|i22~1~_LOCAL_INTERCONNECT_X28_Y16_N0_I14                                    ;
; Long Path                ; Bypassed Hyper-Register ;             ; my_niosv|intel_niosv_m_0|hart|m_core.niosv_m_full_inst|M0_stage_inst|i22~1~_BLOCK_INPUT_MUX_PASSTHROUGH_X28_Y16_N0_I27                           ;
; Long Path                ;                         ;             ; my_niosv|intel_niosv_m_0|hart|m_core.niosv_m_full_inst|M0_stage_inst|i22~1~_LAB_RE_X28_Y16_N0_I31                                                ;
; Long Path                ;                         ;             ; my_niosv|intel_niosv_m_0|hart|m_core.niosv_m_full_inst|W_stage_inst|i7~0|datae                                                                   ;
; Long Path                ;                         ;             ; my_niosv|intel_niosv_m_0|hart|m_core.niosv_m_full_inst|W_stage_inst|i7~0|combout                                                                 ;
; Long Path                ;                         ;             ; my_niosv|intel_niosv_m_0|hart|m_core.niosv_m_full_inst|W_stage_inst|i7~0~cw_ml_mlab/lab_lut5outt[3]                                              ;
; Long Path                ;                         ;             ; my_niosv|intel_niosv_m_0|hart|m_core.niosv_m_full_inst|W_stage_inst|i7~0~_LAB_RE_X28_Y16_N0_I132                                                 ;
; Long Path                ;                         ;             ; my_niosv|intel_niosv_m_0|hart|m_core.niosv_m_full_inst|W_stage_inst|i7~0~_LOCAL_INTERCONNECT_X28_Y16_N0_I33                                      ;
; Long Path                ; Bypassed Hyper-Register ;             ; my_niosv|intel_niosv_m_0|hart|m_core.niosv_m_full_inst|W_stage_inst|i7~0~_BLOCK_INPUT_MUX_PASSTHROUGH_X28_Y16_N0_I72                             ;
; Long Path                ;                         ;             ; my_niosv|intel_niosv_m_0|hart|m_core.niosv_m_full_inst|W_stage_inst|i7~0~_LAB_RE_X28_Y16_N0_I74                                                  ;
; Long Path                ;                         ;             ; my_niosv|intel_niosv_m_0|hart|m_core.niosv_m_full_inst|i2103~0|datac                                                                             ;
; Long Path                ;                         ;             ; my_niosv|intel_niosv_m_0|hart|m_core.niosv_m_full_inst|i2103~0|combout                                                                           ;
; Long Path                ;                         ;             ; my_niosv|intel_niosv_m_0|hart|m_core.niosv_m_full_inst|i2103~0~cw_ml_mlab/laboutb[18]                                                            ;
; Long Path                ;                         ;             ; my_niosv|intel_niosv_m_0|hart|m_core.niosv_m_full_inst|i2103~0~_LAB_RE_X28_Y16_N0_I127                                                           ;
; Long Path                ;                         ;             ; my_niosv|intel_niosv_m_0|hart|m_core.niosv_m_full_inst|i2103~0~_R0_X28_Y16_N0_I68                                                                ;
; Long Path                ;                         ;             ; my_niosv|intel_niosv_m_0|hart|m_core.niosv_m_full_inst|i2103~0~_LOCAL_INTERCONNECT_X28_Y16_N0_I39                                                ;
; Long Path                ; Bypassed Hyper-Register ;             ; my_niosv|intel_niosv_m_0|hart|m_core.niosv_m_full_inst|i2103~0~_BLOCK_INPUT_MUX_PASSTHROUGH_X28_Y16_N0_I31                                       ;
; Long Path                ;                         ;             ; my_niosv|intel_niosv_m_0|hart|m_core.niosv_m_full_inst|i2103~0~_LAB_RE_X28_Y16_N0_I25                                                            ;
; Long Path                ;                         ;             ; my_niosv|intel_niosv_m_0|hart|m_core.niosv_m_full_inst|D_rs2_gpr_val[0]~4|datad                                                                  ;
; Long Path                ;                         ;             ; my_niosv|intel_niosv_m_0|hart|m_core.niosv_m_full_inst|D_rs2_gpr_val[0]~4|combout                                                                ;
; Long Path                ;                         ;             ; my_niosv|intel_niosv_m_0|hart|m_core.niosv_m_full_inst|D_rs2_gpr_val[0]~4~cw_ml_mlab/laboutt[13]                                                 ;
; Long Path                ;                         ;             ; my_niosv|intel_niosv_m_0|hart|m_core.niosv_m_full_inst|D_rs2_gpr_val[0]~4~_LAB_RE_X28_Y16_N0_I102                                                ;
; Long Path                ;                         ;             ; my_niosv|intel_niosv_m_0|hart|m_core.niosv_m_full_inst|D_rs2_gpr_val[0]~4~_C1_X28_Y15_N0_I15                                                     ;
; Long Path                ;                         ;             ; my_niosv|intel_niosv_m_0|hart|m_core.niosv_m_full_inst|D_rs2_gpr_val[0]~4~_LOCAL_INTERCONNECT_X28_Y15_N0_I31                                     ;
; Long Path                ; Bypassed Hyper-Register ;             ; my_niosv|intel_niosv_m_0|hart|m_core.niosv_m_full_inst|D_rs2_gpr_val[0]~4~_BLOCK_INPUT_MUX_PASSTHROUGH_X28_Y15_N0_I22                            ;
; Long Path                ;                         ;             ; my_niosv|intel_niosv_m_0|hart|m_core.niosv_m_full_inst|D_rs2_gpr_val[0]~4~_LAB_RE_X28_Y15_N0_I22                                                 ;
; Long Path                ;                         ;             ; my_niosv|intel_niosv_m_0|hart|m_core.niosv_m_full_inst|D_rs2_gpr_val[0]~5|datad                                                                  ;
; Long Path                ;                         ;             ; my_niosv|intel_niosv_m_0|hart|m_core.niosv_m_full_inst|D_rs2_gpr_val[0]~5|combout                                                                ;
; Long Path                ;                         ;             ; my_niosv|intel_niosv_m_0|hart|m_core.niosv_m_full_inst|D_rs2_gpr_val[0]~5~cw_ml_mlab/laboutt[11]                                                 ;
; Long Path                ;                         ;             ; my_niosv|intel_niosv_m_0|hart|m_core.niosv_m_full_inst|D_rs2_gpr_val[0]~5~_LAB_RE_X28_Y15_N0_I100                                                ;
; Long Path                ;                         ;             ; my_niosv|intel_niosv_m_0|hart|m_core.niosv_m_full_inst|D_rs2_gpr_val[0]~5~_R0_X28_Y15_N0_I20                                                     ;
; Long Path                ;                         ;             ; my_niosv|intel_niosv_m_0|hart|m_core.niosv_m_full_inst|D_rs2_gpr_val[0]~5~_R2_X29_Y15_N0_I1                                                      ;
; Long Path                ;                         ;             ; my_niosv|intel_niosv_m_0|hart|m_core.niosv_m_full_inst|D_rs2_gpr_val[0]~5~_C1_X30_Y15_N0_I2                                                      ;
; Long Path                ;                         ;             ; my_niosv|intel_niosv_m_0|hart|m_core.niosv_m_full_inst|D_rs2_gpr_val[0]~5~_LOCAL_INTERCONNECT_X30_Y16_N0_I16                                     ;
; Long Path                ; Bypassed Hyper-Register ;             ; my_niosv|intel_niosv_m_0|hart|m_core.niosv_m_full_inst|D_rs2_gpr_val[0]~5~_BLOCK_INPUT_MUX_PASSTHROUGH_X30_Y16_N0_I66                            ;
; Long Path                ;                         ;             ; my_niosv|intel_niosv_m_0|hart|m_core.niosv_m_full_inst|D_rs2_gpr_val[0]~5~_LAB_RE_X30_Y16_N0_I64                                                 ;
; Long Path                ;                         ;             ; my_niosv|intel_niosv_m_0|hart|m_core.niosv_m_full_inst|D_rs2_gpr_val[0]~16|datae                                                                 ;
; Long Path                ;                         ;             ; my_niosv|intel_niosv_m_0|hart|m_core.niosv_m_full_inst|D_rs2_gpr_val[0]~16|combout                                                               ;
; Long Path                ;                         ;             ; my_niosv|intel_niosv_m_0|hart|m_core.niosv_m_full_inst|E_stage_inst|E_rs2_gpr_val[11]|d                                                          ;
; Long Path                ; ALM Register            ; #6          ; my_niosv|intel_niosv_m_0|hart|m_core.niosv_m_full_inst|E_stage_inst|E_rs2_gpr_val[11]                                                            ;
; ------------------------ ; ----------------------- ; ----------- ; ------------------------------------------------------------------------------------------------------------------------------------------------ ;
; Extend to locatable node ; ALM Register            ; #7          ; my_niosv|intel_niosv_m_0|hart|m_core.niosv_m_full_inst|D_stage_inst|D_rs2_gpr[4]~DUPLICATE                                                       ;
; Extend to locatable node ;                         ;             ; my_niosv|intel_niosv_m_0|hart|m_core.niosv_m_full_inst|D_stage_inst|D_rs2_gpr[4]~DUPLICATE|q                                                     ;
; Extend to locatable node ;                         ;             ; my_niosv|intel_niosv_m_0|hart|m_core.niosv_m_full_inst|D_stage_inst|D_rs2_gpr[4]~DUPLICATE~_LAB_RE_X26_Y18_N0_I90                                ;
; Extend to locatable node ;                         ;             ; my_niosv|intel_niosv_m_0|hart|m_core.niosv_m_full_inst|D_stage_inst|D_rs2_gpr[4]~DUPLICATE~_R0_X26_Y18_N0_I3                                     ;
; Extend to locatable node ;                         ;             ; my_niosv|intel_niosv_m_0|hart|m_core.niosv_m_full_inst|D_stage_inst|D_rs2_gpr[4]~DUPLICATE~_R0_X26_Y18_N0_I8                                     ;
; Extend to locatable node ;                         ;             ; my_niosv|intel_niosv_m_0|hart|m_core.niosv_m_full_inst|D_stage_inst|D_rs2_gpr[4]~DUPLICATE~_R0_X26_Y18_N0_I42                                    ;
; Extend to locatable node ; Bypassed Hyper-Register ;             ; my_niosv|intel_niosv_m_0|hart|m_core.niosv_m_full_inst|D_stage_inst|D_rs2_gpr[4]~DUPLICATE~_R4_X27_Y18_N0_I18                                    ;
; Extend to locatable node ;                         ;             ; my_niosv|intel_niosv_m_0|hart|m_core.niosv_m_full_inst|D_stage_inst|D_rs2_gpr[4]~DUPLICATE~_C1_X30_Y17_N0_I33                                    ;
; Extend to locatable node ;                         ;             ; my_niosv|intel_niosv_m_0|hart|m_core.niosv_m_full_inst|D_stage_inst|D_rs2_gpr[4]~DUPLICATE~_C1_X30_Y16_N0_I33                                    ;
; Extend to locatable node ;                         ;             ; my_niosv|intel_niosv_m_0|hart|m_core.niosv_m_full_inst|D_stage_inst|D_rs2_gpr[4]~DUPLICATE~_LOCAL_INTERCONNECT_X30_Y16_N0_I66                    ;
; Retiming Dependency      ; Bypassed Hyper-Register ;             ; my_niosv|intel_niosv_m_0|hart|m_core.niosv_m_full_inst|D_stage_inst|D_rs2_gpr[4]~DUPLICATE~_BLOCK_INPUT_MUX_PASSTHROUGH_X30_Y16_N0_I68           ;
; Retiming Dependency      ;                         ;             ; my_niosv|intel_niosv_m_0|hart|m_core.niosv_m_full_inst|D_stage_inst|D_rs2_gpr[4]~DUPLICATE~_LAB_RE_X30_Y16_N0_I67                                ;
; Retiming Dependency      ;                         ;             ; my_niosv|intel_niosv_m_0|hart|m_core.niosv_m_full_inst|D_rs2_gpr_val[0]~16|dataa                                                                 ;
; Retiming Dependency      ;                         ;             ; my_niosv|intel_niosv_m_0|hart|m_core.niosv_m_full_inst|D_rs2_gpr_val[0]~16|combout                                                               ;
; Retiming Dependency      ;                         ;             ; my_niosv|intel_niosv_m_0|hart|m_core.niosv_m_full_inst|E_stage_inst|E_rs2_gpr_val[11]|d                                                          ;
; Retiming Dependency      ; ALM Register            ; #6          ; my_niosv|intel_niosv_m_0|hart|m_core.niosv_m_full_inst|E_stage_inst|E_rs2_gpr_val[11]                                                            ;
; ------------------------ ; ----------------------- ; ----------- ; ------------------------------------------------------------------------------------------------------------------------------------------------ ;
; Extend to locatable node ; ALM Register            ; #7          ; my_niosv|intel_niosv_m_0|hart|m_core.niosv_m_full_inst|D_stage_inst|D_rs2_gpr[4]~DUPLICATE                                                       ;
; Extend to locatable node ;                         ;             ; my_niosv|intel_niosv_m_0|hart|m_core.niosv_m_full_inst|D_stage_inst|D_rs2_gpr[4]~DUPLICATE|q                                                     ;
; Extend to locatable node ;                         ;             ; my_niosv|intel_niosv_m_0|hart|m_core.niosv_m_full_inst|D_stage_inst|D_rs2_gpr[4]~DUPLICATE~_LAB_RE_X26_Y18_N0_I90                                ;
; Extend to locatable node ;                         ;             ; my_niosv|intel_niosv_m_0|hart|m_core.niosv_m_full_inst|D_stage_inst|D_rs2_gpr[4]~DUPLICATE~_R0_X26_Y18_N0_I3                                     ;
; Extend to locatable node ;                         ;             ; my_niosv|intel_niosv_m_0|hart|m_core.niosv_m_full_inst|D_stage_inst|D_rs2_gpr[4]~DUPLICATE~_R0_X26_Y18_N0_I8                                     ;
; Extend to locatable node ;                         ;             ; my_niosv|intel_niosv_m_0|hart|m_core.niosv_m_full_inst|D_stage_inst|D_rs2_gpr[4]~DUPLICATE~_R0_X26_Y18_N0_I42                                    ;
; Extend to locatable node ; Bypassed Hyper-Register ;             ; my_niosv|intel_niosv_m_0|hart|m_core.niosv_m_full_inst|D_stage_inst|D_rs2_gpr[4]~DUPLICATE~_R4_X27_Y18_N0_I18                                    ;
; Extend to locatable node ;                         ;             ; my_niosv|intel_niosv_m_0|hart|m_core.niosv_m_full_inst|D_stage_inst|D_rs2_gpr[4]~DUPLICATE~_C1_X30_Y17_N0_I33                                    ;
; Extend to locatable node ;                         ;             ; my_niosv|intel_niosv_m_0|hart|m_core.niosv_m_full_inst|D_stage_inst|D_rs2_gpr[4]~DUPLICATE~_C1_X30_Y16_N0_I33                                    ;
; Extend to locatable node ;                         ;             ; my_niosv|intel_niosv_m_0|hart|m_core.niosv_m_full_inst|D_stage_inst|D_rs2_gpr[4]~DUPLICATE~_LOCAL_INTERCONNECT_X30_Y16_N0_I66                    ;
; Long Path                ; Bypassed Hyper-Register ;             ; my_niosv|intel_niosv_m_0|hart|m_core.niosv_m_full_inst|D_stage_inst|D_rs2_gpr[4]~DUPLICATE~_BLOCK_INPUT_MUX_PASSTHROUGH_X30_Y16_N0_I68           ;
; Long Path                ;                         ;             ; my_niosv|intel_niosv_m_0|hart|m_core.niosv_m_full_inst|D_stage_inst|D_rs2_gpr[4]~DUPLICATE~_LAB_RE_X30_Y16_N0_I67                                ;
; Long Path                ;                         ;             ; my_niosv|intel_niosv_m_0|hart|m_core.niosv_m_full_inst|D_rs2_gpr_val[0]~10|dataa                                                                 ;
; Long Path                ;                         ;             ; my_niosv|intel_niosv_m_0|hart|m_core.niosv_m_full_inst|D_rs2_gpr_val[0]~10|combout                                                               ;
; Long Path                ;                         ;             ; my_niosv|intel_niosv_m_0|hart|m_core.niosv_m_full_inst|D_rs2_gpr_val[0]~10~cw_la_lab/laboutb[14]                                                 ;
; Long Path                ;                         ;             ; my_niosv|intel_niosv_m_0|hart|m_core.niosv_m_full_inst|D_rs2_gpr_val[0]~10~_LAB_RE_X30_Y16_N0_I123                                               ;
; Long Path                ;                         ;             ; my_niosv|intel_niosv_m_0|hart|m_core.niosv_m_full_inst|D_rs2_gpr_val[0]~10~_R2_X29_Y16_N0_I16                                                    ;
; Long Path                ;                         ;             ; my_niosv|intel_niosv_m_0|hart|m_core.niosv_m_full_inst|D_rs2_gpr_val[0]~10~_LOCAL_INTERCONNECT_X28_Y16_N0_I69                                    ;
; Long Path                ; Bypassed Hyper-Register ;             ; my_niosv|intel_niosv_m_0|hart|m_core.niosv_m_full_inst|D_rs2_gpr_val[0]~10~_BLOCK_INPUT_MUX_PASSTHROUGH_X28_Y16_N0_I9                            ;
; Long Path                ;                         ;             ; my_niosv|intel_niosv_m_0|hart|m_core.niosv_m_full_inst|D_rs2_gpr_val[0]~10~_LAB_RE_X28_Y16_N0_I13                                                ;
; Long Path                ;                         ;             ; my_niosv|intel_niosv_m_0|hart|m_core.niosv_m_full_inst|D_rs2_gpr_val[0]~11|datac                                                                 ;
; Long Path                ;                         ;             ; my_niosv|intel_niosv_m_0|hart|m_core.niosv_m_full_inst|D_rs2_gpr_val[0]~11|combout                                                               ;
; Long Path                ;                         ;             ; my_niosv|intel_niosv_m_0|hart|m_core.niosv_m_full_inst|D_rs2_gpr_val[0]~11~cw_ml_mlab/laboutt[6]                                                 ;
; Long Path                ;                         ;             ; my_niosv|intel_niosv_m_0|hart|m_core.niosv_m_full_inst|D_rs2_gpr_val[0]~11~_LAB_RE_X28_Y16_N0_I95                                                ;
; Long Path                ;                         ;             ; my_niosv|intel_niosv_m_0|hart|m_core.niosv_m_full_inst|D_rs2_gpr_val[0]~11~_LOCAL_INTERCONNECT_X28_Y16_N0_I17                                    ;
; Long Path                ; Bypassed Hyper-Register ;             ; my_niosv|intel_niosv_m_0|hart|m_core.niosv_m_full_inst|D_rs2_gpr_val[0]~11~_BLOCK_INPUT_MUX_PASSTHROUGH_X28_Y16_N0_I18                           ;
; Long Path                ;                         ;             ; my_niosv|intel_niosv_m_0|hart|m_core.niosv_m_full_inst|D_rs2_gpr_val[0]~11~_LAB_RE_X28_Y16_N0_I16                                                ;
; Long Path                ;                         ;             ; my_niosv|intel_niosv_m_0|hart|m_core.niosv_m_full_inst|D_stage_inst|instr_decoder_inst|D_exe_s2[0]~16|datae                                      ;
; Long Path                ;                         ;             ; my_niosv|intel_niosv_m_0|hart|m_core.niosv_m_full_inst|D_stage_inst|instr_decoder_inst|D_exe_s2[0]~16|combout                                    ;
; Long Path                ;                         ;             ; my_niosv|intel_niosv_m_0|hart|m_core.niosv_m_full_inst|E_stage_inst|E_exe_s2[0]~DUPLICATE|d                                                      ;
; Long Path                ; ALM Register            ; #8          ; my_niosv|intel_niosv_m_0|hart|m_core.niosv_m_full_inst|E_stage_inst|E_exe_s2[0]~DUPLICATE                                                        ;
; Long Path                ;                         ;             ; my_niosv|intel_niosv_m_0|hart|m_core.niosv_m_full_inst|E_stage_inst|E_exe_s2[0]~DUPLICATE|q                                                      ;
; Long Path                ;                         ;             ; my_niosv|intel_niosv_m_0|hart|m_core.niosv_m_full_inst|E_stage_inst|E_exe_s2[0]~DUPLICATE~_LAB_RE_X28_Y16_N0_I97                                 ;
; Long Path                ;                         ;             ; my_niosv|intel_niosv_m_0|hart|m_core.niosv_m_full_inst|E_stage_inst|E_exe_s2[0]~DUPLICATE~_R1_X28_Y16_N0_I8                                      ;
; Long Path                ;                         ;             ; my_niosv|intel_niosv_m_0|hart|m_core.niosv_m_full_inst|E_stage_inst|E_exe_s2[0]~DUPLICATE~_LOCAL_INTERCONNECT_X27_Y16_N0_I3                      ;
; Long Path                ; Bypassed Hyper-Register ;             ; my_niosv|intel_niosv_m_0|hart|m_core.niosv_m_full_inst|E_stage_inst|E_exe_s2[0]~DUPLICATE~_BLOCK_INPUT_MUX_PASSTHROUGH_X27_Y16_N0_I1             ;
; Long Path                ;                         ;             ; my_niosv|intel_niosv_m_0|hart|m_core.niosv_m_full_inst|E_stage_inst|E_exe_s2[0]~DUPLICATE~_LAB_RE_X27_Y16_N0_I5                                  ;
; Long Path                ;                         ;             ; my_niosv|intel_niosv_m_0|hart|m_core.niosv_m_full_inst|E_stage_inst|alu_inst|add_0~6|datac                                                       ;
; Long Path                ; Bypassed Hyper-Register ;             ; my_niosv|intel_niosv_m_0|hart|m_core.niosv_m_full_inst|E_stage_inst|alu_inst|add_0~131|cout                                                      ;
; Long Path                ;                         ;             ; my_niosv|intel_niosv_m_0|hart|m_core.niosv_m_full_inst|E_stage_inst|alu_inst|add_0~131~_LAB_RE_X27_Y16_N0_I88                                    ;
; Long Path                ;                         ;             ; my_niosv|intel_niosv_m_0|hart|m_core.niosv_m_full_inst|E_stage_inst|alu_inst|add_0~131~_LAB_RE_X27_Y15_N0_I87                                    ;
; Long Path                ;                         ;             ; my_niosv|intel_niosv_m_0|hart|m_core.niosv_m_full_inst|E_stage_inst|alu_inst|add_0~141|cin                                                       ;
; Long Path                ;                         ;             ; my_niosv|intel_niosv_m_0|hart|m_core.niosv_m_full_inst|E_stage_inst|alu_inst|add_0~71|cout                                                       ;
; Long Path                ;                         ;             ; my_niosv|intel_niosv_m_0|hart|m_core.niosv_m_full_inst|E_stage_inst|alu_inst|add_0~151|cin                                                       ;
; Long Path                ;                         ;             ; my_niosv|intel_niosv_m_0|hart|m_core.niosv_m_full_inst|E_stage_inst|alu_inst|add_0~66|cout                                                       ;
; Long Path                ;                         ;             ; my_niosv|intel_niosv_m_0|hart|m_core.niosv_m_full_inst|E_stage_inst|alu_inst|add_0~81|cin                                                        ;
; Long Path                ;                         ;             ; my_niosv|intel_niosv_m_0|hart|m_core.niosv_m_full_inst|E_stage_inst|alu_inst|add_0~16|sumout                                                     ;
; Long Path                ;                         ;             ; my_niosv|intel_niosv_m_0|hart|m_core.niosv_m_full_inst|E_stage_inst|alu_inst|add_0~16~cw_la_lab/laboutb[7]                                       ;
; Long Path                ;                         ;             ; my_niosv|intel_niosv_m_0|hart|m_core.niosv_m_full_inst|E_stage_inst|alu_inst|add_0~16~_LAB_RE_X27_Y15_N0_I116                                    ;
; Long Path                ; Bypassed Hyper-Register ;             ; my_niosv|intel_niosv_m_0|hart|m_core.niosv_m_full_inst|E_stage_inst|alu_inst|add_0~16~_R6_X22_Y15_N0_I13                                         ;
; Long Path                ;                         ;             ; my_niosv|intel_niosv_m_0|hart|m_core.niosv_m_full_inst|E_stage_inst|alu_inst|add_0~16~_C1_X21_Y14_N0_I27                                         ;
; Long Path                ;                         ;             ; my_niosv|intel_niosv_m_0|hart|m_core.niosv_m_full_inst|E_stage_inst|alu_inst|add_0~16~_LOCAL_INTERCONNECT_X21_Y14_N0_I58                         ;
; Long Path                ; Bypassed Hyper-Register ;             ; my_niosv|intel_niosv_m_0|hart|m_core.niosv_m_full_inst|E_stage_inst|alu_inst|add_0~16~_BLOCK_INPUT_MUX_PASSTHROUGH_X21_Y14_N0_I27                ;
; Long Path                ;                         ;             ; my_niosv|intel_niosv_m_0|hart|m_core.niosv_m_full_inst|E_stage_inst|alu_inst|add_0~16~_LAB_RE_X21_Y14_N0_I31                                     ;
; Long Path                ;                         ;             ; my_niosv|intel_niosv_m_0|hart|m_core.niosv_m_full_inst|E_stage_inst|E_unaligned_redir~1|dataf                                                    ;
; Long Path                ;                         ;             ; my_niosv|intel_niosv_m_0|hart|m_core.niosv_m_full_inst|E_stage_inst|E_unaligned_redir~1|combout                                                  ;
; Long Path                ;                         ;             ; my_niosv|intel_niosv_m_0|hart|m_core.niosv_m_full_inst|E_stage_inst|E_unaligned_redir~1~cw_ml_mlab/lab_lut6outt[3]                               ;
; Long Path                ;                         ;             ; my_niosv|intel_niosv_m_0|hart|m_core.niosv_m_full_inst|E_stage_inst|E_unaligned_redir~1~_LAB_RE_X21_Y14_N0_I137                                  ;
; Long Path                ;                         ;             ; my_niosv|intel_niosv_m_0|hart|m_core.niosv_m_full_inst|E_stage_inst|E_unaligned_redir~1~_R1_X22_Y14_N0_I13                                       ;
; Long Path                ;                         ;             ; my_niosv|intel_niosv_m_0|hart|m_core.niosv_m_full_inst|E_stage_inst|E_unaligned_redir~1~_LOCAL_INTERCONNECT_X22_Y14_N0_I36                       ;
; Long Path                ; Bypassed Hyper-Register ;             ; my_niosv|intel_niosv_m_0|hart|m_core.niosv_m_full_inst|E_stage_inst|E_unaligned_redir~1~_BLOCK_INPUT_MUX_PASSTHROUGH_X22_Y14_N0_I63              ;
; Long Path                ;                         ;             ; my_niosv|intel_niosv_m_0|hart|m_core.niosv_m_full_inst|E_stage_inst|E_unaligned_redir~1~_LAB_RE_X22_Y14_N0_I57                                   ;
; Long Path                ;                         ;             ; my_niosv|intel_niosv_m_0|hart|m_core.niosv_m_full_inst|E_stage_inst|E_unaligned_redir~1xsyn_7|datad                                              ;
; Long Path                ;                         ;             ; my_niosv|intel_niosv_m_0|hart|m_core.niosv_m_full_inst|E_stage_inst|E_unaligned_redir~1xsyn_7|combout                                            ;
; Long Path                ;                         ;             ; my_niosv|intel_niosv_m_0|hart|m_core.niosv_m_full_inst|E_stage_inst|E_unaligned_redir~1xsyn_7~cw_la_lab/lab_lut6outb[2]                          ;
; Long Path                ;                         ;             ; my_niosv|intel_niosv_m_0|hart|m_core.niosv_m_full_inst|E_stage_inst|E_unaligned_redir~1xsyn_7~_LAB_RE_X22_Y14_N0_I146                            ;
; Long Path                ;                         ;             ; my_niosv|intel_niosv_m_0|hart|m_core.niosv_m_full_inst|E_stage_inst|E_unaligned_redir~1xsyn_7~_C1_X22_Y14_N0_I26                                 ;
; Long Path                ;                         ;             ; my_niosv|intel_niosv_m_0|hart|m_core.niosv_m_full_inst|E_stage_inst|E_unaligned_redir~1xsyn_7~_C1_X22_Y15_N0_I26                                 ;
; Long Path                ;                         ;             ; my_niosv|intel_niosv_m_0|hart|m_core.niosv_m_full_inst|E_stage_inst|E_unaligned_redir~1xsyn_7~_R2_X21_Y16_N0_I12                                 ;
; Long Path                ;                         ;             ; my_niosv|intel_niosv_m_0|hart|m_core.niosv_m_full_inst|E_stage_inst|E_unaligned_redir~1xsyn_7~_R0_X20_Y16_N0_I44                                 ;
; Long Path                ;                         ;             ; my_niosv|intel_niosv_m_0|hart|m_core.niosv_m_full_inst|E_stage_inst|E_unaligned_redir~1xsyn_7~_R0_X20_Y16_N0_I27                                 ;
; Long Path                ;                         ;             ; my_niosv|intel_niosv_m_0|hart|m_core.niosv_m_full_inst|E_stage_inst|E_unaligned_redir~1xsyn_7~_LOCAL_INTERCONNECT_X20_Y16_N0_I8                  ;
; Long Path                ; Bypassed Hyper-Register ;             ; my_niosv|intel_niosv_m_0|hart|m_core.niosv_m_full_inst|E_stage_inst|E_unaligned_redir~1xsyn_7~_BLOCK_INPUT_MUX_PASSTHROUGH_X20_Y16_N0_I15        ;
; Long Path                ;                         ;             ; my_niosv|intel_niosv_m_0|hart|m_core.niosv_m_full_inst|E_stage_inst|E_unaligned_redir~1xsyn_7~_LAB_RE_X20_Y16_N0_I9                              ;
; Long Path                ;                         ;             ; my_niosv|intel_niosv_m_0|hart|m_core.niosv_m_full_inst|M0_stage_inst|i700~0xsyn_2|datad                                                          ;
; Long Path                ;                         ;             ; my_niosv|intel_niosv_m_0|hart|m_core.niosv_m_full_inst|M0_stage_inst|i700~0xsyn_2|combout                                                        ;
; Long Path                ;                         ;             ; my_niosv|intel_niosv_m_0|hart|m_core.niosv_m_full_inst|M0_stage_inst|M0_gpr_wr_en|d                                                              ;
; Long Path                ; ALM Register            ; #9          ; my_niosv|intel_niosv_m_0|hart|m_core.niosv_m_full_inst|M0_stage_inst|M0_gpr_wr_en                                                                ;
; Long Path                ;                         ;             ; my_niosv|intel_niosv_m_0|hart|m_core.niosv_m_full_inst|M0_stage_inst|M0_gpr_wr_en|q                                                              ;
; Long Path                ;                         ;             ; my_niosv|intel_niosv_m_0|hart|m_core.niosv_m_full_inst|M0_stage_inst|M0_gpr_wr_en~LAB_RE_X20_Y16_N0_I94                                          ;
; Long Path                ;                         ;             ; my_niosv|intel_niosv_m_0|hart|m_core.niosv_m_full_inst|M0_stage_inst|M0_gpr_wr_en~LOCAL_INTERCONNECT_X20_Y16_N0_I18                              ;
; Long Path                ; Bypassed Hyper-Register ;             ; my_niosv|intel_niosv_m_0|hart|m_core.niosv_m_full_inst|M0_stage_inst|M0_gpr_wr_en~BLOCK_INPUT_MUX_PASSTHROUGH_X20_Y16_N0_I77                     ;
; Long Path                ;                         ;             ; my_niosv|intel_niosv_m_0|hart|m_core.niosv_m_full_inst|M0_stage_inst|M0_gpr_wr_en~LAB_RE_X20_Y16_N0_I76                                          ;
; Long Path                ;                         ;             ; my_niosv|intel_niosv_m_0|hart|m_core.niosv_m_full_inst|lsu_inst|ld_instr_valid~1|datab                                                           ;
; Long Path                ;                         ;             ; my_niosv|intel_niosv_m_0|hart|m_core.niosv_m_full_inst|lsu_inst|ld_instr_valid~1|combout                                                         ;
; Long Path                ;                         ;             ; my_niosv|intel_niosv_m_0|hart|m_core.niosv_m_full_inst|lsu_inst|ld_instr_valid~1~cw_la_lab/laboutb[18]                                           ;
; Long Path                ;                         ;             ; my_niosv|intel_niosv_m_0|hart|m_core.niosv_m_full_inst|lsu_inst|ld_instr_valid~1~_LAB_RE_X20_Y16_N0_I127                                         ;
; Long Path                ;                         ;             ; my_niosv|intel_niosv_m_0|hart|m_core.niosv_m_full_inst|lsu_inst|ld_instr_valid~1~_R0_X20_Y16_N0_I67                                              ;
; Long Path                ;                         ;             ; my_niosv|intel_niosv_m_0|hart|m_core.niosv_m_full_inst|lsu_inst|ld_instr_valid~1~_LOCAL_INTERCONNECT_X20_Y16_N0_I10                              ;
; Long Path                ; Bypassed Hyper-Register ;             ; my_niosv|intel_niosv_m_0|hart|m_core.niosv_m_full_inst|lsu_inst|ld_instr_valid~1~_BLOCK_INPUT_MUX_PASSTHROUGH_X20_Y16_N0_I17                     ;
; Long Path                ;                         ;             ; my_niosv|intel_niosv_m_0|hart|m_core.niosv_m_full_inst|lsu_inst|ld_instr_valid~1~_LAB_RE_X20_Y16_N0_I21                                          ;
; Long Path                ;                         ;             ; my_niosv|intel_niosv_m_0|hart|m_core.niosv_m_full_inst|i1086~2|datac                                                                             ;
; Long Path                ;                         ;             ; my_niosv|intel_niosv_m_0|hart|m_core.niosv_m_full_inst|i1086~2|combout                                                                           ;
; Long Path                ;                         ;             ; my_niosv|intel_niosv_m_0|hart|m_core.niosv_m_full_inst|i1086~2~cw_la_lab/laboutt[11]                                                             ;
; Long Path                ;                         ;             ; my_niosv|intel_niosv_m_0|hart|m_core.niosv_m_full_inst|i1086~2~_LAB_RE_X20_Y16_N0_I100                                                           ;
; Long Path                ;                         ;             ; my_niosv|intel_niosv_m_0|hart|m_core.niosv_m_full_inst|i1086~2~_LOCAL_INTERCONNECT_X20_Y16_N0_I19                                                ;
; Long Path                ; Bypassed Hyper-Register ;             ; my_niosv|intel_niosv_m_0|hart|m_core.niosv_m_full_inst|i1086~2~_BLOCK_INPUT_MUX_PASSTHROUGH_X20_Y16_N0_I5                                        ;
; Long Path                ;                         ;             ; my_niosv|intel_niosv_m_0|hart|m_core.niosv_m_full_inst|i1086~2~_LAB_RE_X20_Y16_N0_I4                                                             ;
; Long Path                ;                         ;             ; my_niosv|intel_niosv_m_0|hart|m_core.niosv_m_full_inst|i1130~2|datab                                                                             ;
; Long Path                ;                         ;             ; my_niosv|intel_niosv_m_0|hart|m_core.niosv_m_full_inst|i1130~2|combout                                                                           ;
; Long Path                ;                         ;             ; my_niosv|intel_niosv_m_0|hart|m_core.niosv_m_full_inst|i1130~2~cw_la_lab/laboutt[2]                                                              ;
; Long Path                ;                         ;             ; my_niosv|intel_niosv_m_0|hart|m_core.niosv_m_full_inst|i1130~2~_LAB_RE_X20_Y16_N0_I91                                                            ;
; Long Path                ;                         ;             ; my_niosv|intel_niosv_m_0|hart|m_core.niosv_m_full_inst|i1130~2~_R0_X20_Y16_N0_I4                                                                 ;
; Long Path                ;                         ;             ; my_niosv|intel_niosv_m_0|hart|m_core.niosv_m_full_inst|i1130~2~_LOCAL_INTERCONNECT_X20_Y16_N0_I27                                                ;
; Long Path                ; Bypassed Hyper-Register ;             ; my_niosv|intel_niosv_m_0|hart|m_core.niosv_m_full_inst|i1130~2~_BLOCK_INPUT_MUX_PASSTHROUGH_X20_Y16_N0_I35                                       ;
; Long Path                ;                         ;             ; my_niosv|intel_niosv_m_0|hart|m_core.niosv_m_full_inst|i1130~2~_LAB_RE_X20_Y16_N0_I39                                                            ;
; Long Path                ;                         ;             ; my_niosv|intel_niosv_m_0|hart|m_core.niosv_m_full_inst|flush_E~0|dataf                                                                           ;
; Long Path                ;                         ;             ; my_niosv|intel_niosv_m_0|hart|m_core.niosv_m_full_inst|flush_E~0|combout                                                                         ;
; Long Path                ;                         ;             ; my_niosv|intel_niosv_m_0|hart|m_core.niosv_m_full_inst|flush_E~0~cw_la_lab/laboutt[18]                                                           ;
; Long Path                ;                         ;             ; my_niosv|intel_niosv_m_0|hart|m_core.niosv_m_full_inst|flush_E~0~_LAB_RE_X20_Y16_N0_I107                                                         ;
; Long Path                ;                         ;             ; my_niosv|intel_niosv_m_0|hart|m_core.niosv_m_full_inst|flush_E~0~_R0_X20_Y16_N0_I32                                                              ;
; Long Path                ; Bypassed Hyper-Register ;             ; my_niosv|intel_niosv_m_0|hart|m_core.niosv_m_full_inst|flush_E~0~_R6_X21_Y16_N0_I14                                                              ;
; Long Path                ;                         ;             ; my_niosv|intel_niosv_m_0|hart|m_core.niosv_m_full_inst|flush_E~0~_LOCAL_INTERCONNECT_X26_Y16_N0_I60                                              ;
; Long Path                ; Bypassed Hyper-Register ;             ; my_niosv|intel_niosv_m_0|hart|m_core.niosv_m_full_inst|flush_E~0~_BLOCK_INPUT_MUX_PASSTHROUGH_X26_Y16_N0_I74                                     ;
; Long Path                ;                         ;             ; my_niosv|intel_niosv_m_0|hart|m_core.niosv_m_full_inst|flush_E~0~_LAB_RE_X26_Y16_N0_I72                                                          ;
; Long Path                ;                         ;             ; my_niosv|intel_niosv_m_0|hart|m_core.niosv_m_full_inst|flush_E~0xsyn|datae                                                                       ;
; Long Path                ;                         ;             ; my_niosv|intel_niosv_m_0|hart|m_core.niosv_m_full_inst|flush_E~0xsyn|combout                                                                     ;
; Long Path                ;                         ;             ; my_niosv|intel_niosv_m_0|hart|m_core.niosv_m_full_inst|flush_E~0xsyn~cw_ml_mlab/laboutb[18]                                                      ;
; Long Path                ;                         ;             ; my_niosv|intel_niosv_m_0|hart|m_core.niosv_m_full_inst|flush_E~0xsyn~_LAB_RE_X26_Y16_N0_I127                                                     ;
; Long Path                ;                         ;             ; my_niosv|intel_niosv_m_0|hart|m_core.niosv_m_full_inst|flush_E~0xsyn~_R1_X26_Y16_N0_I38                                                          ;
; Long Path                ; Bypassed Hyper-Register ;             ; my_niosv|intel_niosv_m_0|hart|m_core.niosv_m_full_inst|flush_E~0xsyn~_R6_X20_Y16_N0_I19                                                          ;
; Long Path                ; Bypassed Hyper-Register ;             ; my_niosv|intel_niosv_m_0|hart|m_core.niosv_m_full_inst|flush_E~0xsyn~_C4_X19_Y12_N0_I39                                                          ;
; Long Path                ;                         ;             ; my_niosv|intel_niosv_m_0|hart|m_core.niosv_m_full_inst|flush_E~0xsyn~_LOCAL_INTERCONNECT_X19_Y12_N0_I64                                          ;
; Long Path                ; Bypassed Hyper-Register ;             ; my_niosv|intel_niosv_m_0|hart|m_core.niosv_m_full_inst|flush_E~0xsyn~_BLOCK_INPUT_MUX_PASSTHROUGH_X19_Y12_N0_I60                                 ;
; Long Path                ;                         ;             ; my_niosv|intel_niosv_m_0|hart|m_core.niosv_m_full_inst|flush_E~0xsyn~_LAB_RE_X19_Y12_N0_I59                                                      ;
; Long Path                ;                         ;             ; my_niosv|intel_niosv_m_0|hart|m_core.niosv_m_full_inst|csr_inst|i4083~1|dataa                                                                    ;
; Long Path                ;                         ;             ; my_niosv|intel_niosv_m_0|hart|m_core.niosv_m_full_inst|csr_inst|i4083~1|combout                                                                  ;
; Long Path                ;                         ;             ; my_niosv|intel_niosv_m_0|hart|m_core.niosv_m_full_inst|csr_inst|i4083~1~_LAB_RE_X19_Y12_N0_I120                                                  ;
; Long Path                ;                         ;             ; my_niosv|intel_niosv_m_0|hart|m_core.niosv_m_full_inst|csr_inst|i4083~1~_LOCAL_INTERCONNECT_X19_Y12_N0_I59                                       ;
; Long Path                ; Bypassed Hyper-Register ;             ; my_niosv|intel_niosv_m_0|hart|m_core.niosv_m_full_inst|csr_inst|i4083~1~_BLOCK_INPUT_MUX_PASSTHROUGH_X19_Y12_N0_I2                               ;
; Extend to locatable node ;                         ;             ; my_niosv|intel_niosv_m_0|hart|m_core.niosv_m_full_inst|csr_inst|i4083~1~_LAB_RE_X19_Y12_N0_I0                                                    ;
; Extend to locatable node ;                         ;             ; my_niosv|intel_niosv_m_0|hart|m_core.niosv_m_full_inst|csr_inst|i4083~1xsyn|datae                                                                ;
; Extend to locatable node ;                         ;             ; my_niosv|intel_niosv_m_0|hart|m_core.niosv_m_full_inst|csr_inst|i4083~1xsyn|combout                                                              ;
; Extend to locatable node ;                         ;             ; my_niosv|intel_niosv_m_0|hart|m_core.niosv_m_full_inst|csr_inst|mcause.code[5]~DUPLICATE|d                                                       ;
; Extend to locatable node ; ALM Register            ; #10         ; my_niosv|intel_niosv_m_0|hart|m_core.niosv_m_full_inst|csr_inst|mcause.code[5]~DUPLICATE                                                         ;
; ------------------------ ; ----------------------- ; ----------- ; ------------------------------------------------------------------------------------------------------------------------------------------------ ;
; Extend to locatable node ; ALM Register            ; #11         ; my_niosv|intel_niosv_m_0|hart|m_core.niosv_m_full_inst|csr_inst|mcause.code[5]                                                                   ;
; Extend to locatable node ;                         ;             ; my_niosv|intel_niosv_m_0|hart|m_core.niosv_m_full_inst|csr_inst|mcause.code[5]|q                                                                 ;
; Extend to locatable node ;                         ;             ; my_niosv|intel_niosv_m_0|hart|m_core.niosv_m_full_inst|csr_inst|mcause.code[5]~LAB_RE_X19_Y12_N0_I90                                             ;
; Extend to locatable node ;                         ;             ; my_niosv|intel_niosv_m_0|hart|m_core.niosv_m_full_inst|csr_inst|mcause.code[5]~R0_X19_Y12_N0_I3                                                  ;
; Extend to locatable node ;                         ;             ; my_niosv|intel_niosv_m_0|hart|m_core.niosv_m_full_inst|csr_inst|mcause.code[5]~R0_X19_Y12_N0_I9                                                  ;
; Extend to locatable node ;                         ;             ; my_niosv|intel_niosv_m_0|hart|m_core.niosv_m_full_inst|csr_inst|mcause.code[5]~LOCAL_INTERCONNECT_X19_Y12_N0_I73                                 ;
; Retiming Dependency      ; Bypassed Hyper-Register ;             ; my_niosv|intel_niosv_m_0|hart|m_core.niosv_m_full_inst|csr_inst|mcause.code[5]~BLOCK_INPUT_MUX_PASSTHROUGH_X19_Y12_N0_I61                        ;
; Retiming Dependency      ;                         ;             ; my_niosv|intel_niosv_m_0|hart|m_core.niosv_m_full_inst|csr_inst|mcause.code[5]~LAB_RE_X19_Y12_N0_I60                                             ;
; Retiming Dependency      ;                         ;             ; my_niosv|intel_niosv_m_0|hart|m_core.niosv_m_full_inst|csr_inst|i4083~1|datab                                                                    ;
; Retiming Dependency      ;                         ;             ; my_niosv|intel_niosv_m_0|hart|m_core.niosv_m_full_inst|csr_inst|i4083~1|combout                                                                  ;
; Retiming Dependency      ;                         ;             ; my_niosv|intel_niosv_m_0|hart|m_core.niosv_m_full_inst|csr_inst|i4083~1~_LAB_RE_X19_Y12_N0_I120                                                  ;
; Retiming Dependency      ;                         ;             ; my_niosv|intel_niosv_m_0|hart|m_core.niosv_m_full_inst|csr_inst|i4083~1~_LOCAL_INTERCONNECT_X19_Y12_N0_I59                                       ;
; Retiming Dependency      ; Bypassed Hyper-Register ;             ; my_niosv|intel_niosv_m_0|hart|m_core.niosv_m_full_inst|csr_inst|i4083~1~_BLOCK_INPUT_MUX_PASSTHROUGH_X19_Y12_N0_I2                               ;
; Extend to locatable node ;                         ;             ; my_niosv|intel_niosv_m_0|hart|m_core.niosv_m_full_inst|csr_inst|i4083~1~_LAB_RE_X19_Y12_N0_I0                                                    ;
; Extend to locatable node ;                         ;             ; my_niosv|intel_niosv_m_0|hart|m_core.niosv_m_full_inst|csr_inst|i4083~1xsyn|datae                                                                ;
; Extend to locatable node ;                         ;             ; my_niosv|intel_niosv_m_0|hart|m_core.niosv_m_full_inst|csr_inst|i4083~1xsyn|combout                                                              ;
; Extend to locatable node ;                         ;             ; my_niosv|intel_niosv_m_0|hart|m_core.niosv_m_full_inst|csr_inst|mcause.code[5]~DUPLICATE|d                                                       ;
; Extend to locatable node ; ALM Register            ; #10         ; my_niosv|intel_niosv_m_0|hart|m_core.niosv_m_full_inst|csr_inst|mcause.code[5]~DUPLICATE                                                         ;
; ------------------------ ; ----------------------- ; ----------- ; ------------------------------------------------------------------------------------------------------------------------------------------------ ;
; Extend to locatable node ; ALM Register            ; #11         ; my_niosv|intel_niosv_m_0|hart|m_core.niosv_m_full_inst|csr_inst|mcause.code[5]                                                                   ;
; Extend to locatable node ;                         ;             ; my_niosv|intel_niosv_m_0|hart|m_core.niosv_m_full_inst|csr_inst|mcause.code[5]|q                                                                 ;
; Extend to locatable node ;                         ;             ; my_niosv|intel_niosv_m_0|hart|m_core.niosv_m_full_inst|csr_inst|mcause.code[5]~LAB_RE_X19_Y12_N0_I90                                             ;
; Extend to locatable node ;                         ;             ; my_niosv|intel_niosv_m_0|hart|m_core.niosv_m_full_inst|csr_inst|mcause.code[5]~R0_X19_Y12_N0_I3                                                  ;
; Extend to locatable node ;                         ;             ; my_niosv|intel_niosv_m_0|hart|m_core.niosv_m_full_inst|csr_inst|mcause.code[5]~R0_X19_Y12_N0_I9                                                  ;
; Extend to locatable node ;                         ;             ; my_niosv|intel_niosv_m_0|hart|m_core.niosv_m_full_inst|csr_inst|mcause.code[5]~LOCAL_INTERCONNECT_X19_Y12_N0_I73                                 ;
; Long Path                ; Bypassed Hyper-Register ;             ; my_niosv|intel_niosv_m_0|hart|m_core.niosv_m_full_inst|csr_inst|mcause.code[5]~BLOCK_INPUT_MUX_PASSTHROUGH_X19_Y12_N0_I61                        ;
; Long Path                ;                         ;             ; my_niosv|intel_niosv_m_0|hart|m_core.niosv_m_full_inst|csr_inst|mcause.code[5]~LAB_RE_X19_Y12_N0_I60                                             ;
; Long Path                ;                         ;             ; my_niosv|intel_niosv_m_0|hart|m_core.niosv_m_full_inst|csr_inst|Select_92~6|datab                                                                ;
; Long Path                ;                         ;             ; my_niosv|intel_niosv_m_0|hart|m_core.niosv_m_full_inst|csr_inst|Select_92~6|combout                                                              ;
; Long Path                ;                         ;             ; my_niosv|intel_niosv_m_0|hart|m_core.niosv_m_full_inst|csr_inst|Select_92~6~_LAB_RE_X19_Y12_N0_I117                                              ;
; Long Path                ; Bypassed Hyper-Register ;             ; my_niosv|intel_niosv_m_0|hart|m_core.niosv_m_full_inst|csr_inst|Select_92~6~_R6_X20_Y12_N0_I14                                                   ;
; Extend to locatable node ; Bypassed Hyper-Register ;             ; my_niosv|intel_niosv_m_0|hart|m_core.niosv_m_full_inst|csr_inst|Select_92~6~_C4_X25_Y12_N0_I30                                                   ;
; Extend to locatable node ;                         ;             ; my_niosv|intel_niosv_m_0|hart|m_core.niosv_m_full_inst|csr_inst|Select_92~6~_R4_X26_Y16_N0_I7                                                    ;
; Extend to locatable node ;                         ;             ; my_niosv|intel_niosv_m_0|hart|m_core.niosv_m_full_inst|csr_inst|Select_92~6~_C1_X29_Y16_N0_I30                                                   ;
; Extend to locatable node ;                         ;             ; my_niosv|intel_niosv_m_0|hart|m_core.niosv_m_full_inst|csr_inst|Select_92~6~_R1_X30_Y17_N0_I31                                                   ;
; Extend to locatable node ;                         ;             ; my_niosv|intel_niosv_m_0|hart|m_core.niosv_m_full_inst|csr_inst|Select_92~6~_LOCAL_INTERCONNECT_X30_Y17_N0_I61                                   ;
; Extend to locatable node ; Bypassed Hyper-Register ;             ; my_niosv|intel_niosv_m_0|hart|m_core.niosv_m_full_inst|csr_inst|Select_92~6~_BLOCK_INPUT_MUX_PASSTHROUGH_X30_Y17_N0_I44                          ;
; Extend to locatable node ;                         ;             ; my_niosv|intel_niosv_m_0|hart|m_core.niosv_m_full_inst|csr_inst|Select_92~6~_LAB_RE_X30_Y17_N0_I43                                               ;
; Extend to locatable node ;                         ;             ; my_niosv|intel_niosv_m_0|hart|m_core.niosv_m_full_inst|csr_inst|Select_92~7|dataa                                                                ;
; Extend to locatable node ;                         ;             ; my_niosv|intel_niosv_m_0|hart|m_core.niosv_m_full_inst|csr_inst|Select_92~7|combout                                                              ;
; Extend to locatable node ;                         ;             ; my_niosv|intel_niosv_m_0|hart|m_core.niosv_m_full_inst|csr_inst|Select_92~7~_LAB_RE_X30_Y17_N0_I110                                              ;
; Extend to locatable node ;                         ;             ; my_niosv|intel_niosv_m_0|hart|m_core.niosv_m_full_inst|csr_inst|Select_92~7~_R1_X31_Y17_N0_I23                                                   ;
; Extend to locatable node ;                         ;             ; my_niosv|intel_niosv_m_0|hart|m_core.niosv_m_full_inst|csr_inst|Select_92~7~_C1_X31_Y16_N0_I23                                                   ;
; Extend to locatable node ;                         ;             ; my_niosv|intel_niosv_m_0|hart|m_core.niosv_m_full_inst|csr_inst|Select_92~7~_C1_X31_Y15_N0_I23                                                   ;
; Extend to locatable node ;                         ;             ; my_niosv|intel_niosv_m_0|hart|m_core.niosv_m_full_inst|csr_inst|Select_92~7~_LOCAL_INTERCONNECT_X31_Y15_N0_I52                                   ;
; Extend to locatable node ; Bypassed Hyper-Register ;             ; my_niosv|intel_niosv_m_0|hart|m_core.niosv_m_full_inst|csr_inst|Select_92~7~_BLOCK_INPUT_MUX_PASSTHROUGH_X31_Y15_N0_I67                          ;
; Extend to locatable node ;                         ;             ; my_niosv|intel_niosv_m_0|hart|m_core.niosv_m_full_inst|csr_inst|Select_92~7~_LAB_RE_X31_Y15_N0_I71                                               ;
; Extend to locatable node ;                         ;             ; my_niosv|intel_niosv_m_0|hart|m_core.niosv_m_full_inst|D_rs1_gpr_val[0]~56|dataf                                                                 ;
; Extend to locatable node ;                         ;             ; my_niosv|intel_niosv_m_0|hart|m_core.niosv_m_full_inst|D_rs1_gpr_val[0]~56|combout                                                               ;
; Extend to locatable node ;                         ;             ; my_niosv|intel_niosv_m_0|hart|m_core.niosv_m_full_inst|D_rs1_gpr_val[0]~56~_LAB_RE_X31_Y15_N0_I124                                               ;
; Extend to locatable node ;                         ;             ; my_niosv|intel_niosv_m_0|hart|m_core.niosv_m_full_inst|D_rs1_gpr_val[0]~56~_R1_X32_Y15_N0_I35                                                    ;
; Extend to locatable node ;                         ;             ; my_niosv|intel_niosv_m_0|hart|m_core.niosv_m_full_inst|D_rs1_gpr_val[0]~56~_C1_X32_Y15_N0_I34                                                    ;
; Extend to locatable node ;                         ;             ; my_niosv|intel_niosv_m_0|hart|m_core.niosv_m_full_inst|D_rs1_gpr_val[0]~56~_LOCAL_INTERCONNECT_X32_Y16_N0_I71                                    ;
; Extend to locatable node ;                         ;             ; my_niosv|intel_niosv_m_0|hart|m_core.niosv_m_full_inst|D_rs1_gpr_val[0]~56_BLOCK_INPUT_MUX_PASSTHROUGH_X32_Y16_N0_I50_dff|d                      ;
; Extend to locatable node ; Hyper-Register          ; #12         ; my_niosv|intel_niosv_m_0|hart|m_core.niosv_m_full_inst|D_rs1_gpr_val[0]~56_BLOCK_INPUT_MUX_PASSTHROUGH_X32_Y16_N0_I50_dff                        ;
; ------------------------ ; ----------------------- ; ----------- ; ------------------------------------------------------------------------------------------------------------------------------------------------ ;
; Extend to locatable node ; Hyper-Register          ; #13         ; my_niosv|intel_niosv_m_0|hart|m_core.niosv_m_full_inst|E_stage_inst|E_csr_addr[8]~RTM_BLOCK_INPUT_MUX_PASSTHROUGH_X20_Y13_N0_I12_dff             ;
; Extend to locatable node ;                         ;             ; my_niosv|intel_niosv_m_0|hart|m_core.niosv_m_full_inst|E_stage_inst|E_csr_addr[8]~RTM_BLOCK_INPUT_MUX_PASSTHROUGH_X20_Y13_N0_I12_dff|q           ;
; Extend to locatable node ;                         ;             ; my_niosv|intel_niosv_m_0|hart|m_core.niosv_m_full_inst|E_stage_inst|E_csr_addr[8]~RTM~_BLOCK_INPUT_MUX_PASSTHROUGH_X20_Y13_N0_I12                ;
; Extend to locatable node ;                         ;             ; my_niosv|intel_niosv_m_0|hart|m_core.niosv_m_full_inst|E_stage_inst|E_csr_addr[8]~RTM~_LAB_RE_X20_Y13_N0_I11                                     ;
; Extend to locatable node ;                         ;             ; my_niosv|intel_niosv_m_0|hart|m_core.niosv_m_full_inst|csr_inst|reduce_nor_7~xsyn|dataa                                                          ;
; Extend to locatable node ;                         ;             ; my_niosv|intel_niosv_m_0|hart|m_core.niosv_m_full_inst|csr_inst|reduce_nor_7~xsyn|combout                                                        ;
; Extend to locatable node ;                         ;             ; my_niosv|intel_niosv_m_0|hart|m_core.niosv_m_full_inst|csr_inst|reduce_nor_7~xsyn~cw_la_lab/lab_lut6outt[1]                                      ;
; Extend to locatable node ;                         ;             ; my_niosv|intel_niosv_m_0|hart|m_core.niosv_m_full_inst|csr_inst|reduce_nor_7~xsyn~_LAB_RE_X20_Y13_N0_I135                                        ;
; Extend to locatable node ;                         ;             ; my_niosv|intel_niosv_m_0|hart|m_core.niosv_m_full_inst|csr_inst|reduce_nor_7~xsyn~_R1_X20_Y13_N0_I4                                              ;
; Extend to locatable node ;                         ;             ; my_niosv|intel_niosv_m_0|hart|m_core.niosv_m_full_inst|csr_inst|reduce_nor_7~xsyn~_R0_X19_Y13_N0_I6                                              ;
; Extend to locatable node ;                         ;             ; my_niosv|intel_niosv_m_0|hart|m_core.niosv_m_full_inst|csr_inst|reduce_nor_7~xsyn~_C1_X19_Y12_N0_I33                                             ;
; Extend to locatable node ;                         ;             ; my_niosv|intel_niosv_m_0|hart|m_core.niosv_m_full_inst|csr_inst|reduce_nor_7~xsyn~_LOCAL_INTERCONNECT_X19_Y12_N0_I69                             ;
; Retiming Dependency      ; Bypassed Hyper-Register ;             ; my_niosv|intel_niosv_m_0|hart|m_core.niosv_m_full_inst|csr_inst|reduce_nor_7~xsyn~_BLOCK_INPUT_MUX_PASSTHROUGH_X19_Y12_N0_I56                    ;
; Retiming Dependency      ;                         ;             ; my_niosv|intel_niosv_m_0|hart|m_core.niosv_m_full_inst|csr_inst|reduce_nor_7~xsyn~_LAB_RE_X19_Y12_N0_I58                                         ;
; Retiming Dependency      ;                         ;             ; my_niosv|intel_niosv_m_0|hart|m_core.niosv_m_full_inst|csr_inst|Select_92~6|datac                                                                ;
; Retiming Dependency      ;                         ;             ; my_niosv|intel_niosv_m_0|hart|m_core.niosv_m_full_inst|csr_inst|Select_92~6|combout                                                              ;
; Retiming Dependency      ;                         ;             ; my_niosv|intel_niosv_m_0|hart|m_core.niosv_m_full_inst|csr_inst|Select_92~6~_LAB_RE_X19_Y12_N0_I117                                              ;
; Retiming Dependency      ; Bypassed Hyper-Register ;             ; my_niosv|intel_niosv_m_0|hart|m_core.niosv_m_full_inst|csr_inst|Select_92~6~_R6_X20_Y12_N0_I14                                                   ;
; Extend to locatable node ; Bypassed Hyper-Register ;             ; my_niosv|intel_niosv_m_0|hart|m_core.niosv_m_full_inst|csr_inst|Select_92~6~_C4_X25_Y12_N0_I30                                                   ;
; Extend to locatable node ;                         ;             ; my_niosv|intel_niosv_m_0|hart|m_core.niosv_m_full_inst|csr_inst|Select_92~6~_R4_X26_Y16_N0_I7                                                    ;
; Extend to locatable node ;                         ;             ; my_niosv|intel_niosv_m_0|hart|m_core.niosv_m_full_inst|csr_inst|Select_92~6~_C1_X29_Y16_N0_I30                                                   ;
; Extend to locatable node ;                         ;             ; my_niosv|intel_niosv_m_0|hart|m_core.niosv_m_full_inst|csr_inst|Select_92~6~_R1_X30_Y17_N0_I31                                                   ;
; Extend to locatable node ;                         ;             ; my_niosv|intel_niosv_m_0|hart|m_core.niosv_m_full_inst|csr_inst|Select_92~6~_LOCAL_INTERCONNECT_X30_Y17_N0_I61                                   ;
; Extend to locatable node ; Bypassed Hyper-Register ;             ; my_niosv|intel_niosv_m_0|hart|m_core.niosv_m_full_inst|csr_inst|Select_92~6~_BLOCK_INPUT_MUX_PASSTHROUGH_X30_Y17_N0_I44                          ;
; Extend to locatable node ;                         ;             ; my_niosv|intel_niosv_m_0|hart|m_core.niosv_m_full_inst|csr_inst|Select_92~6~_LAB_RE_X30_Y17_N0_I43                                               ;
; Extend to locatable node ;                         ;             ; my_niosv|intel_niosv_m_0|hart|m_core.niosv_m_full_inst|csr_inst|Select_92~7|dataa                                                                ;
; Extend to locatable node ;                         ;             ; my_niosv|intel_niosv_m_0|hart|m_core.niosv_m_full_inst|csr_inst|Select_92~7|combout                                                              ;
; Extend to locatable node ;                         ;             ; my_niosv|intel_niosv_m_0|hart|m_core.niosv_m_full_inst|csr_inst|Select_92~7~_LAB_RE_X30_Y17_N0_I110                                              ;
; Extend to locatable node ;                         ;             ; my_niosv|intel_niosv_m_0|hart|m_core.niosv_m_full_inst|csr_inst|Select_92~7~_R1_X31_Y17_N0_I23                                                   ;
; Extend to locatable node ;                         ;             ; my_niosv|intel_niosv_m_0|hart|m_core.niosv_m_full_inst|csr_inst|Select_92~7~_C1_X31_Y16_N0_I23                                                   ;
; Extend to locatable node ;                         ;             ; my_niosv|intel_niosv_m_0|hart|m_core.niosv_m_full_inst|csr_inst|Select_92~7~_C1_X31_Y15_N0_I23                                                   ;
; Extend to locatable node ;                         ;             ; my_niosv|intel_niosv_m_0|hart|m_core.niosv_m_full_inst|csr_inst|Select_92~7~_LOCAL_INTERCONNECT_X31_Y15_N0_I52                                   ;
; Extend to locatable node ; Bypassed Hyper-Register ;             ; my_niosv|intel_niosv_m_0|hart|m_core.niosv_m_full_inst|csr_inst|Select_92~7~_BLOCK_INPUT_MUX_PASSTHROUGH_X31_Y15_N0_I67                          ;
; Extend to locatable node ;                         ;             ; my_niosv|intel_niosv_m_0|hart|m_core.niosv_m_full_inst|csr_inst|Select_92~7~_LAB_RE_X31_Y15_N0_I71                                               ;
; Extend to locatable node ;                         ;             ; my_niosv|intel_niosv_m_0|hart|m_core.niosv_m_full_inst|D_rs1_gpr_val[0]~56|dataf                                                                 ;
; Extend to locatable node ;                         ;             ; my_niosv|intel_niosv_m_0|hart|m_core.niosv_m_full_inst|D_rs1_gpr_val[0]~56|combout                                                               ;
; Extend to locatable node ;                         ;             ; my_niosv|intel_niosv_m_0|hart|m_core.niosv_m_full_inst|D_rs1_gpr_val[0]~56~_LAB_RE_X31_Y15_N0_I124                                               ;
; Extend to locatable node ;                         ;             ; my_niosv|intel_niosv_m_0|hart|m_core.niosv_m_full_inst|D_rs1_gpr_val[0]~56~_R1_X32_Y15_N0_I35                                                    ;
; Extend to locatable node ;                         ;             ; my_niosv|intel_niosv_m_0|hart|m_core.niosv_m_full_inst|D_rs1_gpr_val[0]~56~_C1_X32_Y15_N0_I34                                                    ;
; Extend to locatable node ;                         ;             ; my_niosv|intel_niosv_m_0|hart|m_core.niosv_m_full_inst|D_rs1_gpr_val[0]~56~_LOCAL_INTERCONNECT_X32_Y16_N0_I71                                    ;
; Extend to locatable node ;                         ;             ; my_niosv|intel_niosv_m_0|hart|m_core.niosv_m_full_inst|D_rs1_gpr_val[0]~56_BLOCK_INPUT_MUX_PASSTHROUGH_X32_Y16_N0_I50_dff|d                      ;
; Extend to locatable node ; Hyper-Register          ; #12         ; my_niosv|intel_niosv_m_0|hart|m_core.niosv_m_full_inst|D_rs1_gpr_val[0]~56_BLOCK_INPUT_MUX_PASSTHROUGH_X32_Y16_N0_I50_dff                        ;
+--------------------------+-------------------------+-------------+--------------------------------------------------------------------------------------------------------------------------------------------------+



+----------------------+
; Fastforward Messages ;
+----------------------+
Can't read Quartus Prime message file /mnt/ssd2/hamza/hello_world/qdb/_compiler/niosv/_flat/25.1.1/legacy/1/niosv.fit.fastforward.header.qmsgdb.
Make sure the file exists and is up to date, and you have permission to read and write the file.
Info (16677): Loading routed database.
Info (16734): Loading "routed" snapshot for partition "root_partition".
Info (16734): Loading "routed" snapshot for partition "auto_fab_0".
Info (16678): Successfully loaded routed database: elapsed time is 00:00:08.
Info (21076): High junction temperature operating condition is not set. Assuming a default value of '100'.
Info (21076): Low junction temperature operating condition is not set. Assuming a default value of '0'.
Info (21076): High junction temperature operating condition is not set. Assuming a default value of '100'.
Info (21076): Low junction temperature operating condition is not set. Assuming a default value of '0'.
Info (332164): Evaluating HDL-embedded SDC commands
    Info (332165): Entity alt_jtag_atlantic
        Info (332166): set_false_path -from [get_registers {*|alt_jtag_atlantic:*|jupdate}] -to [get_registers {*|alt_jtag_atlantic:*|jupdate1*}] 
        Info (332166): set_false_path -from [get_registers {*|alt_jtag_atlantic:*|rdata[*]}] -to [get_registers {*|alt_jtag_atlantic*|td_shift[*]}]
        Info (332166): set_false_path -from [get_registers {*|alt_jtag_atlantic:*|read}] -to [get_registers {*|alt_jtag_atlantic:*|read1*}] 
        Info (332166): set_false_path -from [get_registers {*|alt_jtag_atlantic:*|read_req}]
        Info (332166): set_false_path -from [get_registers {*|alt_jtag_atlantic:*|rvalid}] -to [get_registers {*|alt_jtag_atlantic*|td_shift[*]}]
        Info (332166): set_false_path -from [get_registers {*|t_dav}] -to [get_registers {*|alt_jtag_atlantic:*|tck_t_dav}]
        Info (332166): set_false_path -from [get_registers {*|alt_jtag_atlantic:*|user_saw_rvalid}] -to [get_registers {*|alt_jtag_atlantic:*|rvalid0*}]
        Info (332166): set_false_path -from [get_registers {*|alt_jtag_atlantic:*|wdata[*]}] -to [get_registers {*}]
        Info (332166): set_false_path -from [get_registers {*|alt_jtag_atlantic:*|write}] -to [get_registers {*|alt_jtag_atlantic:*|write1*}] 
        Info (332166): set_false_path -from [get_registers {*|alt_jtag_atlantic:*|write_stalled}] -to [get_registers {*|alt_jtag_atlantic:*|t_ena*}]
        Info (332166): set_false_path -from [get_registers {*|alt_jtag_atlantic:*|write_stalled}] -to [get_registers {*|alt_jtag_atlantic:*|t_pause*}]
        Info (332166): set_false_path -from [get_registers {*|alt_jtag_atlantic:*|write_valid}]
Info (19539): Reading the HDL-embedded SDC files elapsed 00:00:00.
Info (18794): Reading SDC File: 'niosv/altera_reset_controller_1924/synth/altera_reset_controller.sdc' for instance: 'my_niosv|intel_niosv_m_0|rst_controller'
Info (18794): Reading SDC File: 'niosv/altera_reset_controller_1924/synth/altera_reset_controller.sdc' for instance: 'my_niosv|intel_niosv_m_0|rst_controller_001'
Info (18794): Reading SDC File: 'niosv/altera_reset_controller_1924/synth/altera_reset_controller.sdc' for instance: 'rst_controller'
Info (18794): Reading SDC File: 'niosv/altera_reset_controller_1924/synth/altera_reset_controller.sdc' for instance: 'rst_controller_001'
Info (18794): Reading SDC File: 'ip/niosv/niosv_intel_niosv_m_0/altera_reset_controller_1924/synth/altera_reset_controller.sdc' for instance: 'my_niosv|intel_niosv_m_0|rst_controller'
Info (18794): Reading SDC File: 'ip/niosv/niosv_intel_niosv_m_0/altera_reset_controller_1924/synth/altera_reset_controller.sdc' for instance: 'my_niosv|intel_niosv_m_0|rst_controller_001'
Info (18794): Reading SDC File: 'ip/niosv/niosv_intel_niosv_m_0/altera_reset_controller_1924/synth/altera_reset_controller.sdc' for instance: 'rst_controller'
Info (18794): Reading SDC File: 'ip/niosv/niosv_intel_niosv_m_0/altera_reset_controller_1924/synth/altera_reset_controller.sdc' for instance: 'rst_controller_001'
Info (332104): Reading SDC File: 'ip/niosv/niosv_intel_niosv_m_0/intel_niosv_dbg_mod_210/synth/altera_avalon_st_handshake_clock_crosser.sdc'
Info (332104): Reading SDC File: 'ip/niosv/niosv_intel_niosv_m_0/intel_niosv_dbg_mod_210/synth/altera_reset_controller.sdc'
Info (332104): Reading SDC File: '/mnt/ssd2/hamza/hello_world/qdb/_compiler/niosv/_flat/25.1.1/source/1/.temp/cpt_proxy/default_jtag.sdc'
Info (19449): Reading SDC files elapsed 00:00:00.
Info (23800): Derived clock name suffix defaults to '~derived'.
Info (332144): No user constrained base clocks found in the design. They will be automatically derived.
Info (332143): No user constrained clock uncertainty found in the design. Calling "derive_clock_uncertainty"
Warning (332158): Clock uncertainty characteristics of the Agilex 5 device family are preliminary
Info (332123): Deriving Clock Uncertainty. Please refer to report_sdc in the Timing Analyzer to see clock uncertainties.
Info (332129): Detected timing requirements -- optimizing circuit to achieve only the specified requirements
Info (332111): Found 2 clocks
    Info (332111):   Period   Clock Name
    Info (332111): ======== ============
    Info (332111):    1.000 altera_reserved_tck~derived
    Info (332111):    1.000 clk_clk~derived
Info (18747): Starting Fast Forward Timing Closure Recommendations analysis.
Info (17959): Fast Forward step #1 completed.
Info (17959): Fast Forward step #2 completed.
Info (18748): Completed Fast Forward Timing Closure Recommendations analysis.
Info (18821): Fitter Hyper-Retimer operations ending: elapsed time is 00:00:14


