Synthesis Analysis & Elaboration Stage Report for niosv
Wed Jun 24 12:34:39 2026
Quartus Prime Version 25.1.1 Build 125 07/31/2025 Patches 1.31 SC Pro Edition


---------------------
; Table of Contents ;
---------------------
  1. Legal Notice
  2. Source Assignments for User Entity altera_reset_controller Instance: rst_controller
  3. Source Assignments for User Entity altera_reset_controller_1 Instance: rst_controller_001
  4. Source Assignments for User Entity altera_avalon_jtag_uart Instance: debug|debug
  5. Ignored Source Level Assignments for User Entity altera_avalon_jtag_uart Instance: debug|debug
  6. Source Assignments for User Entity niosv_altera_merlin_demultiplexer_1921_gf66usy Instance: mm_interconnect_0|rsp_demux_002
  7. Source Assignments for User Entity niosv_altera_merlin_demultiplexer_1921_eqthw6y Instance: mm_interconnect_0|cmd_demux_003
  8. Source Assignments for User Entity niosv_altera_merlin_demultiplexer_1921_s633mky Instance: mm_interconnect_0|rsp_demux_003
  9. Source Assignments for User Entity altera_reset_synchronizer Instance: my_niosv|my_niosv|rst_controller_001|alt_rst_sync_uq1
 10. Source Assignments for User Entity altera_reset_synchronizer_1 Instance: my_niosv|my_niosv|rst_controller_001|alt_rst_req_sync_uq1
 11. Source Assignments for User Entity altera_reset_synchronizer_2 Instance: rst_controller_001|alt_rst_sync_uq1
 12. Ignored Source Level Assignments for User Entity altera_avalon_jtag_uart_scfifo_w Instance: debug|debug|altera_avalon_jtag_uart_scfifo_w
 13. Ignored Source Level Assignments for User Entity altera_avalon_jtag_uart_scfifo_r Instance: debug|debug|altera_avalon_jtag_uart_scfifo_r
 14. Source Assignments for User Entity altera_reset_controller_2 Instance: my_niosv|my_niosv|rst_controller
 15. Source Assignments for User Entity altera_reset_controller_3 Instance: my_niosv|my_niosv|rst_controller_001
 16. Parameter Settings for User Entity altera_reset_controller Instance: rst_controller
 17. Parameter Settings for User Entity altera_reset_controller_1 Instance: rst_controller_001
 18. Parameter Settings for User Entity altera_avalon_jtag_uart Instance: debug|debug
 19. Parameter Settings for User Entity niosv_intel_onchip_memory_0_intel_onchip_memory_1410_tz44c5y Instance: sram|intel_onchip_memory_0
 20. Parameter Settings for User Entity niosv_altera_merlin_slave_translator_191_xg7rzxi Instance: mm_interconnect_0|debug_avalon_jtag_slave_translator
 21. Parameter Settings for User Entity niosv_altera_merlin_slave_translator_191_xg7rzxi_1 Instance: mm_interconnect_0|my_niosv_dm_agent_translator
 22. Parameter Settings for User Entity niosv_altera_merlin_slave_translator_191_xg7rzxi_2 Instance: mm_interconnect_0|sram_s1_translator
 23. Parameter Settings for User Entity niosv_altera_merlin_slave_translator_191_xg7rzxi_3 Instance: mm_interconnect_0|my_niosv_timer_sw_agent_translator
 24. Parameter Settings for User Entity niosv_altera_merlin_axi_master_ni_19112_2jrcixq Instance: mm_interconnect_0|my_niosv_data_manager_agent
 25. Parameter Settings for User Entity niosv_altera_merlin_axi_master_ni_19112_2jrcixq_1 Instance: mm_interconnect_0|my_niosv_instruction_manager_agent
 26. Parameter Settings for User Entity niosv_altera_merlin_slave_agent_1930_jxauz3i Instance: mm_interconnect_0|my_niosv_timer_sw_agent_agent
 27. Parameter Settings for User Entity niosv_altera_avalon_sc_fifo_1932_22gxxgi Instance: mm_interconnect_0|my_niosv_timer_sw_agent_agent_rsp_fifo
 28. Parameter Settings for User Entity niosv_altera_avalon_sc_fifo_1932_22gxxgi_1 Instance: mm_interconnect_0|my_niosv_timer_sw_agent_agent_rdata_fifo
 29. Parameter Settings for User Entity niosv_altera_avalon_sc_fifo_1932_22gxxgi_2 Instance: mm_interconnect_0|my_niosv_dm_agent_agent_rsp_fifo
 30. Parameter Settings for User Entity niosv_altera_avalon_sc_fifo_1932_22gxxgi_3 Instance: mm_interconnect_0|my_niosv_dm_agent_agent_rdata_fifo
 31. Parameter Settings for User Entity niosv_altera_merlin_traffic_limiter_1921_2thi65i Instance: mm_interconnect_0|my_niosv_instruction_manager_rd_limiter
 32. Parameter Settings for User Entity altera_reset_synchronizer Instance: my_niosv|my_niosv|rst_controller_001|alt_rst_sync_uq1
 33. Parameter Settings for User Entity altera_reset_synchronizer_1 Instance: my_niosv|my_niosv|rst_controller_001|alt_rst_req_sync_uq1
 34. Parameter Settings for User Entity altera_reset_synchronizer_2 Instance: rst_controller_001|alt_rst_sync_uq1
 35. Parameter Settings for User Entity altera_avalon_jtag_uart_scfifo_w Instance: debug|debug|altera_avalon_jtag_uart_scfifo_w
 36. Parameter Settings for User Entity altera_avalon_jtag_uart_scfifo_r Instance: debug|debug|altera_avalon_jtag_uart_scfifo_r
 37. Parameter Settings for User Entity niosv_intel_niosv_m_0_intel_niosv_m_unit_2600_ez2mqoy Instance: my_niosv|my_niosv|hart
 38. Parameter Settings for User Entity altera_reset_controller_2 Instance: my_niosv|my_niosv|rst_controller
 39. Parameter Settings for User Entity altera_reset_controller_3 Instance: my_niosv|my_niosv|rst_controller_001
 40. Parameter Settings for User Entity altera_syncram Instance: sram|intel_onchip_memory_0|altera_syncram_component
 41. Parameter Settings for User Entity altera_merlin_burst_uncompressor Instance: mm_interconnect_0|my_niosv_timer_sw_agent_agent|uncompressor
 42. Parameter Settings for User Entity niosv_altera_merlin_router_1921_f7bfoqi_default_decode Instance: mm_interconnect_0|router_001|the_default_decode
 43. Parameter Settings for User Entity niosv_altera_merlin_router_1921_6midycq_default_decode Instance: mm_interconnect_0|router_003|the_default_decode
 44. Parameter Settings for User Entity niosv_altera_merlin_router_1921_m7xr3oa_default_decode Instance: mm_interconnect_0|router_007|the_default_decode
 45. Parameter Settings for User Entity niosv_altera_merlin_router_1921_5zprxna_default_decode Instance: mm_interconnect_0|router_006|the_default_decode
 46. Parameter Settings for User Entity altera_merlin_arbitrator Instance: mm_interconnect_0|cmd_mux_003|arb
 47. Parameter Settings for User Entity altera_merlin_arbitrator_1 Instance: mm_interconnect_0|cmd_mux_002|arb
 48. Parameter Settings for User Entity altera_merlin_arbitrator_2 Instance: mm_interconnect_0|rsp_mux_001|arb
 49. Parameter Settings for User Entity altera_merlin_arbitrator_3 Instance: mm_interconnect_0|rsp_mux_003|arb
 50. Parameter Settings for User Entity scfifo Instance: debug|debug|altera_avalon_jtag_uart_scfifo_r|rfifo
 51. Parameter Settings for User Entity altera_merlin_arb_adder Instance: mm_interconnect_0|cmd_mux_003|arb|adder
 52. Parameter Settings for User Entity altera_merlin_arb_adder_1 Instance: mm_interconnect_0|cmd_mux_002|arb|adder
 53. System Level Debug Agent Report
 54. Top Causes of Logic Optimized Away During Sweep
 55. Analysis & Elaboration Messages



----------------
; Legal Notice ;
----------------
Copyright (C) 2025  Altera Corporation. All rights reserved.
Your use of Altera Corporation's design tools, logic functions 
and other software and tools, and any partner logic 
functions, and any output files from any of the foregoing 
(including device programming or simulation files), and any 
associated documentation or information are expressly subject 
to the terms and conditions of the Altera Program License 
Subscription Agreement, the Altera Quartus Prime License Agreement,
the Altera IP License Agreement, or other applicable license
agreement, including, without limitation, that your use is for
the sole purpose of programming logic devices manufactured by
Altera and sold by Altera or its authorized distributors.  Please
refer to the Altera Software License Subscription Agreements 
on the Quartus Prime software download page.



+--------------------------------------------------------------------------------------------------------+
; Source Assignments for User Entity altera_reset_controller Instance: rst_controller                    ;
+-------------------+-------+------+-------------------------------------+-------------------------------+
; Assignment        ; Value ; From ; To                                  ; Source Location               ;
+-------------------+-------+------+-------------------------------------+-------------------------------+
; PRESERVE_REGISTER ; ON    ; -    ; altera_reset_synchronizer_int_chain ; altera_reset_controller.v:140 ;
+-------------------+-------+------+-------------------------------------+-------------------------------+
All Instances:
rst_controller



+--------------------------------------------------------------------------------------------------------+
; Source Assignments for User Entity altera_reset_controller_1 Instance: rst_controller_001              ;
+-------------------+-------+------+-------------------------------------+-------------------------------+
; Assignment        ; Value ; From ; To                                  ; Source Location               ;
+-------------------+-------+------+-------------------------------------+-------------------------------+
; PRESERVE_REGISTER ; ON    ; -    ; altera_reset_synchronizer_int_chain ; altera_reset_controller.v:140 ;
+-------------------+-------+------+-------------------------------------+-------------------------------+
All Instances:
rst_controller_001



+---------------------------------------------------------------------------------------------+
; Source Assignments for User Entity altera_avalon_jtag_uart Instance: debug|debug            ;
+---------------------------+---------------------+------+----+-------------------------------+
; Assignment                ; Value               ; From ; To ; Source Location               ;
+---------------------------+---------------------+------+----+-------------------------------+
; SUPPRESS_DA_RULE_INTERNAL ; R101,C106,D101,D103 ; -    ; -  ; altera_avalon_jtag_uart.sv:22 ;
+---------------------------+---------------------+------+----+-------------------------------+
All Instances:
debug|debug



+----------------------------------------------------------------------------------------------------------------------------------------------------+
; Ignored Source Level Assignments for User Entity altera_avalon_jtag_uart Instance: debug|debug                                                     ;
+---------------+-------+----+-------------------------+---------------------------------------------------------------------------------------------+
; Assignment    ; Value ; To ; Reason                  ; Source Location                                                                             ;
+---------------+-------+----+-------------------------+---------------------------------------------------------------------------------------------+
; Level1        ; 1     ; -  ; Invalid assignment name ; ip/niosv/niosv_jtag_uart_0/altera_avalon_jtag_uart_1931/synth/altera_avalon_jtag_uart.sv:19 ;
; message_level ; 1     ; -  ; Invalid assignment name ; ip/niosv/niosv_jtag_uart_0/altera_avalon_jtag_uart_1931/synth/altera_avalon_jtag_uart.sv:19 ;
+---------------+-------+----+-------------------------+---------------------------------------------------------------------------------------------+
All Instances:
debug|debug



+-----------------------------------------------------------------------------------------------------------------------------+
; Source Assignments for User Entity niosv_altera_merlin_demultiplexer_1921_gf66usy Instance: mm_interconnect_0|rsp_demux_002 ;
+-----------------+-------+------+-------+------------------------------------------------------------------------------------+
; Assignment      ; Value ; From ; To    ; Source Location                                                                    ;
+-----------------+-------+------+-------+------------------------------------------------------------------------------------+
; MESSAGE_DISABLE ; 15610 ; -    ; clk   ; niosv_altera_merlin_demultiplexer_1921_gf66usy.sv:91                               ;
; MESSAGE_DISABLE ; 15610 ; -    ; reset ; niosv_altera_merlin_demultiplexer_1921_gf66usy.sv:93                               ;
+-----------------+-------+------+-------+------------------------------------------------------------------------------------+
All Instances:
mm_interconnect_0|cmd_demux
mm_interconnect_0|cmd_demux_001
mm_interconnect_0|rsp_demux_001
mm_interconnect_0|rsp_demux_002



+-----------------------------------------------------------------------------------------------------------------------------+
; Source Assignments for User Entity niosv_altera_merlin_demultiplexer_1921_eqthw6y Instance: mm_interconnect_0|cmd_demux_003 ;
+-----------------+-------+------+-------+------------------------------------------------------------------------------------+
; Assignment      ; Value ; From ; To    ; Source Location                                                                    ;
+-----------------+-------+------+-------+------------------------------------------------------------------------------------+
; MESSAGE_DISABLE ; 15610 ; -    ; clk   ; niosv_altera_merlin_demultiplexer_1921_eqthw6y.sv:77                               ;
; MESSAGE_DISABLE ; 15610 ; -    ; reset ; niosv_altera_merlin_demultiplexer_1921_eqthw6y.sv:79                               ;
+-----------------+-------+------+-------+------------------------------------------------------------------------------------+
All Instances:
mm_interconnect_0|cmd_demux_002
mm_interconnect_0|cmd_demux_003



+-----------------------------------------------------------------------------------------------------------------------------+
; Source Assignments for User Entity niosv_altera_merlin_demultiplexer_1921_s633mky Instance: mm_interconnect_0|rsp_demux_003 ;
+-----------------+-------+------+-------+------------------------------------------------------------------------------------+
; Assignment      ; Value ; From ; To    ; Source Location                                                                    ;
+-----------------+-------+------+-------+------------------------------------------------------------------------------------+
; MESSAGE_DISABLE ; 15610 ; -    ; clk   ; niosv_altera_merlin_demultiplexer_1921_s633mky.sv:77                               ;
; MESSAGE_DISABLE ; 15610 ; -    ; reset ; niosv_altera_merlin_demultiplexer_1921_s633mky.sv:79                               ;
+-----------------+-------+------+-------+------------------------------------------------------------------------------------+
All Instances:
mm_interconnect_0|rsp_demux
mm_interconnect_0|rsp_demux_003



+------------------------------------------------------------------------------------------------------------------------------+
; Source Assignments for User Entity altera_reset_synchronizer Instance: my_niosv|my_niosv|rst_controller_001|alt_rst_sync_uq1 ;
+---------------------------+-------+------+-------------------------------------+---------------------------------------------+
; Assignment                ; Value ; From ; To                                  ; Source Location                             ;
+---------------------------+-------+------+-------------------------------------+---------------------------------------------+
; SUPPRESS_DA_RULE_INTERNAL ; R101  ; -    ; reset_in                            ; altera_reset_synchronizer.v:29              ;
; PRESERVE_REGISTER         ; ON    ; -    ; altera_reset_synchronizer_int_chain ; altera_reset_synchronizer.v:47              ;
+---------------------------+-------+------+-------------------------------------+---------------------------------------------+
All Instances:
rst_controller|alt_rst_sync_uq1
my_niosv|my_niosv|rst_controller_001|alt_rst_sync_uq1



+------------------------------------------------------------------------------------------------------------------------------------+
; Source Assignments for User Entity altera_reset_synchronizer_1 Instance: my_niosv|my_niosv|rst_controller_001|alt_rst_req_sync_uq1 ;
+---------------------------+-------+------+-------------------------------------+---------------------------------------------------+
; Assignment                ; Value ; From ; To                                  ; Source Location                                   ;
+---------------------------+-------+------+-------------------------------------+---------------------------------------------------+
; SUPPRESS_DA_RULE_INTERNAL ; R101  ; -    ; reset_in                            ; altera_reset_synchronizer.v:29                    ;
; PRESERVE_REGISTER         ; ON    ; -    ; altera_reset_synchronizer_int_chain ; altera_reset_synchronizer.v:47                    ;
+---------------------------+-------+------+-------------------------------------+---------------------------------------------------+
All Instances:
rst_controller|alt_rst_req_sync_uq1
rst_controller_001|alt_rst_req_sync_uq1
my_niosv|my_niosv|rst_controller_001|alt_rst_req_sync_uq1



+-----------------------------------------------------------------------------------------------------------------+
; Source Assignments for User Entity altera_reset_synchronizer_2 Instance: rst_controller_001|alt_rst_sync_uq1    ;
+---------------------------+-------+------+-------------------------------------+--------------------------------+
; Assignment                ; Value ; From ; To                                  ; Source Location                ;
+---------------------------+-------+------+-------------------------------------+--------------------------------+
; SUPPRESS_DA_RULE_INTERNAL ; R101  ; -    ; reset_in                            ; altera_reset_synchronizer.v:29 ;
; PRESERVE_REGISTER         ; ON    ; -    ; altera_reset_synchronizer_int_chain ; altera_reset_synchronizer.v:47 ;
+---------------------------+-------+------+-------------------------------------+--------------------------------+
All Instances:
rst_controller_001|alt_rst_sync_uq1



+-------------------------------------------------------------------------------------------------------------------------------------------------------------+
; Ignored Source Level Assignments for User Entity altera_avalon_jtag_uart_scfifo_w Instance: debug|debug|altera_avalon_jtag_uart_scfifo_w                    ;
+---------------+-------+----+-------------------------+------------------------------------------------------------------------------------------------------+
; Assignment    ; Value ; To ; Reason                  ; Source Location                                                                                      ;
+---------------+-------+----+-------------------------+------------------------------------------------------------------------------------------------------+
; Level1        ; 1     ; -  ; Invalid assignment name ; ip/niosv/niosv_jtag_uart_0/altera_avalon_jtag_uart_1931/synth/altera_avalon_jtag_uart_scfifo_w.sv:19 ;
; message_level ; 1     ; -  ; Invalid assignment name ; ip/niosv/niosv_jtag_uart_0/altera_avalon_jtag_uart_1931/synth/altera_avalon_jtag_uart_scfifo_w.sv:19 ;
+---------------+-------+----+-------------------------+------------------------------------------------------------------------------------------------------+
All Instances:
debug|debug|altera_avalon_jtag_uart_scfifo_w



+-------------------------------------------------------------------------------------------------------------------------------------------------------------+
; Ignored Source Level Assignments for User Entity altera_avalon_jtag_uart_scfifo_r Instance: debug|debug|altera_avalon_jtag_uart_scfifo_r                    ;
+---------------+-------+----+-------------------------+------------------------------------------------------------------------------------------------------+
; Assignment    ; Value ; To ; Reason                  ; Source Location                                                                                      ;
+---------------+-------+----+-------------------------+------------------------------------------------------------------------------------------------------+
; Level1        ; 1     ; -  ; Invalid assignment name ; ip/niosv/niosv_jtag_uart_0/altera_avalon_jtag_uart_1931/synth/altera_avalon_jtag_uart_scfifo_r.sv:19 ;
; message_level ; 1     ; -  ; Invalid assignment name ; ip/niosv/niosv_jtag_uart_0/altera_avalon_jtag_uart_1931/synth/altera_avalon_jtag_uart_scfifo_r.sv:19 ;
+---------------+-------+----+-------------------------+------------------------------------------------------------------------------------------------------+
All Instances:
debug|debug|altera_avalon_jtag_uart_scfifo_r



+---------------------------------------------------------------------------------------------------------+
; Source Assignments for User Entity altera_reset_controller_2 Instance: my_niosv|my_niosv|rst_controller ;
+-------------------+-------+------+-------------------------------------+--------------------------------+
; Assignment        ; Value ; From ; To                                  ; Source Location                ;
+-------------------+-------+------+-------------------------------------+--------------------------------+
; PRESERVE_REGISTER ; ON    ; -    ; altera_reset_synchronizer_int_chain ; altera_reset_controller.v:140  ;
+-------------------+-------+------+-------------------------------------+--------------------------------+
All Instances:
my_niosv|my_niosv|rst_controller



+-------------------------------------------------------------------------------------------------------------+
; Source Assignments for User Entity altera_reset_controller_3 Instance: my_niosv|my_niosv|rst_controller_001 ;
+-------------------+-------+------+-------------------------------------+------------------------------------+
; Assignment        ; Value ; From ; To                                  ; Source Location                    ;
+-------------------+-------+------+-------------------------------------+------------------------------------+
; PRESERVE_REGISTER ; ON    ; -    ; altera_reset_synchronizer_int_chain ; altera_reset_controller.v:140      ;
+-------------------+-------+------+-------------------------------------+------------------------------------+
All Instances:
my_niosv|my_niosv|rst_controller_001



+-------------------------------------------------------------------------------------+
; Parameter Settings for User Entity altera_reset_controller Instance: rst_controller ;
+---------------------------+----------+----------------------------------------------+
; Parameter Name            ; Value    ; Type                                         ;
+---------------------------+----------+----------------------------------------------+
; ADAPT_RESET_REQUEST       ; 0        ; Signed Integer                               ;
; MIN_RST_ASSERTION_TIME    ; 3        ; Signed Integer                               ;
; NUM_RESET_INPUTS          ; 1        ; Signed Integer                               ;
; OUTPUT_RESET_SYNC_EDGES   ; deassert ; String                                       ;
; RESET_REQUEST_PRESENT     ; 1        ; Signed Integer                               ;
; RESET_REQ_EARLY_DSRT_TIME ; 1        ; Signed Integer                               ;
; RESET_REQ_WAIT_TIME       ; 1        ; Signed Integer                               ;
; SYNC_DEPTH                ; 2        ; Signed Integer                               ;
; USE_RESET_REQUEST_IN0     ; 0        ; Signed Integer                               ;
; USE_RESET_REQUEST_IN1     ; 0        ; Signed Integer                               ;
; USE_RESET_REQUEST_IN10    ; 0        ; Signed Integer                               ;
; USE_RESET_REQUEST_IN11    ; 0        ; Signed Integer                               ;
; USE_RESET_REQUEST_IN12    ; 0        ; Signed Integer                               ;
; USE_RESET_REQUEST_IN13    ; 0        ; Signed Integer                               ;
; USE_RESET_REQUEST_IN14    ; 0        ; Signed Integer                               ;
; USE_RESET_REQUEST_IN15    ; 0        ; Signed Integer                               ;
; USE_RESET_REQUEST_IN2     ; 0        ; Signed Integer                               ;
; USE_RESET_REQUEST_IN3     ; 0        ; Signed Integer                               ;
; USE_RESET_REQUEST_IN4     ; 0        ; Signed Integer                               ;
; USE_RESET_REQUEST_IN5     ; 0        ; Signed Integer                               ;
; USE_RESET_REQUEST_IN6     ; 0        ; Signed Integer                               ;
; USE_RESET_REQUEST_IN7     ; 0        ; Signed Integer                               ;
; USE_RESET_REQUEST_IN8     ; 0        ; Signed Integer                               ;
; USE_RESET_REQUEST_IN9     ; 0        ; Signed Integer                               ;
+---------------------------+----------+----------------------------------------------+
All Instances:
rst_controller



+-------------------------------------------------------------------------------------------+
; Parameter Settings for User Entity altera_reset_controller_1 Instance: rst_controller_001 ;
+---------------------------+-------+-------------------------------------------------------+
; Parameter Name            ; Value ; Type                                                  ;
+---------------------------+-------+-------------------------------------------------------+
; ADAPT_RESET_REQUEST       ; 0     ; Signed Integer                                        ;
; MIN_RST_ASSERTION_TIME    ; 3     ; Signed Integer                                        ;
; NUM_RESET_INPUTS          ; 1     ; Signed Integer                                        ;
; OUTPUT_RESET_SYNC_EDGES   ; both  ; String                                                ;
; RESET_REQUEST_PRESENT     ; 0     ; Signed Integer                                        ;
; RESET_REQ_EARLY_DSRT_TIME ; 1     ; Signed Integer                                        ;
; RESET_REQ_WAIT_TIME       ; 1     ; Signed Integer                                        ;
; SYNC_DEPTH                ; 2     ; Signed Integer                                        ;
; USE_RESET_REQUEST_IN0     ; 0     ; Signed Integer                                        ;
; USE_RESET_REQUEST_IN1     ; 0     ; Signed Integer                                        ;
; USE_RESET_REQUEST_IN10    ; 0     ; Signed Integer                                        ;
; USE_RESET_REQUEST_IN11    ; 0     ; Signed Integer                                        ;
; USE_RESET_REQUEST_IN12    ; 0     ; Signed Integer                                        ;
; USE_RESET_REQUEST_IN13    ; 0     ; Signed Integer                                        ;
; USE_RESET_REQUEST_IN14    ; 0     ; Signed Integer                                        ;
; USE_RESET_REQUEST_IN15    ; 0     ; Signed Integer                                        ;
; USE_RESET_REQUEST_IN2     ; 0     ; Signed Integer                                        ;
; USE_RESET_REQUEST_IN3     ; 0     ; Signed Integer                                        ;
; USE_RESET_REQUEST_IN4     ; 0     ; Signed Integer                                        ;
; USE_RESET_REQUEST_IN5     ; 0     ; Signed Integer                                        ;
; USE_RESET_REQUEST_IN6     ; 0     ; Signed Integer                                        ;
; USE_RESET_REQUEST_IN7     ; 0     ; Signed Integer                                        ;
; USE_RESET_REQUEST_IN8     ; 0     ; Signed Integer                                        ;
; USE_RESET_REQUEST_IN9     ; 0     ; Signed Integer                                        ;
+---------------------------+-------+-------------------------------------------------------+
All Instances:
rst_controller_001



+----------------------------------------------------------------------------------+
; Parameter Settings for User Entity altera_avalon_jtag_uart Instance: debug|debug ;
+----------------------------+-------+---------------------------------------------+
; Parameter Name             ; Value ; Type                                        ;
+----------------------------+-------+---------------------------------------------+
; FIFO_WIDTH                 ; 8     ; Signed Integer                              ;
; HEX_READ_DEPTH_STR         ; 64    ; Signed Integer                              ;
; HEX_WRITE_DEPTH_STR        ; 64    ; Signed Integer                              ;
; RD_WIDTHU                  ; 6     ; Signed Integer                              ;
; WR_WIDTHU                  ; 6     ; Signed Integer                              ;
; legacySignalAllow          ; 0     ; Signed Integer                              ;
; printingMethod             ; 0     ; Signed Integer                              ;
; readBufferDepth            ; 64    ; Signed Integer                              ;
; readIRQThreshold           ; 8     ; Signed Integer                              ;
; read_le                    ; ON    ; String                                      ;
; useRegistersForReadBuffer  ; 0     ; Signed Integer                              ;
; useRegistersForWriteBuffer ; 0     ; Signed Integer                              ;
; writeBufferDepth           ; 64    ; Signed Integer                              ;
; writeIRQThreshold          ; 8     ; Signed Integer                              ;
; write_le                   ; ON    ; String                                      ;
+----------------------------+-------+---------------------------------------------+
All Instances:
debug|debug



+--------------------------------------------------------------------------------------------------------------------------------------+
; Parameter Settings for User Entity niosv_intel_onchip_memory_0_intel_onchip_memory_1410_tz44c5y Instance: sram|intel_onchip_memory_0 ;
+----------------+-------------------------------------------------------+-------------------------------------------------------------+
; Parameter Name ; Value                                                 ; Type                                                        ;
+----------------+-------------------------------------------------------+-------------------------------------------------------------+
; INIT_FILE      ; niosv_intel_onchip_memory_0_intel_onchip_memory_0.hex ; String                                                      ;
; deviceFamily   ; Agilex 5                                              ; String                                                      ;
+----------------+-------------------------------------------------------+-------------------------------------------------------------+
All Instances:
sram|intel_onchip_memory_0



+----------------------------------------------------------------------------------------------------------------------------------------------------+
; Parameter Settings for User Entity niosv_altera_merlin_slave_translator_191_xg7rzxi Instance: mm_interconnect_0|debug_avalon_jtag_slave_translator ;
+--------------------------------+-------+-----------------------------------------------------------------------------------------------------------+
; Parameter Name                 ; Value ; Type                                                                                                      ;
+--------------------------------+-------+-----------------------------------------------------------------------------------------------------------+
; AV_ADDRESS_SYMBOLS             ; 0     ; Signed Integer                                                                                            ;
; AV_ADDRESS_W                   ; 1     ; Signed Integer                                                                                            ;
; AV_BURSTCOUNT_SYMBOLS          ; 0     ; Signed Integer                                                                                            ;
; AV_BURSTCOUNT_W                ; 1     ; Signed Integer                                                                                            ;
; AV_BYTEENABLE_W                ; 1     ; Signed Integer                                                                                            ;
; AV_CONSTANT_BURST_BEHAVIOR     ; 0     ; Signed Integer                                                                                            ;
; AV_DATA_HOLD_CYCLES            ; 0     ; Signed Integer                                                                                            ;
; AV_DATA_W                      ; 32    ; Signed Integer                                                                                            ;
; AV_READLATENCY                 ; 0     ; Signed Integer                                                                                            ;
; AV_READ_WAIT_CYCLES            ; 1     ; Signed Integer                                                                                            ;
; AV_REQUIRE_UNALIGNED_ADDRESSES ; 0     ; Signed Integer                                                                                            ;
; AV_SETUP_WAIT_CYCLES           ; 0     ; Signed Integer                                                                                            ;
; AV_SYMBOLS_PER_WORD            ; 4     ; Signed Integer                                                                                            ;
; AV_WRITE_WAIT_CYCLES           ; 0     ; Signed Integer                                                                                            ;
; BITS_PER_WORD                  ; 2     ; Signed Integer                                                                                            ;
; CHIPSELECT_THROUGH_READLATENCY ; 0     ; Signed Integer                                                                                            ;
; SYNC_RESET                     ; 1     ; Signed Integer                                                                                            ;
; UAV_ADDRESS_W                  ; 32    ; Signed Integer                                                                                            ;
; UAV_BURSTCOUNT_W               ; 3     ; Signed Integer                                                                                            ;
; UAV_BYTEENABLE_W               ; 4     ; Signed Integer                                                                                            ;
; UAV_CONSTANT_BURST_BEHAVIOR    ; 0     ; Signed Integer                                                                                            ;
; UAV_DATA_W                     ; 32    ; Signed Integer                                                                                            ;
; USE_READDATAVALID              ; 0     ; Signed Integer                                                                                            ;
; USE_READRESPONSE               ; 0     ; Signed Integer                                                                                            ;
; USE_UAV_CLKEN                  ; 0     ; Signed Integer                                                                                            ;
; USE_WAITREQUEST                ; 1     ; Signed Integer                                                                                            ;
; USE_WRITERESPONSE              ; 0     ; Signed Integer                                                                                            ;
; WAITREQUEST_ALLOWANCE          ; 0     ; Signed Integer                                                                                            ;
+--------------------------------+-------+-----------------------------------------------------------------------------------------------------------+
All Instances:
mm_interconnect_0|debug_avalon_jtag_slave_translator



+------------------------------------------------------------------------------------------------------------------------------------------------+
; Parameter Settings for User Entity niosv_altera_merlin_slave_translator_191_xg7rzxi_1 Instance: mm_interconnect_0|my_niosv_dm_agent_translator ;
+--------------------------------+-------+-------------------------------------------------------------------------------------------------------+
; Parameter Name                 ; Value ; Type                                                                                                  ;
+--------------------------------+-------+-------------------------------------------------------------------------------------------------------+
; AV_ADDRESS_SYMBOLS             ; 1     ; Signed Integer                                                                                        ;
; AV_ADDRESS_W                   ; 16    ; Signed Integer                                                                                        ;
; AV_BURSTCOUNT_SYMBOLS          ; 0     ; Signed Integer                                                                                        ;
; AV_BURSTCOUNT_W                ; 1     ; Signed Integer                                                                                        ;
; AV_BYTEENABLE_W                ; 4     ; Signed Integer                                                                                        ;
; AV_CONSTANT_BURST_BEHAVIOR     ; 0     ; Signed Integer                                                                                        ;
; AV_DATA_HOLD_CYCLES            ; 0     ; Signed Integer                                                                                        ;
; AV_DATA_W                      ; 32    ; Signed Integer                                                                                        ;
; AV_READLATENCY                 ; 0     ; Signed Integer                                                                                        ;
; AV_READ_WAIT_CYCLES            ; 1     ; Signed Integer                                                                                        ;
; AV_REQUIRE_UNALIGNED_ADDRESSES ; 0     ; Signed Integer                                                                                        ;
; AV_SETUP_WAIT_CYCLES           ; 0     ; Signed Integer                                                                                        ;
; AV_SYMBOLS_PER_WORD            ; 4     ; Signed Integer                                                                                        ;
; AV_WRITE_WAIT_CYCLES           ; 0     ; Signed Integer                                                                                        ;
; BITS_PER_WORD                  ; 2     ; Signed Integer                                                                                        ;
; CHIPSELECT_THROUGH_READLATENCY ; 0     ; Signed Integer                                                                                        ;
; SYNC_RESET                     ; 1     ; Signed Integer                                                                                        ;
; UAV_ADDRESS_W                  ; 32    ; Signed Integer                                                                                        ;
; UAV_BURSTCOUNT_W               ; 3     ; Signed Integer                                                                                        ;
; UAV_BYTEENABLE_W               ; 4     ; Signed Integer                                                                                        ;
; UAV_CONSTANT_BURST_BEHAVIOR    ; 0     ; Signed Integer                                                                                        ;
; UAV_DATA_W                     ; 32    ; Signed Integer                                                                                        ;
; USE_READDATAVALID              ; 1     ; Signed Integer                                                                                        ;
; USE_READRESPONSE               ; 0     ; Signed Integer                                                                                        ;
; USE_UAV_CLKEN                  ; 0     ; Signed Integer                                                                                        ;
; USE_WAITREQUEST                ; 1     ; Signed Integer                                                                                        ;
; USE_WRITERESPONSE              ; 0     ; Signed Integer                                                                                        ;
; WAITREQUEST_ALLOWANCE          ; 0     ; Signed Integer                                                                                        ;
+--------------------------------+-------+-------------------------------------------------------------------------------------------------------+
All Instances:
mm_interconnect_0|my_niosv_dm_agent_translator



+--------------------------------------------------------------------------------------------------------------------------------------+
; Parameter Settings for User Entity niosv_altera_merlin_slave_translator_191_xg7rzxi_2 Instance: mm_interconnect_0|sram_s1_translator ;
+--------------------------------+-------+---------------------------------------------------------------------------------------------+
; Parameter Name                 ; Value ; Type                                                                                        ;
+--------------------------------+-------+---------------------------------------------------------------------------------------------+
; AV_ADDRESS_SYMBOLS             ; 0     ; Signed Integer                                                                              ;
; AV_ADDRESS_W                   ; 15    ; Signed Integer                                                                              ;
; AV_BURSTCOUNT_SYMBOLS          ; 0     ; Signed Integer                                                                              ;
; AV_BURSTCOUNT_W                ; 1     ; Signed Integer                                                                              ;
; AV_BYTEENABLE_W                ; 4     ; Signed Integer                                                                              ;
; AV_CONSTANT_BURST_BEHAVIOR     ; 0     ; Signed Integer                                                                              ;
; AV_DATA_HOLD_CYCLES            ; 0     ; Signed Integer                                                                              ;
; AV_DATA_W                      ; 32    ; Signed Integer                                                                              ;
; AV_READLATENCY                 ; 1     ; Signed Integer                                                                              ;
; AV_READ_WAIT_CYCLES            ; 0     ; Signed Integer                                                                              ;
; AV_REQUIRE_UNALIGNED_ADDRESSES ; 0     ; Signed Integer                                                                              ;
; AV_SETUP_WAIT_CYCLES           ; 0     ; Signed Integer                                                                              ;
; AV_SYMBOLS_PER_WORD            ; 4     ; Signed Integer                                                                              ;
; AV_WRITE_WAIT_CYCLES           ; 0     ; Signed Integer                                                                              ;
; BITS_PER_WORD                  ; 2     ; Signed Integer                                                                              ;
; CHIPSELECT_THROUGH_READLATENCY ; 0     ; Signed Integer                                                                              ;
; SYNC_RESET                     ; 1     ; Signed Integer                                                                              ;
; UAV_ADDRESS_W                  ; 32    ; Signed Integer                                                                              ;
; UAV_BURSTCOUNT_W               ; 3     ; Signed Integer                                                                              ;
; UAV_BYTEENABLE_W               ; 4     ; Signed Integer                                                                              ;
; UAV_CONSTANT_BURST_BEHAVIOR    ; 0     ; Signed Integer                                                                              ;
; UAV_DATA_W                     ; 32    ; Signed Integer                                                                              ;
; USE_READDATAVALID              ; 0     ; Signed Integer                                                                              ;
; USE_READRESPONSE               ; 0     ; Signed Integer                                                                              ;
; USE_UAV_CLKEN                  ; 0     ; Signed Integer                                                                              ;
; USE_WAITREQUEST                ; 0     ; Signed Integer                                                                              ;
; USE_WRITERESPONSE              ; 0     ; Signed Integer                                                                              ;
; WAITREQUEST_ALLOWANCE          ; 0     ; Signed Integer                                                                              ;
+--------------------------------+-------+---------------------------------------------------------------------------------------------+
All Instances:
mm_interconnect_0|sram_s1_translator



+------------------------------------------------------------------------------------------------------------------------------------------------------+
; Parameter Settings for User Entity niosv_altera_merlin_slave_translator_191_xg7rzxi_3 Instance: mm_interconnect_0|my_niosv_timer_sw_agent_translator ;
+--------------------------------+-------+-------------------------------------------------------------------------------------------------------------+
; Parameter Name                 ; Value ; Type                                                                                                        ;
+--------------------------------+-------+-------------------------------------------------------------------------------------------------------------+
; AV_ADDRESS_SYMBOLS             ; 1     ; Signed Integer                                                                                              ;
; AV_ADDRESS_W                   ; 6     ; Signed Integer                                                                                              ;
; AV_BURSTCOUNT_SYMBOLS          ; 0     ; Signed Integer                                                                                              ;
; AV_BURSTCOUNT_W                ; 1     ; Signed Integer                                                                                              ;
; AV_BYTEENABLE_W                ; 4     ; Signed Integer                                                                                              ;
; AV_CONSTANT_BURST_BEHAVIOR     ; 0     ; Signed Integer                                                                                              ;
; AV_DATA_HOLD_CYCLES            ; 0     ; Signed Integer                                                                                              ;
; AV_DATA_W                      ; 32    ; Signed Integer                                                                                              ;
; AV_READLATENCY                 ; 0     ; Signed Integer                                                                                              ;
; AV_READ_WAIT_CYCLES            ; 1     ; Signed Integer                                                                                              ;
; AV_REQUIRE_UNALIGNED_ADDRESSES ; 0     ; Signed Integer                                                                                              ;
; AV_SETUP_WAIT_CYCLES           ; 0     ; Signed Integer                                                                                              ;
; AV_SYMBOLS_PER_WORD            ; 4     ; Signed Integer                                                                                              ;
; AV_WRITE_WAIT_CYCLES           ; 0     ; Signed Integer                                                                                              ;
; BITS_PER_WORD                  ; 2     ; Signed Integer                                                                                              ;
; CHIPSELECT_THROUGH_READLATENCY ; 0     ; Signed Integer                                                                                              ;
; SYNC_RESET                     ; 1     ; Signed Integer                                                                                              ;
; UAV_ADDRESS_W                  ; 32    ; Signed Integer                                                                                              ;
; UAV_BURSTCOUNT_W               ; 3     ; Signed Integer                                                                                              ;
; UAV_BYTEENABLE_W               ; 4     ; Signed Integer                                                                                              ;
; UAV_CONSTANT_BURST_BEHAVIOR    ; 0     ; Signed Integer                                                                                              ;
; UAV_DATA_W                     ; 32    ; Signed Integer                                                                                              ;
; USE_READDATAVALID              ; 1     ; Signed Integer                                                                                              ;
; USE_READRESPONSE               ; 0     ; Signed Integer                                                                                              ;
; USE_UAV_CLKEN                  ; 0     ; Signed Integer                                                                                              ;
; USE_WAITREQUEST                ; 1     ; Signed Integer                                                                                              ;
; USE_WRITERESPONSE              ; 0     ; Signed Integer                                                                                              ;
; WAITREQUEST_ALLOWANCE          ; 0     ; Signed Integer                                                                                              ;
+--------------------------------+-------+-------------------------------------------------------------------------------------------------------------+
All Instances:
mm_interconnect_0|my_niosv_timer_sw_agent_translator



+--------------------------------------------------------------------------------------------------------------------------------------------+
; Parameter Settings for User Entity niosv_altera_merlin_axi_master_ni_19112_2jrcixq Instance: mm_interconnect_0|my_niosv_data_manager_agent ;
+---------------------------+----------+-----------------------------------------------------------------------------------------------------+
; Parameter Name            ; Value    ; Type                                                                                                ;
+---------------------------+----------+-----------------------------------------------------------------------------------------------------+
; ACE5_LITE_SUPPORT         ; 0        ; Signed Integer                                                                                      ;
; ACE_LITE_SUPPORT          ; 0        ; Signed Integer                                                                                      ;
; ADDRCHK_WIDTH             ; 1        ; Signed Integer                                                                                      ;
; ADDR_USER_WIDTH           ; 1        ; Signed Integer                                                                                      ;
; ADDR_WIDTH                ; 32       ; Signed Integer                                                                                      ;
; AWSNOOP_WIDTH             ; 3        ; Signed Integer                                                                                      ;
; AXI_BURST_LENGTH_WIDTH    ; 4        ; Signed Integer                                                                                      ;
; AXI_LOCK_WIDTH            ; 2        ; Signed Integer                                                                                      ;
; AXI_VERSION               ; AXI4Lite ; String                                                                                              ;
; DATACHK_WIDTH             ; 4        ; Signed Integer                                                                                      ;
; DATA_USER_WIDTH           ; 1        ; Signed Integer                                                                                      ;
; ID                        ; 0        ; Signed Integer                                                                                      ;
; ID_WIDTH                  ; 1        ; Signed Integer                                                                                      ;
; PADDING_ZERO              ; -24      ; Untyped                                                                                             ;
; PARITY_ADDR_WIDTH         ; 8        ; Signed Integer                                                                                      ;
; PKT_ADDRCHK_H             ; 117      ; Signed Integer                                                                                      ;
; PKT_ADDRCHK_L             ; 116      ; Signed Integer                                                                                      ;
; PKT_ADDR_H                ; 67       ; Signed Integer                                                                                      ;
; PKT_ADDR_L                ; 36       ; Signed Integer                                                                                      ;
; PKT_ADDR_SIDEBAND_H       ; 83       ; Signed Integer                                                                                      ;
; PKT_ADDR_SIDEBAND_L       ; 83       ; Signed Integer                                                                                      ;
; PKT_ADDR_W                ; 32       ; Signed Integer                                                                                      ;
; PKT_ATRACE                ; 125      ; Signed Integer                                                                                      ;
; PKT_AWAKEUP               ; 127      ; Signed Integer                                                                                      ;
; PKT_AWATOP_H              ; 133      ; Signed Integer                                                                                      ;
; PKT_AWATOP_L              ; 128      ; Signed Integer                                                                                      ;
; PKT_AWSTASHLPIDEN         ; 151      ; Signed Integer                                                                                      ;
; PKT_AWSTASHLPID_H         ; 150      ; Signed Integer                                                                                      ;
; PKT_AWSTASHLPID_L         ; 146      ; Signed Integer                                                                                      ;
; PKT_AWSTASHNIDEN          ; 145      ; Signed Integer                                                                                      ;
; PKT_AWSTASHNID_H          ; 144      ; Signed Integer                                                                                      ;
; PKT_AWSTASHNID_L          ; 134      ; Signed Integer                                                                                      ;
; PKT_BARRIER_H             ; 105      ; Signed Integer                                                                                      ;
; PKT_BARRIER_L             ; 104      ; Signed Integer                                                                                      ;
; PKT_BEGIN_BURST           ; 85       ; Signed Integer                                                                                      ;
; PKT_BURSTWRAP_H           ; 77       ; Signed Integer                                                                                      ;
; PKT_BURSTWRAP_L           ; 77       ; Signed Integer                                                                                      ;
; PKT_BURSTWRAP_W           ; 1        ; Signed Integer                                                                                      ;
; PKT_BURST_SIZE_H          ; 80       ; Signed Integer                                                                                      ;
; PKT_BURST_SIZE_L          ; 78       ; Signed Integer                                                                                      ;
; PKT_BURST_TYPE_H          ; 82       ; Signed Integer                                                                                      ;
; PKT_BURST_TYPE_L          ; 81       ; Signed Integer                                                                                      ;
; PKT_BYTEEN_H              ; 35       ; Signed Integer                                                                                      ;
; PKT_BYTEEN_L              ; 32       ; Signed Integer                                                                                      ;
; PKT_BYTEEN_W              ; 4        ; Signed Integer                                                                                      ;
; PKT_BYTE_CNT_H            ; 76       ; Signed Integer                                                                                      ;
; PKT_BYTE_CNT_L            ; 74       ; Signed Integer                                                                                      ;
; PKT_BYTE_CNT_W            ; 3        ; Signed Integer                                                                                      ;
; PKT_CACHE_H               ; 98       ; Signed Integer                                                                                      ;
; PKT_CACHE_L               ; 95       ; Signed Integer                                                                                      ;
; PKT_DATACHK_H             ; 114      ; Signed Integer                                                                                      ;
; PKT_DATACHK_L             ; 114      ; Signed Integer                                                                                      ;
; PKT_DATALESS              ; 154      ; Signed Integer                                                                                      ;
; PKT_DATA_H                ; 31       ; Signed Integer                                                                                      ;
; PKT_DATA_L                ; 0        ; Signed Integer                                                                                      ;
; PKT_DATA_SIDEBAND_H       ; 84       ; Signed Integer                                                                                      ;
; PKT_DATA_SIDEBAND_L       ; 84       ; Signed Integer                                                                                      ;
; PKT_DATA_W                ; 32       ; Signed Integer                                                                                      ;
; PKT_DEST_ID_H             ; 90       ; Signed Integer                                                                                      ;
; PKT_DEST_ID_L             ; 89       ; Signed Integer                                                                                      ;
; PKT_DEST_ID_W             ; 2        ; Signed Integer                                                                                      ;
; PKT_DOMAIN_H              ; 111      ; Signed Integer                                                                                      ;
; PKT_DOMAIN_L              ; 110      ; Signed Integer                                                                                      ;
; PKT_EOP_OOO               ; 119      ; Signed Integer                                                                                      ;
; PKT_MMUSECSID             ; 153      ; Signed Integer                                                                                      ;
; PKT_MMUSID_H              ; 152      ; Signed Integer                                                                                      ;
; PKT_MMUSID_L              ; 152      ; Signed Integer                                                                                      ;
; PKT_ORI_BURST_SIZE_H      ; 103      ; Signed Integer                                                                                      ;
; PKT_ORI_BURST_SIZE_L      ; 101      ; Signed Integer                                                                                      ;
; PKT_POISON_H              ; 113      ; Signed Integer                                                                                      ;
; PKT_POISON_L              ; 113      ; Signed Integer                                                                                      ;
; PKT_PROTECTION_H          ; 94       ; Signed Integer                                                                                      ;
; PKT_PROTECTION_L          ; 92       ; Signed Integer                                                                                      ;
; PKT_QOS_H                 ; 86       ; Signed Integer                                                                                      ;
; PKT_QOS_L                 ; 86       ; Signed Integer                                                                                      ;
; PKT_RESPONSE_STATUS_H     ; 100      ; Signed Integer                                                                                      ;
; PKT_RESPONSE_STATUS_L     ; 99       ; Signed Integer                                                                                      ;
; PKT_SAI_H                 ; 118      ; Signed Integer                                                                                      ;
; PKT_SAI_L                 ; 118      ; Signed Integer                                                                                      ;
; PKT_SNOOP_H               ; 109      ; Signed Integer                                                                                      ;
; PKT_SNOOP_L               ; 106      ; Signed Integer                                                                                      ;
; PKT_SOP_OOO               ; 120      ; Signed Integer                                                                                      ;
; PKT_SRC_ID_H              ; 88       ; Signed Integer                                                                                      ;
; PKT_SRC_ID_L              ; 87       ; Signed Integer                                                                                      ;
; PKT_SRC_ID_W              ; 2        ; Signed Integer                                                                                      ;
; PKT_THREAD_ID_H           ; 91       ; Signed Integer                                                                                      ;
; PKT_THREAD_ID_L           ; 91       ; Signed Integer                                                                                      ;
; PKT_TRACE                 ; 126      ; Signed Integer                                                                                      ;
; PKT_TRANS_COMPRESSED_READ ; 68       ; Signed Integer                                                                                      ;
; PKT_TRANS_EXCLUSIVE       ; 73       ; Signed Integer                                                                                      ;
; PKT_TRANS_LOCK            ; 72       ; Signed Integer                                                                                      ;
; PKT_TRANS_POSTED          ; 69       ; Signed Integer                                                                                      ;
; PKT_TRANS_READ            ; 71       ; Signed Integer                                                                                      ;
; PKT_TRANS_WRITE           ; 70       ; Signed Integer                                                                                      ;
; PKT_USER_DATA_H           ; 115      ; Signed Integer                                                                                      ;
; PKT_USER_DATA_L           ; 115      ; Signed Integer                                                                                      ;
; PKT_WUNIQUE               ; 112      ; Signed Integer                                                                                      ;
; POISON_WIDTH              ; 1        ; Signed Integer                                                                                      ;
; RDATA_WIDTH               ; 32       ; Signed Integer                                                                                      ;
; READ_ISSUING_CAPABILITY   ; 1        ; Signed Integer                                                                                      ;
; RESP_USER_WIDTH           ; 1        ; Signed Integer                                                                                      ;
; ROLE_BASED_USER           ; 0        ; Signed Integer                                                                                      ;
; SAI_WIDTH                 ; 1        ; Signed Integer                                                                                      ;
; SID_WIDTH                 ; 1        ; Signed Integer                                                                                      ;
; SKIP_USER_ADDRCHK_CAL     ; 1        ; Unsigned Binary                                                                                     ;
; ST_CHANNEL_W              ; 4        ; Signed Integer                                                                                      ;
; ST_DATA_W                 ; 155      ; Signed Integer                                                                                      ;
; SYNC_RESET                ; 1        ; Signed Integer                                                                                      ;
; USER_DATA_WIDTH           ; 1        ; Signed Integer                                                                                      ;
; USE_PKT_ADDRCHK           ; 0        ; Signed Integer                                                                                      ;
; USE_PKT_DATACHK           ; 0        ; Signed Integer                                                                                      ;
; WDATA_WIDTH               ; 32       ; Signed Integer                                                                                      ;
; WRITE_ISSUING_CAPABILITY  ; 1        ; Signed Integer                                                                                      ;
+---------------------------+----------+-----------------------------------------------------------------------------------------------------+
All Instances:
mm_interconnect_0|my_niosv_data_manager_agent



+-----------------------------------------------------------------------------------------------------------------------------------------------------+
; Parameter Settings for User Entity niosv_altera_merlin_axi_master_ni_19112_2jrcixq_1 Instance: mm_interconnect_0|my_niosv_instruction_manager_agent ;
+---------------------------+----------+--------------------------------------------------------------------------------------------------------------+
; Parameter Name            ; Value    ; Type                                                                                                         ;
+---------------------------+----------+--------------------------------------------------------------------------------------------------------------+
; ACE5_LITE_SUPPORT         ; 0        ; Signed Integer                                                                                               ;
; ACE_LITE_SUPPORT          ; 0        ; Signed Integer                                                                                               ;
; ADDRCHK_WIDTH             ; 1        ; Signed Integer                                                                                               ;
; ADDR_USER_WIDTH           ; 1        ; Signed Integer                                                                                               ;
; ADDR_WIDTH                ; 32       ; Signed Integer                                                                                               ;
; AWSNOOP_WIDTH             ; 3        ; Signed Integer                                                                                               ;
; AXI_BURST_LENGTH_WIDTH    ; 4        ; Signed Integer                                                                                               ;
; AXI_LOCK_WIDTH            ; 2        ; Signed Integer                                                                                               ;
; AXI_VERSION               ; AXI4Lite ; String                                                                                                       ;
; DATACHK_WIDTH             ; 4        ; Signed Integer                                                                                               ;
; DATA_USER_WIDTH           ; 1        ; Signed Integer                                                                                               ;
; ID                        ; 1        ; Signed Integer                                                                                               ;
; ID_WIDTH                  ; 1        ; Signed Integer                                                                                               ;
; PADDING_ZERO              ; -24      ; Untyped                                                                                                      ;
; PARITY_ADDR_WIDTH         ; 8        ; Signed Integer                                                                                               ;
; PKT_ADDRCHK_H             ; 117      ; Signed Integer                                                                                               ;
; PKT_ADDRCHK_L             ; 116      ; Signed Integer                                                                                               ;
; PKT_ADDR_H                ; 67       ; Signed Integer                                                                                               ;
; PKT_ADDR_L                ; 36       ; Signed Integer                                                                                               ;
; PKT_ADDR_SIDEBAND_H       ; 83       ; Signed Integer                                                                                               ;
; PKT_ADDR_SIDEBAND_L       ; 83       ; Signed Integer                                                                                               ;
; PKT_ADDR_W                ; 32       ; Signed Integer                                                                                               ;
; PKT_ATRACE                ; 125      ; Signed Integer                                                                                               ;
; PKT_AWAKEUP               ; 127      ; Signed Integer                                                                                               ;
; PKT_AWATOP_H              ; 133      ; Signed Integer                                                                                               ;
; PKT_AWATOP_L              ; 128      ; Signed Integer                                                                                               ;
; PKT_AWSTASHLPIDEN         ; 151      ; Signed Integer                                                                                               ;
; PKT_AWSTASHLPID_H         ; 150      ; Signed Integer                                                                                               ;
; PKT_AWSTASHLPID_L         ; 146      ; Signed Integer                                                                                               ;
; PKT_AWSTASHNIDEN          ; 145      ; Signed Integer                                                                                               ;
; PKT_AWSTASHNID_H          ; 144      ; Signed Integer                                                                                               ;
; PKT_AWSTASHNID_L          ; 134      ; Signed Integer                                                                                               ;
; PKT_BARRIER_H             ; 105      ; Signed Integer                                                                                               ;
; PKT_BARRIER_L             ; 104      ; Signed Integer                                                                                               ;
; PKT_BEGIN_BURST           ; 85       ; Signed Integer                                                                                               ;
; PKT_BURSTWRAP_H           ; 77       ; Signed Integer                                                                                               ;
; PKT_BURSTWRAP_L           ; 77       ; Signed Integer                                                                                               ;
; PKT_BURSTWRAP_W           ; 1        ; Signed Integer                                                                                               ;
; PKT_BURST_SIZE_H          ; 80       ; Signed Integer                                                                                               ;
; PKT_BURST_SIZE_L          ; 78       ; Signed Integer                                                                                               ;
; PKT_BURST_TYPE_H          ; 82       ; Signed Integer                                                                                               ;
; PKT_BURST_TYPE_L          ; 81       ; Signed Integer                                                                                               ;
; PKT_BYTEEN_H              ; 35       ; Signed Integer                                                                                               ;
; PKT_BYTEEN_L              ; 32       ; Signed Integer                                                                                               ;
; PKT_BYTEEN_W              ; 4        ; Signed Integer                                                                                               ;
; PKT_BYTE_CNT_H            ; 76       ; Signed Integer                                                                                               ;
; PKT_BYTE_CNT_L            ; 74       ; Signed Integer                                                                                               ;
; PKT_BYTE_CNT_W            ; 3        ; Signed Integer                                                                                               ;
; PKT_CACHE_H               ; 98       ; Signed Integer                                                                                               ;
; PKT_CACHE_L               ; 95       ; Signed Integer                                                                                               ;
; PKT_DATACHK_H             ; 114      ; Signed Integer                                                                                               ;
; PKT_DATACHK_L             ; 114      ; Signed Integer                                                                                               ;
; PKT_DATALESS              ; 154      ; Signed Integer                                                                                               ;
; PKT_DATA_H                ; 31       ; Signed Integer                                                                                               ;
; PKT_DATA_L                ; 0        ; Signed Integer                                                                                               ;
; PKT_DATA_SIDEBAND_H       ; 84       ; Signed Integer                                                                                               ;
; PKT_DATA_SIDEBAND_L       ; 84       ; Signed Integer                                                                                               ;
; PKT_DATA_W                ; 32       ; Signed Integer                                                                                               ;
; PKT_DEST_ID_H             ; 90       ; Signed Integer                                                                                               ;
; PKT_DEST_ID_L             ; 89       ; Signed Integer                                                                                               ;
; PKT_DEST_ID_W             ; 2        ; Signed Integer                                                                                               ;
; PKT_DOMAIN_H              ; 111      ; Signed Integer                                                                                               ;
; PKT_DOMAIN_L              ; 110      ; Signed Integer                                                                                               ;
; PKT_EOP_OOO               ; 119      ; Signed Integer                                                                                               ;
; PKT_MMUSECSID             ; 153      ; Signed Integer                                                                                               ;
; PKT_MMUSID_H              ; 152      ; Signed Integer                                                                                               ;
; PKT_MMUSID_L              ; 152      ; Signed Integer                                                                                               ;
; PKT_ORI_BURST_SIZE_H      ; 103      ; Signed Integer                                                                                               ;
; PKT_ORI_BURST_SIZE_L      ; 101      ; Signed Integer                                                                                               ;
; PKT_POISON_H              ; 113      ; Signed Integer                                                                                               ;
; PKT_POISON_L              ; 113      ; Signed Integer                                                                                               ;
; PKT_PROTECTION_H          ; 94       ; Signed Integer                                                                                               ;
; PKT_PROTECTION_L          ; 92       ; Signed Integer                                                                                               ;
; PKT_QOS_H                 ; 86       ; Signed Integer                                                                                               ;
; PKT_QOS_L                 ; 86       ; Signed Integer                                                                                               ;
; PKT_RESPONSE_STATUS_H     ; 100      ; Signed Integer                                                                                               ;
; PKT_RESPONSE_STATUS_L     ; 99       ; Signed Integer                                                                                               ;
; PKT_SAI_H                 ; 118      ; Signed Integer                                                                                               ;
; PKT_SAI_L                 ; 118      ; Signed Integer                                                                                               ;
; PKT_SNOOP_H               ; 109      ; Signed Integer                                                                                               ;
; PKT_SNOOP_L               ; 106      ; Signed Integer                                                                                               ;
; PKT_SOP_OOO               ; 120      ; Signed Integer                                                                                               ;
; PKT_SRC_ID_H              ; 88       ; Signed Integer                                                                                               ;
; PKT_SRC_ID_L              ; 87       ; Signed Integer                                                                                               ;
; PKT_SRC_ID_W              ; 2        ; Signed Integer                                                                                               ;
; PKT_THREAD_ID_H           ; 91       ; Signed Integer                                                                                               ;
; PKT_THREAD_ID_L           ; 91       ; Signed Integer                                                                                               ;
; PKT_TRACE                 ; 126      ; Signed Integer                                                                                               ;
; PKT_TRANS_COMPRESSED_READ ; 68       ; Signed Integer                                                                                               ;
; PKT_TRANS_EXCLUSIVE       ; 73       ; Signed Integer                                                                                               ;
; PKT_TRANS_LOCK            ; 72       ; Signed Integer                                                                                               ;
; PKT_TRANS_POSTED          ; 69       ; Signed Integer                                                                                               ;
; PKT_TRANS_READ            ; 71       ; Signed Integer                                                                                               ;
; PKT_TRANS_WRITE           ; 70       ; Signed Integer                                                                                               ;
; PKT_USER_DATA_H           ; 115      ; Signed Integer                                                                                               ;
; PKT_USER_DATA_L           ; 115      ; Signed Integer                                                                                               ;
; PKT_WUNIQUE               ; 112      ; Signed Integer                                                                                               ;
; POISON_WIDTH              ; 1        ; Signed Integer                                                                                               ;
; RDATA_WIDTH               ; 32       ; Signed Integer                                                                                               ;
; READ_ISSUING_CAPABILITY   ; 8        ; Signed Integer                                                                                               ;
; RESP_USER_WIDTH           ; 1        ; Signed Integer                                                                                               ;
; ROLE_BASED_USER           ; 0        ; Signed Integer                                                                                               ;
; SAI_WIDTH                 ; 1        ; Signed Integer                                                                                               ;
; SID_WIDTH                 ; 1        ; Signed Integer                                                                                               ;
; SKIP_USER_ADDRCHK_CAL     ; 1        ; Unsigned Binary                                                                                              ;
; ST_CHANNEL_W              ; 4        ; Signed Integer                                                                                               ;
; ST_DATA_W                 ; 155      ; Signed Integer                                                                                               ;
; SYNC_RESET                ; 1        ; Signed Integer                                                                                               ;
; USER_DATA_WIDTH           ; 1        ; Signed Integer                                                                                               ;
; USE_PKT_ADDRCHK           ; 0        ; Signed Integer                                                                                               ;
; USE_PKT_DATACHK           ; 0        ; Signed Integer                                                                                               ;
; WDATA_WIDTH               ; 32       ; Signed Integer                                                                                               ;
; WRITE_ISSUING_CAPABILITY  ; 1        ; Signed Integer                                                                                               ;
+---------------------------+----------+--------------------------------------------------------------------------------------------------------------+
All Instances:
mm_interconnect_0|my_niosv_instruction_manager_agent



+-------------------------------------------------------------------------------------------------------------------------------------------+
; Parameter Settings for User Entity niosv_altera_merlin_slave_agent_1930_jxauz3i Instance: mm_interconnect_0|my_niosv_timer_sw_agent_agent ;
+---------------------------+-------+-------------------------------------------------------------------------------------------------------+
; Parameter Name            ; Value ; Type                                                                                                  ;
+---------------------------+-------+-------------------------------------------------------------------------------------------------------+
; ADDR_W                    ; 32    ; Signed Integer                                                                                        ;
; AVS_BE_W                  ; 4     ; Signed Integer                                                                                        ;
; AVS_BURSTCOUNT_W          ; 3     ; Signed Integer                                                                                        ;
; AVS_DATA_W                ; 32    ; Signed Integer                                                                                        ;
; BURST_SIZE_W              ; 3     ; Signed Integer                                                                                        ;
; ECC_ENABLE                ; 0     ; Signed Integer                                                                                        ;
; ENABLE_AXI5               ; 0     ; Signed Integer                                                                                        ;
; FIFO_DATA_W               ; 156   ; Signed Integer                                                                                        ;
; PKT_ADDRCHK_H             ; 117   ; Signed Integer                                                                                        ;
; PKT_ADDRCHK_L             ; 116   ; Signed Integer                                                                                        ;
; PKT_ADDR_H                ; 67    ; Signed Integer                                                                                        ;
; PKT_ADDR_L                ; 36    ; Signed Integer                                                                                        ;
; PKT_ATRACE                ; 125   ; Signed Integer                                                                                        ;
; PKT_AWAKEUP               ; 127   ; Signed Integer                                                                                        ;
; PKT_AWATOP_H              ; 133   ; Signed Integer                                                                                        ;
; PKT_AWATOP_L              ; 128   ; Signed Integer                                                                                        ;
; PKT_AWSTASHLPIDEN         ; 151   ; Signed Integer                                                                                        ;
; PKT_AWSTASHLPID_H         ; 150   ; Signed Integer                                                                                        ;
; PKT_AWSTASHLPID_L         ; 146   ; Signed Integer                                                                                        ;
; PKT_AWSTASHNIDEN          ; 145   ; Signed Integer                                                                                        ;
; PKT_AWSTASHNID_H          ; 144   ; Signed Integer                                                                                        ;
; PKT_AWSTASHNID_L          ; 134   ; Signed Integer                                                                                        ;
; PKT_BEGIN_BURST           ; 85    ; Signed Integer                                                                                        ;
; PKT_BURSTWRAP_H           ; 77    ; Signed Integer                                                                                        ;
; PKT_BURSTWRAP_L           ; 77    ; Signed Integer                                                                                        ;
; PKT_BURST_SIZE_H          ; 80    ; Signed Integer                                                                                        ;
; PKT_BURST_SIZE_L          ; 78    ; Signed Integer                                                                                        ;
; PKT_BYTEEN_H              ; 35    ; Signed Integer                                                                                        ;
; PKT_BYTEEN_L              ; 32    ; Signed Integer                                                                                        ;
; PKT_BYTE_CNT_H            ; 76    ; Signed Integer                                                                                        ;
; PKT_BYTE_CNT_L            ; 74    ; Signed Integer                                                                                        ;
; PKT_DATACHK_H             ; 114   ; Signed Integer                                                                                        ;
; PKT_DATACHK_L             ; 114   ; Signed Integer                                                                                        ;
; PKT_DATALESS              ; 154   ; Signed Integer                                                                                        ;
; PKT_DATA_H                ; 31    ; Signed Integer                                                                                        ;
; PKT_DATA_L                ; 0     ; Signed Integer                                                                                        ;
; PKT_DEST_ID_H             ; 90    ; Signed Integer                                                                                        ;
; PKT_DEST_ID_L             ; 89    ; Signed Integer                                                                                        ;
; PKT_MMUSECSID             ; 153   ; Signed Integer                                                                                        ;
; PKT_MMUSID_H              ; 152   ; Signed Integer                                                                                        ;
; PKT_MMUSID_L              ; 152   ; Signed Integer                                                                                        ;
; PKT_ORI_BURST_SIZE_H      ; 103   ; Signed Integer                                                                                        ;
; PKT_ORI_BURST_SIZE_L      ; 101   ; Signed Integer                                                                                        ;
; PKT_POISON_H              ; 113   ; Signed Integer                                                                                        ;
; PKT_POISON_L              ; 113   ; Signed Integer                                                                                        ;
; PKT_PROTECTION_H          ; 94    ; Signed Integer                                                                                        ;
; PKT_PROTECTION_L          ; 92    ; Signed Integer                                                                                        ;
; PKT_RESPONSE_STATUS_H     ; 100   ; Signed Integer                                                                                        ;
; PKT_RESPONSE_STATUS_L     ; 99    ; Signed Integer                                                                                        ;
; PKT_SAI_H                 ; 118   ; Signed Integer                                                                                        ;
; PKT_SAI_L                 ; 118   ; Signed Integer                                                                                        ;
; PKT_SRC_ID_H              ; 88    ; Signed Integer                                                                                        ;
; PKT_SRC_ID_L              ; 87    ; Signed Integer                                                                                        ;
; PKT_SYMBOLS               ; 4     ; Signed Integer                                                                                        ;
; PKT_SYMBOL_W              ; 8     ; Signed Integer                                                                                        ;
; PKT_TRACE                 ; 126   ; Signed Integer                                                                                        ;
; PKT_TRANS_COMPRESSED_READ ; 68    ; Signed Integer                                                                                        ;
; PKT_TRANS_LOCK            ; 72    ; Signed Integer                                                                                        ;
; PKT_TRANS_POSTED          ; 69    ; Signed Integer                                                                                        ;
; PKT_TRANS_READ            ; 71    ; Signed Integer                                                                                        ;
; PKT_TRANS_WRITE           ; 70    ; Signed Integer                                                                                        ;
; PKT_USER_DATA_H           ; 115   ; Signed Integer                                                                                        ;
; PKT_USER_DATA_L           ; 115   ; Signed Integer                                                                                        ;
; PREVENT_FIFO_OVERFLOW     ; 1     ; Signed Integer                                                                                        ;
; ROLE_BASED_USER           ; 0     ; Signed Integer                                                                                        ;
; ST_CHANNEL_W              ; 4     ; Signed Integer                                                                                        ;
; ST_DATA_W                 ; 155   ; Signed Integer                                                                                        ;
; SUPPRESS_0_BYTEEN_CMD     ; 1     ; Signed Integer                                                                                        ;
; SYNC_RESET                ; 1     ; Signed Integer                                                                                        ;
; USE_MEMORY_BLOCKS         ; 0     ; Signed Integer                                                                                        ;
; USE_PKT_DATACHK           ; 0     ; Signed Integer                                                                                        ;
; USE_READRESPONSE          ; 0     ; Signed Integer                                                                                        ;
; USE_WRITERESPONSE         ; 0     ; Signed Integer                                                                                        ;
+---------------------------+-------+-------------------------------------------------------------------------------------------------------+
All Instances:
mm_interconnect_0|debug_avalon_jtag_slave_agent
mm_interconnect_0|my_niosv_dm_agent_agent
mm_interconnect_0|sram_s1_agent
mm_interconnect_0|my_niosv_timer_sw_agent_agent



+------------------------------------------------------------------------------------------------------------------------------------------------+
; Parameter Settings for User Entity niosv_altera_avalon_sc_fifo_1932_22gxxgi Instance: mm_interconnect_0|my_niosv_timer_sw_agent_agent_rsp_fifo ;
+-----------------------+-------+----------------------------------------------------------------------------------------------------------------+
; Parameter Name        ; Value ; Type                                                                                                           ;
+-----------------------+-------+----------------------------------------------------------------------------------------------------------------+
; ALMOST_FULL_THRESHOLD ; 1     ; Signed Integer                                                                                                 ;
; BITS_PER_SYMBOL       ; 156   ; Signed Integer                                                                                                 ;
; CHANNEL_WIDTH         ; 0     ; Signed Integer                                                                                                 ;
; DATA_WIDTH            ; 156   ; Signed Integer                                                                                                 ;
; EMPTY_LATENCY         ; 1     ; Signed Integer                                                                                                 ;
; EMPTY_WIDTH           ; 1     ; Signed Integer                                                                                                 ;
; ERROR_WIDTH           ; 0     ; Signed Integer                                                                                                 ;
; FIFO_DEPTH            ; 2     ; Signed Integer                                                                                                 ;
; MEM_TYPE              ; M20K  ; String                                                                                                         ;
; SYMBOLS_PER_BEAT      ; 1     ; Signed Integer                                                                                                 ;
; SYNC_RESET            ; 1     ; Signed Integer                                                                                                 ;
; USE_ALMOST_EMPTY_IF   ; 0     ; Signed Integer                                                                                                 ;
; USE_ALMOST_FULL_IF    ; 0     ; Signed Integer                                                                                                 ;
; USE_FILL_LEVEL        ; 0     ; Signed Integer                                                                                                 ;
; USE_MEMORY_BLOCKS     ; 0     ; Signed Integer                                                                                                 ;
; USE_PACKETS           ; 1     ; Signed Integer                                                                                                 ;
; USE_STORE_FORWARD     ; 0     ; Signed Integer                                                                                                 ;
+-----------------------+-------+----------------------------------------------------------------------------------------------------------------+
All Instances:
mm_interconnect_0|debug_avalon_jtag_slave_agent_rsp_fifo
mm_interconnect_0|sram_s1_agent_rsp_fifo
mm_interconnect_0|my_niosv_timer_sw_agent_agent_rsp_fifo



+----------------------------------------------------------------------------------------------------------------------------------------------------+
; Parameter Settings for User Entity niosv_altera_avalon_sc_fifo_1932_22gxxgi_1 Instance: mm_interconnect_0|my_niosv_timer_sw_agent_agent_rdata_fifo ;
+-----------------------+-------+--------------------------------------------------------------------------------------------------------------------+
; Parameter Name        ; Value ; Type                                                                                                               ;
+-----------------------+-------+--------------------------------------------------------------------------------------------------------------------+
; ALMOST_FULL_THRESHOLD ; 1     ; Signed Integer                                                                                                     ;
; BITS_PER_SYMBOL       ; 34    ; Signed Integer                                                                                                     ;
; CHANNEL_WIDTH         ; 0     ; Signed Integer                                                                                                     ;
; DATA_WIDTH            ; 34    ; Signed Integer                                                                                                     ;
; EMPTY_LATENCY         ; 0     ; Signed Integer                                                                                                     ;
; EMPTY_WIDTH           ; 1     ; Signed Integer                                                                                                     ;
; ERROR_WIDTH           ; 0     ; Signed Integer                                                                                                     ;
; FIFO_DEPTH            ; 2     ; Signed Integer                                                                                                     ;
; MEM_TYPE              ; M20K  ; String                                                                                                             ;
; SYMBOLS_PER_BEAT      ; 1     ; Signed Integer                                                                                                     ;
; SYNC_RESET            ; 1     ; Signed Integer                                                                                                     ;
; USE_ALMOST_EMPTY_IF   ; 0     ; Signed Integer                                                                                                     ;
; USE_ALMOST_FULL_IF    ; 0     ; Signed Integer                                                                                                     ;
; USE_FILL_LEVEL        ; 0     ; Signed Integer                                                                                                     ;
; USE_MEMORY_BLOCKS     ; 0     ; Signed Integer                                                                                                     ;
; USE_PACKETS           ; 0     ; Signed Integer                                                                                                     ;
; USE_STORE_FORWARD     ; 0     ; Signed Integer                                                                                                     ;
+-----------------------+-------+--------------------------------------------------------------------------------------------------------------------+
All Instances:
mm_interconnect_0|debug_avalon_jtag_slave_agent_rdata_fifo
mm_interconnect_0|sram_s1_agent_rdata_fifo
mm_interconnect_0|my_niosv_timer_sw_agent_agent_rdata_fifo



+--------------------------------------------------------------------------------------------------------------------------------------------+
; Parameter Settings for User Entity niosv_altera_avalon_sc_fifo_1932_22gxxgi_2 Instance: mm_interconnect_0|my_niosv_dm_agent_agent_rsp_fifo ;
+-----------------------+-------+------------------------------------------------------------------------------------------------------------+
; Parameter Name        ; Value ; Type                                                                                                       ;
+-----------------------+-------+------------------------------------------------------------------------------------------------------------+
; ALMOST_FULL_THRESHOLD ; 2     ; Signed Integer                                                                                             ;
; BITS_PER_SYMBOL       ; 156   ; Signed Integer                                                                                             ;
; CHANNEL_WIDTH         ; 0     ; Signed Integer                                                                                             ;
; DATA_WIDTH            ; 156   ; Signed Integer                                                                                             ;
; EMPTY_LATENCY         ; 1     ; Signed Integer                                                                                             ;
; EMPTY_WIDTH           ; 1     ; Signed Integer                                                                                             ;
; ERROR_WIDTH           ; 0     ; Signed Integer                                                                                             ;
; FIFO_DEPTH            ; 3     ; Signed Integer                                                                                             ;
; MEM_TYPE              ; M20K  ; String                                                                                                     ;
; SYMBOLS_PER_BEAT      ; 1     ; Signed Integer                                                                                             ;
; SYNC_RESET            ; 1     ; Signed Integer                                                                                             ;
; USE_ALMOST_EMPTY_IF   ; 0     ; Signed Integer                                                                                             ;
; USE_ALMOST_FULL_IF    ; 0     ; Signed Integer                                                                                             ;
; USE_FILL_LEVEL        ; 0     ; Signed Integer                                                                                             ;
; USE_MEMORY_BLOCKS     ; 0     ; Signed Integer                                                                                             ;
; USE_PACKETS           ; 1     ; Signed Integer                                                                                             ;
; USE_STORE_FORWARD     ; 0     ; Signed Integer                                                                                             ;
+-----------------------+-------+------------------------------------------------------------------------------------------------------------+
All Instances:
mm_interconnect_0|my_niosv_dm_agent_agent_rsp_fifo



+----------------------------------------------------------------------------------------------------------------------------------------------+
; Parameter Settings for User Entity niosv_altera_avalon_sc_fifo_1932_22gxxgi_3 Instance: mm_interconnect_0|my_niosv_dm_agent_agent_rdata_fifo ;
+-----------------------+-------+--------------------------------------------------------------------------------------------------------------+
; Parameter Name        ; Value ; Type                                                                                                         ;
+-----------------------+-------+--------------------------------------------------------------------------------------------------------------+
; ALMOST_FULL_THRESHOLD ; 2     ; Signed Integer                                                                                               ;
; BITS_PER_SYMBOL       ; 34    ; Signed Integer                                                                                               ;
; CHANNEL_WIDTH         ; 0     ; Signed Integer                                                                                               ;
; DATA_WIDTH            ; 34    ; Signed Integer                                                                                               ;
; EMPTY_LATENCY         ; 0     ; Signed Integer                                                                                               ;
; EMPTY_WIDTH           ; 1     ; Signed Integer                                                                                               ;
; ERROR_WIDTH           ; 0     ; Signed Integer                                                                                               ;
; FIFO_DEPTH            ; 3     ; Signed Integer                                                                                               ;
; MEM_TYPE              ; M20K  ; String                                                                                                       ;
; SYMBOLS_PER_BEAT      ; 1     ; Signed Integer                                                                                               ;
; SYNC_RESET            ; 1     ; Signed Integer                                                                                               ;
; USE_ALMOST_EMPTY_IF   ; 0     ; Signed Integer                                                                                               ;
; USE_ALMOST_FULL_IF    ; 0     ; Signed Integer                                                                                               ;
; USE_FILL_LEVEL        ; 0     ; Signed Integer                                                                                               ;
; USE_MEMORY_BLOCKS     ; 0     ; Signed Integer                                                                                               ;
; USE_PACKETS           ; 0     ; Signed Integer                                                                                               ;
; USE_STORE_FORWARD     ; 0     ; Signed Integer                                                                                               ;
+-----------------------+-------+--------------------------------------------------------------------------------------------------------------+
All Instances:
mm_interconnect_0|my_niosv_dm_agent_agent_rdata_fifo



+---------------------------------------------------------------------------------------------------------------------------------------------------------+
; Parameter Settings for User Entity niosv_altera_merlin_traffic_limiter_1921_2thi65i Instance: mm_interconnect_0|my_niosv_instruction_manager_rd_limiter ;
+--------------------------------------+-------+----------------------------------------------------------------------------------------------------------+
; Parameter Name                       ; Value ; Type                                                                                                     ;
+--------------------------------------+-------+----------------------------------------------------------------------------------------------------------+
; ENABLE_CONCURRENT_SUBORDINATE_ACCESS ; 0     ; Signed Integer                                                                                           ;
; ENABLE_OOO                           ; 0     ; Signed Integer                                                                                           ;
; ENFORCE_ORDER                        ; 1     ; Signed Integer                                                                                           ;
; MAX_OUTSTANDING_RESPONSES            ; 3     ; Signed Integer                                                                                           ;
; NO_REPEATED_IDS_BETWEEN_SUBORDINATES ; 0     ; Signed Integer                                                                                           ;
; PIPELINED                            ; 0     ; Signed Integer                                                                                           ;
; PKT_BYTEEN_H                         ; 35    ; Signed Integer                                                                                           ;
; PKT_BYTEEN_L                         ; 32    ; Signed Integer                                                                                           ;
; PKT_BYTE_CNT_H                       ; 76    ; Signed Integer                                                                                           ;
; PKT_BYTE_CNT_L                       ; 74    ; Signed Integer                                                                                           ;
; PKT_DEST_ID_H                        ; 90    ; Signed Integer                                                                                           ;
; PKT_DEST_ID_L                        ; 89    ; Signed Integer                                                                                           ;
; PKT_SRC_ID_H                         ; 88    ; Signed Integer                                                                                           ;
; PKT_SRC_ID_L                         ; 87    ; Signed Integer                                                                                           ;
; PKT_THREAD_ID_H                      ; 0     ; Signed Integer                                                                                           ;
; PKT_THREAD_ID_L                      ; 0     ; Signed Integer                                                                                           ;
; PKT_TRANS_POSTED                     ; 69    ; Signed Integer                                                                                           ;
; PKT_TRANS_READ                       ; 0     ; Signed Integer                                                                                           ;
; PKT_TRANS_SEQ_H                      ; 124   ; Signed Integer                                                                                           ;
; PKT_TRANS_SEQ_L                      ; 121   ; Signed Integer                                                                                           ;
; PKT_TRANS_WRITE                      ; 70    ; Signed Integer                                                                                           ;
; PREVENT_HAZARDS                      ; 0     ; Signed Integer                                                                                           ;
; REORDER                              ; 0     ; Signed Integer                                                                                           ;
; ST_CHANNEL_W                         ; 4     ; Signed Integer                                                                                           ;
; ST_DATA_W                            ; 155   ; Signed Integer                                                                                           ;
; SUPPORTS_NONPOSTED_WRITES            ; 0     ; Signed Integer                                                                                           ;
; SUPPORTS_POSTED_WRITES               ; 1     ; Signed Integer                                                                                           ;
; SYNC_RESET                           ; 1     ; Signed Integer                                                                                           ;
; USE_FIFO                             ; 0     ; Signed Integer                                                                                           ;
; VALID_WIDTH                          ; 4     ; Signed Integer                                                                                           ;
+--------------------------------------+-------+----------------------------------------------------------------------------------------------------------+
All Instances:
mm_interconnect_0|my_niosv_instruction_manager_wr_limiter
mm_interconnect_0|my_niosv_instruction_manager_rd_limiter



+------------------------------------------------------------------------------------------------------------------------------+
; Parameter Settings for User Entity altera_reset_synchronizer Instance: my_niosv|my_niosv|rst_controller_001|alt_rst_sync_uq1 ;
+----------------+-------+-----------------------------------------------------------------------------------------------------+
; Parameter Name ; Value ; Type                                                                                                ;
+----------------+-------+-----------------------------------------------------------------------------------------------------+
; ASYNC_RESET    ; 1     ; Unsigned Binary                                                                                     ;
; DEPTH          ; 2     ; Signed Integer                                                                                      ;
+----------------+-------+-----------------------------------------------------------------------------------------------------+
All Instances:
rst_controller|alt_rst_sync_uq1
my_niosv|my_niosv|rst_controller_001|alt_rst_sync_uq1



+------------------------------------------------------------------------------------------------------------------------------------+
; Parameter Settings for User Entity altera_reset_synchronizer_1 Instance: my_niosv|my_niosv|rst_controller_001|alt_rst_req_sync_uq1 ;
+----------------+-------+-----------------------------------------------------------------------------------------------------------+
; Parameter Name ; Value ; Type                                                                                                      ;
+----------------+-------+-----------------------------------------------------------------------------------------------------------+
; ASYNC_RESET    ; 0     ; Signed Integer                                                                                            ;
; DEPTH          ; 2     ; Signed Integer                                                                                            ;
+----------------+-------+-----------------------------------------------------------------------------------------------------------+
All Instances:
rst_controller|alt_rst_req_sync_uq1
rst_controller_001|alt_rst_req_sync_uq1
my_niosv|my_niosv|rst_controller_001|alt_rst_req_sync_uq1



+--------------------------------------------------------------------------------------------------------------+
; Parameter Settings for User Entity altera_reset_synchronizer_2 Instance: rst_controller_001|alt_rst_sync_uq1 ;
+----------------+-------+-------------------------------------------------------------------------------------+
; Parameter Name ; Value ; Type                                                                                ;
+----------------+-------+-------------------------------------------------------------------------------------+
; ASYNC_RESET    ; 0     ; Unsigned Binary                                                                     ;
; DEPTH          ; 2     ; Signed Integer                                                                      ;
+----------------+-------+-------------------------------------------------------------------------------------+
All Instances:
rst_controller_001|alt_rst_sync_uq1



+----------------------------------------------------------------------------------------------------------------------------+
; Parameter Settings for User Entity altera_avalon_jtag_uart_scfifo_w Instance: debug|debug|altera_avalon_jtag_uart_scfifo_w ;
+------------------+-------+-------------------------------------------------------------------------------------------------+
; Parameter Name   ; Value ; Type                                                                                            ;
+------------------+-------+-------------------------------------------------------------------------------------------------+
; FIFO_WIDTH       ; 8     ; Signed Integer                                                                                  ;
; WR_WIDTHU        ; 6     ; Signed Integer                                                                                  ;
; printingMethod   ; 0     ; Signed Integer                                                                                  ;
; writeBufferDepth ; 64    ; Signed Integer                                                                                  ;
; write_le         ; ON    ; String                                                                                          ;
+------------------+-------+-------------------------------------------------------------------------------------------------+
All Instances:
debug|debug|altera_avalon_jtag_uart_scfifo_w



+----------------------------------------------------------------------------------------------------------------------------+
; Parameter Settings for User Entity altera_avalon_jtag_uart_scfifo_r Instance: debug|debug|altera_avalon_jtag_uart_scfifo_r ;
+--------------------+-------+-----------------------------------------------------------------------------------------------+
; Parameter Name     ; Value ; Type                                                                                          ;
+--------------------+-------+-----------------------------------------------------------------------------------------------+
; FIFO_WIDTH         ; 8     ; Signed Integer                                                                                ;
; HEX_READ_DEPTH_STR ; 64    ; Signed Integer                                                                                ;
; RD_WIDTHU          ; 6     ; Signed Integer                                                                                ;
; readBufferDepth    ; 64    ; Signed Integer                                                                                ;
; read_le            ; ON    ; String                                                                                        ;
+--------------------+-------+-----------------------------------------------------------------------------------------------+
All Instances:
debug|debug|altera_avalon_jtag_uart_scfifo_r



+---------------------------------------------------------------------------------------------------------------------------+
; Parameter Settings for User Entity niosv_intel_niosv_m_0_intel_niosv_m_unit_2600_ez2mqoy Instance: my_niosv|my_niosv|hart ;
+----------------------+----------------------------------+-----------------------------------------------------------------+
; Parameter Name       ; Value                            ; Type                                                            ;
+----------------------+----------------------------------+-----------------------------------------------------------------+
; CORE_EXTN            ; 256                              ; Signed Integer                                                  ;
; DBG_EXPN_VECTOR      ; 00000000000000100000000000000000 ; Unsigned Binary                                                 ;
; DBG_PARK_LOOP_OFFSET ; 00000000000000000000000000011000 ; Unsigned Binary                                                 ;
; DEBUG_ENABLED        ; 1                                ; Signed Integer                                                  ;
; DEVICE_FAMILY        ; Agilex 5                         ; String                                                          ;
; ECC_EN               ; 0                                ; Signed Integer                                                  ;
; HARTID               ; 00000000000000000000000000000000 ; Unsigned Binary                                                 ;
; RESET_VECTOR         ; 00000000000000000000000000000000 ; Unsigned Binary                                                 ;
; SMALL_CORE           ; 0                                ; Signed Integer                                                  ;
; USE_RESET_REQ        ; 0                                ; Signed Integer                                                  ;
+----------------------+----------------------------------+-----------------------------------------------------------------+
All Instances:
my_niosv|my_niosv|hart



+---------------------------------------------------------------------------------------------------------+
; Parameter Settings for User Entity altera_reset_controller_2 Instance: my_niosv|my_niosv|rst_controller ;
+---------------------------+-------+---------------------------------------------------------------------+
; Parameter Name            ; Value ; Type                                                                ;
+---------------------------+-------+---------------------------------------------------------------------+
; ADAPT_RESET_REQUEST       ; 0     ; Signed Integer                                                      ;
; MIN_RST_ASSERTION_TIME    ; 3     ; Signed Integer                                                      ;
; NUM_RESET_INPUTS          ; 2     ; Signed Integer                                                      ;
; OUTPUT_RESET_SYNC_EDGES   ; none  ; String                                                              ;
; RESET_REQUEST_PRESENT     ; 0     ; Signed Integer                                                      ;
; RESET_REQ_EARLY_DSRT_TIME ; 1     ; Signed Integer                                                      ;
; RESET_REQ_WAIT_TIME       ; 1     ; Signed Integer                                                      ;
; SYNC_DEPTH                ; 2     ; Signed Integer                                                      ;
; USE_RESET_REQUEST_IN0     ; 0     ; Signed Integer                                                      ;
; USE_RESET_REQUEST_IN1     ; 0     ; Signed Integer                                                      ;
; USE_RESET_REQUEST_IN10    ; 0     ; Signed Integer                                                      ;
; USE_RESET_REQUEST_IN11    ; 0     ; Signed Integer                                                      ;
; USE_RESET_REQUEST_IN12    ; 0     ; Signed Integer                                                      ;
; USE_RESET_REQUEST_IN13    ; 0     ; Signed Integer                                                      ;
; USE_RESET_REQUEST_IN14    ; 0     ; Signed Integer                                                      ;
; USE_RESET_REQUEST_IN15    ; 0     ; Signed Integer                                                      ;
; USE_RESET_REQUEST_IN2     ; 0     ; Signed Integer                                                      ;
; USE_RESET_REQUEST_IN3     ; 0     ; Signed Integer                                                      ;
; USE_RESET_REQUEST_IN4     ; 0     ; Signed Integer                                                      ;
; USE_RESET_REQUEST_IN5     ; 0     ; Signed Integer                                                      ;
; USE_RESET_REQUEST_IN6     ; 0     ; Signed Integer                                                      ;
; USE_RESET_REQUEST_IN7     ; 0     ; Signed Integer                                                      ;
; USE_RESET_REQUEST_IN8     ; 0     ; Signed Integer                                                      ;
; USE_RESET_REQUEST_IN9     ; 0     ; Signed Integer                                                      ;
+---------------------------+-------+---------------------------------------------------------------------+
All Instances:
my_niosv|my_niosv|rst_controller



+-------------------------------------------------------------------------------------------------------------+
; Parameter Settings for User Entity altera_reset_controller_3 Instance: my_niosv|my_niosv|rst_controller_001 ;
+---------------------------+----------+----------------------------------------------------------------------+
; Parameter Name            ; Value    ; Type                                                                 ;
+---------------------------+----------+----------------------------------------------------------------------+
; ADAPT_RESET_REQUEST       ; 0        ; Signed Integer                                                       ;
; MIN_RST_ASSERTION_TIME    ; 3        ; Signed Integer                                                       ;
; NUM_RESET_INPUTS          ; 2        ; Signed Integer                                                       ;
; OUTPUT_RESET_SYNC_EDGES   ; deassert ; String                                                               ;
; RESET_REQUEST_PRESENT     ; 0        ; Signed Integer                                                       ;
; RESET_REQ_EARLY_DSRT_TIME ; 1        ; Signed Integer                                                       ;
; RESET_REQ_WAIT_TIME       ; 1        ; Signed Integer                                                       ;
; SYNC_DEPTH                ; 2        ; Signed Integer                                                       ;
; USE_RESET_REQUEST_IN0     ; 0        ; Signed Integer                                                       ;
; USE_RESET_REQUEST_IN1     ; 0        ; Signed Integer                                                       ;
; USE_RESET_REQUEST_IN10    ; 0        ; Signed Integer                                                       ;
; USE_RESET_REQUEST_IN11    ; 0        ; Signed Integer                                                       ;
; USE_RESET_REQUEST_IN12    ; 0        ; Signed Integer                                                       ;
; USE_RESET_REQUEST_IN13    ; 0        ; Signed Integer                                                       ;
; USE_RESET_REQUEST_IN14    ; 0        ; Signed Integer                                                       ;
; USE_RESET_REQUEST_IN15    ; 0        ; Signed Integer                                                       ;
; USE_RESET_REQUEST_IN2     ; 0        ; Signed Integer                                                       ;
; USE_RESET_REQUEST_IN3     ; 0        ; Signed Integer                                                       ;
; USE_RESET_REQUEST_IN4     ; 0        ; Signed Integer                                                       ;
; USE_RESET_REQUEST_IN5     ; 0        ; Signed Integer                                                       ;
; USE_RESET_REQUEST_IN6     ; 0        ; Signed Integer                                                       ;
; USE_RESET_REQUEST_IN7     ; 0        ; Signed Integer                                                       ;
; USE_RESET_REQUEST_IN8     ; 0        ; Signed Integer                                                       ;
; USE_RESET_REQUEST_IN9     ; 0        ; Signed Integer                                                       ;
+---------------------------+----------+----------------------------------------------------------------------+
All Instances:
my_niosv|my_niosv|rst_controller_001



+------------------------------------------------------------------------------------------------------------------------------------------------------------------------------------------------+
; Parameter Settings for User Entity altera_syncram Instance: sram|intel_onchip_memory_0|altera_syncram_component                                                                                ;
+------------------------------------------------------------+------------------------------------------------------------------------------------------------------------------+----------------+
; Parameter Name                                             ; Value                                                                                                            ; Type           ;
+------------------------------------------------------------+------------------------------------------------------------------------------------------------------------------+----------------+
; ACF_BLOCK_RAM_AND_MLAB_EQUIVALENT_PAUSED_READ_CAPABILITIES ; DONT CARE                                                                                                        ; Untyped        ;
; ACF_BLOCK_RAM_AND_MLAB_EQUIVALENT_POWER_UP_CONDITIONS      ; AUTO                                                                                                             ; Untyped        ;
; ACF_DISABLE_MLAB_RAM_USE                                   ; FALSE                                                                                                            ; Untyped        ;
; ACF_IMPLEMENT_MLAB_IN_16_BIT_DEEP_MODE                     ; FALSE                                                                                                            ; Untyped        ;
; ADDRESS_ACLR_A                                             ; UNUSED                                                                                                           ; Untyped        ;
; ADDRESS_ACLR_B                                             ; NONE                                                                                                             ; Untyped        ;
; ADDRESS_REG_B                                              ; CLOCK1                                                                                                           ; Untyped        ;
; BYTEENA_REG_B                                              ; CLOCK1                                                                                                           ; Untyped        ;
; BYTE_SIZE                                                  ; 8                                                                                                                ; Signed Integer ;
; CBXI_PARAMETER                                             ; altera_syncram_rio3                                                                                              ; Untyped        ;
; CLKEN_POWER_OPTIMIZATION                                   ; OFF                                                                                                              ; Untyped        ;
; CLOCK_DUTY_CYCLE_DEPENDENCE                                ; AUTO                                                                                                             ; Untyped        ;
; CLOCK_ENABLE_CORE_A                                        ; USE_INPUT_CLKEN                                                                                                  ; Untyped        ;
; CLOCK_ENABLE_CORE_B                                        ; USE_INPUT_CLKEN                                                                                                  ; Untyped        ;
; CLOCK_ENABLE_INPUT_A                                       ; NORMAL                                                                                                           ; String         ;
; CLOCK_ENABLE_INPUT_B                                       ; NORMAL                                                                                                           ; Untyped        ;
; CLOCK_ENABLE_OUTPUT_A                                      ; BYPASS                                                                                                           ; String         ;
; CLOCK_ENABLE_OUTPUT_B                                      ; NORMAL                                                                                                           ; Untyped        ;
; ECC_PIPELINE_STAGE_ENABLED                                 ; FALSE                                                                                                            ; Untyped        ;
; ENABLE_COHERENT_READ                                       ; FALSE                                                                                                            ; Untyped        ;
; ENABLE_ECC                                                 ; FALSE                                                                                                            ; Untyped        ;
; ENABLE_ECC_ENCODER_BYPASS                                  ; FALSE                                                                                                            ; Untyped        ;
; ENABLE_FORCE_TO_ZERO                                       ; FALSE                                                                                                            ; Untyped        ;
; ENABLE_RUNTIME_MOD                                         ; NO                                                                                                               ; Untyped        ;
; IMPLEMENT_IN_LES                                           ; OFF                                                                                                              ; Untyped        ;
; INDATA_REG_B                                               ; CLOCK1                                                                                                           ; Untyped        ;
; INIT_FILE                                                  ; ip/niosv/niosv_intel_onchip_memory_0/intel_onchip_memory_1410/synth/niosv_intel_onchip_memory_0_inte <truncated> ; Untyped        ;
; INIT_FILE_LAYOUT                                           ; Port_A                                                                                                           ; String         ;
; INSTANCE_NAME                                              ; UNUSED                                                                                                           ; Untyped        ;
; LOW_POWER_MODE                                             ; AUTO                                                                                                             ; Untyped        ;
; MAXIMUM_DEPTH                                              ; 0                                                                                                                ; Untyped        ;
; NUMWORDS_A                                                 ; 32768                                                                                                            ; Signed Integer ;
; NUMWORDS_B                                                 ; 0                                                                                                                ; Untyped        ;
; OPERATION_MODE                                             ; SINGLE_PORT                                                                                                      ; String         ;
; OPTIMIZATION_OPTION                                        ; AUTO                                                                                                             ; Untyped        ;
; OUTDATA_ACLR_A                                             ; NONE                                                                                                             ; String         ;
; OUTDATA_ACLR_B                                             ; NONE                                                                                                             ; Untyped        ;
; OUTDATA_REG_A                                              ; UNREGISTERED                                                                                                     ; String         ;
; OUTDATA_REG_B                                              ; UNREGISTERED                                                                                                     ; Untyped        ;
; OUTDATA_SCLR_A                                             ; NONE                                                                                                             ; String         ;
; OUTDATA_SCLR_B                                             ; NONE                                                                                                             ; Untyped        ;
; POWER_UP_UNINITIALIZED                                     ; FALSE                                                                                                            ; Untyped        ;
; RAM_BLOCK_TYPE                                             ; AUTO                                                                                                             ; String         ;
; RDCONTROL_REG_B                                            ; CLOCK1                                                                                                           ; Untyped        ;
; RDEN_POWER_OPTIMIZATION                                    ; OFF                                                                                                              ; Untyped        ;
; READ_DURING_WRITE_MODE_MIXED_PORTS                         ; DONT_CARE                                                                                                        ; Untyped        ;
; READ_DURING_WRITE_MODE_PORT_A                              ; DONT_CARE                                                                                                        ; String         ;
; READ_DURING_WRITE_MODE_PORT_B                              ; NEW_DATA_NO_NBE_READ                                                                                             ; Untyped        ;
; WIDTHAD2_A                                                 ; 1                                                                                                                ; Untyped        ;
; WIDTHAD2_B                                                 ; 1                                                                                                                ; Untyped        ;
; WIDTHAD_A                                                  ; 15                                                                                                               ; Signed Integer ;
; WIDTHAD_B                                                  ; 1                                                                                                                ; Untyped        ;
; WIDTH_A                                                    ; 32                                                                                                               ; Signed Integer ;
; WIDTH_B                                                    ; 1                                                                                                                ; Untyped        ;
; WIDTH_BYTEENA_A                                            ; 4                                                                                                                ; Signed Integer ;
; WIDTH_BYTEENA_B                                            ; 1                                                                                                                ; Untyped        ;
; WIDTH_ECCENCPARITY                                         ; 8                                                                                                                ; Untyped        ;
; WIDTH_ECCSTATUS                                            ; 3                                                                                                                ; Untyped        ;
; WREN_POWER_OPTIMIZATION                                    ; OFF                                                                                                              ; Untyped        ;
; init_file_restructured                                     ; UNUSED                                                                                                           ; Untyped        ;
; intended_device_family                                     ; Agilex 5                                                                                                         ; String         ;
; lpm_type                                                   ; altera_syncram                                                                                                   ; String         ;
+------------------------------------------------------------+------------------------------------------------------------------------------------------------------------------+----------------+
All Instances:
sram|intel_onchip_memory_0|altera_syncram_component



+--------------------------------------------------------------------------------------------------------------------------------------------+
; Parameter Settings for User Entity altera_merlin_burst_uncompressor Instance: mm_interconnect_0|my_niosv_timer_sw_agent_agent|uncompressor ;
+----------------+-------+-------------------------------------------------------------------------------------------------------------------+
; Parameter Name ; Value ; Type                                                                                                              ;
+----------------+-------+-------------------------------------------------------------------------------------------------------------------+
; ADDR_W         ; 32    ; Signed Integer                                                                                                    ;
; BURSTWRAP_W    ; 1     ; Signed Integer                                                                                                    ;
; BURST_SIZE_W   ; 3     ; Signed Integer                                                                                                    ;
; BYTE_CNT_W     ; 3     ; Signed Integer                                                                                                    ;
; PKT_SYMBOLS    ; 4     ; Signed Integer                                                                                                    ;
; SYNC_RESET     ; 1     ; Signed Integer                                                                                                    ;
+----------------+-------+-------------------------------------------------------------------------------------------------------------------+
All Instances:
mm_interconnect_0|debug_avalon_jtag_slave_agent|uncompressor
mm_interconnect_0|my_niosv_dm_agent_agent|uncompressor
mm_interconnect_0|sram_s1_agent|uncompressor
mm_interconnect_0|my_niosv_timer_sw_agent_agent|uncompressor



+-----------------------------------------------------------------------------------------------------------------------------------------------------+
; Parameter Settings for User Entity niosv_altera_merlin_router_1921_f7bfoqi_default_decode Instance: mm_interconnect_0|router_001|the_default_decode ;
+--------------------+-------+------------------------------------------------------------------------------------------------------------------------+
; Parameter Name     ; Value ; Type                                                                                                                   ;
+--------------------+-------+------------------------------------------------------------------------------------------------------------------------+
; DEFAULT_CHANNEL    ; 2     ; Signed Integer                                                                                                         ;
; DEFAULT_DESTID     ; 3     ; Signed Integer                                                                                                         ;
; DEFAULT_RD_CHANNEL ; -1    ; Untyped                                                                                                                ;
; DEFAULT_WR_CHANNEL ; -1    ; Untyped                                                                                                                ;
+--------------------+-------+------------------------------------------------------------------------------------------------------------------------+
All Instances:
mm_interconnect_0|router|the_default_decode
mm_interconnect_0|router_001|the_default_decode



+-----------------------------------------------------------------------------------------------------------------------------------------------------+
; Parameter Settings for User Entity niosv_altera_merlin_router_1921_6midycq_default_decode Instance: mm_interconnect_0|router_003|the_default_decode ;
+--------------------+-------+------------------------------------------------------------------------------------------------------------------------+
; Parameter Name     ; Value ; Type                                                                                                                   ;
+--------------------+-------+------------------------------------------------------------------------------------------------------------------------+
; DEFAULT_CHANNEL    ; 1     ; Signed Integer                                                                                                         ;
; DEFAULT_DESTID     ; 3     ; Signed Integer                                                                                                         ;
; DEFAULT_RD_CHANNEL ; -1    ; Untyped                                                                                                                ;
; DEFAULT_WR_CHANNEL ; -1    ; Untyped                                                                                                                ;
+--------------------+-------+------------------------------------------------------------------------------------------------------------------------+
All Instances:
mm_interconnect_0|router_002|the_default_decode
mm_interconnect_0|router_003|the_default_decode



+-----------------------------------------------------------------------------------------------------------------------------------------------------+
; Parameter Settings for User Entity niosv_altera_merlin_router_1921_m7xr3oa_default_decode Instance: mm_interconnect_0|router_007|the_default_decode ;
+--------------------+-------+------------------------------------------------------------------------------------------------------------------------+
; Parameter Name     ; Value ; Type                                                                                                                   ;
+--------------------+-------+------------------------------------------------------------------------------------------------------------------------+
; DEFAULT_CHANNEL    ; -1    ; Untyped                                                                                                                ;
; DEFAULT_DESTID     ; 0     ; Signed Integer                                                                                                         ;
; DEFAULT_RD_CHANNEL ; 1     ; Signed Integer                                                                                                         ;
; DEFAULT_WR_CHANNEL ; 0     ; Signed Integer                                                                                                         ;
+--------------------+-------+------------------------------------------------------------------------------------------------------------------------+
All Instances:
mm_interconnect_0|router_004|the_default_decode
mm_interconnect_0|router_007|the_default_decode



+-----------------------------------------------------------------------------------------------------------------------------------------------------+
; Parameter Settings for User Entity niosv_altera_merlin_router_1921_5zprxna_default_decode Instance: mm_interconnect_0|router_006|the_default_decode ;
+--------------------+-------+------------------------------------------------------------------------------------------------------------------------+
; Parameter Name     ; Value ; Type                                                                                                                   ;
+--------------------+-------+------------------------------------------------------------------------------------------------------------------------+
; DEFAULT_CHANNEL    ; -1    ; Untyped                                                                                                                ;
; DEFAULT_DESTID     ; 0     ; Signed Integer                                                                                                         ;
; DEFAULT_RD_CHANNEL ; 1     ; Signed Integer                                                                                                         ;
; DEFAULT_WR_CHANNEL ; 0     ; Signed Integer                                                                                                         ;
+--------------------+-------+------------------------------------------------------------------------------------------------------------------------+
All Instances:
mm_interconnect_0|router_005|the_default_decode
mm_interconnect_0|router_006|the_default_decode



+---------------------------------------------------------------------------------------------------------+
; Parameter Settings for User Entity altera_merlin_arbitrator Instance: mm_interconnect_0|cmd_mux_003|arb ;
+----------------+-------------+--------------------------------------------------------------------------+
; Parameter Name ; Value       ; Type                                                                     ;
+----------------+-------------+--------------------------------------------------------------------------+
; NUM_REQUESTERS ; 2           ; Signed Integer                                                           ;
; PIPELINE       ; 1           ; Signed Integer                                                           ;
; SCHEME         ; round-robin ; String                                                                   ;
; SYNC_RESET     ; 1           ; Signed Integer                                                           ;
+----------------+-------------+--------------------------------------------------------------------------+
All Instances:
mm_interconnect_0|cmd_mux|arb
mm_interconnect_0|cmd_mux_003|arb



+-----------------------------------------------------------------------------------------------------------+
; Parameter Settings for User Entity altera_merlin_arbitrator_1 Instance: mm_interconnect_0|cmd_mux_002|arb ;
+----------------+-------------+----------------------------------------------------------------------------+
; Parameter Name ; Value       ; Type                                                                       ;
+----------------+-------------+----------------------------------------------------------------------------+
; NUM_REQUESTERS ; 4           ; Signed Integer                                                             ;
; PIPELINE       ; 1           ; Signed Integer                                                             ;
; SCHEME         ; round-robin ; String                                                                     ;
; SYNC_RESET     ; 1           ; Signed Integer                                                             ;
+----------------+-------------+----------------------------------------------------------------------------+
All Instances:
mm_interconnect_0|cmd_mux_001|arb
mm_interconnect_0|cmd_mux_002|arb



+-----------------------------------------------------------------------------------------------------------+
; Parameter Settings for User Entity altera_merlin_arbitrator_2 Instance: mm_interconnect_0|rsp_mux_001|arb ;
+----------------+--------+---------------------------------------------------------------------------------+
; Parameter Name ; Value  ; Type                                                                            ;
+----------------+--------+---------------------------------------------------------------------------------+
; NUM_REQUESTERS ; 4      ; Signed Integer                                                                  ;
; PIPELINE       ; 0      ; Signed Integer                                                                  ;
; SCHEME         ; no-arb ; String                                                                          ;
; SYNC_RESET     ; 1      ; Signed Integer                                                                  ;
+----------------+--------+---------------------------------------------------------------------------------+
All Instances:
mm_interconnect_0|rsp_mux|arb
mm_interconnect_0|rsp_mux_001|arb



+-----------------------------------------------------------------------------------------------------------+
; Parameter Settings for User Entity altera_merlin_arbitrator_3 Instance: mm_interconnect_0|rsp_mux_003|arb ;
+----------------+--------+---------------------------------------------------------------------------------+
; Parameter Name ; Value  ; Type                                                                            ;
+----------------+--------+---------------------------------------------------------------------------------+
; NUM_REQUESTERS ; 2      ; Signed Integer                                                                  ;
; PIPELINE       ; 0      ; Signed Integer                                                                  ;
; SCHEME         ; no-arb ; String                                                                          ;
; SYNC_RESET     ; 1      ; Signed Integer                                                                  ;
+----------------+--------+---------------------------------------------------------------------------------+
All Instances:
mm_interconnect_0|rsp_mux_002|arb
mm_interconnect_0|rsp_mux_003|arb



+--------------------------------------------------------------------------------------------------------+
; Parameter Settings for User Entity scfifo Instance: debug|debug|altera_avalon_jtag_uart_scfifo_r|rfifo ;
+-------------------------+---------------------+--------------------------------------------------------+
; Parameter Name          ; Value               ; Type                                                   ;
+-------------------------+---------------------+--------------------------------------------------------+
; ADD_RAM_OUTPUT_REGISTER ; OFF                 ; Untyped                                                ;
; ALLOW_RWCYCLE_WHEN_FULL ; OFF                 ; Untyped                                                ;
; ALMOST_EMPTY_VALUE      ; 0                   ; Untyped                                                ;
; ALMOST_FULL_VALUE       ; 0                   ; Untyped                                                ;
; AUTO_CARRY_CHAINS       ; ON                  ; Untyped                                                ;
; AUTO_CASCADE_CHAINS     ; ON                  ; Untyped                                                ;
; CBXI_PARAMETER          ; scfifo_v1n72        ; Untyped                                                ;
; ENABLE_ECC              ; FALSE               ; Untyped                                                ;
; IGNORE_CARRY_BUFFERS    ; OFF                 ; Untyped                                                ;
; IGNORE_CASCADE_BUFFERS  ; OFF                 ; Untyped                                                ;
; LPM_NUMWORDS            ; 64                  ; Signed Integer                                         ;
; LPM_SHOWAHEAD           ; OFF                 ; String                                                 ;
; LPM_WIDTHU              ; 6                   ; Signed Integer                                         ;
; MAXIMIZE_SPEED          ; 5                   ; Untyped                                                ;
; OVERFLOW_CHECKING       ; OFF                 ; String                                                 ;
; RAM_BLOCK_TYPE          ; AUTO                ; Untyped                                                ;
; UNDERFLOW_CHECKING      ; OFF                 ; String                                                 ;
; USE_EAB                 ; ON                  ; String                                                 ;
; lpm_hint                ; RAM_BLOCK_TYPE=AUTO ; String                                                 ;
; lpm_type                ; scfifo              ; String                                                 ;
; lpm_width               ; 8                   ; Signed Integer                                         ;
+-------------------------+---------------------+--------------------------------------------------------+
All Instances:
debug|debug|altera_avalon_jtag_uart_scfifo_w|wfifo
debug|debug|altera_avalon_jtag_uart_scfifo_r|rfifo



+--------------------------------------------------------------------------------------------------------------+
; Parameter Settings for User Entity altera_merlin_arb_adder Instance: mm_interconnect_0|cmd_mux_003|arb|adder ;
+----------------+-------+-------------------------------------------------------------------------------------+
; Parameter Name ; Value ; Type                                                                                ;
+----------------+-------+-------------------------------------------------------------------------------------+
; WIDTH          ; 4     ; Signed Integer                                                                      ;
+----------------+-------+-------------------------------------------------------------------------------------+
All Instances:
mm_interconnect_0|rsp_mux_002|arb|adder
mm_interconnect_0|rsp_mux_003|arb|adder
mm_interconnect_0|cmd_mux|arb|adder
mm_interconnect_0|cmd_mux_003|arb|adder



+----------------------------------------------------------------------------------------------------------------+
; Parameter Settings for User Entity altera_merlin_arb_adder_1 Instance: mm_interconnect_0|cmd_mux_002|arb|adder ;
+----------------+-------+---------------------------------------------------------------------------------------+
; Parameter Name ; Value ; Type                                                                                  ;
+----------------+-------+---------------------------------------------------------------------------------------+
; WIDTH          ; 8     ; Signed Integer                                                                        ;
+----------------+-------+---------------------------------------------------------------------------------------+
All Instances:
mm_interconnect_0|rsp_mux|arb|adder
mm_interconnect_0|rsp_mux_001|arb|adder
mm_interconnect_0|cmd_mux_001|arb|adder
mm_interconnect_0|cmd_mux_002|arb|adder



+----------------------------------------------------------------------------------------------------------------------------------------------------------------------------------------------------------+
; System Level Debug Agent Report                                                                                                                                                                          ;
+-------------------------------------------------------------------------------------------------------------------------------------------------------+----------------+-----------+---------------------+
; Agent Hierarchy Path                                                                                                                                  ; Instance Index ; Host Name ; Host Hierarchy Path ;
+-------------------------------------------------------------------------------------------------------------------------------------------------------+----------------+-----------+---------------------+
; debug|debug|altera_avalon_jtag_uart_alt_jtag_atlantic|inst|sld_jtag_endpoint_adapter_impl_inst|sld_agent_ep_inst|ep                                   ; 0              ; JTAG      ;                     ;
; my_niosv|my_niosv|dbg_mod|dtm_inst|vjtag_inst|sld_virtual_jtag_impl_inst|jtag_signal_adapter|sld_jtag_endpoint_adapter_impl_inst|sld_agent_ep_inst|ep ; 0              ; JTAG      ;                     ;
+-------------------------------------------------------------------------------------------------------------------------------------------------------+----------------+-----------+---------------------+


Top root causes of logic optimization that have been identified during sweep. For more details and filtering options, ensure that you have compiled with the "Enable RTL Analysis Debug Mode " setting turned on under Assignments->Settings->Compiler Settings, then go to the " Root Causes Tab " in the " Sweep Hints Viewer " tool in the " RTL Analyzer ".
+-----------------------------------------------------------------------------------------------------------------------------------------+
; Top Causes of Logic Optimized Away During Sweep                                                                                         ;
+--------------------------------------------------------------------------------+------------------+---------------+---------------------+
; Root Object Path                                                               ; Root Object Type ; Root Reason   ; Swept Objects Count ;
+--------------------------------------------------------------------------------+------------------+---------------+---------------------+
; mm_interconnect_0|my_niosv_data_manager_agent|write_rp_data[67]                ; INPUT_PORT       ; has no fanout ; 441                 ;
; mm_interconnect_0|my_niosv_data_manager_agent|read_rp_data[67]                 ; INPUT_PORT       ; has no fanout ; 441                 ;
; mm_interconnect_0|my_niosv_instruction_manager_agent|write_rp_data[67]         ; INPUT_PORT       ; has no fanout ; 221                 ;
; mm_interconnect_0|my_niosv_data_manager_agent|awsize[2]                        ; INPUT_INST_PORT  ; stuck at 0    ; 66                  ;
; mm_interconnect_0|my_niosv_data_manager_agent|awsize[0]                        ; INPUT_INST_PORT  ; stuck at 0    ; 66                  ;
; mm_interconnect_0|my_niosv_data_manager_agent|arsize[2]                        ; INPUT_INST_PORT  ; stuck at 0    ; 66                  ;
; mm_interconnect_0|my_niosv_data_manager_agent|arsize[0]                        ; INPUT_INST_PORT  ; stuck at 0    ; 66                  ;
; my_niosv|my_niosv|hart|m_core.niosv_m_full_inst|prefetch_inst|instr_awaddr[17] ; OUTPUT_PORT      ; stuck at 0    ; 58                  ;
; mm_interconnect_0|my_niosv_data_manager_agent|write_cp_data[72]                ; OUTPUT_PORT      ; stuck at 0    ; 52                  ;
; mm_interconnect_0|my_niosv_data_manager_agent|read_cp_data[72]                 ; OUTPUT_PORT      ; stuck at 0    ; 52                  ;
+--------------------------------------------------------------------------------+------------------+---------------+---------------------+
Table limited at 10 items. To change the number of top root causes reported, set the "Number of Top Root Causes Reported in Synthesis Report " option under Assignments->Settings->Compiler Settings->Advanced Settings (Synthesis)


+---------------------------------+
; Analysis & Elaboration Messages ;
+---------------------------------+
Info: *******************************************************************
Info: Running Quartus Prime Synthesis
    Info: Version 25.1.1 Build 125 07/31/2025 Patches 1.31 SC Pro Edition
    Info: Processing started: Wed Jun 24 12:33:25 2026
    Info: System process ID: 140841
Info: Command: quartus_syn --read_settings_files=on --write_settings_files=off niosv -c niosv
Info: qis_default_flow_script.tcl version: #1
Info: Initializing Synthesis...
Info: Project = "niosv"
Info: Revision = "niosv"
Info (21958): Initialized Quartus Message Database
Info: Analyzing source files
Info (18237): File "/mnt/ssd2/hamza/hello_world/ip/niosv/niosv_intel_niosv_m_0/altera_reset_controller_1924/synth/altera_reset_controller.v" is a duplicate of already analyzed file "/mnt/ssd2/hamza/hello_world/niosv/altera_reset_controller_1924/synth/altera_reset_controller.v" (same filename, same library name and same md5 digest). Skipping analysis of this file.
Info (18237): File "/mnt/ssd2/hamza/hello_world/ip/niosv/niosv_intel_niosv_m_0/altera_reset_controller_1924/synth/altera_reset_synchronizer.v" is a duplicate of already analyzed file "/mnt/ssd2/hamza/hello_world/niosv/altera_reset_controller_1924/synth/altera_reset_synchronizer.v" (same filename, same library name and same md5 digest). Skipping analysis of this file.
Critical Warning (20759): Use the Reset Release IP in Intel Agilex 5 FPGA designs to ensure a successful configuration. For more information about the Reset Release IP, refer to the Configuration User Guide.
Info: Elaborating from top-level entity "niosv"
Info (18235): Library search order is as follows: "niosv_clock_in; niosv_reset_in; altera_merlin_slave_translator_191; altera_merlin_axi_master_ni_19112; altera_merlin_slave_agent_1930; altera_avalon_sc_fifo_1932; altera_merlin_router_1921; altera_merlin_traffic_limiter_1921; altera_merlin_demultiplexer_1921; altera_merlin_multiplexer_1922; altera_mm_interconnect_1920; altera_irq_mapper_2001; altera_reset_controller_1924; niosv; intel_niosv_m_unit_2600; intel_niosv_timer_msip_120; intel_niosv_dbg_mod_210; intel_niosv_m_2600; niosv_intel_niosv_m_0; altera_avalon_jtag_uart_1931; niosv_jtag_uart_0; intel_onchip_memory_1410; niosv_intel_onchip_memory_0". Quartus will look for undefined design units in your libraries in that order. To modify the ordering, please specify a semi-colon separated library list using the assignment LIBRARY_SEARCH_ORDER.
Info (19337): VHDL info at sld_jtag_endpoint_adapter.vhd(96): executing entity "sld_jtag_endpoint_adapter(sld_ir_width=1,sld_auto_instance_index="YES",sld_node_info_internal=201354752)(1,1)(1,3)" with architecture "rtl" File: /mnt/ssd2/Quartus_25_1_1_Setup_Installation/quartus/libraries/megafunctions/sld_jtag_endpoint_adapter.vhd Line: 96
Info (19337): VHDL info at altera_sld_agent_endpoint.vhd(122): executing entity "altera_sld_agent_endpoint(mfr_code=110,type_code=128,version=1,ir_width=1)(1,1)" with architecture "rtl" File: /mnt/ssd2/Quartus_25_1_1_Setup_Installation/quartus/libraries/megafunctions/altera_sld_agent_endpoint.vhd Line: 122
Info (19337): VHDL info at altera_fabric_endpoint.vhd(126): executing entity "altera_fabric_endpoint(send_width=3,receive_width=24,settings="{fabric sld dir agent mfr_code 110 type_code 128 version 1 instance -1 ir_width 1 bridge_agent 0 prefer_host { } type_name 0 instance_name 0 psig 9b67919e}")(1,155)" with architecture "rtl" File: /mnt/ssd2/Quartus_25_1_1_Setup_Installation/quartus/libraries/megafunctions/altera_fabric_endpoint.vhd Line: 126
Info (22567): Verilog HDL info at niosv_instr_buffer.sv(58): extracting RAM for identifier 'queue_mem' File: /mnt/ssd2/hamza/hello_world/ip/niosv/niosv_intel_niosv_m_0/intel_niosv_m_unit_2600/synth/niosv_instr_buffer.sv Line: 58
Info (19337): VHDL info at sld_jtag_endpoint_adapter.vhd(96): executing entity "sld_jtag_endpoint_adapter(sld_ir_width=5,sld_auto_instance_index="YES",sld_node_info_internal=144207360)(1,1)(1,3)" with architecture "rtl" File: /mnt/ssd2/Quartus_25_1_1_Setup_Installation/quartus/libraries/megafunctions/sld_jtag_endpoint_adapter.vhd Line: 96
Info (19337): VHDL info at altera_sld_agent_endpoint.vhd(122): executing entity "altera_sld_agent_endpoint(mfr_code=110,type_code=19,version=1,ir_width=5)(1,1)" with architecture "rtl" File: /mnt/ssd2/Quartus_25_1_1_Setup_Installation/quartus/libraries/megafunctions/altera_sld_agent_endpoint.vhd Line: 122
Info (19337): VHDL info at altera_fabric_endpoint.vhd(126): executing entity "altera_fabric_endpoint(send_width=7,receive_width=28,settings="{fabric sld dir agent mfr_code 110 type_code 19 version 1 instance -1 ir_width 5 bridge_agent 0 prefer_host { } type_name 0 instance_name 0 psig 9b67919e}")(1,154)" with architecture "rtl" File: /mnt/ssd2/Quartus_25_1_1_Setup_Installation/quartus/libraries/megafunctions/altera_fabric_endpoint.vhd Line: 126
Info (22567): Verilog HDL info at niosv_debug_module.sv(140): extracting RAM for identifier 'nxt_prog_buf' File: /mnt/ssd2/hamza/hello_world/ip/niosv/niosv_intel_niosv_m_0/intel_niosv_dbg_mod_210/synth/niosv_debug_module.sv Line: 140
Info (22567): Verilog HDL info at niosv_debug_module.sv(141): extracting RAM for identifier 'prog_buf' File: /mnt/ssd2/hamza/hello_world/ip/niosv/niosv_intel_niosv_m_0/intel_niosv_dbg_mod_210/synth/niosv_debug_module.sv Line: 141
Info (22567): Verilog HDL info at niosv_debug_module.sv(143): extracting RAM for identifier 'nxt_data_reg' File: /mnt/ssd2/hamza/hello_world/ip/niosv/niosv_intel_niosv_m_0/intel_niosv_dbg_mod_210/synth/niosv_debug_module.sv Line: 143
Info (22567): Verilog HDL info at niosv_debug_module.sv(144): extracting RAM for identifier 'data_reg' File: /mnt/ssd2/hamza/hello_world/ip/niosv/niosv_intel_niosv_m_0/intel_niosv_dbg_mod_210/synth/niosv_debug_module.sv Line: 144
Info (22567): Verilog HDL info at niosv_altera_avalon_sc_fifo_1932_22gxxgi.v(127): extracting RAM for identifier 'infer_mem' File: /mnt/ssd2/hamza/hello_world/niosv/altera_avalon_sc_fifo_1932/synth/niosv_altera_avalon_sc_fifo_1932_22gxxgi.v Line: 127
Info (22567): Verilog HDL info at niosv_altera_avalon_sc_fifo_1932_22gxxgi.v(127): extracting RAM for identifier 'infer_mem' File: /mnt/ssd2/hamza/hello_world/niosv/altera_avalon_sc_fifo_1932/synth/niosv_altera_avalon_sc_fifo_1932_22gxxgi.v Line: 127
Info (22567): Verilog HDL info at niosv_altera_avalon_sc_fifo_1932_22gxxgi.v(127): extracting RAM for identifier 'infer_mem' File: /mnt/ssd2/hamza/hello_world/niosv/altera_avalon_sc_fifo_1932/synth/niosv_altera_avalon_sc_fifo_1932_22gxxgi.v Line: 127
Info (22567): Verilog HDL info at niosv_altera_avalon_sc_fifo_1932_22gxxgi.v(127): extracting RAM for identifier 'infer_mem' File: /mnt/ssd2/hamza/hello_world/niosv/altera_avalon_sc_fifo_1932/synth/niosv_altera_avalon_sc_fifo_1932_22gxxgi.v Line: 127
Info: Found 148 design entities
Info: There are 193 partitions after elaboration.
Info: Running rule checking for Agilex5 protocol IPs...
Info (11170): Starting IP generation for the debug fabric: alt_sld_fab_0.
Info (11172): ***************************************************************
Info (11172): Quartus is a registered trademark of Intel Corporation in the
Info (11172): US and other countries.  Portions of the Quartus Prime software
Info (11172): Code, and other portions of the code included in this download
Info (11172): Or on this DVD, are licensed to Intel Corporation and are the
Info (11172): Copyrighted property of third parties. For license details,
Info (11172): Refer to the End User License Agreement at
Info (11172): Http://fpgasoftware.intel.com/eula.
Info (11172): ***************************************************************
Info (11172): Add_instance splitter altera_sld_splitter
Info (11172): Set_instance_parameter_value splitter ADD_INTERFACE_ASGN 1
Info (11172): Send_message info {SLD fabric agents which did not specify prefer_host were connected to JTAG}
Info (11172): Add_instance jtagpins altera_jtag_wys_atom
Info (11172): Add_instance sldfabric altera_sld_jtag_hub
Info (11172): Set_instance_parameter_value sldfabric COUNT 2
Info (11172): Set_instance_parameter_value sldfabric SETTINGS {{mfr_code 110 type_code 19 version 1 instance 0 ir_width 5 bridge_agent 0 prefer_host {} type_name 0 instance_name 0} {mfr_code 110 type_code 128 version 1 instance 0 ir_width 1 bridge_agent 0 prefer_host {} type_name 0 instance_name 0} }
Info (11172): Set_instance_parameter_value sldfabric CONN_INDEX 0
Info (11172): Set_instance_parameter_value sldfabric ENABLE_SOFT_CORE_CONTROLLER 0
Info (11172): Set_instance_parameter_value sldfabric BRIDGE_HOST 0
Info (11172): Set_instance_parameter_value sldfabric USE_TCK_ENA 0
Info (11172): Set_instance_parameter_value sldfabric NEGEDGE_TDO_LATCH 0
Info (11172): Add_instance ident altera_connection_identification_hub
Info (11172): Set_instance_parameter_value ident DESIGN_HASH 7c11d6c90c29d94f5287
Info (11172): Set_instance_parameter_value ident COUNT 1
Info (11172): Set_instance_parameter_value ident SETTINGS {{width 4 latency 0 type_name 0 instance_name 0} }
Info (11172): Add_instance configresetfabric intel_configuration_debug_reset_release_hub
Info (11172): Set_instance_parameter_value configresetfabric COUNT 1
Info (11172): Set_instance_parameter_value configresetfabric SETTINGS {{is_source 0 type_name 0 instance_name 0} }
Info (11172): Set_instance_parameter_value splitter FRAGMENTS {{{name clock type clock dir end ports { {tck clk in 1 0} } } {name node type conduit dir end ports { {tms tms in 1 1} {tdi tdi in 1 2} {tdo tdo out 1 0} {ena ena in 1 3} {usr1 usr1 in 1 4} {clr clr in 1 5} {clrn clrn in 1 6} {jtag_state_tlr jtag_state_tlr in 1 7} {jtag_state_rti jtag_state_rti in 1 8} {jtag_state_sdrs jtag_state_sdrs in 1 9} {jtag_state_cdr jtag_state_cdr in 1 10} {jtag_state_sdr jtag_state_sdr in 1 11} {jtag_state_e1dr jtag_state_e1dr in 1 12} {jtag_state_pdr jtag_state_pdr in 1 13} {jtag_state_e2dr jtag_state_e2dr in 1 14} {jtag_state_udr jtag_state_udr in 1 15} {jtag_state_sirs jtag_state_sirs in 1 16} {jtag_state_cir jtag_state_cir in 1 17} {jtag_state_sir jtag_state_sir in 1 18} {jtag_state_e1ir jtag_state_e1ir in 1 19} {jtag_state_pir jtag_state_pir in 1 20} {jtag_state_e2ir jtag_state_e2ir in 1 21} {jtag_state_uir jtag_state_uir in 1 22} {ir_in ir_in in 1 23} {irq irq out 1 1} {ir_out ir_out out 1 2} } clock clock assign {debug.controlledBy {link_0} } moduleassign {debug.virtualInterface.link_0 {debug.endpointLink {fabric sld index 1} } } } } {{name clock type clock dir end ports { {tck clk in 1 0} } } {name node type conduit dir end ports { {tms tms in 1 1} {tdi tdi in 1 2} {tdo tdo out 1 0} {ena ena in 1 3} {usr1 usr1 in 1 4} {clr clr in 1 5} {clrn clrn in 1 6} {jtag_state_tlr jtag_state_tlr in 1 7} {jtag_state_rti jtag_state_rti in 1 8} {jtag_state_sdrs jtag_state_sdrs in 1 9} {jtag_state_cdr jtag_state_cdr in 1 10} {jtag_state_sdr jtag_state_sdr in 1 11} {jtag_state_e1dr jtag_state_e1dr in 1 12} {jtag_state_pdr jtag_state_pdr in 1 13} {jtag_state_e2dr jtag_state_e2dr in 1 14} {jtag_state_udr jtag_state_udr in 1 15} {jtag_state_sirs jtag_state_sirs in 1 16} {jtag_state_cir jtag_state_cir in 1 17} {jtag_state_sir jtag_state_sir in 1 18} {jtag_state_e1ir jtag_state_e1ir in 1 19} {jtag_state_pir jtag_state_pir in 1 20} {jtag_state_e2ir jtag_state_e2ir in 1 21} {jtag_state_uir jtag_state_uir in 1 22} {ir_in ir_in in 5 23} {irq irq out 1 1} {ir_out ir_out out 5 2} } clock clock assign {debug.controlledBy {link_1} } moduleassign {debug.virtualInterface.link_1 {debug.endpointLink {fabric sld index 2} } } } } }
Info (11172): Add_connection jtagpins.clock sldfabric.clock clock
Info (11172): Add_connection jtagpins.node sldfabric.node conduit
Info (11172): Add_connection sldfabric.clock_0 splitter.clock_1 clock
Info (11172): Add_connection sldfabric.node_0 splitter.node_1 conduit
Info (11172): Add_connection sldfabric.clock_1 splitter.clock_0 clock
Info (11172): Add_connection sldfabric.node_1 splitter.node_0 conduit
Info (11172): Add_connection sldfabric.ident ident.ident_0 conduit
Info (11172): Add_connection configresetfabric.conf_reset_out_0 sldfabric.conf_reset_out reset
Info (11172): Set_parameter_value COMPOSED_SETTINGS {{fabric sld dir agent mfr_code 110 type_code 128 version 1 instance 0 ir_width 1 bridge_agent 0 prefer_host {} type_name 0 instance_name 0} {fabric sld dir agent mfr_code 110 type_code 19 version 1 instance 0 ir_width 5 bridge_agent 0 prefer_host {} type_name 0 instance_name 0} }
Info (11172): Add_instance splitter altera_sld_splitter
Info (11172): Set_instance_parameter_value splitter ADD_INTERFACE_ASGN 1
Info (11172): Send_message info {SLD fabric agents which did not specify prefer_host were connected to JTAG}
Info (11172): Add_instance jtagpins altera_jtag_wys_atom
Info (11172): Add_instance sldfabric altera_sld_jtag_hub
Info (11172): Set_instance_parameter_value sldfabric COUNT 2
Info (11172): Set_instance_parameter_value sldfabric SETTINGS {{mfr_code 110 type_code 19 version 1 instance 0 ir_width 5 bridge_agent 0 prefer_host {} type_name 0 instance_name 0} {mfr_code 110 type_code 128 version 1 instance 0 ir_width 1 bridge_agent 0 prefer_host {} type_name 0 instance_name 0} }
Info (11172): Set_instance_parameter_value sldfabric CONN_INDEX 0
Info (11172): Set_instance_parameter_value sldfabric ENABLE_SOFT_CORE_CONTROLLER 0
Info (11172): Set_instance_parameter_value sldfabric BRIDGE_HOST 0
Info (11172): Set_instance_parameter_value sldfabric USE_TCK_ENA 0
Info (11172): Set_instance_parameter_value sldfabric NEGEDGE_TDO_LATCH 0
Info (11172): Add_instance ident altera_connection_identification_hub
Info (11172): Set_instance_parameter_value ident DESIGN_HASH 7c11d6c90c29d94f5287
Info (11172): Set_instance_parameter_value ident COUNT 1
Info (11172): Set_instance_parameter_value ident SETTINGS {{width 4 latency 0 type_name 0 instance_name 0} }
Info (11172): Add_instance configresetfabric intel_configuration_debug_reset_release_hub
Info (11172): Set_instance_parameter_value configresetfabric COUNT 1
Info (11172): Set_instance_parameter_value configresetfabric SETTINGS {{is_source 0 type_name 0 instance_name 0} }
Info (11172): Set_instance_parameter_value splitter FRAGMENTS {{{name clock type clock dir end ports { {tck clk in 1 0} } } {name node type conduit dir end ports { {tms tms in 1 1} {tdi tdi in 1 2} {tdo tdo out 1 0} {ena ena in 1 3} {usr1 usr1 in 1 4} {clr clr in 1 5} {clrn clrn in 1 6} {jtag_state_tlr jtag_state_tlr in 1 7} {jtag_state_rti jtag_state_rti in 1 8} {jtag_state_sdrs jtag_state_sdrs in 1 9} {jtag_state_cdr jtag_state_cdr in 1 10} {jtag_state_sdr jtag_state_sdr in 1 11} {jtag_state_e1dr jtag_state_e1dr in 1 12} {jtag_state_pdr jtag_state_pdr in 1 13} {jtag_state_e2dr jtag_state_e2dr in 1 14} {jtag_state_udr jtag_state_udr in 1 15} {jtag_state_sirs jtag_state_sirs in 1 16} {jtag_state_cir jtag_state_cir in 1 17} {jtag_state_sir jtag_state_sir in 1 18} {jtag_state_e1ir jtag_state_e1ir in 1 19} {jtag_state_pir jtag_state_pir in 1 20} {jtag_state_e2ir jtag_state_e2ir in 1 21} {jtag_state_uir jtag_state_uir in 1 22} {ir_in ir_in in 1 23} {irq irq out 1 1} {ir_out ir_out out 1 2} } clock clock assign {debug.controlledBy {link_0} } moduleassign {debug.virtualInterface.link_0 {debug.endpointLink {fabric sld index 1} } } } } {{name clock type clock dir end ports { {tck clk in 1 0} } } {name node type conduit dir end ports { {tms tms in 1 1} {tdi tdi in 1 2} {tdo tdo out 1 0} {ena ena in 1 3} {usr1 usr1 in 1 4} {clr clr in 1 5} {clrn clrn in 1 6} {jtag_state_tlr jtag_state_tlr in 1 7} {jtag_state_rti jtag_state_rti in 1 8} {jtag_state_sdrs jtag_state_sdrs in 1 9} {jtag_state_cdr jtag_state_cdr in 1 10} {jtag_state_sdr jtag_state_sdr in 1 11} {jtag_state_e1dr jtag_state_e1dr in 1 12} {jtag_state_pdr jtag_state_pdr in 1 13} {jtag_state_e2dr jtag_state_e2dr in 1 14} {jtag_state_udr jtag_state_udr in 1 15} {jtag_state_sirs jtag_state_sirs in 1 16} {jtag_state_cir jtag_state_cir in 1 17} {jtag_state_sir jtag_state_sir in 1 18} {jtag_state_e1ir jtag_state_e1ir in 1 19} {jtag_state_pir jtag_state_pir in 1 20} {jtag_state_e2ir jtag_state_e2ir in 1 21} {jtag_state_uir jtag_state_uir in 1 22} {ir_in ir_in in 5 23} {irq irq out 1 1} {ir_out ir_out out 5 2} } clock clock assign {debug.controlledBy {link_1} } moduleassign {debug.virtualInterface.link_1 {debug.endpointLink {fabric sld index 2} } } } } }
Info (11172): Add_connection jtagpins.clock sldfabric.clock clock
Info (11172): Add_connection jtagpins.node sldfabric.node conduit
Info (11172): Add_connection sldfabric.clock_0 splitter.clock_1 clock
Info (11172): Add_connection sldfabric.node_0 splitter.node_1 conduit
Info (11172): Add_connection sldfabric.clock_1 splitter.clock_0 clock
Info (11172): Add_connection sldfabric.node_1 splitter.node_0 conduit
Info (11172): Add_connection sldfabric.ident ident.ident_0 conduit
Info (11172): Add_connection configresetfabric.conf_reset_out_0 sldfabric.conf_reset_out reset
Info (11172): Set_parameter_value COMPOSED_SETTINGS {{fabric sld dir agent mfr_code 110 type_code 128 version 1 instance 0 ir_width 1 bridge_agent 0 prefer_host {} type_name 0 instance_name 0} {fabric sld dir agent mfr_code 110 type_code 19 version 1 instance 0 ir_width 5 bridge_agent 0 prefer_host {} type_name 0 instance_name 0} }
Info (11172): Alt_sld_fab_0.alt_sld_fab_0.alt_sld_fab_0: SLD fabric agents which did not specify prefer_host were connected to JTAG
Info (11172): Deploying alt_sld_fab_0 to /mnt/ssd2/hamza/hello_world/dni/sandboxes/ipaa-10xe_140841_0/sld/ipgen/alt_sld_fab_0.ip
Info (11172): ***************************************************************
Info (11172): Quartus is a registered trademark of Intel Corporation in the
Info (11172): US and other countries.  Portions of the Quartus Prime software
Info (11172): Code, and other portions of the code included in this download
Info (11172): Or on this DVD, are licensed to Intel Corporation and are the
Info (11172): Copyrighted property of third parties. For license details,
Info (11172): Refer to the End User License Agreement at
Info (11172): Http://fpgasoftware.intel.com/eula.
Info (11172): ***************************************************************
Info (11172): Add_instance splitter altera_sld_splitter
Info (11172): Set_instance_parameter_value splitter ADD_INTERFACE_ASGN 1
Info (11172): Send_message info {SLD fabric agents which did not specify prefer_host were connected to JTAG}
Info (11172): Add_instance jtagpins altera_jtag_wys_atom
Info (11172): Add_instance sldfabric altera_sld_jtag_hub
Info (11172): Set_instance_parameter_value sldfabric COUNT 2
Info (11172): Set_instance_parameter_value sldfabric SETTINGS {{mfr_code 110 type_code 19 version 1 instance 0 ir_width 5 bridge_agent 0 prefer_host {} type_name 0 instance_name 0} {mfr_code 110 type_code 128 version 1 instance 0 ir_width 1 bridge_agent 0 prefer_host {} type_name 0 instance_name 0} }
Info (11172): Set_instance_parameter_value sldfabric CONN_INDEX 0
Info (11172): Set_instance_parameter_value sldfabric ENABLE_SOFT_CORE_CONTROLLER 0
Info (11172): Set_instance_parameter_value sldfabric BRIDGE_HOST 0
Info (11172): Set_instance_parameter_value sldfabric USE_TCK_ENA 0
Info (11172): Set_instance_parameter_value sldfabric NEGEDGE_TDO_LATCH 0
Info (11172): Add_instance ident altera_connection_identification_hub
Info (11172): Set_instance_parameter_value ident DESIGN_HASH 7c11d6c90c29d94f5287
Info (11172): Set_instance_parameter_value ident COUNT 1
Info (11172): Set_instance_parameter_value ident SETTINGS {{width 4 latency 0 type_name 0 instance_name 0} }
Info (11172): Add_instance configresetfabric intel_configuration_debug_reset_release_hub
Info (11172): Set_instance_parameter_value configresetfabric COUNT 1
Info (11172): Set_instance_parameter_value configresetfabric SETTINGS {{is_source 0 type_name 0 instance_name 0} }
Info (11172): Set_instance_parameter_value splitter FRAGMENTS {{{name clock type clock dir end ports { {tck clk in 1 0} } } {name node type conduit dir end ports { {tms tms in 1 1} {tdi tdi in 1 2} {tdo tdo out 1 0} {ena ena in 1 3} {usr1 usr1 in 1 4} {clr clr in 1 5} {clrn clrn in 1 6} {jtag_state_tlr jtag_state_tlr in 1 7} {jtag_state_rti jtag_state_rti in 1 8} {jtag_state_sdrs jtag_state_sdrs in 1 9} {jtag_state_cdr jtag_state_cdr in 1 10} {jtag_state_sdr jtag_state_sdr in 1 11} {jtag_state_e1dr jtag_state_e1dr in 1 12} {jtag_state_pdr jtag_state_pdr in 1 13} {jtag_state_e2dr jtag_state_e2dr in 1 14} {jtag_state_udr jtag_state_udr in 1 15} {jtag_state_sirs jtag_state_sirs in 1 16} {jtag_state_cir jtag_state_cir in 1 17} {jtag_state_sir jtag_state_sir in 1 18} {jtag_state_e1ir jtag_state_e1ir in 1 19} {jtag_state_pir jtag_state_pir in 1 20} {jtag_state_e2ir jtag_state_e2ir in 1 21} {jtag_state_uir jtag_state_uir in 1 22} {ir_in ir_in in 1 23} {irq irq out 1 1} {ir_out ir_out out 1 2} } clock clock assign {debug.controlledBy {link_0} } moduleassign {debug.virtualInterface.link_0 {debug.endpointLink {fabric sld index 1} } } } } {{name clock type clock dir end ports { {tck clk in 1 0} } } {name node type conduit dir end ports { {tms tms in 1 1} {tdi tdi in 1 2} {tdo tdo out 1 0} {ena ena in 1 3} {usr1 usr1 in 1 4} {clr clr in 1 5} {clrn clrn in 1 6} {jtag_state_tlr jtag_state_tlr in 1 7} {jtag_state_rti jtag_state_rti in 1 8} {jtag_state_sdrs jtag_state_sdrs in 1 9} {jtag_state_cdr jtag_state_cdr in 1 10} {jtag_state_sdr jtag_state_sdr in 1 11} {jtag_state_e1dr jtag_state_e1dr in 1 12} {jtag_state_pdr jtag_state_pdr in 1 13} {jtag_state_e2dr jtag_state_e2dr in 1 14} {jtag_state_udr jtag_state_udr in 1 15} {jtag_state_sirs jtag_state_sirs in 1 16} {jtag_state_cir jtag_state_cir in 1 17} {jtag_state_sir jtag_state_sir in 1 18} {jtag_state_e1ir jtag_state_e1ir in 1 19} {jtag_state_pir jtag_state_pir in 1 20} {jtag_state_e2ir jtag_state_e2ir in 1 21} {jtag_state_uir jtag_state_uir in 1 22} {ir_in ir_in in 5 23} {irq irq out 1 1} {ir_out ir_out out 5 2} } clock clock assign {debug.controlledBy {link_1} } moduleassign {debug.virtualInterface.link_1 {debug.endpointLink {fabric sld index 2} } } } } }
Info (11172): Add_connection jtagpins.clock sldfabric.clock clock
Info (11172): Add_connection jtagpins.node sldfabric.node conduit
Info (11172): Add_connection sldfabric.clock_0 splitter.clock_1 clock
Info (11172): Add_connection sldfabric.node_0 splitter.node_1 conduit
Info (11172): Add_connection sldfabric.clock_1 splitter.clock_0 clock
Info (11172): Add_connection sldfabric.node_1 splitter.node_0 conduit
Info (11172): Add_connection sldfabric.ident ident.ident_0 conduit
Info (11172): Add_connection configresetfabric.conf_reset_out_0 sldfabric.conf_reset_out reset
Info (11172): Set_parameter_value COMPOSED_SETTINGS {{fabric sld dir agent mfr_code 110 type_code 128 version 1 instance 0 ir_width 1 bridge_agent 0 prefer_host {} type_name 0 instance_name 0} {fabric sld dir agent mfr_code 110 type_code 19 version 1 instance 0 ir_width 5 bridge_agent 0 prefer_host {} type_name 0 instance_name 0} }
Info (11172): Add_instance splitter altera_sld_splitter
Info (11172): Set_instance_parameter_value splitter ADD_INTERFACE_ASGN 1
Info (11172): Send_message info {SLD fabric agents which did not specify prefer_host were connected to JTAG}
Info (11172): Add_instance jtagpins altera_jtag_wys_atom
Info (11172): Add_instance sldfabric altera_sld_jtag_hub
Info (11172): Set_instance_parameter_value sldfabric COUNT 2
Info (11172): Set_instance_parameter_value sldfabric SETTINGS {{mfr_code 110 type_code 19 version 1 instance 0 ir_width 5 bridge_agent 0 prefer_host {} type_name 0 instance_name 0} {mfr_code 110 type_code 128 version 1 instance 0 ir_width 1 bridge_agent 0 prefer_host {} type_name 0 instance_name 0} }
Info (11172): Set_instance_parameter_value sldfabric CONN_INDEX 0
Info (11172): Set_instance_parameter_value sldfabric ENABLE_SOFT_CORE_CONTROLLER 0
Info (11172): Set_instance_parameter_value sldfabric BRIDGE_HOST 0
Info (11172): Set_instance_parameter_value sldfabric USE_TCK_ENA 0
Info (11172): Set_instance_parameter_value sldfabric NEGEDGE_TDO_LATCH 0
Info (11172): Add_instance ident altera_connection_identification_hub
Info (11172): Set_instance_parameter_value ident DESIGN_HASH 7c11d6c90c29d94f5287
Info (11172): Set_instance_parameter_value ident COUNT 1
Info (11172): Set_instance_parameter_value ident SETTINGS {{width 4 latency 0 type_name 0 instance_name 0} }
Info (11172): Add_instance configresetfabric intel_configuration_debug_reset_release_hub
Info (11172): Set_instance_parameter_value configresetfabric COUNT 1
Info (11172): Set_instance_parameter_value configresetfabric SETTINGS {{is_source 0 type_name 0 instance_name 0} }
Info (11172): Set_instance_parameter_value splitter FRAGMENTS {{{name clock type clock dir end ports { {tck clk in 1 0} } } {name node type conduit dir end ports { {tms tms in 1 1} {tdi tdi in 1 2} {tdo tdo out 1 0} {ena ena in 1 3} {usr1 usr1 in 1 4} {clr clr in 1 5} {clrn clrn in 1 6} {jtag_state_tlr jtag_state_tlr in 1 7} {jtag_state_rti jtag_state_rti in 1 8} {jtag_state_sdrs jtag_state_sdrs in 1 9} {jtag_state_cdr jtag_state_cdr in 1 10} {jtag_state_sdr jtag_state_sdr in 1 11} {jtag_state_e1dr jtag_state_e1dr in 1 12} {jtag_state_pdr jtag_state_pdr in 1 13} {jtag_state_e2dr jtag_state_e2dr in 1 14} {jtag_state_udr jtag_state_udr in 1 15} {jtag_state_sirs jtag_state_sirs in 1 16} {jtag_state_cir jtag_state_cir in 1 17} {jtag_state_sir jtag_state_sir in 1 18} {jtag_state_e1ir jtag_state_e1ir in 1 19} {jtag_state_pir jtag_state_pir in 1 20} {jtag_state_e2ir jtag_state_e2ir in 1 21} {jtag_state_uir jtag_state_uir in 1 22} {ir_in ir_in in 1 23} {irq irq out 1 1} {ir_out ir_out out 1 2} } clock clock assign {debug.controlledBy {link_0} } moduleassign {debug.virtualInterface.link_0 {debug.endpointLink {fabric sld index 1} } } } } {{name clock type clock dir end ports { {tck clk in 1 0} } } {name node type conduit dir end ports { {tms tms in 1 1} {tdi tdi in 1 2} {tdo tdo out 1 0} {ena ena in 1 3} {usr1 usr1 in 1 4} {clr clr in 1 5} {clrn clrn in 1 6} {jtag_state_tlr jtag_state_tlr in 1 7} {jtag_state_rti jtag_state_rti in 1 8} {jtag_state_sdrs jtag_state_sdrs in 1 9} {jtag_state_cdr jtag_state_cdr in 1 10} {jtag_state_sdr jtag_state_sdr in 1 11} {jtag_state_e1dr jtag_state_e1dr in 1 12} {jtag_state_pdr jtag_state_pdr in 1 13} {jtag_state_e2dr jtag_state_e2dr in 1 14} {jtag_state_udr jtag_state_udr in 1 15} {jtag_state_sirs jtag_state_sirs in 1 16} {jtag_state_cir jtag_state_cir in 1 17} {jtag_state_sir jtag_state_sir in 1 18} {jtag_state_e1ir jtag_state_e1ir in 1 19} {jtag_state_pir jtag_state_pir in 1 20} {jtag_state_e2ir jtag_state_e2ir in 1 21} {jtag_state_uir jtag_state_uir in 1 22} {ir_in ir_in in 5 23} {irq irq out 1 1} {ir_out ir_out out 5 2} } clock clock assign {debug.controlledBy {link_1} } moduleassign {debug.virtualInterface.link_1 {debug.endpointLink {fabric sld index 2} } } } } }
Info (11172): Add_connection jtagpins.clock sldfabric.clock clock
Info (11172): Add_connection jtagpins.node sldfabric.node conduit
Info (11172): Add_connection sldfabric.clock_0 splitter.clock_1 clock
Info (11172): Add_connection sldfabric.node_0 splitter.node_1 conduit
Info (11172): Add_connection sldfabric.clock_1 splitter.clock_0 clock
Info (11172): Add_connection sldfabric.node_1 splitter.node_0 conduit
Info (11172): Add_connection sldfabric.ident ident.ident_0 conduit
Info (11172): Add_connection configresetfabric.conf_reset_out_0 sldfabric.conf_reset_out reset
Info (11172): Set_parameter_value COMPOSED_SETTINGS {{fabric sld dir agent mfr_code 110 type_code 128 version 1 instance 0 ir_width 1 bridge_agent 0 prefer_host {} type_name 0 instance_name 0} {fabric sld dir agent mfr_code 110 type_code 19 version 1 instance 0 ir_width 5 bridge_agent 0 prefer_host {} type_name 0 instance_name 0} }
Info (11172): Saving generation log to /mnt/ssd2/hamza/hello_world/dni/sandboxes/ipaa-10xe_140841_0/sld/ipgen/alt_sld_fab_0/alt_sld_fab_0_generation.rpt
Info (11172): Generated by version: 25.1.1 build 125
Info (11172): Starting: Create HDL design files for synthesis
Info (11172): Qsys-generate /mnt/ssd2/hamza/hello_world/dni/sandboxes/ipaa-10xe_140841_0/sld/ipgen/alt_sld_fab_0.ip --synthesis=VERILOG --output-directory=/mnt/ssd2/hamza/hello_world/dni/sandboxes/ipaa-10xe_140841_0/sld/ipgen/alt_sld_fab_0 --family="Agilex 5" --part=A5ED065BB32AE6SR0
Info (11172): Add_instance splitter altera_sld_splitter
Info (11172): Set_instance_parameter_value splitter ADD_INTERFACE_ASGN 1
Info (11172): Send_message info {SLD fabric agents which did not specify prefer_host were connected to JTAG}
Info (11172): Add_instance jtagpins altera_jtag_wys_atom
Info (11172): Add_instance sldfabric altera_sld_jtag_hub
Info (11172): Set_instance_parameter_value sldfabric COUNT 2
Info (11172): Set_instance_parameter_value sldfabric SETTINGS {{mfr_code 110 type_code 19 version 1 instance 0 ir_width 5 bridge_agent 0 prefer_host {} type_name 0 instance_name 0} {mfr_code 110 type_code 128 version 1 instance 0 ir_width 1 bridge_agent 0 prefer_host {} type_name 0 instance_name 0} }
Info (11172): Set_instance_parameter_value sldfabric CONN_INDEX 0
Info (11172): Set_instance_parameter_value sldfabric ENABLE_SOFT_CORE_CONTROLLER 0
Info (11172): Set_instance_parameter_value sldfabric BRIDGE_HOST 0
Info (11172): Set_instance_parameter_value sldfabric USE_TCK_ENA 0
Info (11172): Set_instance_parameter_value sldfabric NEGEDGE_TDO_LATCH 0
Info (11172): Add_instance ident altera_connection_identification_hub
Info (11172): Set_instance_parameter_value ident DESIGN_HASH 7c11d6c90c29d94f5287
Info (11172): Set_instance_parameter_value ident COUNT 1
Info (11172): Set_instance_parameter_value ident SETTINGS {{width 4 latency 0 type_name 0 instance_name 0} }
Info (11172): Add_instance configresetfabric intel_configuration_debug_reset_release_hub
Info (11172): Set_instance_parameter_value configresetfabric COUNT 1
Info (11172): Set_instance_parameter_value configresetfabric SETTINGS {{is_source 0 type_name 0 instance_name 0} }
Info (11172): Set_instance_parameter_value splitter FRAGMENTS {{{name clock type clock dir end ports { {tck clk in 1 0} } } {name node type conduit dir end ports { {tms tms in 1 1} {tdi tdi in 1 2} {tdo tdo out 1 0} {ena ena in 1 3} {usr1 usr1 in 1 4} {clr clr in 1 5} {clrn clrn in 1 6} {jtag_state_tlr jtag_state_tlr in 1 7} {jtag_state_rti jtag_state_rti in 1 8} {jtag_state_sdrs jtag_state_sdrs in 1 9} {jtag_state_cdr jtag_state_cdr in 1 10} {jtag_state_sdr jtag_state_sdr in 1 11} {jtag_state_e1dr jtag_state_e1dr in 1 12} {jtag_state_pdr jtag_state_pdr in 1 13} {jtag_state_e2dr jtag_state_e2dr in 1 14} {jtag_state_udr jtag_state_udr in 1 15} {jtag_state_sirs jtag_state_sirs in 1 16} {jtag_state_cir jtag_state_cir in 1 17} {jtag_state_sir jtag_state_sir in 1 18} {jtag_state_e1ir jtag_state_e1ir in 1 19} {jtag_state_pir jtag_state_pir in 1 20} {jtag_state_e2ir jtag_state_e2ir in 1 21} {jtag_state_uir jtag_state_uir in 1 22} {ir_in ir_in in 1 23} {irq irq out 1 1} {ir_out ir_out out 1 2} } clock clock assign {debug.controlledBy {link_0} } moduleassign {debug.virtualInterface.link_0 {debug.endpointLink {fabric sld index 1} } } } } {{name clock type clock dir end ports { {tck clk in 1 0} } } {name node type conduit dir end ports { {tms tms in 1 1} {tdi tdi in 1 2} {tdo tdo out 1 0} {ena ena in 1 3} {usr1 usr1 in 1 4} {clr clr in 1 5} {clrn clrn in 1 6} {jtag_state_tlr jtag_state_tlr in 1 7} {jtag_state_rti jtag_state_rti in 1 8} {jtag_state_sdrs jtag_state_sdrs in 1 9} {jtag_state_cdr jtag_state_cdr in 1 10} {jtag_state_sdr jtag_state_sdr in 1 11} {jtag_state_e1dr jtag_state_e1dr in 1 12} {jtag_state_pdr jtag_state_pdr in 1 13} {jtag_state_e2dr jtag_state_e2dr in 1 14} {jtag_state_udr jtag_state_udr in 1 15} {jtag_state_sirs jtag_state_sirs in 1 16} {jtag_state_cir jtag_state_cir in 1 17} {jtag_state_sir jtag_state_sir in 1 18} {jtag_state_e1ir jtag_state_e1ir in 1 19} {jtag_state_pir jtag_state_pir in 1 20} {jtag_state_e2ir jtag_state_e2ir in 1 21} {jtag_state_uir jtag_state_uir in 1 22} {ir_in ir_in in 5 23} {irq irq out 1 1} {ir_out ir_out out 5 2} } clock clock assign {debug.controlledBy {link_1} } moduleassign {debug.virtualInterface.link_1 {debug.endpointLink {fabric sld index 2} } } } } }
Info (11172): Add_connection jtagpins.clock sldfabric.clock clock
Info (11172): Add_connection jtagpins.node sldfabric.node conduit
Info (11172): Add_connection sldfabric.clock_0 splitter.clock_1 clock
Info (11172): Add_connection sldfabric.node_0 splitter.node_1 conduit
Info (11172): Add_connection sldfabric.clock_1 splitter.clock_0 clock
Info (11172): Add_connection sldfabric.node_1 splitter.node_0 conduit
Info (11172): Add_connection sldfabric.ident ident.ident_0 conduit
Info (11172): Add_connection configresetfabric.conf_reset_out_0 sldfabric.conf_reset_out reset
Info (11172): Set_parameter_value COMPOSED_SETTINGS {{fabric sld dir agent mfr_code 110 type_code 128 version 1 instance 0 ir_width 1 bridge_agent 0 prefer_host {} type_name 0 instance_name 0} {fabric sld dir agent mfr_code 110 type_code 19 version 1 instance 0 ir_width 5 bridge_agent 0 prefer_host {} type_name 0 instance_name 0} }
Info (11172): Add_instance splitter altera_sld_splitter
Info (11172): Set_instance_parameter_value splitter ADD_INTERFACE_ASGN 1
Info (11172): Send_message info {SLD fabric agents which did not specify prefer_host were connected to JTAG}
Info (11172): Add_instance jtagpins altera_jtag_wys_atom
Info (11172): Add_instance sldfabric altera_sld_jtag_hub
Info (11172): Set_instance_parameter_value sldfabric COUNT 2
Info (11172): Set_instance_parameter_value sldfabric SETTINGS {{mfr_code 110 type_code 19 version 1 instance 0 ir_width 5 bridge_agent 0 prefer_host {} type_name 0 instance_name 0} {mfr_code 110 type_code 128 version 1 instance 0 ir_width 1 bridge_agent 0 prefer_host {} type_name 0 instance_name 0} }
Info (11172): Set_instance_parameter_value sldfabric CONN_INDEX 0
Info (11172): Set_instance_parameter_value sldfabric ENABLE_SOFT_CORE_CONTROLLER 0
Info (11172): Set_instance_parameter_value sldfabric BRIDGE_HOST 0
Info (11172): Set_instance_parameter_value sldfabric USE_TCK_ENA 0
Info (11172): Set_instance_parameter_value sldfabric NEGEDGE_TDO_LATCH 0
Info (11172): Add_instance ident altera_connection_identification_hub
Info (11172): Set_instance_parameter_value ident DESIGN_HASH 7c11d6c90c29d94f5287
Info (11172): Set_instance_parameter_value ident COUNT 1
Info (11172): Set_instance_parameter_value ident SETTINGS {{width 4 latency 0 type_name 0 instance_name 0} }
Info (11172): Add_instance configresetfabric intel_configuration_debug_reset_release_hub
Info (11172): Set_instance_parameter_value configresetfabric COUNT 1
Info (11172): Set_instance_parameter_value configresetfabric SETTINGS {{is_source 0 type_name 0 instance_name 0} }
Info (11172): Set_instance_parameter_value splitter FRAGMENTS {{{name clock type clock dir end ports { {tck clk in 1 0} } } {name node type conduit dir end ports { {tms tms in 1 1} {tdi tdi in 1 2} {tdo tdo out 1 0} {ena ena in 1 3} {usr1 usr1 in 1 4} {clr clr in 1 5} {clrn clrn in 1 6} {jtag_state_tlr jtag_state_tlr in 1 7} {jtag_state_rti jtag_state_rti in 1 8} {jtag_state_sdrs jtag_state_sdrs in 1 9} {jtag_state_cdr jtag_state_cdr in 1 10} {jtag_state_sdr jtag_state_sdr in 1 11} {jtag_state_e1dr jtag_state_e1dr in 1 12} {jtag_state_pdr jtag_state_pdr in 1 13} {jtag_state_e2dr jtag_state_e2dr in 1 14} {jtag_state_udr jtag_state_udr in 1 15} {jtag_state_sirs jtag_state_sirs in 1 16} {jtag_state_cir jtag_state_cir in 1 17} {jtag_state_sir jtag_state_sir in 1 18} {jtag_state_e1ir jtag_state_e1ir in 1 19} {jtag_state_pir jtag_state_pir in 1 20} {jtag_state_e2ir jtag_state_e2ir in 1 21} {jtag_state_uir jtag_state_uir in 1 22} {ir_in ir_in in 1 23} {irq irq out 1 1} {ir_out ir_out out 1 2} } clock clock assign {debug.controlledBy {link_0} } moduleassign {debug.virtualInterface.link_0 {debug.endpointLink {fabric sld index 1} } } } } {{name clock type clock dir end ports { {tck clk in 1 0} } } {name node type conduit dir end ports { {tms tms in 1 1} {tdi tdi in 1 2} {tdo tdo out 1 0} {ena ena in 1 3} {usr1 usr1 in 1 4} {clr clr in 1 5} {clrn clrn in 1 6} {jtag_state_tlr jtag_state_tlr in 1 7} {jtag_state_rti jtag_state_rti in 1 8} {jtag_state_sdrs jtag_state_sdrs in 1 9} {jtag_state_cdr jtag_state_cdr in 1 10} {jtag_state_sdr jtag_state_sdr in 1 11} {jtag_state_e1dr jtag_state_e1dr in 1 12} {jtag_state_pdr jtag_state_pdr in 1 13} {jtag_state_e2dr jtag_state_e2dr in 1 14} {jtag_state_udr jtag_state_udr in 1 15} {jtag_state_sirs jtag_state_sirs in 1 16} {jtag_state_cir jtag_state_cir in 1 17} {jtag_state_sir jtag_state_sir in 1 18} {jtag_state_e1ir jtag_state_e1ir in 1 19} {jtag_state_pir jtag_state_pir in 1 20} {jtag_state_e2ir jtag_state_e2ir in 1 21} {jtag_state_uir jtag_state_uir in 1 22} {ir_in ir_in in 5 23} {irq irq out 1 1} {ir_out ir_out out 5 2} } clock clock assign {debug.controlledBy {link_1} } moduleassign {debug.virtualInterface.link_1 {debug.endpointLink {fabric sld index 2} } } } } }
Info (11172): Add_connection jtagpins.clock sldfabric.clock clock
Info (11172): Add_connection jtagpins.node sldfabric.node conduit
Info (11172): Add_connection sldfabric.clock_0 splitter.clock_1 clock
Info (11172): Add_connection sldfabric.node_0 splitter.node_1 conduit
Info (11172): Add_connection sldfabric.clock_1 splitter.clock_0 clock
Info (11172): Add_connection sldfabric.node_1 splitter.node_0 conduit
Info (11172): Add_connection sldfabric.ident ident.ident_0 conduit
Info (11172): Add_connection configresetfabric.conf_reset_out_0 sldfabric.conf_reset_out reset
Info (11172): Set_parameter_value COMPOSED_SETTINGS {{fabric sld dir agent mfr_code 110 type_code 128 version 1 instance 0 ir_width 1 bridge_agent 0 prefer_host {} type_name 0 instance_name 0} {fabric sld dir agent mfr_code 110 type_code 19 version 1 instance 0 ir_width 5 bridge_agent 0 prefer_host {} type_name 0 instance_name 0} }
Info (11172): Alt_sld_fab_0.alt_sld_fab_0.alt_sld_fab_0: SLD fabric agents which did not specify prefer_host were connected to JTAG
Info (11172): Alt_sld_fab_0: "Transforming system: alt_sld_fab_0"
Info (11172): Alt_sld_fab_0: "Naming system components in system: alt_sld_fab_0"
Info (11172): Alt_sld_fab_0: "Processing generation queue"
Info (11172): Alt_sld_fab_0: "Generating: alt_sld_fab_0"
Info (11172): Alt_sld_fab_0: "Generating: alt_sld_fab_0_alt_sld_fab_0_10_fkimwiy"
Info (11172): Alt_sld_fab_0: "Generating: alt_sld_fab_0_alt_sld_fab_1920_dopew5i"
Info (11172): Alt_sld_fab_0: "Generating: alt_sld_fab_0_altera_sld_splitter_1920_lwajxka"
Info (11172): Alt_sld_fab_0: "Generating: altera_jtag_wys_atom"
Info (11172): Alt_sld_fab_0: "Generating: alt_sld_fab_0_altera_sld_jtag_hub_1920_nxacx4i"
Info (11172): Alt_sld_fab_0: "Generating: alt_sld_fab_0_altera_connection_identification_hub_1920_b6d6vty"
Info (11172): Alt_sld_fab_0: "Generating: alt_sld_fab_0_intel_configuration_debug_reset_release_hub_203_ku24h5y"
Info (11172): Conf_reset_src: "Generating: conf_reset_src"
Info (11172): Grounded_conf_reset_src: "Generating: grounded_conf_reset_src"
Info (11172): Alt_sld_fab_0: "Generating: conf_reset_src"
Info (11172): Alt_sld_fab_0: "Generating: grounded_conf_reset_src"
Info (11172): Alt_sld_fab_0: "Generating: intel_configuration_reset_release_for_debug"
Info (11172): Alt_sld_fab_0: "Generating: intel_configuration_reset_release_to_debug_logic"
Info (11172): Alt_sld_fab_0: Done "alt_sld_fab_0" with 12 modules, 12 files
Info (11172): Finished: Create HDL design files for synthesis
Info (11172): Generation of /mnt/ssd2/hamza/hello_world/dni/sandboxes/ipaa-10xe_140841_0/sld/ipgen/alt_sld_fab_0.ip (alt_sld_fab_0) took 2913 ms
Info (11171): Finished IP generation for the debug fabric: alt_sld_fab_0.
Info (19337): VHDL info at alt_sld_fab_0_altera_sld_jtag_hub_1920_nxacx4i.vhd(13): executing entity "alt_sld_fab_0_altera_sld_jtag_hub_1920_nxacx4i(device_family="Agilex 5",count=2,n_node_ir_bits=5,node_info="0000110000000000011011100000000000001000100110000110111000000000",compilation_mode=0,force_pre_1_4_feature=0,negedge_tdo_latch=0,bridge_start_index=3)(1,8)(1,0)(1,64)" with architecture "rtl" File: /mnt/ssd2/hamza/hello_world/dni/sandboxes/ipaa-10xe_140841_0/sld/ipgen/alt_sld_fab_0/altera_sld_jtag_hub_1920/synth/alt_sld_fab_0_altera_sld_jtag_hub_1920_nxacx4i.vhd Line: 13
Info (19337): VHDL info at sld_jtag_hub.vhd(89): executing entity "sld_jtag_hub(device_family="Agilex 5",n_nodes=2,n_node_ir_bits=5,node_info="0000110000000000011011100000000000001000100110000110111000000000",force_pre_1_4_feature=0,negedge_tdo_latch=0,bridge_start_index=3)(1,8)(63,0)" with architecture "rtl" File: /mnt/ssd2/Quartus_25_1_1_Setup_Installation/quartus/libraries/megafunctions/sld_jtag_hub.vhd Line: 89
Info (19337): VHDL info at sld_hub.vhd(1554): executing entity "sld_shadow_jsm(ip_major_version=1,ip_minor_version=5)" with architecture "rtl" File: /mnt/ssd2/Quartus_25_1_1_Setup_Installation/quartus/libraries/megafunctions/sld_hub.vhd Line: 1554
Info (19337): VHDL info at sld_rom_sr.vhd(5): executing entity "sld_rom_sr(n_bits=96)" with architecture "INFO_REG" File: /mnt/ssd2/Quartus_25_1_1_Setup_Installation/quartus/libraries/megafunctions/sld_rom_sr.vhd Line: 5
Warning (23197): Intel FPGA IP Evaluation Mode (Simulation-Only) feature is turned on for all cores in the design.
    Warning (23198): Some cores in this design do not support the Intel FPGA IP Evaluation Mode feature.
        Warning (23199): "Nios V/m Microcontroller Intel FPGA IP" does not support the Intel FPGA IP Evaluation Mode feature.
Info: DA report generation in native DNI mode
Info (21615): Running Design Assistant Rules for snapshot 'partitioned'
Info: No waiver waived any violations
Info (22360): Design Assistant Results: 27 of 29 enabled rules passed, and 1 rules was disabled, in snapshot 'partitioned'
Info (21660): Design Assistant Results: 0 of 19 Critical severity rules issued violations in snapshot 'partitioned'
Warning (21620): Design Assistant Results: 1 of 1 High severity rules issued violations in snapshot 'partitioned'. Please refer to DRC report '/mnt/ssd2/hamza/hello_world/output_files/niosv.drc.partitioned.rpt' for more information
Info (21621): Design Assistant Results: 0 of 1 Medium severity rules issued violations in snapshot 'partitioned'
Info (21622): Design Assistant Results: 1 of 8 Low severity rules issued violations in snapshot 'partitioned'. Please refer to DRC report '/mnt/ssd2/hamza/hello_world/output_files/niosv.drc.partitioned.rpt' for more information


