Fitter Retime Stage Report for niosv
Wed Jun 24 12:40:39 2026
Quartus Prime Version 25.1.1 Build 125 07/31/2025 Patches 1.31 SC Pro Edition


---------------------
; Table of Contents ;
---------------------
  1. Legal Notice
  2. Hyper-Retimer Settings
  3. Reset Sequence Requirement
  4. Retiming Limit Summary
  5. Critical Chain Summary for Clock Domain altera_reserved_tck~derived
  6. Critical Chain Summary for Clock Domain clk_clk~derived
  7. Transfer from altera_reserved_tck~derived to clk_clk~derived (Meets timing requirements: No further analysis performed.)
  8. Transfer from clk_clk~derived to altera_reserved_tck~derived (Meets timing requirements: No further analysis performed.)
  9. Retime Messages



----------------
; Legal Notice ;
----------------
Copyright (C) 2025  Altera Corporation. All rights reserved.
Your use of Altera Corporation's design tools, logic functions 
and other software and tools, and any partner logic 
functions, and any output files from any of the foregoing 
(including device programming or simulation files), and any 
associated documentation or information are expressly subject 
to the terms and conditions of the Altera Program License 
Subscription Agreement, the Altera Quartus Prime License Agreement,
the Altera IP License Agreement, or other applicable license
agreement, including, without limitation, that your use is for
the sole purpose of programming logic devices manufactured by
Altera and sold by Altera or its authorized distributors.  Please
refer to the Altera Software License Subscription Agreements 
on the Quartus Prime software download page.



+--------------------------------------------------+
; Hyper-Retimer Settings                           ;
+------------------------+---------+---------------+
; Option                 ; Setting ; Default Value ;
+------------------------+---------+---------------+
; Enable Auto-Pipelining ; On      ; On            ;
+------------------------+---------+---------------+


+-----------------------------------------------------------+
; Reset Sequence Requirement                                ;
+-----------------------------+-----------------------------+
; Clock Name                  ; Number of additional cycles ;
+-----------------------------+-----------------------------+
; altera_reserved_tck~derived ; 2                           ;
; clk_clk~derived             ; 4                           ;
+-----------------------------+-----------------------------+
Note: Due to retiming optimizations, a clock domain may require a longer reset sequence to ensure correct functionality.  The table above indicates the minimum number of additional reset sequence cycles needed for each clock domain.


+--------------------------------------------------------------------------------------------------------------------------------------------------------------------------------------------------------------------------------------------------------------+
; Retiming Limit Summary                                                                                                                                                                                                                                       ;
+--------------------------------------------------------------+-----------------------------------------------------------+-----------------------------------------------------------------------------------------------------------------------------------+
; Clock Transfer                                               ; Limiting Reason                                           ; Recommendation                                                                                                                    ;
+--------------------------------------------------------------+-----------------------------------------------------------+-----------------------------------------------------------------------------------------------------------------------------------+
; Clock Domain altera_reserved_tck~derived                     ; Insufficient Registers                                    ; See the Fast Forward Timing Closure Recommendations report for step-by-step suggestions for RTL changes and estimated performance ;
; Clock Domain clk_clk~derived                                 ; Insufficient Registers                                    ; See the Fast Forward Timing Closure Recommendations report for step-by-step suggestions for RTL changes and estimated performance ;
; Transfer from altera_reserved_tck~derived to clk_clk~derived ; Meets timing requirements: No further analysis performed. ; None                                                                                                                              ;
; Transfer from clk_clk~derived to altera_reserved_tck~derived ; Meets timing requirements: No further analysis performed. ; None                                                                                                                              ;
+--------------------------------------------------------------+-----------------------------------------------------------+-----------------------------------------------------------------------------------------------------------------------------------+


Critical Chain Summary for Clock Domain altera_reserved_tck~derived
===============================================================================
+--------------------------------------------------------------------------------------------------------------------------------------------------------------------------------------------------------------------------------------------------------------------------------+
; Recommendations for Critical Chain                                                                                                                                                                                                                                             ;
+--------------------------------------------------------------------------------------------------------------------------------------------------------------------------------------------------------------------------------------------------------------------------------+
; Recommendation                                                                                                                                                                                                                                                                 ;
+--------------------------------------------------------------------------------------------------------------------------------------------------------------------------------------------------------------------------------------------------------------------------------+
; The critical chain is limited by: Insufficient Registers                                                                                                                                                                                                                       ;
;                                                                                                                                                                                                                                                                                ;
; Reduce the delay of 'Long Paths' in the chain                                                                                                                                                                                                                                  ;
;   or insert more pipeline stages for 'Long Paths' in the chain                                                                                                                                                                                                                 ;
;   or remove retiming restrictions                                                                                                                                                                                                                                              ;
;    Refer to <a href='https://www.intel.com/content/www/us/en/docs/programmable/683353/current/insufficient-registers.html'>Insufficient Registers</a> in the <i>Intel Hyperflex Architecture High-Performance Design Handbook</i> for more information.                        ;
;                                                                                                                                                                                                                                                                                ;
; Add additional pipeline stages at Register #1:                                                                                                                                                                                                                                 ;
;  auto_fab_0|alt_sld_fab_0|alt_sld_fab_0|sldfabric|jtag_hub_gen.real_sld_jtag_hub|shadow_jsm|state[4]                                                                                                                                                                           ;
;  Add additional pipeline stages along these paths BEFORE the destinations                                                                                                                                                                                                      ;
;   from altera_reserved_tdi to auto_fab_0|alt_sld_fab_0|alt_sld_fab_0|sldfabric|jtag_hub_gen.real_sld_jtag_hub|shadow_irf_reg[2][0]                                                                                                                                             ;
;   from altera_reserved_tdi to debug|debug|altera_avalon_jtag_uart_alt_jtag_atlantic|state                                                                                                                                                                                      ;
;   from altera_reserved_tdi to auto_fab_0|alt_sld_fab_0|alt_sld_fab_0|sldfabric|jtag_hub_gen.real_sld_jtag_hub|shadow_jsm|state[3]                                                                                                                                              ;
;   from altera_reserved_tdi to auto_fab_0|alt_sld_fab_0|alt_sld_fab_0|sldfabric|jtag_hub_gen.real_sld_jtag_hub|hub_minor_ver_reg[3]                                                                                                                                             ;
;   from altera_reserved_tdi to auto_fab_0|alt_sld_fab_0|alt_sld_fab_0|sldfabric|jtag_hub_gen.real_sld_jtag_hub|irsr_reg[0]~DUPLICATE                                                                                                                                            ;
;   from altera_reserved_tdi to auto_fab_0|alt_sld_fab_0|alt_sld_fab_0|sldfabric|jtag_hub_gen.real_sld_jtag_hub|shadow_jsm|state[1]                                                                                                                                              ;
;   from altera_reserved_tdi to auto_fab_0|alt_sld_fab_0|alt_sld_fab_0|sldfabric|jtag_hub_gen.real_sld_jtag_hub|irsr_reg[3]                                                                                                                                                      ;
;   from altera_reserved_tdi to auto_fab_0|alt_sld_fab_0|alt_sld_fab_0|sldfabric|jtag_hub_gen.real_sld_jtag_hub|irf_reg[2][0]                                                                                                                                                    ;
;   from altera_reserved_tdi to my_niosv|my_niosv|dbg_mod|dtm_inst|shifted_dtmcs[31]                                                                                                                                                                                             ;
;   from altera_reserved_tdi to auto_fab_0|alt_sld_fab_0|alt_sld_fab_0|sldfabric|jtag_hub_gen.real_sld_jtag_hub|reset_ena_reg                                                                                                                                                    ;
;   from altera_reserved_tdi to auto_fab_0|alt_sld_fab_0|alt_sld_fab_0|sldfabric|jtag_hub_gen.real_sld_jtag_hub|shadow_irf_reg[1][0]                                                                                                                                             ;
;   from altera_reserved_tdi to auto_fab_0|alt_sld_fab_0|alt_sld_fab_0|sldfabric|jtag_hub_gen.real_sld_jtag_hub|shadow_irf_reg[1][2]                                                                                                                                             ;
;   from altera_reserved_tdi to auto_fab_0|alt_sld_fab_0|alt_sld_fab_0|sldfabric|jtag_hub_gen.real_sld_jtag_hub|irsr_reg[1]                                                                                                                                                      ;
;   from altera_reserved_tdi to auto_fab_0|alt_sld_fab_0|alt_sld_fab_0|sldfabric|jtag_hub_gen.real_sld_jtag_hub|irf_reg[1][1]                                                                                                                                                    ;
;   from altera_reserved_tdi to my_niosv|my_niosv|dbg_mod|dtm_inst|shifted_dmi[42]                                                                                                                                                                                               ;
;   from altera_reserved_tdi to auto_fab_0|alt_sld_fab_0|alt_sld_fab_0|sldfabric|jtag_hub_gen.real_sld_jtag_hub|irsr_reg[1]~DUPLICATE                                                                                                                                            ;
;   from altera_reserved_tdi to auto_fab_0|alt_sld_fab_0|alt_sld_fab_0|sldfabric|jtag_hub_gen.real_sld_jtag_hub|hub_mode_reg[1]                                                                                                                                                  ;
;   from altera_reserved_tdi to auto_fab_0|alt_sld_fab_0|alt_sld_fab_0|sldfabric|jtag_hub_gen.real_sld_jtag_hub|hub_info_reg|WORD_SR[3]                                                                                                                                          ;
;   from altera_reserved_tdi to auto_fab_0|alt_sld_fab_0|alt_sld_fab_0|sldfabric|jtag_hub_gen.real_sld_jtag_hub|irsr_reg[2]~RTM                                                                                                                                                  ;
;   from altera_reserved_tdi to auto_fab_0|alt_sld_fab_0|alt_sld_fab_0|sldfabric|jtag_hub_gen.real_sld_jtag_hub|irsr_reg[2]~RTM_9                                                                                                                                                ;
;   from altera_reserved_tdi to auto_fab_0|alt_sld_fab_0|alt_sld_fab_0|sldfabric|jtag_hub_gen.real_sld_jtag_hub|shadow_jsm|state[8]                                                                                                                                              ;
;   from altera_reserved_tdi to auto_fab_0|alt_sld_fab_0|alt_sld_fab_0|sldfabric|jtag_hub_gen.real_sld_jtag_hub|irf_reg[1][3]                                                                                                                                                    ;
;   from altera_reserved_tdi to debug|debug|altera_avalon_jtag_uart_alt_jtag_atlantic|count[9]                                                                                                                                                                                   ;
;   from altera_reserved_tdi to auto_fab_0|alt_sld_fab_0|alt_sld_fab_0|sldfabric|jtag_hub_gen.real_sld_jtag_hub|design_hash_reg[3]                                                                                                                                               ;
;   from altera_reserved_tdi to auto_fab_0|alt_sld_fab_0|alt_sld_fab_0|sldfabric|jtag_hub_gen.real_sld_jtag_hub|shadow_irf_reg[1][4]                                                                                                                                             ;
;   from altera_reserved_tdi to auto_fab_0|alt_sld_fab_0|alt_sld_fab_0|sldfabric|jtag_hub_gen.real_sld_jtag_hub|shadow_jsm|state[6]                                                                                                                                              ;
;   from altera_reserved_tdi to auto_fab_0|alt_sld_fab_0|alt_sld_fab_0|sldfabric|jtag_hub_gen.real_sld_jtag_hub|shadow_jsm|state[4]                                                                                                                                              ;
;   from altera_reserved_tdi to debug|debug|altera_avalon_jtag_uart_alt_jtag_atlantic|td_shift[0]                                                                                                                                                                                ;
;   from altera_reserved_tdi to auto_fab_0|alt_sld_fab_0|alt_sld_fab_0|sldfabric|jtag_hub_gen.real_sld_jtag_hub|shadow_jsm|state[2]                                                                                                                                              ;
;   from altera_reserved_tdi to auto_fab_0|alt_sld_fab_0|alt_sld_fab_0|sldfabric|jtag_hub_gen.real_sld_jtag_hub|node_ena_reg[2]                                                                                                                                                  ;
;   from altera_reserved_tdi to auto_fab_0|alt_sld_fab_0|alt_sld_fab_0|sldfabric|jtag_hub_gen.real_sld_jtag_hub|irsr_reg[2]                                                                                                                                                      ;
;   from altera_reserved_tdi to auto_fab_0|alt_sld_fab_0|alt_sld_fab_0|sldfabric|jtag_hub_gen.real_sld_jtag_hub|shadow_irf_reg[1][1]                                                                                                                                             ;
;   from altera_reserved_tdi to auto_fab_0|alt_sld_fab_0|alt_sld_fab_0|sldfabric|jtag_hub_gen.real_sld_jtag_hub|shadow_irf_reg[1][3]                                                                                                                                             ;
;   from altera_reserved_tdi to auto_fab_0|alt_sld_fab_0|alt_sld_fab_0|sldfabric|jtag_hub_gen.real_sld_jtag_hub|tdo_bypass_reg                                                                                                                                                   ;
;   from altera_reserved_tdi to auto_fab_0|alt_sld_fab_0|alt_sld_fab_0|sldfabric|jtag_hub_gen.real_sld_jtag_hub|irsr_reg[6]                                                                                                                                                      ;
;   from altera_reserved_tdi to auto_fab_0|alt_sld_fab_0|alt_sld_fab_0|sldfabric|jtag_hub_gen.real_sld_jtag_hub|irf_reg[1][2]                                                                                                                                                    ;
;   from altera_reserved_tdi to auto_fab_0|alt_sld_fab_0|alt_sld_fab_0|sldfabric|jtag_hub_gen.real_sld_jtag_hub|irsr_reg[4]                                                                                                                                                      ;
;   from altera_reserved_tdi to auto_fab_0|alt_sld_fab_0|alt_sld_fab_0|sldfabric|jtag_hub_gen.real_sld_jtag_hub|irf_reg[1][0]                                                                                                                                                    ;
;   from altera_reserved_tdi to auto_fab_0|alt_sld_fab_0|alt_sld_fab_0|sldfabric|jtag_hub_gen.real_sld_jtag_hub|irsr_reg[0]                                                                                                                                                      ;
;   from altera_reserved_tdi to auto_fab_0|alt_sld_fab_0|alt_sld_fab_0|sldfabric|jtag_hub_gen.real_sld_jtag_hub|node_ena_reg[1]                                                                                                                                                  ;
;   from altera_reserved_tdi to auto_fab_0|alt_sld_fab_0|alt_sld_fab_0|sldfabric|jtag_hub_gen.real_sld_jtag_hub|hub_mode_reg[0]                                                                                                                                                  ;
;   from altera_reserved_tdi to auto_fab_0|alt_sld_fab_0|alt_sld_fab_0|sldfabric|jtag_hub_gen.real_sld_jtag_hub|irsr_reg[4]~DUPLICATE                                                                                                                                            ;
;   from altera_reserved_tdi to auto_fab_0|alt_sld_fab_0|alt_sld_fab_0|sldfabric|jtag_hub_gen.real_sld_jtag_hub|shadow_jsm|state[9]                                                                                                                                              ;
;   from altera_reserved_tdi to auto_fab_0|alt_sld_fab_0|alt_sld_fab_0|sldfabric|jtag_hub_gen.real_sld_jtag_hub|irf_reg[1][4]                                                                                                                                                    ;
;   from altera_reserved_tdi to auto_fab_0|alt_sld_fab_0|alt_sld_fab_0|sldfabric|jtag_hub_gen.real_sld_jtag_hub|shadow_jsm|state[7]                                                                                                                                              ;
;   from altera_reserved_tms to auto_fab_0|alt_sld_fab_0|alt_sld_fab_0|sldfabric|jtag_hub_gen.real_sld_jtag_hub|shadow_irf_reg[2][0]                                                                                                                                             ;
;   from altera_reserved_tms to debug|debug|altera_avalon_jtag_uart_alt_jtag_atlantic|state                                                                                                                                                                                      ;
;   from altera_reserved_tms to auto_fab_0|alt_sld_fab_0|alt_sld_fab_0|sldfabric|jtag_hub_gen.real_sld_jtag_hub|shadow_jsm|state[3]                                                                                                                                              ;
;   from altera_reserved_tms to auto_fab_0|alt_sld_fab_0|alt_sld_fab_0|sldfabric|jtag_hub_gen.real_sld_jtag_hub|hub_minor_ver_reg[3]                                                                                                                                             ;
;   from altera_reserved_tms to auto_fab_0|alt_sld_fab_0|alt_sld_fab_0|sldfabric|jtag_hub_gen.real_sld_jtag_hub|irsr_reg[0]~DUPLICATE                                                                                                                                            ;
;   from altera_reserved_tms to auto_fab_0|alt_sld_fab_0|alt_sld_fab_0|sldfabric|jtag_hub_gen.real_sld_jtag_hub|shadow_jsm|state[1]                                                                                                                                              ;
;   from altera_reserved_tms to auto_fab_0|alt_sld_fab_0|alt_sld_fab_0|sldfabric|jtag_hub_gen.real_sld_jtag_hub|irsr_reg[3]                                                                                                                                                      ;
;   from altera_reserved_tms to auto_fab_0|alt_sld_fab_0|alt_sld_fab_0|sldfabric|jtag_hub_gen.real_sld_jtag_hub|irf_reg[2][0]                                                                                                                                                    ;
;   from altera_reserved_tms to my_niosv|my_niosv|dbg_mod|dtm_inst|shifted_dtmcs[31]                                                                                                                                                                                             ;
;   from altera_reserved_tms to auto_fab_0|alt_sld_fab_0|alt_sld_fab_0|sldfabric|jtag_hub_gen.real_sld_jtag_hub|reset_ena_reg                                                                                                                                                    ;
;   from altera_reserved_tms to auto_fab_0|alt_sld_fab_0|alt_sld_fab_0|sldfabric|jtag_hub_gen.real_sld_jtag_hub|shadow_irf_reg[1][0]                                                                                                                                             ;
;   from altera_reserved_tms to auto_fab_0|alt_sld_fab_0|alt_sld_fab_0|sldfabric|jtag_hub_gen.real_sld_jtag_hub|shadow_irf_reg[1][2]                                                                                                                                             ;
;   from altera_reserved_tms to auto_fab_0|alt_sld_fab_0|alt_sld_fab_0|sldfabric|jtag_hub_gen.real_sld_jtag_hub|irsr_reg[1]                                                                                                                                                      ;
;   from altera_reserved_tms to auto_fab_0|alt_sld_fab_0|alt_sld_fab_0|sldfabric|jtag_hub_gen.real_sld_jtag_hub|irf_reg[1][1]                                                                                                                                                    ;
;   from altera_reserved_tms to my_niosv|my_niosv|dbg_mod|dtm_inst|shifted_dmi[42]                                                                                                                                                                                               ;
;   from altera_reserved_tms to auto_fab_0|alt_sld_fab_0|alt_sld_fab_0|sldfabric|jtag_hub_gen.real_sld_jtag_hub|irsr_reg[1]~DUPLICATE                                                                                                                                            ;
;   from altera_reserved_tms to auto_fab_0|alt_sld_fab_0|alt_sld_fab_0|sldfabric|jtag_hub_gen.real_sld_jtag_hub|hub_mode_reg[1]                                                                                                                                                  ;
;   from altera_reserved_tms to auto_fab_0|alt_sld_fab_0|alt_sld_fab_0|sldfabric|jtag_hub_gen.real_sld_jtag_hub|hub_info_reg|WORD_SR[3]                                                                                                                                          ;
;   from altera_reserved_tms to auto_fab_0|alt_sld_fab_0|alt_sld_fab_0|sldfabric|jtag_hub_gen.real_sld_jtag_hub|irsr_reg[2]~RTM                                                                                                                                                  ;
;   from altera_reserved_tms to auto_fab_0|alt_sld_fab_0|alt_sld_fab_0|sldfabric|jtag_hub_gen.real_sld_jtag_hub|irsr_reg[2]~RTM_9                                                                                                                                                ;
;   from altera_reserved_tms to auto_fab_0|alt_sld_fab_0|alt_sld_fab_0|sldfabric|jtag_hub_gen.real_sld_jtag_hub|shadow_jsm|state[8]                                                                                                                                              ;
;   from altera_reserved_tms to auto_fab_0|alt_sld_fab_0|alt_sld_fab_0|sldfabric|jtag_hub_gen.real_sld_jtag_hub|irf_reg[1][3]                                                                                                                                                    ;
;   from altera_reserved_tms to debug|debug|altera_avalon_jtag_uart_alt_jtag_atlantic|count[9]                                                                                                                                                                                   ;
;   from altera_reserved_tms to auto_fab_0|alt_sld_fab_0|alt_sld_fab_0|sldfabric|jtag_hub_gen.real_sld_jtag_hub|design_hash_reg[3]                                                                                                                                               ;
;   from altera_reserved_tms to auto_fab_0|alt_sld_fab_0|alt_sld_fab_0|sldfabric|jtag_hub_gen.real_sld_jtag_hub|shadow_irf_reg[1][4]                                                                                                                                             ;
;   from altera_reserved_tms to auto_fab_0|alt_sld_fab_0|alt_sld_fab_0|sldfabric|jtag_hub_gen.real_sld_jtag_hub|shadow_jsm|state[6]                                                                                                                                              ;
;   from altera_reserved_tms to auto_fab_0|alt_sld_fab_0|alt_sld_fab_0|sldfabric|jtag_hub_gen.real_sld_jtag_hub|shadow_jsm|state[4]                                                                                                                                              ;
;   from altera_reserved_tms to debug|debug|altera_avalon_jtag_uart_alt_jtag_atlantic|td_shift[0]                                                                                                                                                                                ;
;   from altera_reserved_tms to auto_fab_0|alt_sld_fab_0|alt_sld_fab_0|sldfabric|jtag_hub_gen.real_sld_jtag_hub|shadow_jsm|state[2]                                                                                                                                              ;
;   from altera_reserved_tms to auto_fab_0|alt_sld_fab_0|alt_sld_fab_0|sldfabric|jtag_hub_gen.real_sld_jtag_hub|node_ena_reg[2]                                                                                                                                                  ;
;   from altera_reserved_tms to auto_fab_0|alt_sld_fab_0|alt_sld_fab_0|sldfabric|jtag_hub_gen.real_sld_jtag_hub|irsr_reg[2]                                                                                                                                                      ;
;   from altera_reserved_tms to auto_fab_0|alt_sld_fab_0|alt_sld_fab_0|sldfabric|jtag_hub_gen.real_sld_jtag_hub|shadow_irf_reg[1][1]                                                                                                                                             ;
;   from altera_reserved_tms to auto_fab_0|alt_sld_fab_0|alt_sld_fab_0|sldfabric|jtag_hub_gen.real_sld_jtag_hub|shadow_irf_reg[1][3]                                                                                                                                             ;
;   from altera_reserved_tms to auto_fab_0|alt_sld_fab_0|alt_sld_fab_0|sldfabric|jtag_hub_gen.real_sld_jtag_hub|tdo_bypass_reg                                                                                                                                                   ;
;   from altera_reserved_tms to auto_fab_0|alt_sld_fab_0|alt_sld_fab_0|sldfabric|jtag_hub_gen.real_sld_jtag_hub|irsr_reg[6]                                                                                                                                                      ;
;   from altera_reserved_tms to auto_fab_0|alt_sld_fab_0|alt_sld_fab_0|sldfabric|jtag_hub_gen.real_sld_jtag_hub|irf_reg[1][2]                                                                                                                                                    ;
;   from altera_reserved_tms to auto_fab_0|alt_sld_fab_0|alt_sld_fab_0|sldfabric|jtag_hub_gen.real_sld_jtag_hub|irsr_reg[4]                                                                                                                                                      ;
;   from altera_reserved_tms to auto_fab_0|alt_sld_fab_0|alt_sld_fab_0|sldfabric|jtag_hub_gen.real_sld_jtag_hub|irf_reg[1][0]                                                                                                                                                    ;
;   from altera_reserved_tms to auto_fab_0|alt_sld_fab_0|alt_sld_fab_0|sldfabric|jtag_hub_gen.real_sld_jtag_hub|irsr_reg[0]                                                                                                                                                      ;
;   from altera_reserved_tms to auto_fab_0|alt_sld_fab_0|alt_sld_fab_0|sldfabric|jtag_hub_gen.real_sld_jtag_hub|node_ena_reg[1]                                                                                                                                                  ;
;   from altera_reserved_tms to auto_fab_0|alt_sld_fab_0|alt_sld_fab_0|sldfabric|jtag_hub_gen.real_sld_jtag_hub|hub_mode_reg[0]                                                                                                                                                  ;
;   from altera_reserved_tms to auto_fab_0|alt_sld_fab_0|alt_sld_fab_0|sldfabric|jtag_hub_gen.real_sld_jtag_hub|irsr_reg[4]~DUPLICATE                                                                                                                                            ;
;   from altera_reserved_tms to auto_fab_0|alt_sld_fab_0|alt_sld_fab_0|sldfabric|jtag_hub_gen.real_sld_jtag_hub|shadow_jsm|state[9]                                                                                                                                              ;
;   from altera_reserved_tms to auto_fab_0|alt_sld_fab_0|alt_sld_fab_0|sldfabric|jtag_hub_gen.real_sld_jtag_hub|irf_reg[1][4]                                                                                                                                                    ;
;   from altera_reserved_tms to auto_fab_0|alt_sld_fab_0|alt_sld_fab_0|sldfabric|jtag_hub_gen.real_sld_jtag_hub|shadow_jsm|state[7]                                                                                                                                              ;
;  Add additional pipeline stages along these paths AFTER the sources                                                                                                                                                                                                            ;
;   from bus auto_fab_0|alt_sld_fab_0|alt_sld_fab_0|sldfabric|jtag_hub_gen.real_sld_jtag_hub|shadow_jsm|state[15:0] to bus auto_fab_0|alt_sld_fab_0|alt_sld_fab_0|sldfabric|jtag_hub_gen.real_sld_jtag_hub|hub_mode_reg[2:0]                                                     ;
;   from auto_fab_0|alt_sld_fab_0|alt_sld_fab_0|sldfabric|jtag_hub_gen.real_sld_jtag_hub|virtual_ir_scan_reg to bus auto_fab_0|alt_sld_fab_0|alt_sld_fab_0|sldfabric|jtag_hub_gen.real_sld_jtag_hub|hub_mode_reg[2:0]                                                            ;
;                                                                                                                                                                                                                                                                                ;
; Retiming Restrictions at Register #2:                                                                                                                                                                                                                                          ;
;  auto_fab_0|alt_sld_fab_0|alt_sld_fab_0|jtagpins|atom_inst|atom                                                                                                                                                                                                                ;
;   Node is in a block that cannot be retimed.                                                                                                                                                                                                                                   ;
;   Manually adjust your RTL design to add additional registers or re-position registers along the path to balance slack.                                                                                                                                                        ;
;   Node is a path end-point with two or more different timing requirements                                                                                                                                                                                                      ;
;    Timing Relationship #1 was 500 ps                                                                                                                                                                                                                                           ;
;     To auto_fab_0|alt_sld_fab_0|alt_sld_fab_0|jtagpins|atom_inst|atom                                                                                                                                                                                                          ;
;    Timing Relationship #2 was 1000 ps                                                                                                                                                                                                                                          ;
;                                                                                                                                                                                                                                                                                ;
; Retiming Restriction: Cross Partition Transfer Restriction                                                                                                                                                                                                                     ;
;  Unable to retime across nodes involved in cross-partition transfers:                                                                                                                                                                                                          ;
;    auto_fab_0|alt_sld_fab_0|alt_sld_fab_0|sldfabric|jtag_hub_gen.real_sld_jtag_hub|shadow_jsm|state[4]                                                                                                                                                                         ;
;    auto_fab_0|alt_sld_fab_0|alt_sld_fab_0|sldfabric|jtag_hub_gen.real_sld_jtag_hub|tdo_mux_out~3xsyn_10                                                                                                                                                                        ;
;    auto_fab_0|alt_sld_fab_0|alt_sld_fab_0|jtagpins|atom_inst|atom                                                                                                                                                                                                              ;
;                                                                                                                                                                                                                                                                                ;
; Retiming Restriction: Metastability Synchronizer                                                                                                                                                                                                                               ;
;  Add additional pipeline stages to isolate the register(s), to allow retiming optimizations to improve performance                                                                                                                                                             ;
;  or set Synchronization Register Chain Length to 1 if evaluating IP module performance                                                                                                                                                                                         ;
;   auto_fab_0|alt_sld_fab_0|alt_sld_fab_0|sldfabric|jtag_hub_gen.real_sld_jtag_hub|shadow_jsm|state[4]                                                                                                                                                                          ;
;    Refer to <a href='https://www.intel.com/content/www/us/en/docs/programmable/683353/current/hyper-pipelining-add-pipeline-registers.html'>Hyper-Pipelining</a> in the <i>Intel Hyperflex Architecture High-Performance Design Handbook</i> for more information.             ;
;                                                                                                                                                                                                                                                                                ;
; The critical chain has Domain Boundary Entry/Exit Constraint                                                                                                                                                                                                                   ;
;    Refer to <a href='https://www.intel.com/content/www/us/en/docs/programmable/683353/current/domain-boundary-entry-and-domain-boundary.html'>Domain Boundary Entry/Exit</a> in the <i>Intel Hyperflex Architecture High-Performance Design Handbook</i> for more information. ;
+--------------------------------------------------------------------------------------------------------------------------------------------------------------------------------------------------------------------------------------------------------------------------------+

+----------------------------------------------------------------------------------------------------------------------------------------------------------------------------------------------------------------------+
; Critical Chain Details                                                                                                                                                                                               ;
+-----------------------+------------------------------+-------------+-------------------------------------------------------------------------------------------------------------------------------------------------+
; Path Info             ; Register                     ; Register ID ; Element                                                                                                                                         ;
+-----------------------+------------------------------+-------------+-------------------------------------------------------------------------------------------------------------------------------------------------+
; Domain Boundary Entry ; REG (Metastability required) ; #1          ; auto_fab_0|alt_sld_fab_0|alt_sld_fab_0|sldfabric|jtag_hub_gen.real_sld_jtag_hub|shadow_jsm|state[4]                                             ;
; Long Path (Critical)  ;                              ;             ; auto_fab_0|alt_sld_fab_0|alt_sld_fab_0|sldfabric|jtag_hub_gen.real_sld_jtag_hub|shadow_jsm|state[4]|q                                           ;
; Long Path (Critical)  ;                              ;             ; auto_fab_0|alt_sld_fab_0|alt_sld_fab_0|sldfabric|jtag_hub_gen.real_sld_jtag_hub|i108|datae                                                      ;
; Long Path (Critical)  ;                              ;             ; auto_fab_0|alt_sld_fab_0|alt_sld_fab_0|sldfabric|jtag_hub_gen.real_sld_jtag_hub|i108|combout                                                    ;
; Long Path (Critical)  ;                              ;             ; auto_fab_0|alt_sld_fab_0|alt_sld_fab_0|sldfabric|jtag_hub_gen.real_sld_jtag_hub|i108~cw_ml_mlab/lab_lut5outt[2]                                 ;
; Long Path (Critical)  ;                              ;             ; auto_fab_0|alt_sld_fab_0|alt_sld_fab_0|sldfabric|jtag_hub_gen.real_sld_jtag_hub|i108~LAB_RE_X21_Y6_N0_I131                                      ;
; Long Path (Critical)  ;                              ;             ; auto_fab_0|alt_sld_fab_0|alt_sld_fab_0|sldfabric|jtag_hub_gen.real_sld_jtag_hub|i108~LOCAL_INTERCONNECT_X21_Y6_N0_I23                           ;
; Long Path (Critical)  ; Bypassed Hyper-Register      ;             ; auto_fab_0|alt_sld_fab_0|alt_sld_fab_0|sldfabric|jtag_hub_gen.real_sld_jtag_hub|i108~BLOCK_INPUT_MUX_PASSTHROUGH_X21_Y6_N0_I31                  ;
; Long Path (Critical)  ;                              ;             ; auto_fab_0|alt_sld_fab_0|alt_sld_fab_0|sldfabric|jtag_hub_gen.real_sld_jtag_hub|i108~LAB_RE_X21_Y6_N0_I25                                       ;
; Long Path (Critical)  ;                              ;             ; auto_fab_0|alt_sld_fab_0|alt_sld_fab_0|sldfabric|jtag_hub_gen.real_sld_jtag_hub|tdo_mux_out~xsyn|datad                                          ;
; Long Path (Critical)  ;                              ;             ; auto_fab_0|alt_sld_fab_0|alt_sld_fab_0|sldfabric|jtag_hub_gen.real_sld_jtag_hub|tdo_mux_out~xsyn|combout                                        ;
; Long Path (Critical)  ;                              ;             ; auto_fab_0|alt_sld_fab_0|alt_sld_fab_0|sldfabric|jtag_hub_gen.real_sld_jtag_hub|tdo_mux_out~xsyn~_LAB_RE_X21_Y6_N0_I137                         ;
; Long Path (Critical)  ;                              ;             ; auto_fab_0|alt_sld_fab_0|alt_sld_fab_0|sldfabric|jtag_hub_gen.real_sld_jtag_hub|tdo_mux_out~xsyn~_LOCAL_INTERCONNECT_X21_Y6_N0_I26              ;
; Long Path (Critical)  ; Bypassed Hyper-Register      ;             ; auto_fab_0|alt_sld_fab_0|alt_sld_fab_0|sldfabric|jtag_hub_gen.real_sld_jtag_hub|tdo_mux_out~xsyn~_BLOCK_INPUT_MUX_PASSTHROUGH_X21_Y6_N0_I13     ;
; Long Path (Critical)  ;                              ;             ; auto_fab_0|alt_sld_fab_0|alt_sld_fab_0|sldfabric|jtag_hub_gen.real_sld_jtag_hub|tdo_mux_out~xsyn~_LAB_RE_X21_Y6_N0_I12                          ;
; Long Path (Critical)  ;                              ;             ; auto_fab_0|alt_sld_fab_0|alt_sld_fab_0|sldfabric|jtag_hub_gen.real_sld_jtag_hub|tdo_mux_out~3xsyn|datab                                         ;
; Long Path (Critical)  ;                              ;             ; auto_fab_0|alt_sld_fab_0|alt_sld_fab_0|sldfabric|jtag_hub_gen.real_sld_jtag_hub|tdo_mux_out~3xsyn|combout                                       ;
; Long Path (Critical)  ;                              ;             ; auto_fab_0|alt_sld_fab_0|alt_sld_fab_0|sldfabric|jtag_hub_gen.real_sld_jtag_hub|tdo_mux_out~3xsyn~_LAB_RE_X21_Y6_N0_I96                         ;
; Long Path (Critical)  ;                              ;             ; auto_fab_0|alt_sld_fab_0|alt_sld_fab_0|sldfabric|jtag_hub_gen.real_sld_jtag_hub|tdo_mux_out~3xsyn~_R0_X21_Y6_N0_I10                             ;
; Long Path (Critical)  ;                              ;             ; auto_fab_0|alt_sld_fab_0|alt_sld_fab_0|sldfabric|jtag_hub_gen.real_sld_jtag_hub|tdo_mux_out~3xsyn~_LOCAL_INTERCONNECT_X21_Y6_N0_I20             ;
; Long Path (Critical)  ; Bypassed Hyper-Register      ;             ; auto_fab_0|alt_sld_fab_0|alt_sld_fab_0|sldfabric|jtag_hub_gen.real_sld_jtag_hub|tdo_mux_out~3xsyn~_BLOCK_INPUT_MUX_PASSTHROUGH_X21_Y6_N0_I34    ;
; Long Path (Critical)  ;                              ;             ; auto_fab_0|alt_sld_fab_0|alt_sld_fab_0|sldfabric|jtag_hub_gen.real_sld_jtag_hub|tdo_mux_out~3xsyn~_LAB_RE_X21_Y6_N0_I32                         ;
; Long Path (Critical)  ;                              ;             ; auto_fab_0|alt_sld_fab_0|alt_sld_fab_0|sldfabric|jtag_hub_gen.real_sld_jtag_hub|tdo_mux_out~3xsyn_10|datae                                      ;
; Long Path (Critical)  ;                              ;             ; auto_fab_0|alt_sld_fab_0|alt_sld_fab_0|sldfabric|jtag_hub_gen.real_sld_jtag_hub|tdo_mux_out~3xsyn_10|combout                                    ;
; Long Path (Critical)  ;                              ;             ; auto_fab_0|alt_sld_fab_0|alt_sld_fab_0|sldfabric|jtag_hub_gen.real_sld_jtag_hub|tdo_mux_out~3xsyn_10~_LAB_RE_X21_Y6_N0_I107                     ;
; Long Path (Critical)  ;                              ;             ; auto_fab_0|alt_sld_fab_0|alt_sld_fab_0|sldfabric|jtag_hub_gen.real_sld_jtag_hub|tdo_mux_out~3xsyn_10~_R0_X21_Y6_N0_I32                          ;
; Long Path (Critical)  ;                              ;             ; auto_fab_0|alt_sld_fab_0|alt_sld_fab_0|sldfabric|jtag_hub_gen.real_sld_jtag_hub|tdo_mux_out~3xsyn_10~_C1_X21_Y5_N0_I44                          ;
; Long Path (Critical)  ;                              ;             ; auto_fab_0|alt_sld_fab_0|alt_sld_fab_0|sldfabric|jtag_hub_gen.real_sld_jtag_hub|tdo_mux_out~3xsyn_10~_C1_X21_Y5_N0_I89                          ;
; Long Path (Critical)  ;                              ;             ; auto_fab_0|alt_sld_fab_0|alt_sld_fab_0|sldfabric|jtag_hub_gen.real_sld_jtag_hub|tdo_mux_out~3xsyn_10~_LOCAL_INTERCONNECT_X21_Y5_N0_I59          ;
; Long Path (Critical)  ; Bypassed Hyper-Register      ;             ; auto_fab_0|alt_sld_fab_0|alt_sld_fab_0|sldfabric|jtag_hub_gen.real_sld_jtag_hub|tdo_mux_out~3xsyn_10~_BLOCK_INPUT_MUX_PASSTHROUGH_X21_Y5_N0_I52 ;
; Long Path (Critical)  ;                              ;             ; auto_fab_0|alt_sld_fab_0|alt_sld_fab_0|sldfabric|jtag_hub_gen.real_sld_jtag_hub|tdo_mux_out~3xsyn_10~_RPII_X21_Y5_N0_I34                        ;
; Long Path (Critical)  ;                              ;             ; auto_fab_0|alt_sld_fab_0|alt_sld_fab_0|sldfabric|jtag_hub_gen.real_sld_jtag_hub|tdo_mux_out~3xsyn_10~_RPI_X21_Y5_N0_I34                         ;
; Long Path (Critical)  ;                              ;             ; auto_fab_0|alt_sld_fab_0|alt_sld_fab_0|sldfabric|jtag_hub_gen.real_sld_jtag_hub|tdo_mux_out~3xsyn_10~_SDM_BLOCK_RE_X0_Y2_N120_I525              ;
; Long Path (Critical)  ;                              ;             ; auto_fab_0|alt_sld_fab_0|alt_sld_fab_0|jtagpins|atom_inst|atom|tdoutap                                                                          ;
; Retiming Restriction  ; REG (SDM)                    ; #2          ; auto_fab_0|alt_sld_fab_0|alt_sld_fab_0|jtagpins|atom_inst|atom~soc_sdm/padsig_io1.reg__nff                                                      ;
+-----------------------+------------------------------+-------------+-------------------------------------------------------------------------------------------------------------------------------------------------+



Critical Chain Summary for Clock Domain clk_clk~derived
===============================================================================
+---------------------------------------------------------------------------------------------------------------------------------------------------------------------------------------------------------------------------------------------------------+
; Recommendations for Critical Chain                                                                                                                                                                                                                      ;
+---------------------------------------------------------------------------------------------------------------------------------------------------------------------------------------------------------------------------------------------------------+
; Recommendation                                                                                                                                                                                                                                          ;
+---------------------------------------------------------------------------------------------------------------------------------------------------------------------------------------------------------------------------------------------------------+
; The critical chain is limited by: Insufficient Registers                                                                                                                                                                                                ;
;                                                                                                                                                                                                                                                         ;
; Reduce the delay of 'Long Paths' in the chain                                                                                                                                                                                                           ;
;   or insert more pipeline stages for 'Long Paths' in the chain                                                                                                                                                                                          ;
;   or remove retiming restrictions                                                                                                                                                                                                                       ;
;    Refer to <a href='https://www.intel.com/content/www/us/en/docs/programmable/683353/current/insufficient-registers.html'>Insufficient Registers</a> in the <i>Intel Hyperflex Architecture High-Performance Design Handbook</i> for more information. ;
;                                                                                                                                                                                                                                                         ;
; Retiming Restrictions at Register #1:                                                                                                                                                                                                                   ;
;  my_niosv|my_niosv|hart|m_core.niosv_m_full_inst|M0_stage_inst|shifter_inst|count[0]~DUPLICATE                                                                                                                                                          ;
;   Node uses an asynchronous clear port                                                                                                                                                                                                                  ;
;                                                                                                                                                                                                                                                         ;
; Retiming Restrictions at Register #11:                                                                                                                                                                                                                  ;
;  my_niosv|my_niosv|hart|m_core.niosv_m_full_inst|M0_stage_inst|shifter_inst|i244                                                                                                                                                                        ;
;   Node uses an asynchronous clear port                                                                                                                                                                                                                  ;
+---------------------------------------------------------------------------------------------------------------------------------------------------------------------------------------------------------------------------------------------------------+

+--------------------------------------------------------------------------------------------------------------------------------------------------------------------------------------------------------------+
; Critical Chain Details                                                                                                                                                                                       ;
+--------------------------+-------------------------+-------------+-------------------------------------------------------------------------------------------------------------------------------------------+
; Path Info                ; Register                ; Register ID ; Element                                                                                                                                   ;
+--------------------------+-------------------------+-------------+-------------------------------------------------------------------------------------------------------------------------------------------+
; Retiming Restriction     ; ALM Register            ; #1          ; my_niosv|my_niosv|hart|m_core.niosv_m_full_inst|M0_stage_inst|shifter_inst|count[0]~DUPLICATE                                             ;
; Long Path                ;                         ;             ; my_niosv|my_niosv|hart|m_core.niosv_m_full_inst|M0_stage_inst|shifter_inst|count[0]~DUPLICATE|q                                           ;
; Long Path                ;                         ;             ; my_niosv|my_niosv|hart|m_core.niosv_m_full_inst|M0_stage_inst|shifter_inst|count[0]~DUPLICATE~_LAB_RE_X23_Y18_N0_I101                     ;
; Long Path                ;                         ;             ; my_niosv|my_niosv|hart|m_core.niosv_m_full_inst|M0_stage_inst|shifter_inst|count[0]~DUPLICATE~_R0_X23_Y18_N0_I21                          ;
; Long Path                ;                         ;             ; my_niosv|my_niosv|hart|m_core.niosv_m_full_inst|M0_stage_inst|shifter_inst|count[0]~DUPLICATE~_LOCAL_INTERCONNECT_X23_Y18_N0_I45          ;
; Long Path                ; Bypassed Hyper-Register ;             ; my_niosv|my_niosv|hart|m_core.niosv_m_full_inst|M0_stage_inst|shifter_inst|count[0]~DUPLICATE~_BLOCK_INPUT_MUX_PASSTHROUGH_X23_Y18_N0_I45 ;
; Long Path                ;                         ;             ; my_niosv|my_niosv|hart|m_core.niosv_m_full_inst|M0_stage_inst|shifter_inst|count[0]~DUPLICATE~_LAB_RE_X23_Y18_N0_I44                      ;
; Long Path                ;                         ;             ; my_niosv|my_niosv|hart|m_core.niosv_m_full_inst|M0_stage_inst|shifter_inst|i244~0|datab                                                   ;
; Long Path                ;                         ;             ; my_niosv|my_niosv|hart|m_core.niosv_m_full_inst|M0_stage_inst|shifter_inst|i244~0|combout                                                 ;
; Long Path                ;                         ;             ; my_niosv|my_niosv|hart|m_core.niosv_m_full_inst|M0_stage_inst|shifter_inst|i244~0~cw_ml_mlab/lab_lut6outb[0]                              ;
; Long Path                ;                         ;             ; my_niosv|my_niosv|hart|m_core.niosv_m_full_inst|M0_stage_inst|shifter_inst|i244~0~_LAB_RE_X23_Y18_N0_I144                                 ;
; Long Path                ;                         ;             ; my_niosv|my_niosv|hart|m_core.niosv_m_full_inst|M0_stage_inst|shifter_inst|i244~0~_C1_X23_Y18_N0_I18                                      ;
; Long Path                ;                         ;             ; my_niosv|my_niosv|hart|m_core.niosv_m_full_inst|M0_stage_inst|shifter_inst|i244~0~_C1_X23_Y19_N0_I18                                      ;
; Long Path                ;                         ;             ; my_niosv|my_niosv|hart|m_core.niosv_m_full_inst|M0_stage_inst|shifter_inst|i244~0~_C1_X23_Y20_N0_I18                                      ;
; Long Path                ;                         ;             ; my_niosv|my_niosv|hart|m_core.niosv_m_full_inst|M0_stage_inst|shifter_inst|i244~0~_R0_X23_Y21_N0_I27                                      ;
; Long Path                ;                         ;             ; my_niosv|my_niosv|hart|m_core.niosv_m_full_inst|M0_stage_inst|shifter_inst|i244~0~_LOCAL_INTERCONNECT_X23_Y21_N0_I16                      ;
; Long Path                ; Bypassed Hyper-Register ;             ; my_niosv|my_niosv|hart|m_core.niosv_m_full_inst|M0_stage_inst|shifter_inst|i244~0~_BLOCK_INPUT_MUX_PASSTHROUGH_X23_Y21_N0_I7              ;
; Long Path                ;                         ;             ; my_niosv|my_niosv|hart|m_core.niosv_m_full_inst|M0_stage_inst|shifter_inst|i244~0~_LAB_RE_X23_Y21_N0_I1                                   ;
; Long Path                ;                         ;             ; my_niosv|my_niosv|hart|m_core.niosv_m_full_inst|M0_stage_inst|i22~1|datad                                                                 ;
; Long Path                ;                         ;             ; my_niosv|my_niosv|hart|m_core.niosv_m_full_inst|M0_stage_inst|i22~1|combout                                                               ;
; Long Path                ;                         ;             ; my_niosv|my_niosv|hart|m_core.niosv_m_full_inst|M0_stage_inst|i22~1~cw_ml_mlab/lab_lut6outt[0]                                            ;
; Long Path                ;                         ;             ; my_niosv|my_niosv|hart|m_core.niosv_m_full_inst|M0_stage_inst|i22~1~_LAB_RE_X23_Y21_N0_I134                                               ;
; Long Path                ;                         ;             ; my_niosv|my_niosv|hart|m_core.niosv_m_full_inst|M0_stage_inst|i22~1~_C1_X23_Y20_N0_I1                                                     ;
; Long Path                ;                         ;             ; my_niosv|my_niosv|hart|m_core.niosv_m_full_inst|M0_stage_inst|i22~1~_C1_X23_Y19_N0_I1                                                     ;
; Long Path                ;                         ;             ; my_niosv|my_niosv|hart|m_core.niosv_m_full_inst|M0_stage_inst|i22~1~_C1_X23_Y18_N0_I1                                                     ;
; Long Path                ;                         ;             ; my_niosv|my_niosv|hart|m_core.niosv_m_full_inst|M0_stage_inst|i22~1~_R0_X23_Y18_N0_I2                                                     ;
; Long Path                ;                         ;             ; my_niosv|my_niosv|hart|m_core.niosv_m_full_inst|M0_stage_inst|i22~1~_R2_X24_Y18_N0_I15                                                    ;
; Long Path                ;                         ;             ; my_niosv|my_niosv|hart|m_core.niosv_m_full_inst|M0_stage_inst|i22~1~_LOCAL_INTERCONNECT_X25_Y18_N0_I59                                    ;
; Long Path                ; Bypassed Hyper-Register ;             ; my_niosv|my_niosv|hart|m_core.niosv_m_full_inst|M0_stage_inst|i22~1~_BLOCK_INPUT_MUX_PASSTHROUGH_X25_Y18_N0_I51                           ;
; Long Path                ;                         ;             ; my_niosv|my_niosv|hart|m_core.niosv_m_full_inst|M0_stage_inst|i22~1~_LAB_RE_X25_Y18_N0_I55                                                ;
; Long Path                ;                         ;             ; my_niosv|my_niosv|hart|m_core.niosv_m_full_inst|M0_stage_inst|M0_sstep_expn~1|datae                                                       ;
; Long Path                ;                         ;             ; my_niosv|my_niosv|hart|m_core.niosv_m_full_inst|M0_stage_inst|M0_sstep_expn~1|combout                                                     ;
; Long Path                ;                         ;             ; my_niosv|my_niosv|hart|m_core.niosv_m_full_inst|M0_stage_inst|M0_sstep_expn~1~_LAB_RE_X25_Y18_N0_I140                                     ;
; Long Path                ;                         ;             ; my_niosv|my_niosv|hart|m_core.niosv_m_full_inst|M0_stage_inst|M0_sstep_expn~1~_LOCAL_INTERCONNECT_X25_Y18_N0_I58                          ;
; Long Path                ; Bypassed Hyper-Register ;             ; my_niosv|my_niosv|hart|m_core.niosv_m_full_inst|M0_stage_inst|M0_sstep_expn~1~_BLOCK_INPUT_MUX_PASSTHROUGH_X25_Y18_N0_I64                 ;
; Long Path                ;                         ;             ; my_niosv|my_niosv|hart|m_core.niosv_m_full_inst|M0_stage_inst|M0_sstep_expn~1~_LAB_RE_X25_Y18_N0_I66                                      ;
; Long Path                ;                         ;             ; my_niosv|my_niosv|hart|m_core.niosv_m_full_inst|flush_E~0|datac                                                                           ;
; Long Path                ;                         ;             ; my_niosv|my_niosv|hart|m_core.niosv_m_full_inst|flush_E~0|combout                                                                         ;
; Long Path                ;                         ;             ; my_niosv|my_niosv|hart|m_core.niosv_m_full_inst|flush_E~0~cw_la_lab/laboutb[12]                                                           ;
; Long Path                ;                         ;             ; my_niosv|my_niosv|hart|m_core.niosv_m_full_inst|flush_E~0~_LAB_RE_X25_Y18_N0_I121                                                         ;
; Long Path                ;                         ;             ; my_niosv|my_niosv|hart|m_core.niosv_m_full_inst|flush_E~0~_C1_X25_Y18_N0_I32                                                              ;
; Long Path                ;                         ;             ; my_niosv|my_niosv|hart|m_core.niosv_m_full_inst|flush_E~0~_R0_X25_Y19_N0_I60                                                              ;
; Long Path                ;                         ;             ; my_niosv|my_niosv|hart|m_core.niosv_m_full_inst|flush_E~0~_LOCAL_INTERCONNECT_X25_Y19_N0_I2                                               ;
; Long Path                ; Bypassed Hyper-Register ;             ; my_niosv|my_niosv|hart|m_core.niosv_m_full_inst|flush_E~0~_BLOCK_INPUT_MUX_PASSTHROUGH_X25_Y19_N0_I10                                     ;
; Long Path                ;                         ;             ; my_niosv|my_niosv|hart|m_core.niosv_m_full_inst|flush_E~0~_LAB_RE_X25_Y19_N0_I8                                                           ;
; Long Path                ;                         ;             ; my_niosv|my_niosv|hart|m_core.niosv_m_full_inst|flush_E~0xsyn|datae                                                                       ;
; Long Path                ;                         ;             ; my_niosv|my_niosv|hart|m_core.niosv_m_full_inst|flush_E~0xsyn|combout                                                                     ;
; Long Path                ;                         ;             ; my_niosv|my_niosv|hart|m_core.niosv_m_full_inst|flush_E~0xsyn~cw_la_lab/laboutt[5]                                                        ;
; Long Path                ;                         ;             ; my_niosv|my_niosv|hart|m_core.niosv_m_full_inst|flush_E~0xsyn~_LAB_RE_X25_Y19_N0_I94                                                      ;
; Long Path                ;                         ;             ; my_niosv|my_niosv|hart|m_core.niosv_m_full_inst|flush_E~0xsyn~_R1_X25_Y19_N0_I6                                                           ;
; Long Path                ; Bypassed Hyper-Register ;             ; my_niosv|my_niosv|hart|m_core.niosv_m_full_inst|flush_E~0xsyn~_R6_X19_Y19_N0_I5                                                           ;
; Long Path                ;                         ;             ; my_niosv|my_niosv|hart|m_core.niosv_m_full_inst|flush_E~0xsyn~_LOCAL_INTERCONNECT_X18_Y19_N0_I26                                          ;
; Long Path                ; Bypassed Hyper-Register ;             ; my_niosv|my_niosv|hart|m_core.niosv_m_full_inst|flush_E~0xsyn~_BLOCK_INPUT_MUX_PASSTHROUGH_X18_Y19_N0_I29                                 ;
; Long Path                ;                         ;             ; my_niosv|my_niosv|hart|m_core.niosv_m_full_inst|flush_E~0xsyn~_LAB_RE_X18_Y19_N0_I28                                                      ;
; Long Path                ;                         ;             ; my_niosv|my_niosv|hart|m_core.niosv_m_full_inst|csr_inst|mtvec.base[29]~0|datab                                                           ;
; Long Path                ;                         ;             ; my_niosv|my_niosv|hart|m_core.niosv_m_full_inst|csr_inst|mtvec.base[29]~0|combout                                                         ;
; Long Path                ;                         ;             ; my_niosv|my_niosv|hart|m_core.niosv_m_full_inst|csr_inst|mscratch[3]~RTM_39|d                                                             ;
; Long Path                ; Bypassed ALM Register   ;             ; my_niosv|my_niosv|hart|m_core.niosv_m_full_inst|csr_inst|mscratch[3]~RTM_39~.comb                                                         ;
; Long Path                ;                         ;             ; my_niosv|my_niosv|hart|m_core.niosv_m_full_inst|csr_inst|mscratch[3]~RTM_39|q                                                             ;
; Long Path                ;                         ;             ; my_niosv|my_niosv|hart|m_core.niosv_m_full_inst|csr_inst|mscratch[3]~RTM_39~_LAB_RE_X18_Y19_N0_I104                                       ;
; Long Path                ;                         ;             ; my_niosv|my_niosv|hart|m_core.niosv_m_full_inst|csr_inst|mscratch[3]~RTM_39_Duplicate_60|d                                                ;
; Long Path (Critical)     ; Hyper-Register          ; #2          ; my_niosv|my_niosv|hart|m_core.niosv_m_full_inst|csr_inst|mscratch[3]~RTM_39_Duplicate_60                                                  ;
; Long Path (Critical)     ;                         ;             ; my_niosv|my_niosv|hart|m_core.niosv_m_full_inst|csr_inst|mscratch[3]~RTM_39_Duplicate_60|q                                                ;
; Long Path (Critical)     ;                         ;             ; my_niosv|my_niosv|hart|m_core.niosv_m_full_inst|csr_inst|mscratch[3]~RTM_39~_C4_X18_Y15_N0_I15                                            ;
; Long Path (Critical)     ;                         ;             ; my_niosv|my_niosv|hart|m_core.niosv_m_full_inst|csr_inst|mscratch[3]~RTM_39~_R0_X18_Y15_N0_I27                                            ;
; Long Path (Critical)     ;                         ;             ; my_niosv|my_niosv|hart|m_core.niosv_m_full_inst|csr_inst|mscratch[3]~RTM_39~_R0_X18_Y15_N0_I10                                            ;
; Long Path (Critical)     ;                         ;             ; my_niosv|my_niosv|hart|m_core.niosv_m_full_inst|csr_inst|mscratch[3]~RTM_39~_R0_X18_Y15_N0_I6                                             ;
; Long Path (Critical)     ;                         ;             ; my_niosv|my_niosv|hart|m_core.niosv_m_full_inst|csr_inst|mscratch[3]~RTM_39~_C1_X18_Y14_N0_I33                                            ;
; Long Path (Critical)     ;                         ;             ; my_niosv|my_niosv|hart|m_core.niosv_m_full_inst|csr_inst|mscratch[3]~RTM_39~_C1_X18_Y13_N0_I33                                            ;
; Long Path (Critical)     ;                         ;             ; my_niosv|my_niosv|hart|m_core.niosv_m_full_inst|csr_inst|mscratch[3]~RTM_39~_LOCAL_INTERCONNECT_X18_Y13_N0_I69                            ;
; Long Path (Critical)     ; Bypassed Hyper-Register ;             ; my_niosv|my_niosv|hart|m_core.niosv_m_full_inst|csr_inst|mscratch[3]~RTM_39~_BLOCK_INPUT_MUX_PASSTHROUGH_X18_Y13_N0_I43                   ;
; Long Path (Critical)     ;                         ;             ; my_niosv|my_niosv|hart|m_core.niosv_m_full_inst|csr_inst|mscratch[3]~RTM_39~_LAB_RE_X18_Y13_N0_I47                                        ;
; Long Path (Critical)     ;                         ;             ; my_niosv|my_niosv|hart|m_core.niosv_m_full_inst|csr_inst|mie.meie~1|datae                                                                 ;
; Long Path (Critical)     ;                         ;             ; my_niosv|my_niosv|hart|m_core.niosv_m_full_inst|csr_inst|mie.meie~1|combout                                                               ;
; Long Path (Critical)     ;                         ;             ; my_niosv|my_niosv|hart|m_core.niosv_m_full_inst|csr_inst|mie.meie~1~cw_la_lab/laboutb[2]                                                  ;
; Long Path (Critical)     ;                         ;             ; my_niosv|my_niosv|hart|m_core.niosv_m_full_inst|csr_inst|mie.meie~1~_LAB_RE_X18_Y13_N0_I111                                               ;
; Long Path (Critical)     ;                         ;             ; my_niosv|my_niosv|hart|m_core.niosv_m_full_inst|csr_inst|mie.meie~1~_C1_X18_Y13_N0_I22                                                    ;
; Long Path (Critical)     ;                         ;             ; my_niosv|my_niosv|hart|m_core.niosv_m_full_inst|csr_inst|mie.meie~1~_C1_X18_Y14_N0_I22                                                    ;
; Long Path (Critical)     ;                         ;             ; my_niosv|my_niosv|hart|m_core.niosv_m_full_inst|csr_inst|mie.meie~1~_R1_X19_Y15_N0_I23                                                    ;
; Long Path (Critical)     ;                         ;             ; my_niosv|my_niosv|hart|m_core.niosv_m_full_inst|csr_inst|mie.meie~1~_R0_X19_Y15_N0_I39                                                    ;
; Long Path (Critical)     ;                         ;             ; my_niosv|my_niosv|hart|m_core.niosv_m_full_inst|csr_inst|mie.meie~1~_LOCAL_INTERCONNECT_X19_Y15_N0_I66                                    ;
; Long Path (Critical)     ; Bypassed Hyper-Register ;             ; my_niosv|my_niosv|hart|m_core.niosv_m_full_inst|csr_inst|mie.meie~1~_BLOCK_INPUT_MUX_PASSTHROUGH_X19_Y15_N0_I64                           ;
; Long Path (Critical)     ;                         ;             ; my_niosv|my_niosv|hart|m_core.niosv_m_full_inst|csr_inst|mie.meie~1~_LAB_RE_X19_Y15_N0_I66                                                ;
; Long Path (Critical)     ;                         ;             ; my_niosv|my_niosv|hart|m_core.niosv_m_full_inst|csr_inst|mie.mpie[5]~RTMUXMERGE|datac                                                     ;
; Long Path (Critical)     ;                         ;             ; my_niosv|my_niosv|hart|m_core.niosv_m_full_inst|csr_inst|mie.mpie[5]~RTMUXMERGE|combout                                                   ;
; Long Path (Critical)     ;                         ;             ; my_niosv|my_niosv|hart|m_core.niosv_m_full_inst|csr_inst|mie.mpie[5]~RTMUXMERGE~cw_ml_mlab/laboutb[13]                                    ;
; Long Path (Critical)     ;                         ;             ; my_niosv|my_niosv|hart|m_core.niosv_m_full_inst|csr_inst|mie.mpie[5]~RTMUXMERGE~_LAB_RE_X19_Y15_N0_I122                                   ;
; Long Path (Critical)     ;                         ;             ; my_niosv|my_niosv|hart|m_core.niosv_m_full_inst|csr_inst|mie.mpie[5]~RTMUXMERGE~_R1_X19_Y15_N0_I34                                        ;
; Long Path (Critical)     ;                         ;             ; my_niosv|my_niosv|hart|m_core.niosv_m_full_inst|csr_inst|mie.mpie[5]~RTMUXMERGE~_LOCAL_INTERCONNECT_X18_Y15_N0_I71                        ;
; Long Path (Critical)     ; Bypassed Hyper-Register ;             ; my_niosv|my_niosv|hart|m_core.niosv_m_full_inst|csr_inst|mie.mpie[5]~RTMUXMERGE~_BLOCK_INPUT_MUX_PASSTHROUGH_X18_Y15_N0_I19               ;
; Long Path (Critical)     ;                         ;             ; my_niosv|my_niosv|hart|m_core.niosv_m_full_inst|csr_inst|mie.mpie[5]~RTMUXMERGE~_LAB_RE_X18_Y15_N0_I23                                    ;
; Long Path (Critical)     ;                         ;             ; my_niosv|my_niosv|hart|m_core.niosv_m_full_inst|E_stage_inst|E_exe_result[0]~120|dataf                                                    ;
; Long Path (Critical)     ;                         ;             ; my_niosv|my_niosv|hart|m_core.niosv_m_full_inst|E_stage_inst|E_exe_result[0]~120|combout                                                  ;
; Long Path (Critical)     ;                         ;             ; my_niosv|my_niosv|hart|m_core.niosv_m_full_inst|E_stage_inst|E_exe_result[0]~120~_LAB_RE_X18_Y15_N0_I98                                   ;
; Long Path (Critical)     ;                         ;             ; my_niosv|my_niosv|hart|m_core.niosv_m_full_inst|E_stage_inst|E_exe_result[0]~120~_R1_X19_Y15_N0_I11                                       ;
; Long Path (Critical)     ;                         ;             ; my_niosv|my_niosv|hart|m_core.niosv_m_full_inst|E_stage_inst|E_exe_result[0]~120~_LOCAL_INTERCONNECT_X19_Y15_N0_I22                       ;
; Long Path (Critical)     ; Bypassed Hyper-Register ;             ; my_niosv|my_niosv|hart|m_core.niosv_m_full_inst|E_stage_inst|E_exe_result[0]~120~_BLOCK_INPUT_MUX_PASSTHROUGH_X19_Y15_N0_I39              ;
; Long Path (Critical)     ;                         ;             ; my_niosv|my_niosv|hart|m_core.niosv_m_full_inst|E_stage_inst|E_exe_result[0]~120~_LAB_RE_X19_Y15_N0_I33                                   ;
; Long Path (Critical)     ;                         ;             ; my_niosv|my_niosv|hart|m_core.niosv_m_full_inst|E_stage_inst|E_exe_result[0]~121|datad                                                    ;
; Long Path (Critical)     ;                         ;             ; my_niosv|my_niosv|hart|m_core.niosv_m_full_inst|E_stage_inst|E_exe_result[0]~121|combout                                                  ;
; Long Path (Critical)     ;                         ;             ; my_niosv|my_niosv|hart|m_core.niosv_m_full_inst|E_stage_inst|E_exe_result[0]~121~_LAB_RE_X19_Y15_N0_I138                                  ;
; Long Path (Critical)     ;                         ;             ; my_niosv|my_niosv|hart|m_core.niosv_m_full_inst|E_stage_inst|E_exe_result[0]~121~_C1_X19_Y15_N0_I14                                       ;
; Long Path (Critical)     ; Bypassed Hyper-Register ;             ; my_niosv|my_niosv|hart|m_core.niosv_m_full_inst|E_stage_inst|E_exe_result[0]~121~_C4_X19_Y16_N0_I14                                       ;
; Long Path (Critical)     ; Bypassed Hyper-Register ;             ; my_niosv|my_niosv|hart|m_core.niosv_m_full_inst|E_stage_inst|E_exe_result[0]~121~_C4_X19_Y20_N0_I14                                       ;
; Long Path (Critical)     ;                         ;             ; my_niosv|my_niosv|hart|m_core.niosv_m_full_inst|E_stage_inst|E_exe_result[0]~121~_R0_X19_Y24_N0_I26                                       ;
; Long Path (Critical)     ;                         ;             ; my_niosv|my_niosv|hart|m_core.niosv_m_full_inst|E_stage_inst|E_exe_result[0]~121~_R0_X19_Y24_N0_I60                                       ;
; Long Path (Critical)     ;                         ;             ; my_niosv|my_niosv|hart|m_core.niosv_m_full_inst|E_stage_inst|E_exe_result[0]~121~_LOCAL_INTERCONNECT_X19_Y24_N0_I13                       ;
; Long Path (Critical)     ; Bypassed Hyper-Register ;             ; my_niosv|my_niosv|hart|m_core.niosv_m_full_inst|E_stage_inst|E_exe_result[0]~121~_BLOCK_INPUT_MUX_PASSTHROUGH_X19_Y24_N0_I1               ;
; Long Path (Critical)     ;                         ;             ; my_niosv|my_niosv|hart|m_core.niosv_m_full_inst|E_stage_inst|E_exe_result[0]~121~_LAB_RE_X19_Y24_N0_I5                                    ;
; Long Path (Critical)     ;                         ;             ; my_niosv|my_niosv|hart|m_core.niosv_m_full_inst|E_stage_inst|E_exe_result[0]~122|datac                                                    ;
; Long Path (Critical)     ;                         ;             ; my_niosv|my_niosv|hart|m_core.niosv_m_full_inst|E_stage_inst|E_exe_result[0]~122|combout                                                  ;
; Long Path (Critical)     ;                         ;             ; my_niosv|my_niosv|hart|m_core.niosv_m_full_inst|E_stage_inst|E_exe_result[0]~122~cw_ml_mlab/laboutt[2]                                    ;
; Long Path (Critical)     ;                         ;             ; my_niosv|my_niosv|hart|m_core.niosv_m_full_inst|E_stage_inst|E_exe_result[0]~122~_LAB_RE_X19_Y24_N0_I91                                   ;
; Long Path (Critical)     ;                         ;             ; my_niosv|my_niosv|hart|m_core.niosv_m_full_inst|E_stage_inst|E_exe_result[0]~122~_R0_X19_Y24_N0_I5                                        ;
; Long Path (Critical)     ;                         ;             ; my_niosv|my_niosv|hart|m_core.niosv_m_full_inst|E_stage_inst|E_exe_result[0]~122~_LOCAL_INTERCONNECT_X19_Y24_N0_I49                       ;
; Long Path (Critical)     ; Bypassed Hyper-Register ;             ; my_niosv|my_niosv|hart|m_core.niosv_m_full_inst|E_stage_inst|E_exe_result[0]~122~_BLOCK_INPUT_MUX_PASSTHROUGH_X19_Y24_N0_I49              ;
; Long Path (Critical)     ;                         ;             ; my_niosv|my_niosv|hart|m_core.niosv_m_full_inst|E_stage_inst|E_exe_result[0]~122~_LAB_RE_X19_Y24_N0_I53                                   ;
; Long Path (Critical)     ;                         ;             ; my_niosv|my_niosv|hart|m_core.niosv_m_full_inst|D_rs2_gpr_val[0]~105xsyn|dataf                                                            ;
; Long Path (Critical)     ;                         ;             ; my_niosv|my_niosv|hart|m_core.niosv_m_full_inst|D_rs2_gpr_val[0]~105xsyn|combout                                                          ;
; Long Path (Critical)     ;                         ;             ; my_niosv|my_niosv|hart|m_core.niosv_m_full_inst|D_rs2_gpr_val[0]~105xsyn~cw_ml_mlab/laboutb[6]                                            ;
; Long Path (Critical)     ;                         ;             ; my_niosv|my_niosv|hart|m_core.niosv_m_full_inst|D_rs2_gpr_val[0]~105xsyn~_LAB_RE_X19_Y24_N0_I115                                          ;
; Long Path (Critical)     ;                         ;             ; my_niosv|my_niosv|hart|m_core.niosv_m_full_inst|D_rs2_gpr_val[0]~105xsyn~_LOCAL_INTERCONNECT_X19_Y24_N0_I58                               ;
; Long Path (Critical)     ; Bypassed Hyper-Register ;             ; my_niosv|my_niosv|hart|m_core.niosv_m_full_inst|D_rs2_gpr_val[0]~105xsyn~_BLOCK_INPUT_MUX_PASSTHROUGH_X19_Y24_N0_I23                      ;
; Long Path (Critical)     ;                         ;             ; my_niosv|my_niosv|hart|m_core.niosv_m_full_inst|D_rs2_gpr_val[0]~105xsyn~_LAB_RE_X19_Y24_N0_I17                                           ;
; Long Path (Critical)     ;                         ;             ; my_niosv|my_niosv|hart|m_core.niosv_m_full_inst|D_stage_inst|instr_decoder_inst|D_exe_s2[0]~13|datad                                      ;
; Long Path (Critical)     ;                         ;             ; my_niosv|my_niosv|hart|m_core.niosv_m_full_inst|D_stage_inst|instr_decoder_inst|D_exe_s2[0]~13|combout                                    ;
; Long Path (Critical)     ;                         ;             ; my_niosv|my_niosv|hart|m_core.niosv_m_full_inst|E_stage_inst|E_exe_s2[21]|d                                                               ;
; Long Path (Critical)     ; ALM Register            ; #3          ; my_niosv|my_niosv|hart|m_core.niosv_m_full_inst|E_stage_inst|E_exe_s2[21]                                                                 ;
; ------------------------ ; ----------------------- ; ----------- ; ----------------------------------------------------------------------------------------------------------------------------------------- ;
; Extend to locatable node ; ALM Register            ; #4          ; my_niosv|my_niosv|hart|m_core.niosv_m_full_inst|lsu_inst|wr_data|state[1]~DUPLICATE                                                       ;
; Extend to locatable node ;                         ;             ; my_niosv|my_niosv|hart|m_core.niosv_m_full_inst|lsu_inst|wr_data|state[1]~DUPLICATE|q                                                     ;
; Extend to locatable node ;                         ;             ; my_niosv|my_niosv|hart|m_core.niosv_m_full_inst|lsu_inst|wr_data|state[1]~DUPLICATE~_LAB_RE_X27_Y18_N0_I101                               ;
; Extend to locatable node ;                         ;             ; my_niosv|my_niosv|hart|m_core.niosv_m_full_inst|lsu_inst|wr_data|state[1]~DUPLICATE~_LOCAL_INTERCONNECT_X27_Y18_N0_I36                    ;
; Extend to locatable node ; Bypassed Hyper-Register ;             ; my_niosv|my_niosv|hart|m_core.niosv_m_full_inst|lsu_inst|wr_data|state[1]~DUPLICATE~_BLOCK_INPUT_MUX_PASSTHROUGH_X27_Y18_N0_I40           ;
; Extend to locatable node ;                         ;             ; my_niosv|my_niosv|hart|m_core.niosv_m_full_inst|lsu_inst|wr_data|state[1]~DUPLICATE~_LAB_RE_X27_Y18_N0_I42                                ;
; Extend to locatable node ;                         ;             ; my_niosv|my_niosv|hart|m_core.niosv_m_full_inst|M0_stage_inst|i12~0|datac                                                                 ;
; Extend to locatable node ;                         ;             ; my_niosv|my_niosv|hart|m_core.niosv_m_full_inst|M0_stage_inst|i12~0|combout                                                               ;
; Extend to locatable node ;                         ;             ; my_niosv|my_niosv|hart|m_core.niosv_m_full_inst|M0_stage_inst|i12~0~cw_la_lab/lab_lut6outb[0]                                             ;
; Extend to locatable node ;                         ;             ; my_niosv|my_niosv|hart|m_core.niosv_m_full_inst|M0_stage_inst|i12~0~_LAB_RE_X27_Y18_N0_I144                                               ;
; Extend to locatable node ;                         ;             ; my_niosv|my_niosv|hart|m_core.niosv_m_full_inst|M0_stage_inst|i12~0~_C1_X27_Y18_N0_I18                                                    ;
; Extend to locatable node ; Bypassed Hyper-Register ;             ; my_niosv|my_niosv|hart|m_core.niosv_m_full_inst|M0_stage_inst|i12~0~_C4_X27_Y19_N0_I18                                                    ;
; Extend to locatable node ;                         ;             ; my_niosv|my_niosv|hart|m_core.niosv_m_full_inst|M0_stage_inst|i12~0~_R0_X27_Y23_N0_I33                                                    ;
; Extend to locatable node ; Bypassed Hyper-Register ;             ; my_niosv|my_niosv|hart|m_core.niosv_m_full_inst|M0_stage_inst|i12~0~_R6_X22_Y23_N0_I19                                                    ;
; Extend to locatable node ;                         ;             ; my_niosv|my_niosv|hart|m_core.niosv_m_full_inst|M0_stage_inst|i12~0~_C1_X21_Y23_N0_I36                                                    ;
; Extend to locatable node ;                         ;             ; my_niosv|my_niosv|hart|m_core.niosv_m_full_inst|M0_stage_inst|i12~0~_R2_X20_Y24_N0_I18                                                    ;
; Extend to locatable node ;                         ;             ; my_niosv|my_niosv|hart|m_core.niosv_m_full_inst|M0_stage_inst|i12~0~_LOCAL_INTERCONNECT_X19_Y24_N0_I78                                    ;
; Extend to locatable node ;                         ;             ; my_niosv|my_niosv|hart|m_core.niosv_m_full_inst|M0_stage_inst|i12~0~_BLOCK_INPUT_MUX_PASSTHROUGH_X19_Y24_N0_I82                           ;
; Extend to locatable node ;                         ;             ; my_niosv|my_niosv|hart|m_core.niosv_m_full_inst|M0_stage_inst|i12~0~_LAB_RE_X19_Y24_N0_I80                                                ;
; Retiming Dependency      ; Bypassed Hyper-Register ;             ; my_niosv|my_niosv|hart|m_core.niosv_m_full_inst|E_stage_inst|E_exe_s2[21]~xtophalf/xale2/xcw_ml_le_regctrl/xcw_la_le_regctrl_reg/nce_out  ;
; Retiming Dependency      ;                         ;             ; my_niosv|my_niosv|hart|m_core.niosv_m_full_inst|E_stage_inst|E_exe_s2[21]|ena                                                             ;
; Retiming Dependency      ; ALM Register            ; #3          ; my_niosv|my_niosv|hart|m_core.niosv_m_full_inst|E_stage_inst|E_exe_s2[21]                                                                 ;
; ------------------------ ; ----------------------- ; ----------- ; ----------------------------------------------------------------------------------------------------------------------------------------- ;
; Extend to locatable node ; ALM Register            ; #4          ; my_niosv|my_niosv|hart|m_core.niosv_m_full_inst|lsu_inst|wr_data|state[1]~DUPLICATE                                                       ;
; Extend to locatable node ;                         ;             ; my_niosv|my_niosv|hart|m_core.niosv_m_full_inst|lsu_inst|wr_data|state[1]~DUPLICATE|q                                                     ;
; Extend to locatable node ;                         ;             ; my_niosv|my_niosv|hart|m_core.niosv_m_full_inst|lsu_inst|wr_data|state[1]~DUPLICATE~_LAB_RE_X27_Y18_N0_I101                               ;
; Extend to locatable node ;                         ;             ; my_niosv|my_niosv|hart|m_core.niosv_m_full_inst|lsu_inst|wr_data|state[1]~DUPLICATE~_LOCAL_INTERCONNECT_X27_Y18_N0_I36                    ;
; Extend to locatable node ; Bypassed Hyper-Register ;             ; my_niosv|my_niosv|hart|m_core.niosv_m_full_inst|lsu_inst|wr_data|state[1]~DUPLICATE~_BLOCK_INPUT_MUX_PASSTHROUGH_X27_Y18_N0_I40           ;
; Extend to locatable node ;                         ;             ; my_niosv|my_niosv|hart|m_core.niosv_m_full_inst|lsu_inst|wr_data|state[1]~DUPLICATE~_LAB_RE_X27_Y18_N0_I42                                ;
; Extend to locatable node ;                         ;             ; my_niosv|my_niosv|hart|m_core.niosv_m_full_inst|M0_stage_inst|i12~0|datac                                                                 ;
; Extend to locatable node ;                         ;             ; my_niosv|my_niosv|hart|m_core.niosv_m_full_inst|M0_stage_inst|i12~0|combout                                                               ;
; Extend to locatable node ;                         ;             ; my_niosv|my_niosv|hart|m_core.niosv_m_full_inst|M0_stage_inst|i12~0~cw_la_lab/lab_lut6outb[0]                                             ;
; Extend to locatable node ;                         ;             ; my_niosv|my_niosv|hart|m_core.niosv_m_full_inst|M0_stage_inst|i12~0~_LAB_RE_X27_Y18_N0_I144                                               ;
; Extend to locatable node ;                         ;             ; my_niosv|my_niosv|hart|m_core.niosv_m_full_inst|M0_stage_inst|i12~0~_C1_X27_Y18_N0_I18                                                    ;
; Extend to locatable node ; Bypassed Hyper-Register ;             ; my_niosv|my_niosv|hart|m_core.niosv_m_full_inst|M0_stage_inst|i12~0~_C4_X27_Y19_N0_I18                                                    ;
; Extend to locatable node ;                         ;             ; my_niosv|my_niosv|hart|m_core.niosv_m_full_inst|M0_stage_inst|i12~0~_R0_X27_Y23_N0_I33                                                    ;
; Extend to locatable node ; Bypassed Hyper-Register ;             ; my_niosv|my_niosv|hart|m_core.niosv_m_full_inst|M0_stage_inst|i12~0~_R6_X22_Y23_N0_I19                                                    ;
; Extend to locatable node ;                         ;             ; my_niosv|my_niosv|hart|m_core.niosv_m_full_inst|M0_stage_inst|i12~0~_C1_X21_Y23_N0_I36                                                    ;
; Extend to locatable node ;                         ;             ; my_niosv|my_niosv|hart|m_core.niosv_m_full_inst|M0_stage_inst|i12~0~_R2_X20_Y24_N0_I18                                                    ;
; Extend to locatable node ;                         ;             ; my_niosv|my_niosv|hart|m_core.niosv_m_full_inst|M0_stage_inst|i12~0~_LOCAL_INTERCONNECT_X19_Y24_N0_I78                                    ;
; Extend to locatable node ;                         ;             ; my_niosv|my_niosv|hart|m_core.niosv_m_full_inst|M0_stage_inst|i12~0~_BLOCK_INPUT_MUX_PASSTHROUGH_X19_Y24_N0_I82                           ;
; Extend to locatable node ;                         ;             ; my_niosv|my_niosv|hart|m_core.niosv_m_full_inst|M0_stage_inst|i12~0~_LAB_RE_X19_Y24_N0_I80                                                ;
; Long Path                ; Bypassed Hyper-Register ;             ; my_niosv|my_niosv|hart|m_core.niosv_m_full_inst|E_stage_inst|E_exe_s2[21]~xtophalf/xale2/xcw_ml_le_regctrl/xcw_la_le_regctrl_reg/nce_out  ;
; Long Path                ;                         ;             ; my_niosv|my_niosv|hart|m_core.niosv_m_full_inst|E_stage_inst|E_rs2_gpr_val[23]|ena                                                        ;
; Long Path                ; ALM Register            ; #5          ; my_niosv|my_niosv|hart|m_core.niosv_m_full_inst|E_stage_inst|E_rs2_gpr_val[23]                                                            ;
; ------------------------ ; ----------------------- ; ----------- ; ----------------------------------------------------------------------------------------------------------------------------------------- ;
; Extend to locatable node ; ALM Register            ; #6          ; my_niosv|my_niosv|hart|m_core.niosv_m_full_inst|D_stage_inst|D_rs2_gpr[3]                                                                 ;
; Extend to locatable node ;                         ;             ; my_niosv|my_niosv|hart|m_core.niosv_m_full_inst|D_stage_inst|D_rs2_gpr[3]|q                                                               ;
; Extend to locatable node ;                         ;             ; my_niosv|my_niosv|hart|m_core.niosv_m_full_inst|D_stage_inst|D_rs2_gpr[3]~LAB_RE_X21_Y25_N0_I102                                          ;
; Extend to locatable node ;                         ;             ; my_niosv|my_niosv|hart|m_core.niosv_m_full_inst|D_stage_inst|D_rs2_gpr[3]~C1_X21_Y24_N0_I15                                               ;
; Extend to locatable node ;                         ;             ; my_niosv|my_niosv|hart|m_core.niosv_m_full_inst|D_stage_inst|D_rs2_gpr[3]~LOCAL_INTERCONNECT_X21_Y24_N0_I33                               ;
; Extend to locatable node ; Bypassed Hyper-Register ;             ; my_niosv|my_niosv|hart|m_core.niosv_m_full_inst|D_stage_inst|D_rs2_gpr[3]~BLOCK_INPUT_MUX_PASSTHROUGH_X21_Y24_N0_I9                       ;
; Extend to locatable node ;                         ;             ; my_niosv|my_niosv|hart|m_core.niosv_m_full_inst|D_stage_inst|D_rs2_gpr[3]~LAB_RE_X21_Y24_N0_I13                                           ;
; Extend to locatable node ;                         ;             ; my_niosv|my_niosv|hart|m_core.niosv_m_full_inst|reduce_nor_39~0|datac                                                                     ;
; Extend to locatable node ;                         ;             ; my_niosv|my_niosv|hart|m_core.niosv_m_full_inst|reduce_nor_39~0|combout                                                                   ;
; Extend to locatable node ;                         ;             ; my_niosv|my_niosv|hart|m_core.niosv_m_full_inst|reduce_nor_39~0~cw_ml_mlab/laboutt[6]                                                     ;
; Extend to locatable node ;                         ;             ; my_niosv|my_niosv|hart|m_core.niosv_m_full_inst|reduce_nor_39~0~_LAB_RE_X21_Y24_N0_I95                                                    ;
; Extend to locatable node ;                         ;             ; my_niosv|my_niosv|hart|m_core.niosv_m_full_inst|reduce_nor_39~0~_R1_X21_Y24_N0_I6                                                         ;
; Extend to locatable node ;                         ;             ; my_niosv|my_niosv|hart|m_core.niosv_m_full_inst|reduce_nor_39~0~_R1_X20_Y24_N0_I6                                                         ;
; Extend to locatable node ;                         ;             ; my_niosv|my_niosv|hart|m_core.niosv_m_full_inst|reduce_nor_39~0~_R0_X19_Y24_N0_I12                                                        ;
; Extend to locatable node ;                         ;             ; my_niosv|my_niosv|hart|m_core.niosv_m_full_inst|reduce_nor_39~0~_R0_X19_Y24_N0_I45                                                        ;
; Extend to locatable node ;                         ;             ; my_niosv|my_niosv|hart|m_core.niosv_m_full_inst|reduce_nor_39~0~_R0_X19_Y24_N0_I51                                                        ;
; Extend to locatable node ;                         ;             ; my_niosv|my_niosv|hart|m_core.niosv_m_full_inst|reduce_nor_39~0~_LOCAL_INTERCONNECT_X19_Y24_N0_I28                                        ;
; Retiming Dependency      ; Bypassed Hyper-Register ;             ; my_niosv|my_niosv|hart|m_core.niosv_m_full_inst|reduce_nor_39~0~_BLOCK_INPUT_MUX_PASSTHROUGH_X19_Y24_N0_I20                               ;
; Retiming Dependency      ;                         ;             ; my_niosv|my_niosv|hart|m_core.niosv_m_full_inst|reduce_nor_39~0~_LAB_RE_X19_Y24_N0_I19                                                    ;
; Retiming Dependency      ;                         ;             ; my_niosv|my_niosv|hart|m_core.niosv_m_full_inst|D_rs2_gpr_val[0]~9|dataa                                                                  ;
; Retiming Dependency      ;                         ;             ; my_niosv|my_niosv|hart|m_core.niosv_m_full_inst|D_rs2_gpr_val[0]~9|combout                                                                ;
; Retiming Dependency      ;                         ;             ; my_niosv|my_niosv|hart|m_core.niosv_m_full_inst|E_stage_inst|E_rs2_gpr_val[23]|d                                                          ;
; Retiming Dependency      ; ALM Register            ; #5          ; my_niosv|my_niosv|hart|m_core.niosv_m_full_inst|E_stage_inst|E_rs2_gpr_val[23]                                                            ;
; ------------------------ ; ----------------------- ; ----------- ; ----------------------------------------------------------------------------------------------------------------------------------------- ;
; Extend to locatable node ; ALM Register            ; #6          ; my_niosv|my_niosv|hart|m_core.niosv_m_full_inst|D_stage_inst|D_rs2_gpr[3]                                                                 ;
; Extend to locatable node ;                         ;             ; my_niosv|my_niosv|hart|m_core.niosv_m_full_inst|D_stage_inst|D_rs2_gpr[3]|q                                                               ;
; Extend to locatable node ;                         ;             ; my_niosv|my_niosv|hart|m_core.niosv_m_full_inst|D_stage_inst|D_rs2_gpr[3]~LAB_RE_X21_Y25_N0_I102                                          ;
; Extend to locatable node ;                         ;             ; my_niosv|my_niosv|hart|m_core.niosv_m_full_inst|D_stage_inst|D_rs2_gpr[3]~C1_X21_Y24_N0_I15                                               ;
; Extend to locatable node ;                         ;             ; my_niosv|my_niosv|hart|m_core.niosv_m_full_inst|D_stage_inst|D_rs2_gpr[3]~LOCAL_INTERCONNECT_X21_Y24_N0_I33                               ;
; Extend to locatable node ; Bypassed Hyper-Register ;             ; my_niosv|my_niosv|hart|m_core.niosv_m_full_inst|D_stage_inst|D_rs2_gpr[3]~BLOCK_INPUT_MUX_PASSTHROUGH_X21_Y24_N0_I9                       ;
; Extend to locatable node ;                         ;             ; my_niosv|my_niosv|hart|m_core.niosv_m_full_inst|D_stage_inst|D_rs2_gpr[3]~LAB_RE_X21_Y24_N0_I13                                           ;
; Extend to locatable node ;                         ;             ; my_niosv|my_niosv|hart|m_core.niosv_m_full_inst|reduce_nor_39~0|datac                                                                     ;
; Extend to locatable node ;                         ;             ; my_niosv|my_niosv|hart|m_core.niosv_m_full_inst|reduce_nor_39~0|combout                                                                   ;
; Extend to locatable node ;                         ;             ; my_niosv|my_niosv|hart|m_core.niosv_m_full_inst|reduce_nor_39~0~cw_ml_mlab/laboutt[6]                                                     ;
; Extend to locatable node ;                         ;             ; my_niosv|my_niosv|hart|m_core.niosv_m_full_inst|reduce_nor_39~0~_LAB_RE_X21_Y24_N0_I95                                                    ;
; Extend to locatable node ;                         ;             ; my_niosv|my_niosv|hart|m_core.niosv_m_full_inst|reduce_nor_39~0~_R1_X21_Y24_N0_I6                                                         ;
; Extend to locatable node ;                         ;             ; my_niosv|my_niosv|hart|m_core.niosv_m_full_inst|reduce_nor_39~0~_R1_X20_Y24_N0_I6                                                         ;
; Extend to locatable node ;                         ;             ; my_niosv|my_niosv|hart|m_core.niosv_m_full_inst|reduce_nor_39~0~_R0_X19_Y24_N0_I12                                                        ;
; Extend to locatable node ;                         ;             ; my_niosv|my_niosv|hart|m_core.niosv_m_full_inst|reduce_nor_39~0~_R0_X19_Y24_N0_I45                                                        ;
; Extend to locatable node ;                         ;             ; my_niosv|my_niosv|hart|m_core.niosv_m_full_inst|reduce_nor_39~0~_R0_X19_Y24_N0_I51                                                        ;
; Extend to locatable node ;                         ;             ; my_niosv|my_niosv|hart|m_core.niosv_m_full_inst|reduce_nor_39~0~_LOCAL_INTERCONNECT_X19_Y24_N0_I28                                        ;
; Long Path                ; Bypassed Hyper-Register ;             ; my_niosv|my_niosv|hart|m_core.niosv_m_full_inst|reduce_nor_39~0~_BLOCK_INPUT_MUX_PASSTHROUGH_X19_Y24_N0_I20                               ;
; Long Path                ;                         ;             ; my_niosv|my_niosv|hart|m_core.niosv_m_full_inst|reduce_nor_39~0~_LAB_RE_X19_Y24_N0_I19                                                    ;
; Long Path                ;                         ;             ; my_niosv|my_niosv|hart|m_core.niosv_m_full_inst|D_rs2_gpr_val[0]~9|dataa                                                                  ;
; Long Path                ;                         ;             ; my_niosv|my_niosv|hart|m_core.niosv_m_full_inst|D_rs2_gpr_val[0]~9|combout                                                                ;
; Long Path                ;                         ;             ; my_niosv|my_niosv|hart|m_core.niosv_m_full_inst|D_rs2_gpr_val[0]~9~cw_ml_mlab/lab_lut5outt[2]                                             ;
; Long Path                ;                         ;             ; my_niosv|my_niosv|hart|m_core.niosv_m_full_inst|D_rs2_gpr_val[0]~9~_LAB_RE_X19_Y24_N0_I131                                                ;
; Long Path                ;                         ;             ; my_niosv|my_niosv|hart|m_core.niosv_m_full_inst|D_rs2_gpr_val[0]~9~_LOCAL_INTERCONNECT_X19_Y24_N0_I23                                     ;
; Long Path                ; Bypassed Hyper-Register ;             ; my_niosv|my_niosv|hart|m_core.niosv_m_full_inst|D_rs2_gpr_val[0]~9~_BLOCK_INPUT_MUX_PASSTHROUGH_X19_Y24_N0_I31                            ;
; Long Path                ;                         ;             ; my_niosv|my_niosv|hart|m_core.niosv_m_full_inst|D_rs2_gpr_val[0]~9~_LAB_RE_X19_Y24_N0_I25                                                 ;
; Long Path                ;                         ;             ; my_niosv|my_niosv|hart|m_core.niosv_m_full_inst|D_stage_inst|instr_decoder_inst|D_exe_s2[0]~14|datad                                      ;
; Long Path                ;                         ;             ; my_niosv|my_niosv|hart|m_core.niosv_m_full_inst|D_stage_inst|instr_decoder_inst|D_exe_s2[0]~14|combout                                    ;
; Long Path                ;                         ;             ; my_niosv|my_niosv|hart|m_core.niosv_m_full_inst|E_stage_inst|E_exe_s2[23]|d                                                               ;
; Long Path                ; ALM Register            ; #7          ; my_niosv|my_niosv|hart|m_core.niosv_m_full_inst|E_stage_inst|E_exe_s2[23]                                                                 ;
; ------------------------ ; ----------------------- ; ----------- ; ----------------------------------------------------------------------------------------------------------------------------------------- ;
; Extend to locatable node ; ALM Register            ; #4          ; my_niosv|my_niosv|hart|m_core.niosv_m_full_inst|lsu_inst|wr_data|state[1]~DUPLICATE                                                       ;
; Extend to locatable node ;                         ;             ; my_niosv|my_niosv|hart|m_core.niosv_m_full_inst|lsu_inst|wr_data|state[1]~DUPLICATE|q                                                     ;
; Extend to locatable node ;                         ;             ; my_niosv|my_niosv|hart|m_core.niosv_m_full_inst|lsu_inst|wr_data|state[1]~DUPLICATE~_LAB_RE_X27_Y18_N0_I101                               ;
; Extend to locatable node ;                         ;             ; my_niosv|my_niosv|hart|m_core.niosv_m_full_inst|lsu_inst|wr_data|state[1]~DUPLICATE~_LOCAL_INTERCONNECT_X27_Y18_N0_I36                    ;
; Extend to locatable node ; Bypassed Hyper-Register ;             ; my_niosv|my_niosv|hart|m_core.niosv_m_full_inst|lsu_inst|wr_data|state[1]~DUPLICATE~_BLOCK_INPUT_MUX_PASSTHROUGH_X27_Y18_N0_I40           ;
; Extend to locatable node ;                         ;             ; my_niosv|my_niosv|hart|m_core.niosv_m_full_inst|lsu_inst|wr_data|state[1]~DUPLICATE~_LAB_RE_X27_Y18_N0_I42                                ;
; Extend to locatable node ;                         ;             ; my_niosv|my_niosv|hart|m_core.niosv_m_full_inst|M0_stage_inst|i12~0|datac                                                                 ;
; Extend to locatable node ;                         ;             ; my_niosv|my_niosv|hart|m_core.niosv_m_full_inst|M0_stage_inst|i12~0|combout                                                               ;
; Extend to locatable node ;                         ;             ; my_niosv|my_niosv|hart|m_core.niosv_m_full_inst|M0_stage_inst|i12~0~cw_la_lab/lab_lut6outb[0]                                             ;
; Extend to locatable node ;                         ;             ; my_niosv|my_niosv|hart|m_core.niosv_m_full_inst|M0_stage_inst|i12~0~_LAB_RE_X27_Y18_N0_I144                                               ;
; Extend to locatable node ;                         ;             ; my_niosv|my_niosv|hart|m_core.niosv_m_full_inst|M0_stage_inst|i12~0~_C1_X27_Y18_N0_I18                                                    ;
; Extend to locatable node ; Bypassed Hyper-Register ;             ; my_niosv|my_niosv|hart|m_core.niosv_m_full_inst|M0_stage_inst|i12~0~_C4_X27_Y19_N0_I18                                                    ;
; Extend to locatable node ;                         ;             ; my_niosv|my_niosv|hart|m_core.niosv_m_full_inst|M0_stage_inst|i12~0~_R0_X27_Y23_N0_I33                                                    ;
; Extend to locatable node ; Bypassed Hyper-Register ;             ; my_niosv|my_niosv|hart|m_core.niosv_m_full_inst|M0_stage_inst|i12~0~_R6_X22_Y23_N0_I19                                                    ;
; Extend to locatable node ;                         ;             ; my_niosv|my_niosv|hart|m_core.niosv_m_full_inst|M0_stage_inst|i12~0~_C1_X21_Y23_N0_I36                                                    ;
; Extend to locatable node ;                         ;             ; my_niosv|my_niosv|hart|m_core.niosv_m_full_inst|M0_stage_inst|i12~0~_R2_X20_Y24_N0_I18                                                    ;
; Extend to locatable node ;                         ;             ; my_niosv|my_niosv|hart|m_core.niosv_m_full_inst|M0_stage_inst|i12~0~_LOCAL_INTERCONNECT_X19_Y24_N0_I78                                    ;
; Extend to locatable node ;                         ;             ; my_niosv|my_niosv|hart|m_core.niosv_m_full_inst|M0_stage_inst|i12~0~_BLOCK_INPUT_MUX_PASSTHROUGH_X19_Y24_N0_I82                           ;
; Extend to locatable node ;                         ;             ; my_niosv|my_niosv|hart|m_core.niosv_m_full_inst|M0_stage_inst|i12~0~_LAB_RE_X19_Y24_N0_I80                                                ;
; Retiming Dependency      ; Bypassed Hyper-Register ;             ; my_niosv|my_niosv|hart|m_core.niosv_m_full_inst|E_stage_inst|E_exe_s2[21]~xtophalf/xale3/xcw_ml_le_regctrl/xcw_la_le_regctrl_reg/nce_out  ;
; Retiming Dependency      ;                         ;             ; my_niosv|my_niosv|hart|m_core.niosv_m_full_inst|E_stage_inst|E_exe_s2[23]|ena                                                             ;
; Retiming Dependency      ; ALM Register            ; #7          ; my_niosv|my_niosv|hart|m_core.niosv_m_full_inst|E_stage_inst|E_exe_s2[23]                                                                 ;
; ------------------------ ; ----------------------- ; ----------- ; ----------------------------------------------------------------------------------------------------------------------------------------- ;
; Extend to locatable node ; ALM Register            ; #4          ; my_niosv|my_niosv|hart|m_core.niosv_m_full_inst|lsu_inst|wr_data|state[1]~DUPLICATE                                                       ;
; Extend to locatable node ;                         ;             ; my_niosv|my_niosv|hart|m_core.niosv_m_full_inst|lsu_inst|wr_data|state[1]~DUPLICATE|q                                                     ;
; Extend to locatable node ;                         ;             ; my_niosv|my_niosv|hart|m_core.niosv_m_full_inst|lsu_inst|wr_data|state[1]~DUPLICATE~_LAB_RE_X27_Y18_N0_I101                               ;
; Extend to locatable node ;                         ;             ; my_niosv|my_niosv|hart|m_core.niosv_m_full_inst|lsu_inst|wr_data|state[1]~DUPLICATE~_LOCAL_INTERCONNECT_X27_Y18_N0_I36                    ;
; Extend to locatable node ; Bypassed Hyper-Register ;             ; my_niosv|my_niosv|hart|m_core.niosv_m_full_inst|lsu_inst|wr_data|state[1]~DUPLICATE~_BLOCK_INPUT_MUX_PASSTHROUGH_X27_Y18_N0_I40           ;
; Extend to locatable node ;                         ;             ; my_niosv|my_niosv|hart|m_core.niosv_m_full_inst|lsu_inst|wr_data|state[1]~DUPLICATE~_LAB_RE_X27_Y18_N0_I42                                ;
; Extend to locatable node ;                         ;             ; my_niosv|my_niosv|hart|m_core.niosv_m_full_inst|M0_stage_inst|i12~0|datac                                                                 ;
; Extend to locatable node ;                         ;             ; my_niosv|my_niosv|hart|m_core.niosv_m_full_inst|M0_stage_inst|i12~0|combout                                                               ;
; Extend to locatable node ;                         ;             ; my_niosv|my_niosv|hart|m_core.niosv_m_full_inst|M0_stage_inst|i12~0~cw_la_lab/lab_lut6outb[0]                                             ;
; Extend to locatable node ;                         ;             ; my_niosv|my_niosv|hart|m_core.niosv_m_full_inst|M0_stage_inst|i12~0~_LAB_RE_X27_Y18_N0_I144                                               ;
; Extend to locatable node ;                         ;             ; my_niosv|my_niosv|hart|m_core.niosv_m_full_inst|M0_stage_inst|i12~0~_C1_X27_Y18_N0_I18                                                    ;
; Extend to locatable node ; Bypassed Hyper-Register ;             ; my_niosv|my_niosv|hart|m_core.niosv_m_full_inst|M0_stage_inst|i12~0~_C4_X27_Y19_N0_I18                                                    ;
; Extend to locatable node ;                         ;             ; my_niosv|my_niosv|hart|m_core.niosv_m_full_inst|M0_stage_inst|i12~0~_R0_X27_Y23_N0_I33                                                    ;
; Extend to locatable node ; Bypassed Hyper-Register ;             ; my_niosv|my_niosv|hart|m_core.niosv_m_full_inst|M0_stage_inst|i12~0~_R6_X22_Y23_N0_I19                                                    ;
; Extend to locatable node ;                         ;             ; my_niosv|my_niosv|hart|m_core.niosv_m_full_inst|M0_stage_inst|i12~0~_C1_X21_Y23_N0_I36                                                    ;
; Extend to locatable node ;                         ;             ; my_niosv|my_niosv|hart|m_core.niosv_m_full_inst|M0_stage_inst|i12~0~_R2_X20_Y24_N0_I18                                                    ;
; Extend to locatable node ;                         ;             ; my_niosv|my_niosv|hart|m_core.niosv_m_full_inst|M0_stage_inst|i12~0~_LOCAL_INTERCONNECT_X19_Y24_N0_I78                                    ;
; Extend to locatable node ;                         ;             ; my_niosv|my_niosv|hart|m_core.niosv_m_full_inst|M0_stage_inst|i12~0~_BLOCK_INPUT_MUX_PASSTHROUGH_X19_Y24_N0_I82                           ;
; Extend to locatable node ;                         ;             ; my_niosv|my_niosv|hart|m_core.niosv_m_full_inst|M0_stage_inst|i12~0~_LAB_RE_X19_Y24_N0_I80                                                ;
; Long Path                ; Bypassed Hyper-Register ;             ; my_niosv|my_niosv|hart|m_core.niosv_m_full_inst|E_stage_inst|E_exe_s2[21]~xtophalf/xale3/xcw_ml_le_regctrl/xcw_la_le_regctrl_reg/nce_out  ;
; Long Path                ;                         ;             ; my_niosv|my_niosv|hart|m_core.niosv_m_full_inst|E_stage_inst|E_rs2_gpr_val[12]|ena                                                        ;
; Long Path                ; ALM Register            ; #8          ; my_niosv|my_niosv|hart|m_core.niosv_m_full_inst|E_stage_inst|E_rs2_gpr_val[12]                                                            ;
; ------------------------ ; ----------------------- ; ----------- ; ----------------------------------------------------------------------------------------------------------------------------------------- ;
; Extend to locatable node ; ALM Register            ; #9          ; my_niosv|my_niosv|hart|m_core.niosv_m_full_inst|W_stage_inst|W_rd[4]~DUPLICATE                                                            ;
; Extend to locatable node ;                         ;             ; my_niosv|my_niosv|hart|m_core.niosv_m_full_inst|W_stage_inst|W_rd[4]~DUPLICATE|q                                                          ;
; Extend to locatable node ;                         ;             ; my_niosv|my_niosv|hart|m_core.niosv_m_full_inst|W_stage_inst|W_rd[4]~DUPLICATE~_LAB_RE_X22_Y24_N0_I124                                    ;
; Extend to locatable node ;                         ;             ; my_niosv|my_niosv|hart|m_core.niosv_m_full_inst|W_stage_inst|W_rd[4]~DUPLICATE~_LOCAL_INTERCONNECT_X22_Y24_N0_I70                         ;
; Extend to locatable node ; Bypassed Hyper-Register ;             ; my_niosv|my_niosv|hart|m_core.niosv_m_full_inst|W_stage_inst|W_rd[4]~DUPLICATE~_BLOCK_INPUT_MUX_PASSTHROUGH_X22_Y24_N0_I67                ;
; Extend to locatable node ;                         ;             ; my_niosv|my_niosv|hart|m_core.niosv_m_full_inst|W_stage_inst|W_rd[4]~DUPLICATE~_LAB_RE_X22_Y24_N0_I71                                     ;
; Extend to locatable node ;                         ;             ; my_niosv|my_niosv|hart|m_core.niosv_m_full_inst|D_rs2_gpr_val[0]~1|dataf                                                                  ;
; Extend to locatable node ;                         ;             ; my_niosv|my_niosv|hart|m_core.niosv_m_full_inst|D_rs2_gpr_val[0]~1|combout                                                                ;
; Extend to locatable node ;                         ;             ; my_niosv|my_niosv|hart|m_core.niosv_m_full_inst|D_rs2_gpr_val[0]~1~cw_la_lab/lab_lut6outb[3]                                              ;
; Extend to locatable node ;                         ;             ; my_niosv|my_niosv|hart|m_core.niosv_m_full_inst|D_rs2_gpr_val[0]~1~_LAB_RE_X22_Y24_N0_I147                                                ;
; Extend to locatable node ;                         ;             ; my_niosv|my_niosv|hart|m_core.niosv_m_full_inst|D_rs2_gpr_val[0]~1~_C1_X22_Y23_N0_I33                                                     ;
; Extend to locatable node ;                         ;             ; my_niosv|my_niosv|hart|m_core.niosv_m_full_inst|D_rs2_gpr_val[0]~1~_C1_X22_Y22_N0_I33                                                     ;
; Extend to locatable node ;                         ;             ; my_niosv|my_niosv|hart|m_core.niosv_m_full_inst|D_rs2_gpr_val[0]~1~_R1_X22_Y22_N0_I32                                                     ;
; Extend to locatable node ;                         ;             ; my_niosv|my_niosv|hart|m_core.niosv_m_full_inst|D_rs2_gpr_val[0]~1~_LOCAL_INTERCONNECT_X21_Y22_N0_I60                                     ;
; Extend to locatable node ; Bypassed Hyper-Register ;             ; my_niosv|my_niosv|hart|m_core.niosv_m_full_inst|D_rs2_gpr_val[0]~1~_BLOCK_INPUT_MUX_PASSTHROUGH_X21_Y22_N0_I68                            ;
; Extend to locatable node ;                         ;             ; my_niosv|my_niosv|hart|m_core.niosv_m_full_inst|D_rs2_gpr_val[0]~1~_LAB_RE_X21_Y22_N0_I67                                                 ;
; Extend to locatable node ;                         ;             ; my_niosv|my_niosv|hart|m_core.niosv_m_full_inst|D_rs2_gpr_val[0]~4|dataa                                                                  ;
; Extend to locatable node ;                         ;             ; my_niosv|my_niosv|hart|m_core.niosv_m_full_inst|D_rs2_gpr_val[0]~4|combout                                                                ;
; Extend to locatable node ;                         ;             ; my_niosv|my_niosv|hart|m_core.niosv_m_full_inst|D_rs2_gpr_val[0]~4~cw_ml_mlab/laboutb[12]                                                 ;
; Extend to locatable node ;                         ;             ; my_niosv|my_niosv|hart|m_core.niosv_m_full_inst|D_rs2_gpr_val[0]~4~_LAB_RE_X21_Y22_N0_I121                                                ;
; Extend to locatable node ;                         ;             ; my_niosv|my_niosv|hart|m_core.niosv_m_full_inst|D_rs2_gpr_val[0]~4~_R2_X20_Y22_N0_I16                                                     ;
; Extend to locatable node ;                         ;             ; my_niosv|my_niosv|hart|m_core.niosv_m_full_inst|D_rs2_gpr_val[0]~4~_C1_X19_Y22_N0_I32                                                     ;
; Extend to locatable node ;                         ;             ; my_niosv|my_niosv|hart|m_core.niosv_m_full_inst|D_rs2_gpr_val[0]~4~_C1_X19_Y23_N0_I32                                                     ;
; Extend to locatable node ;                         ;             ; my_niosv|my_niosv|hart|m_core.niosv_m_full_inst|D_rs2_gpr_val[0]~4~_LOCAL_INTERCONNECT_X19_Y24_N0_I67                                     ;
; Extend to locatable node ; Bypassed Hyper-Register ;             ; my_niosv|my_niosv|hart|m_core.niosv_m_full_inst|D_rs2_gpr_val[0]~4~_BLOCK_INPUT_MUX_PASSTHROUGH_X19_Y24_N0_I63                            ;
; Extend to locatable node ;                         ;             ; my_niosv|my_niosv|hart|m_core.niosv_m_full_inst|D_rs2_gpr_val[0]~4~_LAB_RE_X19_Y24_N0_I57                                                 ;
; Extend to locatable node ;                         ;             ; my_niosv|my_niosv|hart|m_core.niosv_m_full_inst|D_rs2_gpr_val[0]~5|datad                                                                  ;
; Extend to locatable node ;                         ;             ; my_niosv|my_niosv|hart|m_core.niosv_m_full_inst|D_rs2_gpr_val[0]~5|combout                                                                ;
; Extend to locatable node ;                         ;             ; my_niosv|my_niosv|hart|m_core.niosv_m_full_inst|D_rs2_gpr_val[0]~5~cw_ml_mlab/lab_lut6outb[2]                                             ;
; Extend to locatable node ;                         ;             ; my_niosv|my_niosv|hart|m_core.niosv_m_full_inst|D_rs2_gpr_val[0]~5~_LAB_RE_X19_Y24_N0_I146                                                ;
; Extend to locatable node ;                         ;             ; my_niosv|my_niosv|hart|m_core.niosv_m_full_inst|D_rs2_gpr_val[0]~5~_LOCAL_INTERCONNECT_X19_Y24_N0_I59                                     ;
; Retiming Dependency      ; Bypassed Hyper-Register ;             ; my_niosv|my_niosv|hart|m_core.niosv_m_full_inst|D_rs2_gpr_val[0]~5~_BLOCK_INPUT_MUX_PASSTHROUGH_X19_Y24_N0_I29                            ;
; Retiming Dependency      ;                         ;             ; my_niosv|my_niosv|hart|m_core.niosv_m_full_inst|D_rs2_gpr_val[0]~5~_LAB_RE_X19_Y24_N0_I28                                                 ;
; Retiming Dependency      ;                         ;             ; my_niosv|my_niosv|hart|m_core.niosv_m_full_inst|D_rs2_gpr_val[0]~14|datab                                                                 ;
; Retiming Dependency      ;                         ;             ; my_niosv|my_niosv|hart|m_core.niosv_m_full_inst|D_rs2_gpr_val[0]~14|combout                                                               ;
; Retiming Dependency      ;                         ;             ; my_niosv|my_niosv|hart|m_core.niosv_m_full_inst|E_stage_inst|E_rs2_gpr_val[12]|d                                                          ;
; Retiming Dependency      ; ALM Register            ; #8          ; my_niosv|my_niosv|hart|m_core.niosv_m_full_inst|E_stage_inst|E_rs2_gpr_val[12]                                                            ;
; ------------------------ ; ----------------------- ; ----------- ; ----------------------------------------------------------------------------------------------------------------------------------------- ;
; Extend to locatable node ; ALM Register            ; #9          ; my_niosv|my_niosv|hart|m_core.niosv_m_full_inst|W_stage_inst|W_rd[4]~DUPLICATE                                                            ;
; Extend to locatable node ;                         ;             ; my_niosv|my_niosv|hart|m_core.niosv_m_full_inst|W_stage_inst|W_rd[4]~DUPLICATE|q                                                          ;
; Extend to locatable node ;                         ;             ; my_niosv|my_niosv|hart|m_core.niosv_m_full_inst|W_stage_inst|W_rd[4]~DUPLICATE~_LAB_RE_X22_Y24_N0_I124                                    ;
; Extend to locatable node ;                         ;             ; my_niosv|my_niosv|hart|m_core.niosv_m_full_inst|W_stage_inst|W_rd[4]~DUPLICATE~_LOCAL_INTERCONNECT_X22_Y24_N0_I70                         ;
; Extend to locatable node ; Bypassed Hyper-Register ;             ; my_niosv|my_niosv|hart|m_core.niosv_m_full_inst|W_stage_inst|W_rd[4]~DUPLICATE~_BLOCK_INPUT_MUX_PASSTHROUGH_X22_Y24_N0_I67                ;
; Extend to locatable node ;                         ;             ; my_niosv|my_niosv|hart|m_core.niosv_m_full_inst|W_stage_inst|W_rd[4]~DUPLICATE~_LAB_RE_X22_Y24_N0_I71                                     ;
; Extend to locatable node ;                         ;             ; my_niosv|my_niosv|hart|m_core.niosv_m_full_inst|D_rs2_gpr_val[0]~1|dataf                                                                  ;
; Extend to locatable node ;                         ;             ; my_niosv|my_niosv|hart|m_core.niosv_m_full_inst|D_rs2_gpr_val[0]~1|combout                                                                ;
; Extend to locatable node ;                         ;             ; my_niosv|my_niosv|hart|m_core.niosv_m_full_inst|D_rs2_gpr_val[0]~1~cw_la_lab/lab_lut6outb[3]                                              ;
; Extend to locatable node ;                         ;             ; my_niosv|my_niosv|hart|m_core.niosv_m_full_inst|D_rs2_gpr_val[0]~1~_LAB_RE_X22_Y24_N0_I147                                                ;
; Extend to locatable node ;                         ;             ; my_niosv|my_niosv|hart|m_core.niosv_m_full_inst|D_rs2_gpr_val[0]~1~_C1_X22_Y23_N0_I33                                                     ;
; Extend to locatable node ;                         ;             ; my_niosv|my_niosv|hart|m_core.niosv_m_full_inst|D_rs2_gpr_val[0]~1~_C1_X22_Y22_N0_I33                                                     ;
; Extend to locatable node ;                         ;             ; my_niosv|my_niosv|hart|m_core.niosv_m_full_inst|D_rs2_gpr_val[0]~1~_R1_X22_Y22_N0_I32                                                     ;
; Extend to locatable node ;                         ;             ; my_niosv|my_niosv|hart|m_core.niosv_m_full_inst|D_rs2_gpr_val[0]~1~_LOCAL_INTERCONNECT_X21_Y22_N0_I60                                     ;
; Extend to locatable node ; Bypassed Hyper-Register ;             ; my_niosv|my_niosv|hart|m_core.niosv_m_full_inst|D_rs2_gpr_val[0]~1~_BLOCK_INPUT_MUX_PASSTHROUGH_X21_Y22_N0_I68                            ;
; Extend to locatable node ;                         ;             ; my_niosv|my_niosv|hart|m_core.niosv_m_full_inst|D_rs2_gpr_val[0]~1~_LAB_RE_X21_Y22_N0_I67                                                 ;
; Extend to locatable node ;                         ;             ; my_niosv|my_niosv|hart|m_core.niosv_m_full_inst|D_rs2_gpr_val[0]~4|dataa                                                                  ;
; Extend to locatable node ;                         ;             ; my_niosv|my_niosv|hart|m_core.niosv_m_full_inst|D_rs2_gpr_val[0]~4|combout                                                                ;
; Extend to locatable node ;                         ;             ; my_niosv|my_niosv|hart|m_core.niosv_m_full_inst|D_rs2_gpr_val[0]~4~cw_ml_mlab/laboutb[12]                                                 ;
; Extend to locatable node ;                         ;             ; my_niosv|my_niosv|hart|m_core.niosv_m_full_inst|D_rs2_gpr_val[0]~4~_LAB_RE_X21_Y22_N0_I121                                                ;
; Extend to locatable node ;                         ;             ; my_niosv|my_niosv|hart|m_core.niosv_m_full_inst|D_rs2_gpr_val[0]~4~_R2_X20_Y22_N0_I16                                                     ;
; Extend to locatable node ;                         ;             ; my_niosv|my_niosv|hart|m_core.niosv_m_full_inst|D_rs2_gpr_val[0]~4~_C1_X19_Y22_N0_I32                                                     ;
; Extend to locatable node ;                         ;             ; my_niosv|my_niosv|hart|m_core.niosv_m_full_inst|D_rs2_gpr_val[0]~4~_C1_X19_Y23_N0_I32                                                     ;
; Extend to locatable node ;                         ;             ; my_niosv|my_niosv|hart|m_core.niosv_m_full_inst|D_rs2_gpr_val[0]~4~_LOCAL_INTERCONNECT_X19_Y24_N0_I67                                     ;
; Extend to locatable node ; Bypassed Hyper-Register ;             ; my_niosv|my_niosv|hart|m_core.niosv_m_full_inst|D_rs2_gpr_val[0]~4~_BLOCK_INPUT_MUX_PASSTHROUGH_X19_Y24_N0_I63                            ;
; Extend to locatable node ;                         ;             ; my_niosv|my_niosv|hart|m_core.niosv_m_full_inst|D_rs2_gpr_val[0]~4~_LAB_RE_X19_Y24_N0_I57                                                 ;
; Extend to locatable node ;                         ;             ; my_niosv|my_niosv|hart|m_core.niosv_m_full_inst|D_rs2_gpr_val[0]~5|datad                                                                  ;
; Extend to locatable node ;                         ;             ; my_niosv|my_niosv|hart|m_core.niosv_m_full_inst|D_rs2_gpr_val[0]~5|combout                                                                ;
; Extend to locatable node ;                         ;             ; my_niosv|my_niosv|hart|m_core.niosv_m_full_inst|D_rs2_gpr_val[0]~5~cw_ml_mlab/lab_lut6outb[2]                                             ;
; Extend to locatable node ;                         ;             ; my_niosv|my_niosv|hart|m_core.niosv_m_full_inst|D_rs2_gpr_val[0]~5~_LAB_RE_X19_Y24_N0_I146                                                ;
; Extend to locatable node ;                         ;             ; my_niosv|my_niosv|hart|m_core.niosv_m_full_inst|D_rs2_gpr_val[0]~5~_LOCAL_INTERCONNECT_X19_Y24_N0_I59                                     ;
; Long Path                ; Bypassed Hyper-Register ;             ; my_niosv|my_niosv|hart|m_core.niosv_m_full_inst|D_rs2_gpr_val[0]~5~_BLOCK_INPUT_MUX_PASSTHROUGH_X19_Y24_N0_I29                            ;
; Long Path                ;                         ;             ; my_niosv|my_niosv|hart|m_core.niosv_m_full_inst|D_rs2_gpr_val[0]~5~_LAB_RE_X19_Y24_N0_I28                                                 ;
; Long Path                ;                         ;             ; my_niosv|my_niosv|hart|m_core.niosv_m_full_inst|D_rs2_gpr_val[0]~14|datab                                                                 ;
; Long Path                ;                         ;             ; my_niosv|my_niosv|hart|m_core.niosv_m_full_inst|D_rs2_gpr_val[0]~14|combout                                                               ;
; Long Path                ;                         ;             ; my_niosv|my_niosv|hart|m_core.niosv_m_full_inst|D_rs2_gpr_val[0]~14~cw_ml_mlab/lab_lut5outt[3]                                            ;
; Long Path                ;                         ;             ; my_niosv|my_niosv|hart|m_core.niosv_m_full_inst|D_rs2_gpr_val[0]~14~_LAB_RE_X19_Y24_N0_I132                                               ;
; Long Path                ;                         ;             ; my_niosv|my_niosv|hart|m_core.niosv_m_full_inst|D_rs2_gpr_val[0]~14~_LOCAL_INTERCONNECT_X19_Y24_N0_I33                                    ;
; Long Path                ;                         ;             ; my_niosv|my_niosv|hart|m_core.niosv_m_full_inst|D_rs2_gpr_val[0]~14_BLOCK_INPUT_MUX_PASSTHROUGH_X19_Y24_N0_I9_dff|d                       ;
; Long Path                ; Hyper-Register          ; #10         ; my_niosv|my_niosv|hart|m_core.niosv_m_full_inst|D_rs2_gpr_val[0]~14_BLOCK_INPUT_MUX_PASSTHROUGH_X19_Y24_N0_I9_dff                         ;
; Long Path                ;                         ;             ; my_niosv|my_niosv|hart|m_core.niosv_m_full_inst|D_rs2_gpr_val[0]~14_BLOCK_INPUT_MUX_PASSTHROUGH_X19_Y24_N0_I9_dff|q                       ;
; Long Path                ;                         ;             ; my_niosv|my_niosv|hart|m_core.niosv_m_full_inst|D_rs2_gpr_val[0]~14~_BLOCK_INPUT_MUX_PASSTHROUGH_X19_Y24_N0_I9                            ;
; Long Path                ;                         ;             ; my_niosv|my_niosv|hart|m_core.niosv_m_full_inst|D_rs2_gpr_val[0]~14~_LAB_RE_X19_Y24_N0_I13                                                ;
; Long Path                ;                         ;             ; my_niosv|my_niosv|hart|m_core.niosv_m_full_inst|D_stage_inst|instr_decoder_inst|D_exe_s2[0]~27|datac                                      ;
; Long Path                ;                         ;             ; my_niosv|my_niosv|hart|m_core.niosv_m_full_inst|D_stage_inst|instr_decoder_inst|D_exe_s2[0]~27|combout                                    ;
; Long Path                ;                         ;             ; my_niosv|my_niosv|hart|m_core.niosv_m_full_inst|E_stage_inst|E_exe_s2[12]|d                                                               ;
; Long Path                ; Bypassed ALM Register   ;             ; my_niosv|my_niosv|hart|m_core.niosv_m_full_inst|E_stage_inst|E_exe_s2[12]~.comb                                                           ;
; Long Path                ;                         ;             ; my_niosv|my_niosv|hart|m_core.niosv_m_full_inst|E_stage_inst|E_exe_s2[12]|q                                                               ;
; Long Path                ;                         ;             ; my_niosv|my_niosv|hart|m_core.niosv_m_full_inst|E_stage_inst|E_exe_s2[12]~LAB_RE_X19_Y24_N0_I95                                           ;
; Long Path                ;                         ;             ; my_niosv|my_niosv|hart|m_core.niosv_m_full_inst|E_stage_inst|E_exe_s2[12]~R1_X19_Y24_N0_I6                                                ;
; Long Path                ;                         ;             ; my_niosv|my_niosv|hart|m_core.niosv_m_full_inst|E_stage_inst|E_exe_s2[12]~R0_X18_Y24_N0_I12                                               ;
; Long Path                ;                         ;             ; my_niosv|my_niosv|hart|m_core.niosv_m_full_inst|E_stage_inst|E_exe_s2[12]~C1_X18_Y23_N0_I27                                               ;
; Long Path                ;                         ;             ; my_niosv|my_niosv|hart|m_core.niosv_m_full_inst|E_stage_inst|E_exe_s2[12]~LOCAL_INTERCONNECT_X18_Y23_N0_I53                               ;
; Long Path                ; Bypassed Hyper-Register ;             ; my_niosv|my_niosv|hart|m_core.niosv_m_full_inst|E_stage_inst|E_exe_s2[12]~BLOCK_INPUT_MUX_PASSTHROUGH_X18_Y23_N0_I49                      ;
; Long Path                ;                         ;             ; my_niosv|my_niosv|hart|m_core.niosv_m_full_inst|E_stage_inst|E_exe_s2[12]~LAB_RE_X18_Y23_N0_I53                                           ;
; Long Path                ;                         ;             ; my_niosv|my_niosv|hart|m_core.niosv_m_full_inst|E_stage_inst|alu_inst|add_0~21|datac                                                      ;
; Long Path                ; Bypassed Hyper-Register ;             ; my_niosv|my_niosv|hart|m_core.niosv_m_full_inst|E_stage_inst|alu_inst|add_0~131|cout                                                      ;
; Long Path                ;                         ;             ; my_niosv|my_niosv|hart|m_core.niosv_m_full_inst|E_stage_inst|alu_inst|add_0~131~_LAB_RE_X18_Y23_N0_I88                                    ;
; Long Path                ;                         ;             ; my_niosv|my_niosv|hart|m_core.niosv_m_full_inst|E_stage_inst|alu_inst|add_0~131~_LAB_RE_X18_Y22_N0_I87                                    ;
; Long Path                ;                         ;             ; my_niosv|my_niosv|hart|m_core.niosv_m_full_inst|E_stage_inst|alu_inst|add_0~141|cin                                                       ;
; Long Path                ;                         ;             ; my_niosv|my_niosv|hart|m_core.niosv_m_full_inst|E_stage_inst|alu_inst|add_0~71|cout                                                       ;
; Long Path                ;                         ;             ; my_niosv|my_niosv|hart|m_core.niosv_m_full_inst|E_stage_inst|alu_inst|add_0~151|cin                                                       ;
; Long Path                ;                         ;             ; my_niosv|my_niosv|hart|m_core.niosv_m_full_inst|E_stage_inst|alu_inst|add_0~66|cout                                                       ;
; Long Path                ;                         ;             ; my_niosv|my_niosv|hart|m_core.niosv_m_full_inst|E_stage_inst|alu_inst|add_0~81|cin                                                        ;
; Long Path                ;                         ;             ; my_niosv|my_niosv|hart|m_core.niosv_m_full_inst|E_stage_inst|alu_inst|add_0~16|sumout                                                     ;
; Long Path                ;                         ;             ; my_niosv|my_niosv|hart|m_core.niosv_m_full_inst|E_stage_inst|alu_inst|add_0~16~_LAB_RE_X18_Y22_N0_I116                                    ;
; Long Path                ;                         ;             ; my_niosv|my_niosv|hart|m_core.niosv_m_full_inst|E_stage_inst|alu_inst|add_0~16~_R0_X18_Y22_N0_I45                                         ;
; Long Path                ;                         ;             ; my_niosv|my_niosv|hart|m_core.niosv_m_full_inst|E_stage_inst|alu_inst|add_0~16~_LOCAL_INTERCONNECT_X18_Y22_N0_I65                         ;
; Long Path                ; Bypassed Hyper-Register ;             ; my_niosv|my_niosv|hart|m_core.niosv_m_full_inst|E_stage_inst|alu_inst|add_0~16~_BLOCK_INPUT_MUX_PASSTHROUGH_X18_Y22_N0_I67                ;
; Long Path                ;                         ;             ; my_niosv|my_niosv|hart|m_core.niosv_m_full_inst|E_stage_inst|alu_inst|add_0~16~_LAB_RE_X18_Y22_N0_I71                                     ;
; Long Path                ;                         ;             ; my_niosv|my_niosv|hart|m_core.niosv_m_full_inst|E_stage_inst|E_unaligned_redir~1|dataf                                                    ;
; Long Path                ;                         ;             ; my_niosv|my_niosv|hart|m_core.niosv_m_full_inst|E_stage_inst|E_unaligned_redir~1|combout                                                  ;
; Long Path                ;                         ;             ; my_niosv|my_niosv|hart|m_core.niosv_m_full_inst|E_stage_inst|E_unaligned_redir~1~_LAB_RE_X18_Y22_N0_I122                                  ;
; Long Path                ;                         ;             ; my_niosv|my_niosv|hart|m_core.niosv_m_full_inst|E_stage_inst|E_unaligned_redir~1~_R1_X19_Y22_N0_I35                                       ;
; Long Path                ;                         ;             ; my_niosv|my_niosv|hart|m_core.niosv_m_full_inst|E_stage_inst|E_unaligned_redir~1~_LOCAL_INTERCONNECT_X19_Y22_N0_I71                       ;
; Long Path                ; Bypassed Hyper-Register ;             ; my_niosv|my_niosv|hart|m_core.niosv_m_full_inst|E_stage_inst|E_unaligned_redir~1~_BLOCK_INPUT_MUX_PASSTHROUGH_X19_Y22_N0_I35              ;
; Long Path                ;                         ;             ; my_niosv|my_niosv|hart|m_core.niosv_m_full_inst|E_stage_inst|E_unaligned_redir~1~_LAB_RE_X19_Y22_N0_I39                                   ;
; Long Path                ;                         ;             ; my_niosv|my_niosv|hart|m_core.niosv_m_full_inst|E_stage_inst|E_unaligned_redir~1xsyn|dataf                                                ;
; Long Path                ;                         ;             ; my_niosv|my_niosv|hart|m_core.niosv_m_full_inst|E_stage_inst|E_unaligned_redir~1xsyn|combout                                              ;
; Long Path                ;                         ;             ; my_niosv|my_niosv|hart|m_core.niosv_m_full_inst|E_stage_inst|E_unaligned_redir~1xsyn~_LAB_RE_X19_Y22_N0_I108                              ;
; Long Path                ; Bypassed Hyper-Register ;             ; my_niosv|my_niosv|hart|m_core.niosv_m_full_inst|E_stage_inst|E_unaligned_redir~1xsyn~_R4_X20_Y22_N0_I14                                   ;
; Long Path                ;                         ;             ; my_niosv|my_niosv|hart|m_core.niosv_m_full_inst|E_stage_inst|E_unaligned_redir~1xsyn~_R0_X23_Y22_N0_I34                                   ;
; Long Path                ;                         ;             ; my_niosv|my_niosv|hart|m_core.niosv_m_full_inst|E_stage_inst|E_unaligned_redir~1xsyn~_R0_X23_Y22_N0_I16                                   ;
; Long Path                ;                         ;             ; my_niosv|my_niosv|hart|m_core.niosv_m_full_inst|E_stage_inst|E_unaligned_redir~1xsyn~_LOCAL_INTERCONNECT_X23_Y22_N0_I64                   ;
; Long Path                ; Bypassed Hyper-Register ;             ; my_niosv|my_niosv|hart|m_core.niosv_m_full_inst|E_stage_inst|E_unaligned_redir~1xsyn~_BLOCK_INPUT_MUX_PASSTHROUGH_X23_Y22_N0_I79          ;
; Long Path                ;                         ;             ; my_niosv|my_niosv|hart|m_core.niosv_m_full_inst|E_stage_inst|E_unaligned_redir~1xsyn~_LAB_RE_X23_Y22_N0_I73                               ;
; Long Path                ;                         ;             ; my_niosv|my_niosv|hart|m_core.niosv_m_full_inst|M0_stage_inst|shifter_inst|i244|datad                                                     ;
; Long Path                ;                         ;             ; my_niosv|my_niosv|hart|m_core.niosv_m_full_inst|M0_stage_inst|shifter_inst|i244|combout                                                   ;
; Long Path                ;                         ;             ; my_niosv|my_niosv|hart|m_core.niosv_m_full_inst|M0_stage_inst|shifter_inst|i244~cw_ml_mlab/laboutb[19]                                    ;
; Long Path                ;                         ;             ; my_niosv|my_niosv|hart|m_core.niosv_m_full_inst|M0_stage_inst|shifter_inst|i244~LAB_RE_X23_Y22_N0_I128                                    ;
; Long Path                ;                         ;             ; my_niosv|my_niosv|hart|m_core.niosv_m_full_inst|M0_stage_inst|shifter_inst|i244~R0_X23_Y22_N0_I69                                         ;
; Long Path                ;                         ;             ; my_niosv|my_niosv|hart|m_core.niosv_m_full_inst|M0_stage_inst|shifter_inst|i244~C1_X23_Y22_N0_I30                                         ;
; Long Path                ;                         ;             ; my_niosv|my_niosv|hart|m_core.niosv_m_full_inst|M0_stage_inst|shifter_inst|i244~R6_X18_Y23_N0_I15_dff.d                                   ;
; Retiming Restriction     ; Hyper-Register          ; #11         ; my_niosv|my_niosv|hart|m_core.niosv_m_full_inst|M0_stage_inst|shifter_inst|i244~R6_X18_Y23_N0_I15_dff                                     ;
+--------------------------+-------------------------+-------------+-------------------------------------------------------------------------------------------------------------------------------------------+



Transfer from altera_reserved_tck~derived to clk_clk~derived (Meets timing requirements: No further analysis performed.)
===============================================================================


Transfer from clk_clk~derived to altera_reserved_tck~derived (Meets timing requirements: No further analysis performed.)
===============================================================================


+-----------------+
; Retime Messages ;
+-----------------+
Info (20030): Parallel compilation is enabled and will use 24 of the 32 processors detected
Info: *******************************************************************
Info: Running Quartus Prime Fitter
    Info: Version 25.1.1 Build 125 07/31/2025 Patches 1.31 SC Pro Edition
    Info: Processing started: Wed Jun 24 12:34:57 2026
    Info: System process ID: 144171
Info: Command: quartus_fit --read_settings_files=on --write_settings_files=off niosv -c niosv
Info: qfit2_default_script.tcl version: #1
Info: Project  = niosv
Info: Revision = niosv
Info (17966): Starting Hyper-Retimer operations.
Info (17968): Completed Hyper-Retimer operations.
Info (18821): Fitter Hyper-Retimer operations ending: elapsed time is 00:00:07


