Fitter report for resampler
Wed Mar 18 11:35:56 2026
Quartus Prime Version 25.1.1 Build 125 07/31/2025 SC Pro Edition


---------------------
; Table of Contents ;
---------------------
  1. Legal Notice
  2. Fitter Summary
  3. Fitter Settings
  4. Parallel Compilation
  5. Fitter Partition Summary
---- Plan Stage Reports ----
       6. Fitter Device Options
       7. Operating Settings and Conditions
       8. Pin-Out File
       9. Input Pins
      10. Output Pins
      11. I/O Bank Usage
      12. Detailed I/O Block Info
      13. All Package Pins
      14. I/O Assignment Warnings
      15. Control Signals
      16. Global & Other Fast Signals Summary
      17. Global & Other Fast Signals Details
---- Place Stage Reports ----
      18. Fitter Resource Usage Summary
      19. Fitter Resource Utilization by Entity
 20. Fitter Netlist Optimizations
---- Route Stage Reports ----
      21. Delay Chain Summary
      22. Routing Usage Summary
      23. Estimated Delay Added for Hold Timing Summary
      24. Estimated Delay Added for Hold Timing Details
---- Finalize Stage Reports ----
      25. Fitter HSLP Summary
 26. Fitter Messages



----------------
; Legal Notice ;
----------------
Copyright (C) 2025  Altera Corporation. All rights reserved.
Your use of Altera Corporation's design tools, logic functions 
and other software and tools, and any partner logic 
functions, and any output files from any of the foregoing 
(including device programming or simulation files), and any 
associated documentation or information are expressly subject 
to the terms and conditions of the Altera Program License 
Subscription Agreement, the Altera Quartus Prime License Agreement,
the Altera IP License Agreement, or other applicable license
agreement, including, without limitation, that your use is for
the sole purpose of programming logic devices manufactured by
Altera and sold by Altera or its authorized distributors.  Please
refer to the Altera Software License Subscription Agreements 
on the Quartus Prime software download page.



+--------------------------------------------------------------------------+
; Fitter Summary                                                           ;
+-----------------------------+--------------------------------------------+
; Fitter Status               ; Successful - Wed Mar 18 11:35:56 2026      ;
; Quartus Prime Version       ; 25.1.1 Build 125 07/31/2025 SC Pro Edition ;
; Revision Name               ; resampler                                  ;
; Top-level Entity Name       ; resampling_checker                         ;
; Family                      ; Cyclone 10 GX                              ;
; Device                      ; 10CX220YF780I5G                            ;
; Timing Models               ; Final                                      ;
; Power Models                ; Final                                      ;
; Device Status               ; Final                                      ;
; Logic utilization (in ALMs) ; 722 / 80,330 ( < 1 % )                     ;
; Total registers             ; 1420                                       ;
; Total pins                  ; 3 / 340 ( < 1 % )                          ;
; Total virtual pins          ; 0                                          ;
; Total block memory bits     ; 0 / 12,021,760 ( 0 % )                     ;
; Total RAM Blocks            ; 0 / 587 ( 0 % )                            ;
; Total DSP Blocks            ; 0 / 192 ( 0 % )                            ;
; Total HSSI RX channels      ; 0 / 12 ( 0 % )                             ;
; Total HSSI TX channels      ; 0 / 12 ( 0 % )                             ;
; Total PLLs                  ; 0 / 30 ( 0 % )                             ;
+-----------------------------+--------------------------------------------+


+--------------------------------------------------------------------------------------------------------------------------------------------------------------+
; Fitter Settings                                                                                                                                              ;
+------------------------------------------------------------------------------+---------------------------------------+---------------------------------------+
; Option                                                                       ; Setting                               ; Default Value                         ;
+------------------------------------------------------------------------------+---------------------------------------+---------------------------------------+
; Device                                                                       ; 10CX220YF780I5G                       ;                                       ;
; Minimum Core Junction Temperature                                            ; -40                                   ;                                       ;
; Maximum Core Junction Temperature                                            ; 100                                   ;                                       ;
; Enable parallel Assembler and Timing Analyzer during compilation             ; On                                    ; On                                    ;
; Enable compact report table                                                  ; Off                                   ; Off                                   ;
; Design Assistant include IP blocks                                           ; Off                                   ; Off                                   ;
; High fanout net threshold for RAM inference                                  ; 15                                    ; 15                                    ;
; Design Assistant limit on reported violations per rule                       ; 5000                                  ; 5000                                  ;
; Perform Simultaneous Multicorner Analysis                                    ; On                                    ; On                                    ;
; Optimization Mode                                                            ; Balanced                              ; Balanced                              ;
; Allow Register Merging                                                       ; On                                    ; On                                    ;
; Allow Register Duplication                                                   ; On                                    ; On                                    ;
; Allow Register Retiming                                                      ; On                                    ; On                                    ;
; Router Timing Optimization Level                                             ; Normal                                ; Normal                                ;
; Perform Clocking Topology Analysis During Routing                            ; Off                                   ; Off                                   ;
; Placement Effort Multiplier                                                  ; 1.0                                   ; 1.0                                   ;
; Advanced Physical Synthesis                                                  ; Off                                   ; Off                                   ;
; Enable unused RX clock workaround                                            ; Off                                   ; Off                                   ;
; Preserve unused RX/TX channels                                               ; Off                                   ; Off                                   ;
; Ignore the power supply of HSSI column when preserving unused RX/TX channels ; On                                    ; On                                    ;
; Automatically reserve CLKUSR pin for calibration purposes                    ; On                                    ; On                                    ;
; Configuration clock source                                                   ; INIT_INTOSC                           ; INIT_INTOSC                           ;
; Optimize Hold Timing                                                         ; All Paths                             ; All Paths                             ;
; Optimize Multi-Corner Timing                                                 ; On                                    ; On                                    ;
; Auto RAM to MLAB Conversion                                                  ; On                                    ; On                                    ;
; Report Packed DSP Register Names                                             ; On                                    ; On                                    ;
; Equivalent RAM and MLAB Power Up                                             ; Auto                                  ; Auto                                  ;
; Equivalent RAM and MLAB Paused Read Capabilities                             ; Care                                  ; Care                                  ;
; Programmable Power Technology Optimization                                   ; Automatic                             ; Automatic                             ;
; Programmable Power Maximum High-Speed Fraction of Used LAB Tiles             ; 1.0                                   ; 1.0                                   ;
; Power Optimization During Fitting                                            ; Normal compilation                    ; Normal compilation                    ;
; Optimize Timing                                                              ; Normal compilation                    ; Normal compilation                    ;
; Optimize IOC Register Placement for Timing                                   ; Normal                                ; Normal                                ;
; Final Placement Optimizations                                                ; Automatically                         ; Automatically                         ;
; Fitter Aggressive Routability Optimizations                                  ; Automatically                         ; Automatically                         ;
; Fitter Initial Placement Seed                                                ; 1                                     ; 1                                     ;
; Weak Pull-Up Resistor                                                        ; Off                                   ; Off                                   ;
; Enable Bus-Hold Circuitry                                                    ; Off                                   ; Off                                   ;
; Auto Packed Registers                                                        ; Auto                                  ; Auto                                  ;
; Auto Delay Chains                                                            ; On                                    ; On                                    ;
; Auto Delay Chains for High Fanout Input Pins                                 ; Off                                   ; Off                                   ;
; Treat Bidirectional Pin as Output Pin                                        ; Off                                   ; Off                                   ;
; Fitter Effort                                                                ; Auto Fit                              ; Auto Fit                              ;
; Logic Cell Insertion - Logic Duplication                                     ; Auto                                  ; Auto                                  ;
; Auto Register Duplication                                                    ; Auto                                  ; Auto                                  ;
; Auto Global Clock                                                            ; On                                    ; On                                    ;
; Auto Global Register Control Signals                                         ; On                                    ; On                                    ;
; Reserve all unused pins                                                      ; As input tri-stated with weak pull-up ; As input tri-stated with weak pull-up ;
; Synchronizer Identification                                                  ; Auto                                  ; Auto                                  ;
; Optimize Design for Metastability                                            ; On                                    ; On                                    ;
; Analyze Auto-Detected Synchronizers for Metastability                        ; Off                                   ; Off                                   ;
; Active Serial clock source                                                   ; FREQ_100MHz                           ; FREQ_100MHz                           ;
; Enable input tri-state on active configuration pins in user mode             ; Off                                   ; Off                                   ;
; Physical Placement Effort                                                    ; Normal                                ; Normal                                ;
; Number of Example Nodes Reported in Fitter Messages                          ; 50                                    ; 50                                    ;
; Enable Intermediate Fitter Snapshots                                         ; Off                                   ; Off                                   ;
; The Maximum physical M20Ks reported in the physical RAM report               ; 500                                   ; 500                                   ;
+------------------------------------------------------------------------------+---------------------------------------+---------------------------------------+


+-------------------------------------+
; Parallel Compilation                ;
+----------------------------+--------+
; Processors                 ; Number ;
+----------------------------+--------+
; Number detected on machine ; 64     ;
; Maximum allowed            ; 24     ;
+----------------------------+--------+


+--------------------------------------------------------------------------------------------+
; Fitter Partition Summary                                                                   ;
+----------------+----------------+---------+--------------+-------+-------------------------+
; Partition Name ; Hierarchy Path ; Type    ; Preservation ; Empty ; Partition Database File ;
+----------------+----------------+---------+--------------+-------+-------------------------+
; root_partition ; |              ; Default ;              ;       ;                         ;
+----------------+----------------+---------+--------------+-------+-------------------------+


+------------------------------------------------------------------------------------------------+
; Fitter Device Options                                                                          ;
+------------------------------------------------------------------+-----------------------------+
; Option                                                           ; Setting                     ;
+------------------------------------------------------------------+-----------------------------+
; Enable device-wide reset (DEV_CLRn)                              ; Off                         ;
; Enable device-wide output enable (DEV_OE)                        ; Off                         ;
; Enable INIT_DONE output                                          ; Off                         ;
; Configuration scheme                                             ; Passive Serial              ;
; Enable Error Detection CRC_ERROR pin                             ; Off                         ;
; Enable CvP_CONFDONE pin                                          ; Off                         ;
; Enable open drain on CRC_ERROR pin                               ; On                          ;
; Enable open drain on CvP_CONFDONE pin                            ; On                          ;
; Enable open drain on INIT_DONE pin                               ; On                          ;
; Enable open drain on Partial Reconfiguration pins                ; Off                         ;
; Enable open drain on nCEO pin                                    ; On                          ;
; Enable Partial Reconfiguration pins                              ; Off                         ;
; Enable input tri-state on active configuration pins in user mode ; Off                         ;
; Enable internal scrubbing                                        ; Off                         ;
; Active Serial clock source                                       ; 100 MHz Internal Oscillator ;
; Configuration clock source                                       ; Internal Oscillator         ;
; Configuration via Protocol                                       ; Off                         ;
; Configuration Voltage Level                                      ; Auto                        ;
; Force Configuration Voltage Level                                ; Off                         ;
; Enable nCEO output                                               ; Off                         ;
; Data[7..1]                                                       ; Unreserved                  ;
; Data[0]                                                          ; As input tri-stated         ;
; Data[31..16]                                                     ; Unreserved                  ;
; Data[15..8]                                                      ; Unreserved                  ;
+------------------------------------------------------------------+-----------------------------+


+------------------------------------+
; Operating Settings and Conditions  ;
+---------------------------+--------+
; Setting                   ; Value  ;
+---------------------------+--------+
; Nominal Core Voltage      ; 0.9V   ;
; Low Junction Temperature  ; -40 °C ;
; High Junction Temperature ; 100 °C ;
+---------------------------+--------+


+--------------------------------------------------------------------------------------------------------------------------------------------------------------------------------------------------------------------------------------------------------------------------------+
; Input Pins                                                                                                                                                                                                                                                                     ;
+-------------+-------+----------+--------------+--------------+--------------+-----------------------+--------------------+--------+----------------+----------+--------------+--------------------+-------------+---------------------------+----------------------+-----------+
; Name        ; Pin # ; I/O Bank ; X coordinate ; Y coordinate ; Z coordinate ; Combinational Fan-Out ; Registered Fan-Out ; Global ; Input Register ; Bus Hold ; Weak Pull Up ; I/O Standard       ; Termination ; Termination Control Block ; Location assigned by ; Slew Rate ;
+-------------+-------+----------+--------------+--------------+--------------+-----------------------+--------------------+--------+----------------+----------+--------------+--------------------+-------------+---------------------------+----------------------+-----------+
; clk_clk     ; L3    ; 3B       ; 102          ; 34           ; 46           ; 1337                  ; 0                  ; yes    ; no             ; no       ; Off          ; 1.2-V HSTL Class I ; Off         ; --                        ; User                 ; no        ;
; reset_reset ; L1    ; 3B       ; 102          ; 35           ; 31           ; 377                   ; 0                  ; yes    ; no             ; no       ; Off          ; 1.2-V              ; Off         ; --                        ; User                 ; no        ;
+-------------+-------+----------+--------------+--------------+--------------+-----------------------+--------------------+--------+----------------+----------+--------------+--------------------+-------------+---------------------------+----------------------+-----------+


+---------------------------------------------------------------------------------------------------------------------------------------------------------------------------------------------------------------------------------------------------------------------------------------------------------------------------------------------------------------------------------------------------------------------------+
; Output Pins                                                                                                                                                                                                                                                                                                                                                                                                               ;
+------------+-------+----------+--------------+--------------+--------------+-----------------+------------------------+-----------+------------+---------------+----------+--------------+--------------+------------------+-----------------------------------+---------------------------+----------------------------+-----------------------------+----------------------+----------------------+---------------------+
; Name       ; Pin # ; I/O Bank ; X coordinate ; Y coordinate ; Z coordinate ; Output Register ; Output Enable Register ; Slew Rate ; Open Drain ; TRI Primitive ; Bus Hold ; Weak Pull Up ; I/O Standard ; Current Strength ; Termination                       ; Termination Control Block ; Output Buffer Pre-emphasis ; Voltage Output Differential ; Location assigned by ; Output Enable Source ; Output Enable Group ;
+------------+-------+----------+--------------+--------------+--------------+-----------------+------------------------+-----------+------------+---------------+----------+--------------+--------------+------------------+-----------------------------------+---------------------------+----------------------------+-----------------------------+----------------------+----------------------+---------------------+
; status_led ; N3    ; 3B       ; 102          ; 40           ; 46           ; no              ; no                     ; 1         ; no         ; no            ; no       ; Off          ; 1.2-V        ; Default          ; Series 50 Ohm without Calibration ; --                        ; no                         ; no                          ; User                 ; -                    ; -                   ;
+------------+-------+----------+--------------+--------------+--------------+-----------------+------------------------+-----------+------------+---------------+----------+--------------+--------------+------------------+-----------------------------------+---------------------------+----------------------------+-----------------------------+----------------------+----------------------+---------------------+


+----------------------------------------------------------+
; I/O Bank Usage                                           ;
+----------+----------------+---------------+--------------+
; I/O Bank ; Usage          ; VCCIO Voltage ; VREF Voltage ;
+----------+----------------+---------------+--------------+
; 1F       ; 0 / 0 ( -- )   ; --            ; --           ;
; 1E       ; 0 / 0 ( -- )   ; --            ; --           ;
; 1D       ; 0 / 28 ( 0 % ) ; --            ; --           ;
; 1C       ; 0 / 28 ( 0 % ) ; --            ; --           ;
; 2L       ; 0 / 48 ( 0 % ) ; 1.8V          ; --           ;
; 2K       ; 0 / 48 ( 0 % ) ; 1.8V          ; --           ;
; 2J       ; 0 / 48 ( 0 % ) ; 1.8V          ; --           ;
; 2A       ; 1 / 48 ( 2 % ) ; 1.8V          ; --           ;
; 3B       ; 3 / 48 ( 6 % ) ; 1.2V          ; 0.6V         ;
; 3A       ; 0 / 44 ( 0 % ) ; 1.8V          ; --           ;
+----------+----------------+---------------+--------------+


+--------------------------------------------------------------------+
; Detailed I/O Block Info                                            ;
+----------+------------+-------+-------------+----------------------+
; I/O Bank ; Pin Index  ; Pin # ; Assignment  ; Location assigned by ;
+----------+------------+-------+-------------+----------------------+
; 2A       ;            ;       ;             ;                      ;
;     --   ; 47         ; AE10  ;             ;                      ;
;     --   ; 46         ; AE11  ;             ;                      ;
;     --   ; 45         ; AE14  ;             ;                      ;
;     --   ; 44         ; AE15  ;             ;                      ;
;     --   ; 43         ; AD15  ;             ;                      ;
;     --   ; 42         ; AE16  ;             ;                      ;
;     --   ; 41         ; AD12  ;             ;                      ;
;     --   ; 40         ; AE12  ;             ;                      ;
;     --   ; 39         ; AF11  ;             ;                      ;
;     --   ; 38         ; AF12  ;             ;                      ;
;     --   ; 37         ; AD14  ;             ;                      ;
;     --   ; 36         ; AD13  ;             ;                      ;
;     --   ; 35         ; AF19  ;             ;                      ;
;     --   ; 34         ; AG18  ;             ;                      ;
;     --   ; 33         ; AF18  ;             ;                      ;
;     --   ; 32         ; AF17  ;             ;                      ;
;     --   ; 31         ; AF14  ;             ;                      ;
;     --   ; 30         ; AF13  ;             ;                      ;
;     --   ; 29         ; AE20  ;             ;                      ;
;     --   ; 28         ; AE19  ;             ;                      ;
;     --   ; 27         ; AF16  ;             ;                      ;
;     --   ; 26         ; AG16  ;             ;                      ;
;     --   ; 25         ; AG15  ;             ;                      ;
;     --   ; 24         ; AG14  ;             ;                      ;
;     --   ; 23         ; AA16  ;             ;                      ;
;     --   ; 22         ; AB16  ;             ;                      ;
;     --   ; 21         ; AD19  ;             ;                      ;
;     --   ; 20         ; AD20  ;             ;                      ;
;     --   ; 19         ; AC17  ;             ;                      ;
;     --   ; 18         ; AC16  ;             ;                      ;
;     --   ; 17         ; AC18  ;             ;                      ;
;     --   ; 16         ; AD18  ;             ;                      ;
;     --   ; 15         ; AD17  ;             ;                      ;
;     --   ; 14         ; AE17  ;             ;                      ;
;     --   ; 13         ; Y15   ;             ;                      ;
;     --   ; 12         ; Y16   ;             ;                      ;
;     --   ; 11         ; AA11  ;             ;                      ;
;     --   ; 10         ; AB11  ;             ;                      ;
;     --   ; 9          ; AA14  ;             ;                      ;
;     --   ; 8          ; AB14  ;             ;                      ;
;     --   ; 7          ; AB15  ;             ;                      ;
;     --   ; 6          ; AC15  ;             ;                      ;
;     --   ; 5          ; AB13  ;             ;                      ;
;     --   ; 4          ; AC13  ;             ;                      ;
;     --   ; 3          ; AA13  ;             ;                      ;
;     --   ; 2          ; AA12  ;             ;                      ;
;     --   ; 1          ; AC11  ;             ;                      ;
;     --   ; 0          ; AC12  ;             ;                      ;
; 2J       ;            ;       ;             ;                      ;
;     --   ; 47         ; AG9   ;             ;                      ;
;     --   ; 46         ; AG10  ;             ;                      ;
;     --   ; 45         ; AH17  ;             ;                      ;
;     --   ; 44         ; AH18  ;             ;                      ;
;     --   ; 43         ; AH15  ;             ;                      ;
;     --   ; 42         ; AH16  ;             ;                      ;
;     --   ; 41         ; AH10  ;             ;                      ;
;     --   ; 40         ; AH11  ;             ;                      ;
;     --   ; 39         ; AG11  ;             ;                      ;
;     --   ; 38         ; AH12  ;             ;                      ;
;     --   ; 37         ; AG13  ;             ;                      ;
;     --   ; 36         ; AH13  ;             ;                      ;
;     --   ; 35         ; Y21   ;             ;                      ;
;     --   ; 34         ; AA21  ;             ;                      ;
;     --   ; 33         ; W21   ;             ;                      ;
;     --   ; 32         ; W20   ;             ;                      ;
;     --   ; 31         ; AB19  ;             ;                      ;
;     --   ; 30         ; AB18  ;             ;                      ;
;     --   ; 29         ; Y17   ;             ;                      ;
;     --   ; 28         ; AA17  ;             ;                      ;
;     --   ; 27         ; Y19   ;             ;                      ;
;     --   ; 26         ; Y20   ;             ;                      ;
;     --   ; 25         ; AA19  ;             ;                      ;
;     --   ; 24         ; AA18  ;             ;                      ;
;     --   ; 23         ; AB20  ;             ;                      ;
;     --   ; 22         ; AC20  ;             ;                      ;
;     --   ; 21         ; AH20  ;             ;                      ;
;     --   ; 20         ; AH21  ;             ;                      ;
;     --   ; 19         ; AB21  ;             ;                      ;
;     --   ; 18         ; AC21  ;             ;                      ;
;     --   ; 17         ; AE21  ;             ;                      ;
;     --   ; 16         ; AF21  ;             ;                      ;
;     --   ; 15         ; AG21  ;             ;                      ;
;     --   ; 14         ; AH22  ;             ;                      ;
;     --   ; 13         ; AG20  ;             ;                      ;
;     --   ; 12         ; AG19  ;             ;                      ;
;     --   ; 11         ; AF23  ;             ;                      ;
;     --   ; 10         ; AG23  ;             ;                      ;
;     --   ; 9          ; AD23  ;             ;                      ;
;     --   ; 8          ; AE23  ;             ;                      ;
;     --   ; 7          ; AA22  ;             ;                      ;
;     --   ; 6          ; AA23  ;             ;                      ;
;     --   ; 5          ; AB23  ;             ;                      ;
;     --   ; 4          ; AC23  ;             ;                      ;
;     --   ; 3          ; AE22  ;             ;                      ;
;     --   ; 2          ; AF22  ;             ;                      ;
;     --   ; 1          ; AC22  ;             ;                      ;
;     --   ; 0          ; AD22  ;             ;                      ;
; 2K       ;            ;       ;             ;                      ;
;     --   ; 47         ; B8    ;             ;                      ;
;     --   ; 46         ; B9    ;             ;                      ;
;     --   ; 45         ; C10   ;             ;                      ;
;     --   ; 44         ; B10   ;             ;                      ;
;     --   ; 43         ; C11   ;             ;                      ;
;     --   ; 42         ; C12   ;             ;                      ;
;     --   ; 41         ; A8    ;             ;                      ;
;     --   ; 40         ; A9    ;             ;                      ;
;     --   ; 39         ; D8    ;             ;                      ;
;     --   ; 38         ; C8    ;             ;                      ;
;     --   ; 37         ; D10   ;             ;                      ;
;     --   ; 36         ; D9    ;             ;                      ;
;     --   ; 35         ; A16   ;             ;                      ;
;     --   ; 34         ; A17   ;             ;                      ;
;     --   ; 33         ; A18   ;             ;                      ;
;     --   ; 32         ; A19   ;             ;                      ;
;     --   ; 31         ; C15   ;             ;                      ;
;     --   ; 30         ; B16   ;             ;                      ;
;     --   ; 29         ; B18   ;             ;                      ;
;     --   ; 28         ; B19   ;             ;                      ;
;     --   ; 27         ; C20   ;             ;                      ;
;     --   ; 26         ; B20   ;             ;                      ;
;     --   ; 25         ; E15   ;             ;                      ;
;     --   ; 24         ; D15   ;             ;                      ;
;     --   ; 23         ; A23   ;             ;                      ;
;     --   ; 22         ; A24   ;             ;                      ;
;     --   ; 21         ; C21   ;             ;                      ;
;     --   ; 20         ; B21   ;             ;                      ;
;     --   ; 19         ; B23   ;             ;                      ;
;     --   ; 18         ; B24   ;             ;                      ;
;     --   ; 17         ; A26   ;             ;                      ;
;     --   ; 16         ; A27   ;             ;                      ;
;     --   ; 15         ; A22   ;             ;                      ;
;     --   ; 14         ; A21   ;             ;                      ;
;     --   ; 13         ; B25   ;             ;                      ;
;     --   ; 12         ; B26   ;             ;                      ;
;     --   ; 11         ; E14   ;             ;                      ;
;     --   ; 10         ; D14   ;             ;                      ;
;     --   ; 9          ; D13   ;             ;                      ;
;     --   ; 8          ; C13   ;             ;                      ;
;     --   ; 7          ; B15   ;             ;                      ;
;     --   ; 6          ; B14   ;             ;                      ;
;     --   ; 5          ; B13   ;             ;                      ;
;     --   ; 4          ; A14   ;             ;                      ;
;     --   ; 3          ; A13   ;             ;                      ;
;     --   ; 2          ; A12   ;             ;                      ;
;     --   ; 1          ; B11   ;             ;                      ;
;     --   ; 0          ; A11   ;             ;                      ;
; 2L       ;            ;       ;             ;                      ;
;     --   ; 47         ; H16   ;             ;                      ;
;     --   ; 46         ; H17   ;             ;                      ;
;     --   ; 45         ; J19   ;             ;                      ;
;     --   ; 44         ; J18   ;             ;                      ;
;     --   ; 43         ; K17   ;             ;                      ;
;     --   ; 42         ; J17   ;             ;                      ;
;     --   ; 41         ; F18   ;             ;                      ;
;     --   ; 40         ; F17   ;             ;                      ;
;     --   ; 39         ; H18   ;             ;                      ;
;     --   ; 38         ; G18   ;             ;                      ;
;     --   ; 37         ; G19   ;             ;                      ;
;     --   ; 36         ; G20   ;             ;                      ;
;     --   ; 35         ; E21   ;             ;                      ;
;     --   ; 34         ; D22   ;             ;                      ;
;     --   ; 33         ; E23   ;             ;                      ;
;     --   ; 32         ; D23   ;             ;                      ;
;     --   ; 31         ; F22   ;             ;                      ;
;     --   ; 30         ; E22   ;             ;                      ;
;     --   ; 29         ; C22   ;             ;                      ;
;     --   ; 28         ; C23   ;             ;                      ;
;     --   ; 27         ; G21   ;             ;                      ;
;     --   ; 26         ; F21   ;             ;                      ;
;     --   ; 25         ; G23   ;             ;                      ;
;     --   ; 24         ; F23   ;             ;                      ;
;     --   ; 23         ; H23   ;             ;                      ;
;     --   ; 22         ; J23   ;             ;                      ;
;     --   ; 21         ; K21   ;             ;                      ;
;     --   ; 20         ; J20   ;             ;                      ;
;     --   ; 19         ; H22   ;             ;                      ;
;     --   ; 18         ; J22   ;             ;                      ;
;     --   ; 17         ; H21   ;             ;                      ;
;     --   ; 16         ; H20   ;             ;                      ;
;     --   ; 15         ; K20   ;             ;                      ;
;     --   ; 14         ; K19   ;             ;                      ;
;     --   ; 13         ; K22   ;             ;                      ;
;     --   ; 12         ; K23   ;             ;                      ;
;     --   ; 11         ; D18   ;             ;                      ;
;     --   ; 10         ; D19   ;             ;                      ;
;     --   ; 9          ; E17   ;             ;                      ;
;     --   ; 8          ; E16   ;             ;                      ;
;     --   ; 7          ; F19   ;             ;                      ;
;     --   ; 6          ; E19   ;             ;                      ;
;     --   ; 5          ; E20   ;             ;                      ;
;     --   ; 4          ; D20   ;             ;                      ;
;     --   ; 3          ; C16   ;             ;                      ;
;     --   ; 2          ; C17   ;             ;                      ;
;     --   ; 1          ; D17   ;             ;                      ;
;     --   ; 0          ; C18   ;             ;                      ;
; 3A       ;            ;       ;             ;                      ;
;     --   ; 47         ; Y4    ;             ;                      ;
;     --   ; 46         ; W4    ;             ;                      ;
;     --   ; 45         ; W7    ;             ;                      ;
;     --   ; 44         ; W8    ;             ;                      ;
;     --   ; 43         ; Y6    ;             ;                      ;
;     --   ; 42         ; Y7    ;             ;                      ;
;     --   ; 41         ; Y5    ;             ;                      ;
;     --   ; 40         ; W5    ;             ;                      ;
;     --   ; 39         ; Y2    ;             ;                      ;
;     --   ; 38         ; Y1    ;             ;                      ;
;     --   ; 37         ; AA8   ;             ;                      ;
;     --   ; 36         ; AA9   ;             ;                      ;
;     --   ; 35         ; AB4   ;             ;                      ;
;     --   ; 34         ; AC5   ;             ;                      ;
;     --   ; 33         ; AA1   ;             ;                      ;
;     --   ; 32         ; AB1   ;             ;                      ;
;     --   ; 31         ; AB5   ;             ;                      ;
;     --   ; 30         ; AB6   ;             ;                      ;
;     --   ; 29         ; AB3   ;             ;                      ;
;     --   ; 28         ; AA2   ;             ;                      ;
;     --   ; 27         ; AA4   ;             ;                      ;
;     --   ; 26         ; AA3   ;             ;                      ;
;     --   ; 25         ; AA7   ;             ;                      ;
;     --   ; 24         ; AA6   ;             ;                      ;
;     --   ; 23         ; AC3   ;             ;                      ;
;     --   ; 22         ; AD3   ;             ;                      ;
;     --   ; 21         ; AF2   ;             ;                      ;
;     --   ; 20         ; AE1   ;             ;                      ;
;     --   ; 19         ; AC2   ;             ;                      ;
;     --   ; 18         ; AC1   ;             ;                      ;
;     --   ; 17         ; AD2   ;             ;                      ;
;     --   ; 16         ; AE2   ;             ;                      ;
;     --   ; 15         ; AF1   ;             ;                      ;
;     --   ; 14         ; AG1   ;             ;                      ;
;     --   ; 13         ; AF3   ;             ;                      ;
;     --   ; 12         ; AG3   ;             ;                      ;
;     --   ; 11         ; AH3   ;             ;                      ;
;     --   ; 10         ; AH2   ;             ;                      ;
;     --   ; 9          ; AD4   ;             ;                      ;
;     --   ; 8          ; AE4   ;             ;                      ;
;     --   ; 7          ; AC7   ;             ;                      ;
;     --   ; 6          ; AC6   ;             ;                      ;
;     --   ; 5          ; AE6   ;             ;                      ;
;     --   ; 4          ; AF6   ;             ;                      ;
;     --   ; 3          ;       ;             ;                      ;
;     --   ; 2          ;       ;             ;                      ;
;     --   ; 1          ;       ;             ;                      ;
;     --   ; 0          ;       ;             ;                      ;
; 3B       ;            ;       ;             ;                      ;
;     --   ; 47         ; P4    ;             ;                      ;
;     --   ; 46         ; P3    ;             ;                      ;
;     --   ; 45         ; T9    ;             ;                      ;
;     --   ; 44         ; T8    ;             ;                      ;
;     --   ; 43         ; T7    ;             ;                      ;
;     --   ; 42         ; T6    ;             ;                      ;
;     --   ; 41         ; R5    ;             ;                      ;
;     --   ; 40         ; R4    ;             ;                      ;
;     --   ; 39         ; U5    ;             ;                      ;
;     --   ; 38         ; T4    ;             ;                      ;
;     --   ; 37         ; V8    ;             ;                      ;
;     --   ; 36         ; U8    ;             ;                      ;
;     --   ; 35         ; M4    ;             ;                      ;
;     --   ; 34         ; M3    ;             ;                      ;
;     --   ; 33         ; L4    ;             ;                      ;
;     --   ; 32         ; K4    ;             ;                      ;
;     --   ; 31         ; N3    ; status_led  ; User                 ;
;     --   ; 30         ; N2    ;             ;                      ;
;     --   ; 29         ; J3    ;             ;                      ;
;     --   ; 28         ; H2    ;             ;                      ;
;     --   ; 27         ; J2    ;             ;                      ;
;     --   ; 26         ; K2    ;             ;                      ;
;     --   ; 25         ; L3    ; clk_clk     ; User                 ;
;     --   ; 24         ; L2    ;             ;                      ;
;     --   ; 23         ; M1    ;             ;                      ;
;     --   ; 22         ; N1    ;             ;                      ;
;     --   ; 21         ; G1    ;             ;                      ;
;     --   ; 20         ; H1    ;             ;                      ;
;     --   ; 19         ; P2    ;             ;                      ;
;     --   ; 18         ; R2    ;             ;                      ;
;     --   ; 17         ; T3    ;             ;                      ;
;     --   ; 16         ; T2    ;             ;                      ;
;     --   ; 15         ; K1    ;             ;                      ;
;     --   ; 14         ; L1    ; reset_reset ; User                 ;
;     --   ; 13         ; R1    ;             ;                      ;
;     --   ; 12         ; T1    ;             ;                      ;
;     --   ; 11         ; U4    ;             ;                      ;
;     --   ; 10         ; U3    ;             ;                      ;
;     --   ; 9          ; U1    ;             ;                      ;
;     --   ; 8          ; V1    ;             ;                      ;
;     --   ; 7          ; V7    ;             ;                      ;
;     --   ; 6          ; U6    ;             ;                      ;
;     --   ; 5          ; V6    ;             ;                      ;
;     --   ; 4          ; V5    ;             ;                      ;
;     --   ; 3          ; V2    ;             ;                      ;
;     --   ; 2          ; W2    ;             ;                      ;
;     --   ; 1          ; V3    ;             ;                      ;
;     --   ; 0          ; W3    ;             ;                      ;
; 3C       ;            ;       ;             ;                      ;
;     --   ; 47         ;       ;             ;                      ;
;     --   ; 46         ;       ;             ;                      ;
;     --   ; 45         ;       ;             ;                      ;
;     --   ; 44         ;       ;             ;                      ;
;     --   ; 43         ;       ;             ;                      ;
;     --   ; 42         ;       ;             ;                      ;
;     --   ; 41         ;       ;             ;                      ;
;     --   ; 40         ;       ;             ;                      ;
;     --   ; 39         ;       ;             ;                      ;
;     --   ; 38         ;       ;             ;                      ;
;     --   ; 37         ;       ;             ;                      ;
;     --   ; 36         ;       ;             ;                      ;
;     --   ; 35         ;       ;             ;                      ;
;     --   ; 34         ;       ;             ;                      ;
;     --   ; 33         ;       ;             ;                      ;
;     --   ; 32         ;       ;             ;                      ;
;     --   ; 31         ;       ;             ;                      ;
;     --   ; 30         ;       ;             ;                      ;
;     --   ; 29         ;       ;             ;                      ;
;     --   ; 28         ;       ;             ;                      ;
;     --   ; 27         ;       ;             ;                      ;
;     --   ; 26         ;       ;             ;                      ;
;     --   ; 25         ;       ;             ;                      ;
;     --   ; 24         ;       ;             ;                      ;
;     --   ; 23         ;       ;             ;                      ;
;     --   ; 22         ;       ;             ;                      ;
;     --   ; 21         ;       ;             ;                      ;
;     --   ; 20         ;       ;             ;                      ;
;     --   ; 19         ;       ;             ;                      ;
;     --   ; 18         ;       ;             ;                      ;
;     --   ; 17         ;       ;             ;                      ;
;     --   ; 16         ;       ;             ;                      ;
;     --   ; 15         ;       ;             ;                      ;
;     --   ; 14         ;       ;             ;                      ;
;     --   ; 13         ;       ;             ;                      ;
;     --   ; 12         ;       ;             ;                      ;
;     --   ; 11         ;       ;             ;                      ;
;     --   ; 10         ;       ;             ;                      ;
;     --   ; 9          ;       ;             ;                      ;
;     --   ; 8          ;       ;             ;                      ;
;     --   ; 7          ;       ;             ;                      ;
;     --   ; 6          ;       ;             ;                      ;
;     --   ; 5          ;       ;             ;                      ;
;     --   ; 4          ;       ;             ;                      ;
;     --   ; 3          ;       ;             ;                      ;
;     --   ; 2          ;       ;             ;                      ;
;     --   ; 1          ;       ;             ;                      ;
;     --   ; 0          ;       ;             ;                      ;
; 3D       ;            ;       ;             ;                      ;
;     --   ; 47         ;       ;             ;                      ;
;     --   ; 46         ;       ;             ;                      ;
;     --   ; 45         ;       ;             ;                      ;
;     --   ; 44         ;       ;             ;                      ;
;     --   ; 43         ;       ;             ;                      ;
;     --   ; 42         ;       ;             ;                      ;
;     --   ; 41         ;       ;             ;                      ;
;     --   ; 40         ;       ;             ;                      ;
;     --   ; 39         ;       ;             ;                      ;
;     --   ; 38         ;       ;             ;                      ;
;     --   ; 37         ;       ;             ;                      ;
;     --   ; 36         ;       ;             ;                      ;
;     --   ; 35         ;       ;             ;                      ;
;     --   ; 34         ;       ;             ;                      ;
;     --   ; 33         ;       ;             ;                      ;
;     --   ; 32         ;       ;             ;                      ;
;     --   ; 31         ;       ;             ;                      ;
;     --   ; 30         ;       ;             ;                      ;
;     --   ; 29         ;       ;             ;                      ;
;     --   ; 28         ;       ;             ;                      ;
;     --   ; 27         ;       ;             ;                      ;
;     --   ; 26         ;       ;             ;                      ;
;     --   ; 25         ;       ;             ;                      ;
;     --   ; 24         ;       ;             ;                      ;
;     --   ; 23         ;       ;             ;                      ;
;     --   ; 22         ;       ;             ;                      ;
;     --   ; 21         ;       ;             ;                      ;
;     --   ; 20         ;       ;             ;                      ;
;     --   ; 19         ;       ;             ;                      ;
;     --   ; 18         ;       ;             ;                      ;
;     --   ; 17         ;       ;             ;                      ;
;     --   ; 16         ;       ;             ;                      ;
;     --   ; 15         ;       ;             ;                      ;
;     --   ; 14         ;       ;             ;                      ;
;     --   ; 13         ;       ;             ;                      ;
;     --   ; 12         ;       ;             ;                      ;
;     --   ; 11         ;       ;             ;                      ;
;     --   ; 10         ;       ;             ;                      ;
;     --   ; 9          ;       ;             ;                      ;
;     --   ; 8          ;       ;             ;                      ;
;     --   ; 7          ;       ;             ;                      ;
;     --   ; 6          ;       ;             ;                      ;
;     --   ; 5          ;       ;             ;                      ;
;     --   ; 4          ;       ;             ;                      ;
;     --   ; 3          ;       ;             ;                      ;
;     --   ; 2          ;       ;             ;                      ;
;     --   ; 1          ;       ;             ;                      ;
;     --   ; 0          ;       ;             ;                      ;
+----------+------------+-------+-------------+----------------------+


+------------------------------------------------------------------------------------------------------------------------------------------------------------------------------+
; All Package Pins                                                                                                                                                             ;
+----------+------------+----------+---------------------------------+--------+--------------------+----------------+--------------+-----------------+----------+--------------+
; Location ; Pad Number ; I/O Bank ; Pin Name/Usage                  ; Dir.   ; I/O Standard       ; Voltage        ; I/O Type     ; User Assignment ; Bus Hold ; Weak Pull Up ;
+----------+------------+----------+---------------------------------+--------+--------------------+----------------+--------------+-----------------+----------+--------------+
; A2       ;            ;          ; NC                              ;        ;                    ;                ; --           ;                 ; --       ; --           ;
; A3       ;            ;          ; NC                              ;        ;                    ;                ; --           ;                 ; --       ; --           ;
; A4       ;            ;          ; NC                              ;        ;                    ;                ; --           ;                 ; --       ; --           ;
; A5       ;            ;          ; GND                             ; gnd    ;                    ;                ; --           ;                 ; --       ; --           ;
; A6       ;            ;          ; NC                              ;        ;                    ;                ; --           ;                 ; --       ; --           ;
; A7       ;            ;          ; NC                              ;        ;                    ;                ; --           ;                 ; --       ; --           ;
; A8       ; 166        ; 2K       ; RESERVED_INPUT_WITH_WEAK_PULLUP ;        ;                    ; 1.8V           ; --           ;                 ; no       ; On           ;
; A9       ; 167        ; 2K       ; RESERVED_INPUT_WITH_WEAK_PULLUP ;        ;                    ; 1.8V           ; --           ;                 ; no       ; On           ;
; A10      ;            ;          ; GND                             ; gnd    ;                    ;                ; --           ;                 ; --       ; --           ;
; A11      ; 207        ; 2K       ; RESERVED_INPUT_WITH_WEAK_PULLUP ;        ;                    ; 1.8V           ; --           ;                 ; no       ; On           ;
; A12      ; 205        ; 2K       ; RESERVED_INPUT_WITH_WEAK_PULLUP ;        ;                    ; 1.8V           ; --           ;                 ; no       ; On           ;
; A13      ; 204        ; 2K       ; RESERVED_INPUT_WITH_WEAK_PULLUP ;        ;                    ; 1.8V           ; --           ;                 ; no       ; On           ;
; A14      ; 203        ; 2K       ; RESERVED_INPUT_WITH_WEAK_PULLUP ;        ;                    ; 1.8V           ; --           ;                 ; no       ; On           ;
; A15      ;            ;          ; GND                             ; gnd    ;                    ;                ; --           ;                 ; --       ; --           ;
; A16      ; 172        ; 2K       ; RESERVED_INPUT_WITH_WEAK_PULLUP ;        ;                    ; 1.8V           ; --           ;                 ; no       ; On           ;
; A17      ; 173        ; 2K       ; RESERVED_INPUT_WITH_WEAK_PULLUP ;        ;                    ; 1.8V           ; --           ;                 ; no       ; On           ;
; A18      ; 174        ; 2K       ; RESERVED_INPUT_WITH_WEAK_PULLUP ;        ;                    ; 1.8V           ; --           ;                 ; no       ; On           ;
; A19      ; 175        ; 2K       ; RESERVED_INPUT_WITH_WEAK_PULLUP ;        ;                    ; 1.8V           ; --           ;                 ; no       ; On           ;
; A20      ;            ;          ; GND                             ; gnd    ;                    ;                ; --           ;                 ; --       ; --           ;
; A21      ; 193        ; 2K       ; RESERVED_INPUT_WITH_WEAK_PULLUP ;        ;                    ; 1.8V           ; --           ;                 ; no       ; On           ;
; A22      ; 192        ; 2K       ; RESERVED_INPUT_WITH_WEAK_PULLUP ;        ;                    ; 1.8V           ; --           ;                 ; no       ; On           ;
; A23      ; 184        ; 2K       ; RESERVED_INPUT_WITH_WEAK_PULLUP ;        ;                    ; 1.8V           ; --           ;                 ; no       ; On           ;
; A24      ; 185        ; 2K       ; RESERVED_INPUT_WITH_WEAK_PULLUP ;        ;                    ; 1.8V           ; --           ;                 ; no       ; On           ;
; A25      ;            ;          ; GND                             ; gnd    ;                    ;                ; --           ;                 ; --       ; --           ;
; A26      ; 190        ; 2K       ; RESERVED_INPUT_WITH_WEAK_PULLUP ;        ;                    ; 1.8V           ; --           ;                 ; no       ; On           ;
; A27      ; 191        ; 2K       ; RESERVED_INPUT_WITH_WEAK_PULLUP ;        ;                    ; 1.8V           ; --           ;                 ; no       ; On           ;
; AA1      ; 462        ; 3A       ; RESERVED_INPUT_WITH_WEAK_PULLUP ;        ;                    ; 1.8V           ; --           ;                 ; no       ; On           ;
; AA2      ; 467        ; 3A       ; RESERVED_INPUT_WITH_WEAK_PULLUP ;        ;                    ; 1.8V           ; --           ;                 ; no       ; On           ;
; AA3      ; 469        ; 3A       ; RESERVED_INPUT_WITH_WEAK_PULLUP ;        ;                    ; 1.8V           ; --           ;                 ; no       ; On           ;
; AA4      ; 468        ; 3A       ; RESERVED_INPUT_WITH_WEAK_PULLUP ;        ;                    ; 1.8V           ; --           ;                 ; no       ; On           ;
; AA5      ;            ; 3A       ; VCCIO3A                         ; power  ;                    ; 1.8V           ; --           ;                 ; --       ; --           ;
; AA6      ; 471        ; 3A       ; RESERVED_INPUT_WITH_WEAK_PULLUP ;        ;                    ; 1.8V           ; --           ;                 ; no       ; On           ;
; AA7      ; 470        ; 3A       ; RESERVED_INPUT_WITH_WEAK_PULLUP ;        ;                    ; 1.8V           ; --           ;                 ; no       ; On           ;
; AA8      ; 458        ; 3A       ; RESERVED_INPUT_WITH_WEAK_PULLUP ;        ;                    ; 1.8V           ; --           ;                 ; no       ; On           ;
; AA9      ; 459        ; 3A       ; RESERVED_INPUT_WITH_WEAK_PULLUP ;        ;                    ; 1.8V           ; --           ;                 ; no       ; On           ;
; AA10     ;            ;          ; GND                             ; gnd    ;                    ;                ; --           ;                 ; --       ; --           ;
; AA11     ; 292        ; 2A       ; RESERVED_INPUT_WITH_WEAK_PULLUP ;        ;                    ; 1.8V           ; --           ;                 ; no       ; On           ;
; AA12     ; 301        ; 2A       ; RESERVED_INPUT_WITH_WEAK_PULLUP ;        ;                    ; 1.8V           ; --           ;                 ; no       ; On           ;
; AA13     ; 300        ; 2A       ; RESERVED_INPUT_WITH_WEAK_PULLUP ;        ;                    ; 1.8V           ; --           ;                 ; no       ; On           ;
; AA14     ; 294        ; 2A       ; RESERVED_INPUT_WITH_WEAK_PULLUP ;        ;                    ; 1.8V           ; --           ;                 ; no       ; On           ;
; AA15     ;            ; 2A       ; VCCIO2A                         ; power  ;                    ; 1.8V           ; --           ;                 ; --       ; --           ;
; AA16     ; 280        ; 2A       ; RESERVED_INPUT_WITH_WEAK_PULLUP ;        ;                    ; 1.8V           ; --           ;                 ; no       ; On           ;
; AA17     ; 227        ; 2J       ; RESERVED_INPUT_WITH_WEAK_PULLUP ;        ;                    ; 1.8V           ; --           ;                 ; no       ; On           ;
; AA18     ; 231        ; 2J       ; RESERVED_INPUT_WITH_WEAK_PULLUP ;        ;                    ; 1.8V           ; --           ;                 ; no       ; On           ;
; AA19     ; 230        ; 2J       ; RESERVED_INPUT_WITH_WEAK_PULLUP ;        ;                    ; 1.8V           ; --           ;                 ; no       ; On           ;
; AA20     ;            ; 2J       ; VCCIO2J                         ; power  ;                    ; 1.8V           ; --           ;                 ; --       ; --           ;
; AA21     ; 221        ; 2J       ; RESERVED_INPUT_WITH_WEAK_PULLUP ;        ;                    ; 1.8V           ; --           ;                 ; no       ; On           ;
; AA22     ; 248        ; 2J       ; RESERVED_INPUT_WITH_WEAK_PULLUP ;        ;                    ; 1.8V           ; --           ;                 ; no       ; On           ;
; AA23     ; 249        ; 2J       ; RESERVED_INPUT_WITH_WEAK_PULLUP ;        ;                    ; 1.8V           ; --           ;                 ; no       ; On           ;
; AA24     ;            ;          ; GND                             ; gnd    ;                    ;                ; --           ;                 ; --       ; --           ;
; AA25     ;            ;          ; GND                             ; gnd    ;                    ;                ; --           ;                 ; --       ; --           ;
; AA26     ;            ;          ; GND                             ; gnd    ;                    ;                ; --           ;                 ; --       ; --           ;
; AA27     ; 94         ; 1C       ; GXB_NC                          ;        ;                    ;                ; --           ;                 ; --       ; --           ;
; AA28     ; 95         ; 1C       ; GXB_NC                          ;        ;                    ;                ; --           ;                 ; --       ; --           ;
; AB1      ; 463        ; 3A       ; RESERVED_INPUT_WITH_WEAK_PULLUP ;        ;                    ; 1.8V           ; --           ;                 ; no       ; On           ;
; AB2      ;            ;          ; GND                             ; gnd    ;                    ;                ; --           ;                 ; --       ; --           ;
; AB3      ; 466        ; 3A       ; RESERVED_INPUT_WITH_WEAK_PULLUP ;        ;                    ; 1.8V           ; --           ;                 ; no       ; On           ;
; AB4      ; 460        ; 3A       ; RESERVED_INPUT_WITH_WEAK_PULLUP ;        ;                    ; 1.8V           ; --           ;                 ; no       ; On           ;
; AB5      ; 464        ; 3A       ; RESERVED_INPUT_WITH_WEAK_PULLUP ;        ;                    ; 1.8V           ; --           ;                 ; no       ; On           ;
; AB6      ; 465        ; 3A       ; RESERVED_INPUT_WITH_WEAK_PULLUP ;        ;                    ; 1.8V           ; --           ;                 ; no       ; On           ;
; AB7      ;            ;          ; GND                             ; gnd    ;                    ;                ; --           ;                 ; --       ; --           ;
; AB8      ; 504        ; CSS      ; ^MSEL2                          ; input  ;                    ;                ; --           ;                 ; --       ; --           ;
; AB9      ; 510        ; CSS      ; ^nCE                            ;        ;                    ;                ; --           ;                 ; --       ; --           ;
; AB10     ; 496        ; CSS      ; ^GND                            ;        ;                    ;                ; --           ;                 ; --       ; --           ;
; AB11     ; 293        ; 2A       ; RESERVED_INPUT_WITH_WEAK_PULLUP ;        ;                    ; 1.8V           ; --           ;                 ; no       ; On           ;
; AB12     ;            ; 2A       ; VCCIO2A                         ; power  ;                    ; 1.8V           ; --           ;                 ; --       ; --           ;
; AB13     ; 298        ; 2A       ; RESERVED_INPUT_WITH_WEAK_PULLUP ;        ;                    ; 1.8V           ; --           ;                 ; no       ; On           ;
; AB14     ; 295        ; 2A       ; RESERVED_INPUT_WITH_WEAK_PULLUP ;        ;                    ; 1.8V           ; --           ;                 ; no       ; On           ;
; AB15     ; 296        ; 2A       ; RESERVED_INPUT_WITH_WEAK_PULLUP ;        ;                    ; 1.8V           ; --           ;                 ; no       ; On           ;
; AB16     ; 281        ; 2A       ; RESERVED_INPUT_WITH_WEAK_PULLUP ;        ;                    ; 1.8V           ; --           ;                 ; no       ; On           ;
; AB17     ;            ;          ; GND                             ; gnd    ;                    ;                ; --           ;                 ; --       ; --           ;
; AB18     ; 225        ; 2J       ; RESERVED_INPUT_WITH_WEAK_PULLUP ;        ;                    ; 1.8V           ; --           ;                 ; no       ; On           ;
; AB19     ; 224        ; 2J       ; RESERVED_INPUT_WITH_WEAK_PULLUP ;        ;                    ; 1.8V           ; --           ;                 ; no       ; On           ;
; AB20     ; 232        ; 2J       ; RESERVED_INPUT_WITH_WEAK_PULLUP ;        ;                    ; 1.8V           ; --           ;                 ; no       ; On           ;
; AB21     ; 236        ; 2J       ; RESERVED_INPUT_WITH_WEAK_PULLUP ;        ;                    ; 1.8V           ; --           ;                 ; no       ; On           ;
; AB22     ;            ;          ; GND                             ; gnd    ;                    ;                ; --           ;                 ; --       ; --           ;
; AB23     ; 250        ; 2J       ; RESERVED_INPUT_WITH_WEAK_PULLUP ;        ;                    ; 1.8V           ; --           ;                 ; no       ; On           ;
; AB24     ;            ;          ; GND                             ; gnd    ;                    ;                ; --           ;                 ; --       ; --           ;
; AB25     ; 100        ; 1C       ; GXB_GND*                        ;        ;                    ;                ; --           ;                 ; --       ; --           ;
; AB26     ; 101        ; 1C       ; GXB_GND*                        ;        ;                    ;                ; --           ;                 ; --       ; --           ;
; AB27     ;            ;          ; GND                             ; gnd    ;                    ;                ; --           ;                 ; --       ; --           ;
; AB28     ;            ;          ; GND                             ; gnd    ;                    ;                ; --           ;                 ; --       ; --           ;
; AC1      ; 477        ; 3A       ; RESERVED_INPUT_WITH_WEAK_PULLUP ;        ;                    ; 1.8V           ; --           ;                 ; no       ; On           ;
; AC2      ; 476        ; 3A       ; RESERVED_INPUT_WITH_WEAK_PULLUP ;        ;                    ; 1.8V           ; --           ;                 ; no       ; On           ;
; AC3      ; 472        ; 3A       ; RESERVED_INPUT_WITH_WEAK_PULLUP ;        ;                    ; 1.8V           ; --           ;                 ; no       ; On           ;
; AC4      ;            ;          ; GND                             ; gnd    ;                    ;                ; --           ;                 ; --       ; --           ;
; AC5      ; 461        ; 3A       ; RESERVED_INPUT_WITH_WEAK_PULLUP ;        ;                    ; 1.8V           ; --           ;                 ; no       ; On           ;
; AC6      ; 489        ; 3A       ; RESERVED_INPUT_WITH_WEAK_PULLUP ;        ;                    ; 1.8V           ; --           ;                 ; no       ; On           ;
; AC7      ; 488        ; 3A       ; RESERVED_INPUT_WITH_WEAK_PULLUP ;        ;                    ; 1.8V           ; --           ;                 ; no       ; On           ;
; AC8      ; 509        ; CSS      ; ^nCONFIG                        ; input  ;                    ;                ; --           ;                 ; --       ; --           ;
; AC9      ;            ;          ; GND                             ; gnd    ;                    ;                ; --           ;                 ; --       ; --           ;
; AC10     ; 501        ; CSS      ; #TDI                            ; input  ;                    ;                ; --           ;                 ; --       ; --           ;
; AC11     ; 302        ; 2A       ; RESERVED_INPUT_WITH_WEAK_PULLUP ;        ;                    ; 1.8V           ; --           ;                 ; no       ; On           ;
; AC12     ; 303        ; 2A       ; RESERVED_INPUT_WITH_WEAK_PULLUP ;        ;                    ; 1.8V           ; --           ;                 ; no       ; On           ;
; AC13     ; 299        ; 2A       ; RESERVED_INPUT_WITH_WEAK_PULLUP ;        ;                    ; 1.8V           ; --           ;                 ; no       ; On           ;
; AC14     ;            ; 2A       ; VCCIO2A                         ; power  ;                    ; 1.8V           ; --           ;                 ; --       ; --           ;
; AC15     ; 297        ; 2A       ; RESERVED_INPUT_WITH_WEAK_PULLUP ;        ;                    ; 1.8V           ; --           ;                 ; no       ; On           ;
; AC16     ; 285        ; 2A       ; RESERVED_INPUT_WITH_WEAK_PULLUP ;        ;                    ; 1.8V           ; --           ;                 ; no       ; On           ;
; AC17     ; 284        ; 2A       ; RESERVED_INPUT_WITH_WEAK_PULLUP ;        ;                    ; 1.8V           ; --           ;                 ; no       ; On           ;
; AC18     ; 286        ; 2A       ; RESERVED_INPUT_WITH_WEAK_PULLUP ;        ;                    ; 1.8V           ; --           ;                 ; no       ; On           ;
; AC19     ;            ; 2J       ; VCCIO2J                         ; power  ;                    ; 1.8V           ; --           ;                 ; --       ; --           ;
; AC20     ; 233        ; 2J       ; RESERVED_INPUT_WITH_WEAK_PULLUP ;        ;                    ; 1.8V           ; --           ;                 ; no       ; On           ;
; AC21     ; 237        ; 2J       ; RESERVED_INPUT_WITH_WEAK_PULLUP ;        ;                    ; 1.8V           ; --           ;                 ; no       ; On           ;
; AC22     ; 254        ; 2J       ; RESERVED_INPUT_WITH_WEAK_PULLUP ;        ;                    ; 1.8V           ; --           ;                 ; no       ; On           ;
; AC23     ; 251        ; 2J       ; RESERVED_INPUT_WITH_WEAK_PULLUP ;        ;                    ; 1.8V           ; --           ;                 ; no       ; On           ;
; AC24     ;            ;          ; GND                             ; gnd    ;                    ;                ; --           ;                 ; --       ; --           ;
; AC25     ;            ;          ; GND                             ; gnd    ;                    ;                ; --           ;                 ; --       ; --           ;
; AC26     ;            ;          ; GND                             ; gnd    ;                    ;                ; --           ;                 ; --       ; --           ;
; AC27     ; 98         ; 1C       ; GXB_NC                          ;        ;                    ;                ; --           ;                 ; --       ; --           ;
; AC28     ; 99         ; 1C       ; GXB_NC                          ;        ;                    ;                ; --           ;                 ; --       ; --           ;
; AD1      ;            ;          ; GND                             ; gnd    ;                    ;                ; --           ;                 ; --       ; --           ;
; AD2      ; 478        ; 3A       ; RESERVED_INPUT_WITH_WEAK_PULLUP ;        ;                    ; 1.8V           ; --           ;                 ; no       ; On           ;
; AD3      ; 473        ; 3A       ; RESERVED_INPUT_WITH_WEAK_PULLUP ;        ;                    ; 1.8V           ; --           ;                 ; no       ; On           ;
; AD4      ; 486        ; 3A       ; RESERVED_INPUT_WITH_WEAK_PULLUP ;        ;                    ; 1.8V           ; --           ;                 ; no       ; On           ;
; AD5      ;            ;          ; NC                              ;        ;                    ;                ; --           ;                 ; --       ; --           ;
; AD6      ;            ;          ; GND                             ; gnd    ;                    ;                ; --           ;                 ; --       ; --           ;
; AD7      ; 503        ; CSS      ; ^MSEL1                          ; input  ;                    ;                ; --           ;                 ; --       ; --           ;
; AD8      ; 505        ; CSS      ; ^nIO_PULLUP                     ; input  ;                    ;                ; --           ;                 ; --       ; --           ;
; AD9      ; 518        ; CSS      ; ^DCLK                           ; bidir  ;                    ;                ; Weak Pull Up ;                 ; --       ; On           ;
; AD10     ; 508        ; CSS      ; ^GND                            ;        ;                    ;                ; --           ;                 ; --       ; --           ;
; AD11     ;            ;          ; GND                             ; gnd    ;                    ;                ; --           ;                 ; --       ; --           ;
; AD12     ; 262        ; 2A       ; RESERVED_INPUT_WITH_WEAK_PULLUP ;        ;                    ; 1.8V           ; --           ;                 ; no       ; On           ;
; AD13     ; 267        ; 2A       ; RESERVED_INPUT_WITH_WEAK_PULLUP ;        ;                    ; 1.8V           ; --           ;                 ; no       ; On           ;
; AD14     ; 266        ; 2A       ; RESERVED_INPUT_WITH_WEAK_PULLUP ;        ;                    ; 1.8V           ; --           ;                 ; no       ; On           ;
; AD15     ; 260        ; 2A       ; RESERVED_INPUT_WITH_WEAK_PULLUP ;        ;                    ; 1.8V           ; --           ;                 ; no       ; On           ;
; AD16     ;            ;          ; GND                             ; gnd    ;                    ;                ; --           ;                 ; --       ; --           ;
; AD17     ; 288        ; 2A       ; RESERVED_INPUT_WITH_WEAK_PULLUP ;        ;                    ; 1.8V           ; --           ;                 ; no       ; On           ;
; AD18     ; 287        ; 2A       ; RESERVED_INPUT_WITH_WEAK_PULLUP ;        ;                    ; 1.8V           ; --           ;                 ; no       ; On           ;
; AD19     ; 282        ; 2A       ; RESERVED_INPUT_WITH_WEAK_PULLUP ;        ;                    ; 1.8V           ; --           ;                 ; no       ; On           ;
; AD20     ; 283        ; 2A       ; RESERVED_INPUT_WITH_WEAK_PULLUP ;        ;                    ; 1.8V           ; --           ;                 ; no       ; On           ;
; AD21     ;            ;          ; GND                             ; gnd    ;                    ;                ; --           ;                 ; --       ; --           ;
; AD22     ; 255        ; 2J       ; RESERVED_INPUT_WITH_WEAK_PULLUP ;        ;                    ; 1.8V           ; --           ;                 ; no       ; On           ;
; AD23     ; 246        ; 2J       ; RESERVED_INPUT_WITH_WEAK_PULLUP ;        ;                    ; 1.8V           ; --           ;                 ; no       ; On           ;
; AD24     ;            ;          ; GND                             ; gnd    ;                    ;                ; --           ;                 ; --       ; --           ;
; AD25     ; 104        ; 1C       ; GXB_GND*                        ;        ;                    ;                ; --           ;                 ; --       ; --           ;
; AD26     ; 105        ; 1C       ; GXB_GND*                        ;        ;                    ;                ; --           ;                 ; --       ; --           ;
; AD27     ;            ;          ; GND                             ; gnd    ;                    ;                ; --           ;                 ; --       ; --           ;
; AD28     ;            ;          ; GND                             ; gnd    ;                    ;                ; --           ;                 ; --       ; --           ;
; AE1      ; 475        ; 3A       ; RESERVED_INPUT_WITH_WEAK_PULLUP ;        ;                    ; 1.8V           ; --           ;                 ; no       ; On           ;
; AE2      ; 479        ; 3A       ; RESERVED_INPUT_WITH_WEAK_PULLUP ;        ;                    ; 1.8V           ; --           ;                 ; no       ; On           ;
; AE3      ;            ;          ; GND                             ; gnd    ;                    ;                ; --           ;                 ; --       ; --           ;
; AE4      ; 487        ; 3A       ; RESERVED_INPUT_WITH_WEAK_PULLUP ;        ;                    ; 1.8V           ; --           ;                 ; no       ; On           ;
; AE5      ;            ;          ; NC                              ;        ;                    ;                ; --           ;                 ; --       ; --           ;
; AE6      ; 490        ; 3A       ; RESERVED_INPUT_WITH_WEAK_PULLUP ;        ;                    ; 1.8V           ; --           ;                 ; no       ; On           ;
; AE7      ; 502        ; CSS      ; ^MSEL0                          ; input  ;                    ;                ; --           ;                 ; --       ; --           ;
; AE8      ;            ;          ; GND                             ; gnd    ;                    ;                ; --           ;                 ; --       ; --           ;
; AE9      ; 514        ; CSS      ; ^AS_DATA0, ASDO                 ;        ;                    ;                ; Weak Pull Up ;                 ; --       ; On           ;
; AE10     ; 256        ; 2A       ; ~ALTERA_DATA0~ / RESERVED_INPUT ; input  ; 1.8-V              ; 1.8V           ; --           ; N               ; no       ; Off          ;
; AE11     ; 257        ; 2A       ; RESERVED_INPUT_WITH_WEAK_PULLUP ;        ;                    ; 1.8V           ; --           ;                 ; no       ; On           ;
; AE12     ; 263        ; 2A       ; RESERVED_INPUT_WITH_WEAK_PULLUP ;        ;                    ; 1.8V           ; --           ;                 ; no       ; On           ;
; AE13     ;            ;          ; GND                             ; gnd    ;                    ;                ; --           ;                 ; --       ; --           ;
; AE14     ; 258        ; 2A       ; RESERVED_INPUT_WITH_WEAK_PULLUP ;        ;                    ; 1.8V           ; --           ;                 ; no       ; On           ;
; AE15     ; 259        ; 2A       ; RESERVED_INPUT_WITH_WEAK_PULLUP ;        ;                    ; 1.8V           ; --           ;                 ; no       ; On           ;
; AE16     ; 261        ; 2A       ; RESERVED_INPUT_WITH_WEAK_PULLUP ;        ;                    ; 1.8V           ; --           ;                 ; no       ; On           ;
; AE17     ; 289        ; 2A       ; RESERVED_INPUT_WITH_WEAK_PULLUP ;        ;                    ; 1.8V           ; --           ;                 ; no       ; On           ;
; AE18     ;            ;          ; GND                             ; gnd    ;                    ;                ; --           ;                 ; --       ; --           ;
; AE19     ; 275        ; 2A       ; RESERVED_INPUT_WITH_WEAK_PULLUP ;        ;                    ; 1.8V           ; --           ;                 ; no       ; On           ;
; AE20     ; 274        ; 2A       ; RESERVED_INPUT_WITH_WEAK_PULLUP ;        ;                    ; 1.8V           ; --           ;                 ; no       ; On           ;
; AE21     ; 238        ; 2J       ; RESERVED_INPUT_WITH_WEAK_PULLUP ;        ;                    ; 1.8V           ; --           ;                 ; no       ; On           ;
; AE22     ; 252        ; 2J       ; RESERVED_INPUT_WITH_WEAK_PULLUP ;        ;                    ; 1.8V           ; --           ;                 ; no       ; On           ;
; AE23     ; 247        ; 2J       ; RESERVED_INPUT_WITH_WEAK_PULLUP ;        ;                    ; 1.8V           ; --           ;                 ; no       ; On           ;
; AE24     ;            ;          ; GND                             ; gnd    ;                    ;                ; --           ;                 ; --       ; --           ;
; AE25     ;            ;          ; GND                             ; gnd    ;                    ;                ; --           ;                 ; --       ; --           ;
; AE26     ;            ;          ; GND                             ; gnd    ;                    ;                ; --           ;                 ; --       ; --           ;
; AE27     ; 102        ; 1C       ; GXB_NC                          ;        ;                    ;                ; --           ;                 ; --       ; --           ;
; AE28     ; 103        ; 1C       ; GXB_NC                          ;        ;                    ;                ; --           ;                 ; --       ; --           ;
; AF1      ; 480        ; 3A       ; RESERVED_INPUT_WITH_WEAK_PULLUP ;        ;                    ; 1.8V           ; --           ;                 ; no       ; On           ;
; AF2      ; 474        ; 3A       ; RESERVED_INPUT_WITH_WEAK_PULLUP ;        ;                    ; 1.8V           ; --           ;                 ; no       ; On           ;
; AF3      ; 482        ; 3A       ; RESERVED_INPUT_WITH_WEAK_PULLUP ;        ;                    ; 1.8V           ; --           ;                 ; no       ; On           ;
; AF4      ;            ;          ; NC                              ;        ;                    ;                ; --           ;                 ; --       ; --           ;
; AF5      ;            ;          ; GND                             ; gnd    ;                    ;                ; --           ;                 ; --       ; --           ;
; AF6      ; 491        ; 3A       ; RESERVED_INPUT_WITH_WEAK_PULLUP ;        ;                    ; 1.8V           ; --           ;                 ; no       ; On           ;
; AF7      ; 506        ; CSS      ; ^nSTATUS                        ;        ;                    ;                ; --           ;                 ; --       ; --           ;
; AF8      ; 499        ; CSS      ; #TRST                           ; input  ;                    ;                ; --           ;                 ; --       ; --           ;
; AF9      ; 513        ; CSS      ; ^nCSO2                          ;        ;                    ;                ; Weak Pull Up ;                 ; --       ; On           ;
; AF10     ;            ;          ; GND                             ; gnd    ;                    ;                ; --           ;                 ; --       ; --           ;
; AF11     ; 264        ; 2A       ; RESERVED_INPUT_WITH_WEAK_PULLUP ;        ;                    ; 1.8V           ; --           ;                 ; no       ; On           ;
; AF12     ; 265        ; 2A       ; RESERVED_INPUT_WITH_WEAK_PULLUP ;        ;                    ; 1.8V           ; --           ;                 ; no       ; On           ;
; AF13     ; 273        ; 2A       ; RESERVED_INPUT_WITH_WEAK_PULLUP ;        ;                    ; 1.8V           ; --           ;                 ; no       ; On           ;
; AF14     ; 272        ; 2A       ; RESERVED_INPUT_WITH_WEAK_PULLUP ;        ;                    ; 1.8V           ; --           ;                 ; no       ; On           ;
; AF15     ;            ;          ; GND                             ; gnd    ;                    ;                ; --           ;                 ; --       ; --           ;
; AF16     ; 276        ; 2A       ; RESERVED_INPUT_WITH_WEAK_PULLUP ;        ;                    ; 1.8V           ; --           ;                 ; no       ; On           ;
; AF17     ; 271        ; 2A       ; RESERVED_INPUT_WITH_WEAK_PULLUP ;        ;                    ; 1.8V           ; --           ;                 ; no       ; On           ;
; AF18     ; 270        ; 2A       ; RESERVED_INPUT_WITH_WEAK_PULLUP ;        ;                    ; 1.8V           ; --           ;                 ; no       ; On           ;
; AF19     ; 268        ; 2A       ; RESERVED_INPUT_WITH_WEAK_PULLUP ;        ;                    ; 1.8V           ; --           ;                 ; no       ; On           ;
; AF20     ;            ;          ; GND                             ; gnd    ;                    ;                ; --           ;                 ; --       ; --           ;
; AF21     ; 239        ; 2J       ; RESERVED_INPUT_WITH_WEAK_PULLUP ;        ;                    ; 1.8V           ; --           ;                 ; no       ; On           ;
; AF22     ; 253        ; 2J       ; RESERVED_INPUT_WITH_WEAK_PULLUP ;        ;                    ; 1.8V           ; --           ;                 ; no       ; On           ;
; AF23     ; 244        ; 2J       ; RESERVED_INPUT_WITH_WEAK_PULLUP ;        ;                    ; 1.8V           ; --           ;                 ; no       ; On           ;
; AF24     ;            ;          ; GND                             ; gnd    ;                    ;                ; --           ;                 ; --       ; --           ;
; AF25     ; 108        ; 1C       ; GXB_GND*                        ;        ;                    ;                ; --           ;                 ; --       ; --           ;
; AF26     ; 109        ; 1C       ; GXB_GND*                        ;        ;                    ;                ; --           ;                 ; --       ; --           ;
; AF27     ;            ;          ; GND                             ; gnd    ;                    ;                ; --           ;                 ; --       ; --           ;
; AF28     ;            ;          ; GND                             ; gnd    ;                    ;                ; --           ;                 ; --       ; --           ;
; AG1      ; 481        ; 3A       ; RESERVED_INPUT_WITH_WEAK_PULLUP ;        ;                    ; 1.8V           ; --           ;                 ; no       ; On           ;
; AG2      ;            ;          ; GND                             ; gnd    ;                    ;                ; --           ;                 ; --       ; --           ;
; AG3      ; 483        ; 3A       ; RESERVED_INPUT_WITH_WEAK_PULLUP ;        ;                    ; 1.8V           ; --           ;                 ; no       ; On           ;
; AG4      ;            ;          ; NC                              ;        ;                    ;                ; --           ;                 ; --       ; --           ;
; AG5      ; 516        ; CSS      ; ^AS_DATA2                       ;        ;                    ;                ; Weak Pull Up ;                 ; --       ; On           ;
; AG6      ; 515        ; CSS      ; ^AS_DATA1                       ;        ;                    ;                ; Weak Pull Up ;                 ; --       ; On           ;
; AG7      ;            ;          ; GND                             ; gnd    ;                    ;                ; --           ;                 ; --       ; --           ;
; AG8      ; 507        ; CSS      ; ^CONF_DONE                      ; bidir  ;                    ;                ; --           ;                 ; --       ; --           ;
; AG9      ; 208        ; 2J       ; RESERVED_INPUT_WITH_WEAK_PULLUP ;        ;                    ; 1.8V           ; --           ;                 ; no       ; On           ;
; AG10     ; 209        ; 2J       ; RESERVED_INPUT_WITH_WEAK_PULLUP ;        ;                    ; 1.8V           ; --           ;                 ; no       ; On           ;
; AG11     ; 216        ; 2J       ; RESERVED_INPUT_WITH_WEAK_PULLUP ;        ;                    ; 1.8V           ; --           ;                 ; no       ; On           ;
; AG12     ;            ;          ; GND                             ; gnd    ;                    ;                ; --           ;                 ; --       ; --           ;
; AG13     ; 218        ; 2J       ; RESERVED_INPUT_WITH_WEAK_PULLUP ;        ;                    ; 1.8V           ; --           ;                 ; no       ; On           ;
; AG14     ; 279        ; 2A       ; RESERVED_INPUT_WITH_WEAK_PULLUP ;        ;                    ; 1.8V           ; --           ;                 ; no       ; On           ;
; AG15     ; 278        ; 2A       ; RESERVED_INPUT_WITH_WEAK_PULLUP ;        ;                    ; 1.8V           ; --           ;                 ; no       ; On           ;
; AG16     ; 277        ; 2A       ; RESERVED_INPUT_WITH_WEAK_PULLUP ;        ;                    ; 1.8V           ; --           ;                 ; no       ; On           ;
; AG17     ;            ;          ; GND                             ; gnd    ;                    ;                ; --           ;                 ; --       ; --           ;
; AG18     ; 269        ; 2A       ; RESERVED_INPUT_WITH_WEAK_PULLUP ;        ;                    ; 1.8V           ; --           ;                 ; no       ; On           ;
; AG19     ; 243        ; 2J       ; RESERVED_INPUT_WITH_WEAK_PULLUP ;        ;                    ; 1.8V           ; --           ;                 ; no       ; On           ;
; AG20     ; 242        ; 2J       ; RESERVED_INPUT_WITH_WEAK_PULLUP ;        ;                    ; 1.8V           ; --           ;                 ; no       ; On           ;
; AG21     ; 240        ; 2J       ; RESERVED_INPUT_WITH_WEAK_PULLUP ;        ;                    ; 1.8V           ; --           ;                 ; no       ; On           ;
; AG22     ;            ;          ; GND                             ; gnd    ;                    ;                ; --           ;                 ; --       ; --           ;
; AG23     ; 245        ; 2J       ; RESERVED_INPUT_WITH_WEAK_PULLUP ;        ;                    ; 1.8V           ; --           ;                 ; no       ; On           ;
; AG24     ;            ;          ; GND                             ; gnd    ;                    ;                ; --           ;                 ; --       ; --           ;
; AG25     ;            ;          ; GND                             ; gnd    ;                    ;                ; --           ;                 ; --       ; --           ;
; AG26     ;            ;          ; GND                             ; gnd    ;                    ;                ; --           ;                 ; --       ; --           ;
; AG27     ; 106        ; 1C       ; GXB_NC                          ;        ;                    ;                ; --           ;                 ; --       ; --           ;
; AG28     ; 107        ; 1C       ; GXB_NC                          ;        ;                    ;                ; --           ;                 ; --       ; --           ;
; AH2      ; 485        ; 3A       ; RESERVED_INPUT_WITH_WEAK_PULLUP ;        ;                    ; 1.8V           ; --           ;                 ; no       ; On           ;
; AH3      ; 484        ; 3A       ; RESERVED_INPUT_WITH_WEAK_PULLUP ;        ;                    ; 1.8V           ; --           ;                 ; no       ; On           ;
; AH4      ;            ;          ; GND                             ; gnd    ;                    ;                ; --           ;                 ; --       ; --           ;
; AH5      ; 517        ; CSS      ; ^AS_DATA3                       ;        ;                    ;                ; Weak Pull Up ;                 ; --       ; On           ;
; AH6      ; 498        ; CSS      ; #TMS                            ; input  ;                    ;                ; --           ;                 ; --       ; --           ;
; AH7      ; 512        ; CSS      ; ^nCSO1                          ;        ;                    ;                ; Weak Pull Up ;                 ; --       ; On           ;
; AH8      ; 511        ; CSS      ; ^nCSO0                          ;        ;                    ;                ; Weak Pull Up ;                 ; --       ; On           ;
; AH9      ;            ;          ; GND                             ; gnd    ;                    ;                ; --           ;                 ; --       ; --           ;
; AH10     ; 214        ; 2J       ; RESERVED_INPUT_WITH_WEAK_PULLUP ;        ;                    ; 1.8V           ; --           ;                 ; no       ; On           ;
; AH11     ; 215        ; 2J       ; RESERVED_INPUT_WITH_WEAK_PULLUP ;        ;                    ; 1.8V           ; --           ;                 ; no       ; On           ;
; AH12     ; 217        ; 2J       ; RESERVED_INPUT_WITH_WEAK_PULLUP ;        ;                    ; 1.8V           ; --           ;                 ; no       ; On           ;
; AH13     ; 219        ; 2J       ; RESERVED_INPUT_WITH_WEAK_PULLUP ;        ;                    ; 1.8V           ; --           ;                 ; no       ; On           ;
; AH14     ;            ;          ; GND                             ; gnd    ;                    ;                ; --           ;                 ; --       ; --           ;
; AH15     ; 212        ; 2J       ; RESERVED_INPUT_WITH_WEAK_PULLUP ;        ;                    ; 1.8V           ; --           ;                 ; no       ; On           ;
; AH16     ; 213        ; 2J       ; RESERVED_INPUT_WITH_WEAK_PULLUP ;        ;                    ; 1.8V           ; --           ;                 ; no       ; On           ;
; AH17     ; 210        ; 2J       ; RESERVED_INPUT_WITH_WEAK_PULLUP ;        ;                    ; 1.8V           ; --           ;                 ; no       ; On           ;
; AH18     ; 211        ; 2J       ; RESERVED_INPUT_WITH_WEAK_PULLUP ;        ;                    ; 1.8V           ; --           ;                 ; no       ; On           ;
; AH19     ;            ;          ; GND                             ; gnd    ;                    ;                ; --           ;                 ; --       ; --           ;
; AH20     ; 234        ; 2J       ; RESERVED_INPUT_WITH_WEAK_PULLUP ;        ;                    ; 1.8V           ; --           ;                 ; no       ; On           ;
; AH21     ; 235        ; 2J       ; RESERVED_INPUT_WITH_WEAK_PULLUP ;        ;                    ; 1.8V           ; --           ;                 ; no       ; On           ;
; AH22     ; 241        ; 2J       ; RESERVED_INPUT_WITH_WEAK_PULLUP ;        ;                    ; 1.8V           ; --           ;                 ; no       ; On           ;
; AH23     ;            ;          ; DNU                             ;        ;                    ;                ; --           ;                 ; --       ; --           ;
; AH24     ;            ;          ; DNU                             ;        ;                    ;                ; --           ;                 ; --       ; --           ;
; AH25     ;            ;          ; GND                             ;        ;                    ;                ; --           ;                 ; --       ; --           ;
; AH26     ;            ;          ; GND                             ; gnd    ;                    ;                ; --           ;                 ; --       ; --           ;
; AH27     ;            ;          ; GND                             ; gnd    ;                    ;                ; --           ;                 ; --       ; --           ;
; B1       ;            ;          ; NC                              ;        ;                    ;                ; --           ;                 ; --       ; --           ;
; B2       ;            ;          ; GND                             ; gnd    ;                    ;                ; --           ;                 ; --       ; --           ;
; B3       ;            ;          ; NC                              ;        ;                    ;                ; --           ;                 ; --       ; --           ;
; B4       ;            ;          ; NC                              ;        ;                    ;                ; --           ;                 ; --       ; --           ;
; B5       ;            ;          ; NC                              ;        ;                    ;                ; --           ;                 ; --       ; --           ;
; B6       ;            ;          ; NC                              ;        ;                    ;                ; --           ;                 ; --       ; --           ;
; B7       ;            ;          ; GND                             ; gnd    ;                    ;                ; --           ;                 ; --       ; --           ;
; B8       ; 160        ; 2K       ; RESERVED_INPUT_WITH_WEAK_PULLUP ;        ;                    ; 1.8V           ; --           ;                 ; no       ; On           ;
; B9       ; 161        ; 2K       ; RESERVED_INPUT_WITH_WEAK_PULLUP ;        ;                    ; 1.8V           ; --           ;                 ; no       ; On           ;
; B10      ; 163        ; 2K       ; RESERVED_INPUT_WITH_WEAK_PULLUP ;        ;                    ; 1.8V           ; --           ;                 ; no       ; On           ;
; B11      ; 206        ; 2K       ; RESERVED_INPUT_WITH_WEAK_PULLUP ;        ;                    ; 1.8V           ; --           ;                 ; no       ; On           ;
; B12      ;            ; 2K       ; VCCIO2K                         ; power  ;                    ; 1.8V           ; --           ;                 ; --       ; --           ;
; B13      ; 202        ; 2K       ; RESERVED_INPUT_WITH_WEAK_PULLUP ;        ;                    ; 1.8V           ; --           ;                 ; no       ; On           ;
; B14      ; 201        ; 2K       ; RESERVED_INPUT_WITH_WEAK_PULLUP ;        ;                    ; 1.8V           ; --           ;                 ; no       ; On           ;
; B15      ; 200        ; 2K       ; RESERVED_INPUT_WITH_WEAK_PULLUP ;        ;                    ; 1.8V           ; --           ;                 ; no       ; On           ;
; B16      ; 177        ; 2K       ; RESERVED_INPUT_WITH_WEAK_PULLUP ;        ;                    ; 1.8V           ; --           ;                 ; no       ; On           ;
; B17      ;            ;          ; GND                             ; gnd    ;                    ;                ; --           ;                 ; --       ; --           ;
; B18      ; 178        ; 2K       ; RESERVED_INPUT_WITH_WEAK_PULLUP ;        ;                    ; 1.8V           ; --           ;                 ; no       ; On           ;
; B19      ; 179        ; 2K       ; RESERVED_INPUT_WITH_WEAK_PULLUP ;        ;                    ; 1.8V           ; --           ;                 ; no       ; On           ;
; B20      ; 181        ; 2K       ; RESERVED_INPUT_WITH_WEAK_PULLUP ;        ;                    ; 1.8V           ; --           ;                 ; no       ; On           ;
; B21      ; 187        ; 2K       ; RESERVED_INPUT_WITH_WEAK_PULLUP ;        ;                    ; 1.8V           ; --           ;                 ; no       ; On           ;
; B22      ;            ;          ; GND                             ; gnd    ;                    ;                ; --           ;                 ; --       ; --           ;
; B23      ; 188        ; 2K       ; RESERVED_INPUT_WITH_WEAK_PULLUP ;        ;                    ; 1.8V           ; --           ;                 ; no       ; On           ;
; B24      ; 189        ; 2K       ; RESERVED_INPUT_WITH_WEAK_PULLUP ;        ;                    ; 1.8V           ; --           ;                 ; no       ; On           ;
; B25      ; 194        ; 2K       ; RESERVED_INPUT_WITH_WEAK_PULLUP ;        ;                    ; 1.8V           ; --           ;                 ; no       ; On           ;
; B26      ; 195        ; 2K       ; RESERVED_INPUT_WITH_WEAK_PULLUP ;        ;                    ; 1.8V           ; --           ;                 ; no       ; On           ;
; B27      ;            ;          ; GND                             ; gnd    ;                    ;                ; --           ;                 ; --       ; --           ;
; B28      ;            ;          ; GND                             ; gnd    ;                    ;                ; --           ;                 ; --       ; --           ;
; C1       ;            ;          ; NC                              ;        ;                    ;                ; --           ;                 ; --       ; --           ;
; C2       ;            ;          ; NC                              ;        ;                    ;                ; --           ;                 ; --       ; --           ;
; C3       ;            ;          ; NC                              ;        ;                    ;                ; --           ;                 ; --       ; --           ;
; C4       ;            ;          ; GND                             ; gnd    ;                    ;                ; --           ;                 ; --       ; --           ;
; C5       ;            ;          ; NC                              ;        ;                    ;                ; --           ;                 ; --       ; --           ;
; C6       ;            ;          ; NC                              ;        ;                    ;                ; --           ;                 ; --       ; --           ;
; C7       ;            ;          ; NC                              ;        ;                    ;                ; --           ;                 ; --       ; --           ;
; C8       ; 169        ; 2K       ; RESERVED_INPUT_WITH_WEAK_PULLUP ;        ;                    ; 1.8V           ; --           ;                 ; no       ; On           ;
; C9       ;            ;          ; GND                             ; gnd    ;                    ;                ; --           ;                 ; --       ; --           ;
; C10      ; 162        ; 2K       ; RESERVED_INPUT_WITH_WEAK_PULLUP ;        ;                    ; 1.8V           ; --           ;                 ; no       ; On           ;
; C11      ; 164        ; 2K       ; RESERVED_INPUT_WITH_WEAK_PULLUP ;        ;                    ; 1.8V           ; --           ;                 ; no       ; On           ;
; C12      ; 165        ; 2K       ; RESERVED_INPUT_WITH_WEAK_PULLUP ;        ;                    ; 1.8V           ; --           ;                 ; no       ; On           ;
; C13      ; 199        ; 2K       ; RESERVED_INPUT_WITH_WEAK_PULLUP ;        ;                    ; 1.8V           ; --           ;                 ; no       ; On           ;
; C14      ;            ; 2K       ; VCCIO2K                         ; power  ;                    ; 1.8V           ; --           ;                 ; --       ; --           ;
; C15      ; 176        ; 2K       ; RESERVED_INPUT_WITH_WEAK_PULLUP ;        ;                    ; 1.8V           ; --           ;                 ; no       ; On           ;
; C16      ; 156        ; 2L       ; RESERVED_INPUT_WITH_WEAK_PULLUP ;        ;                    ; 1.8V           ; --           ;                 ; no       ; On           ;
; C17      ; 157        ; 2L       ; RESERVED_INPUT_WITH_WEAK_PULLUP ;        ;                    ; 1.8V           ; --           ;                 ; no       ; On           ;
; C18      ; 159        ; 2L       ; RESERVED_INPUT_WITH_WEAK_PULLUP ;        ;                    ; 1.8V           ; --           ;                 ; no       ; On           ;
; C19      ;            ;          ; GND                             ; gnd    ;                    ;                ; --           ;                 ; --       ; --           ;
; C20      ; 180        ; 2K       ; RESERVED_INPUT_WITH_WEAK_PULLUP ;        ;                    ; 1.8V           ; --           ;                 ; no       ; On           ;
; C21      ; 186        ; 2K       ; RESERVED_INPUT_WITH_WEAK_PULLUP ;        ;                    ; 1.8V           ; --           ;                 ; no       ; On           ;
; C22      ; 130        ; 2L       ; RESERVED_INPUT_WITH_WEAK_PULLUP ;        ;                    ; 1.8V           ; --           ;                 ; no       ; On           ;
; C23      ; 131        ; 2L       ; RESERVED_INPUT_WITH_WEAK_PULLUP ;        ;                    ; 1.8V           ; --           ;                 ; no       ; On           ;
; C24      ;            ;          ; GND                             ; gnd    ;                    ;                ; --           ;                 ; --       ; --           ;
; C25      ;            ;          ; GND                             ; gnd    ;                    ;                ; --           ;                 ; --       ; --           ;
; C26      ;            ;          ; GND                             ; gnd    ;                    ;                ; --           ;                 ; --       ; --           ;
; C27      ;            ;          ; GND                             ; gnd    ;                    ;                ; --           ;                 ; --       ; --           ;
; C28      ;            ;          ; GND                             ;        ;                    ;                ; --           ;                 ; --       ; --           ;
; D1       ;            ;          ; GND                             ; gnd    ;                    ;                ; --           ;                 ; --       ; --           ;
; D2       ;            ;          ; NC                              ;        ;                    ;                ; --           ;                 ; --       ; --           ;
; D3       ;            ;          ; NC                              ;        ;                    ;                ; --           ;                 ; --       ; --           ;
; D4       ;            ;          ; NC                              ;        ;                    ;                ; --           ;                 ; --       ; --           ;
; D5       ;            ;          ; NC                              ;        ;                    ;                ; --           ;                 ; --       ; --           ;
; D6       ;            ;          ; GND                             ; gnd    ;                    ;                ; --           ;                 ; --       ; --           ;
; D7       ;            ;          ; NC                              ;        ;                    ;                ; --           ;                 ; --       ; --           ;
; D8       ; 168        ; 2K       ; RESERVED_INPUT_WITH_WEAK_PULLUP ;        ;                    ; 1.8V           ; --           ;                 ; no       ; On           ;
; D9       ; 171        ; 2K       ; RESERVED_INPUT_WITH_WEAK_PULLUP ;        ;                    ; 1.8V           ; --           ;                 ; no       ; On           ;
; D10      ; 170        ; 2K       ; RESERVED_INPUT_WITH_WEAK_PULLUP ;        ;                    ; 1.8V           ; --           ;                 ; no       ; On           ;
; D11      ;            ;          ; GND                             ; gnd    ;                    ;                ; --           ;                 ; --       ; --           ;
; D12      ;            ;          ; NC                              ;        ;                    ;                ; --           ;                 ; --       ; --           ;
; D13      ; 198        ; 2K       ; RESERVED_INPUT_WITH_WEAK_PULLUP ;        ;                    ; 1.8V           ; --           ;                 ; no       ; On           ;
; D14      ; 197        ; 2K       ; RESERVED_INPUT_WITH_WEAK_PULLUP ;        ;                    ; 1.8V           ; --           ;                 ; no       ; On           ;
; D15      ; 183        ; 2K       ; RESERVED_INPUT_WITH_WEAK_PULLUP ;        ;                    ; 1.8V           ; --           ;                 ; no       ; On           ;
; D16      ;            ;          ; GND                             ; gnd    ;                    ;                ; --           ;                 ; --       ; --           ;
; D17      ; 158        ; 2L       ; RESERVED_INPUT_WITH_WEAK_PULLUP ;        ;                    ; 1.8V           ; --           ;                 ; no       ; On           ;
; D18      ; 148        ; 2L       ; RESERVED_INPUT_WITH_WEAK_PULLUP ;        ;                    ; 1.8V           ; --           ;                 ; no       ; On           ;
; D19      ; 149        ; 2L       ; RESERVED_INPUT_WITH_WEAK_PULLUP ;        ;                    ; 1.8V           ; --           ;                 ; no       ; On           ;
; D20      ; 155        ; 2L       ; RESERVED_INPUT_WITH_WEAK_PULLUP ;        ;                    ; 1.8V           ; --           ;                 ; no       ; On           ;
; D21      ;            ;          ; GND                             ; gnd    ;                    ;                ; --           ;                 ; --       ; --           ;
; D22      ; 125        ; 2L       ; RESERVED_INPUT_WITH_WEAK_PULLUP ;        ;                    ; 1.8V           ; --           ;                 ; no       ; On           ;
; D23      ; 127        ; 2L       ; RESERVED_INPUT_WITH_WEAK_PULLUP ;        ;                    ; 1.8V           ; --           ;                 ; no       ; On           ;
; D24      ;            ;          ; GND                             ; gnd    ;                    ;                ; --           ;                 ; --       ; --           ;
; D25      ; 60         ; 1D       ; GXB_GND*                        ;        ;                    ;                ; --           ;                 ; --       ; --           ;
; D26      ; 61         ; 1D       ; GXB_GND*                        ;        ;                    ;                ; --           ;                 ; --       ; --           ;
; D27      ;            ;          ; GND                             ; gnd    ;                    ;                ; --           ;                 ; --       ; --           ;
; D28      ;            ;          ; GND                             ; gnd    ;                    ;                ; --           ;                 ; --       ; --           ;
; E1       ;            ;          ; NC                              ;        ;                    ;                ; --           ;                 ; --       ; --           ;
; E2       ;            ;          ; NC                              ;        ;                    ;                ; --           ;                 ; --       ; --           ;
; E3       ;            ;          ; GND                             ; gnd    ;                    ;                ; --           ;                 ; --       ; --           ;
; E4       ;            ;          ; NC                              ;        ;                    ;                ; --           ;                 ; --       ; --           ;
; E5       ;            ;          ; NC                              ;        ;                    ;                ; --           ;                 ; --       ; --           ;
; E6       ;            ;          ; NC                              ;        ;                    ;                ; --           ;                 ; --       ; --           ;
; E7       ;            ;          ; NC                              ;        ;                    ;                ; --           ;                 ; --       ; --           ;
; E8       ;            ;          ; GND                             ; gnd    ;                    ;                ; --           ;                 ; --       ; --           ;
; E9       ;            ; 2K       ; VREFB2KN0                       ; power  ;                    ; GND            ; --           ;                 ; --       ; --           ;
; E10      ;            ;          ; VSIGP_0                         ;        ;                    ;                ; --           ;                 ; --       ; --           ;
; E11      ;            ;          ; VSIGN_0                         ;        ;                    ;                ; --           ;                 ; --       ; --           ;
; E12      ;            ;          ; NC                              ;        ;                    ;                ; --           ;                 ; --       ; --           ;
; E13      ;            ;          ; GND                             ; gnd    ;                    ;                ; --           ;                 ; --       ; --           ;
; E14      ; 196        ; 2K       ; RESERVED_INPUT_WITH_WEAK_PULLUP ;        ;                    ; 1.8V           ; --           ;                 ; no       ; On           ;
; E15      ; 182        ; 2K       ; RESERVED_INPUT_WITH_WEAK_PULLUP ;        ;                    ; 1.8V           ; --           ;                 ; no       ; On           ;
; E16      ; 151        ; 2L       ; RESERVED_INPUT_WITH_WEAK_PULLUP ;        ;                    ; 1.8V           ; --           ;                 ; no       ; On           ;
; E17      ; 150        ; 2L       ; RESERVED_INPUT_WITH_WEAK_PULLUP ;        ;                    ; 1.8V           ; --           ;                 ; no       ; On           ;
; E18      ;            ; 2L       ; VCCIO2L                         ; power  ;                    ; 1.8V           ; --           ;                 ; --       ; --           ;
; E19      ; 153        ; 2L       ; RESERVED_INPUT_WITH_WEAK_PULLUP ;        ;                    ; 1.8V           ; --           ;                 ; no       ; On           ;
; E20      ; 154        ; 2L       ; RESERVED_INPUT_WITH_WEAK_PULLUP ;        ;                    ; 1.8V           ; --           ;                 ; no       ; On           ;
; E21      ; 124        ; 2L       ; RESERVED_INPUT_WITH_WEAK_PULLUP ;        ;                    ; 1.8V           ; --           ;                 ; no       ; On           ;
; E22      ; 129        ; 2L       ; RESERVED_INPUT_WITH_WEAK_PULLUP ;        ;                    ; 1.8V           ; --           ;                 ; no       ; On           ;
; E23      ; 126        ; 2L       ; RESERVED_INPUT_WITH_WEAK_PULLUP ;        ;                    ; 1.8V           ; --           ;                 ; no       ; On           ;
; E24      ;            ;          ; GND                             ; gnd    ;                    ;                ; --           ;                 ; --       ; --           ;
; E25      ;            ;          ; GND                             ; gnd    ;                    ;                ; --           ;                 ; --       ; --           ;
; E26      ;            ;          ; GND                             ; gnd    ;                    ;                ; --           ;                 ; --       ; --           ;
; E27      ; 58         ; 1D       ; GXB_NC                          ;        ;                    ;                ; --           ;                 ; --       ; --           ;
; E28      ; 59         ; 1D       ; GXB_NC                          ;        ;                    ;                ; --           ;                 ; --       ; --           ;
; F1       ;            ;          ; NC                              ;        ;                    ;                ; --           ;                 ; --       ; --           ;
; F2       ;            ;          ; NC                              ;        ;                    ;                ; --           ;                 ; --       ; --           ;
; F3       ;            ;          ; NC                              ;        ;                    ;                ; --           ;                 ; --       ; --           ;
; F4       ;            ;          ; NC                              ;        ;                    ;                ; --           ;                 ; --       ; --           ;
; F5       ;            ;          ; GND                             ; gnd    ;                    ;                ; --           ;                 ; --       ; --           ;
; F6       ;            ;          ; NC                              ;        ;                    ;                ; --           ;                 ; --       ; --           ;
; F7       ;            ;          ; NC                              ;        ;                    ;                ; --           ;                 ; --       ; --           ;
; F8       ;            ;          ; NC                              ;        ;                    ;                ; --           ;                 ; --       ; --           ;
; F9       ;            ;          ; NC                              ;        ;                    ;                ; --           ;                 ; --       ; --           ;
; F10      ;            ;          ; GND                             ; gnd    ;                    ;                ; --           ;                 ; --       ; --           ;
; F11      ;            ;          ; VSIGP_1                         ;        ;                    ;                ; --           ;                 ; --       ; --           ;
; F12      ;            ;          ; NC                              ;        ;                    ;                ; --           ;                 ; --       ; --           ;
; F13      ;            ;          ; NC                              ;        ;                    ;                ; --           ;                 ; --       ; --           ;
; F14      ;            ;          ; NC                              ;        ;                    ;                ; --           ;                 ; --       ; --           ;
; F15      ;            ; 2K       ; VCCIO2K                         ; power  ;                    ; 1.8V           ; --           ;                 ; --       ; --           ;
; F16      ;            ;          ; NC                              ;        ;                    ;                ; --           ;                 ; --       ; --           ;
; F17      ; 119        ; 2L       ; RESERVED_INPUT_WITH_WEAK_PULLUP ;        ;                    ; 1.8V           ; --           ;                 ; no       ; On           ;
; F18      ; 118        ; 2L       ; RESERVED_INPUT_WITH_WEAK_PULLUP ;        ;                    ; 1.8V           ; --           ;                 ; no       ; On           ;
; F19      ; 152        ; 2L       ; RESERVED_INPUT_WITH_WEAK_PULLUP ;        ;                    ; 1.8V           ; --           ;                 ; no       ; On           ;
; F20      ;            ;          ; GND                             ; gnd    ;                    ;                ; --           ;                 ; --       ; --           ;
; F21      ; 133        ; 2L       ; RESERVED_INPUT_WITH_WEAK_PULLUP ;        ;                    ; 1.8V           ; --           ;                 ; no       ; On           ;
; F22      ; 128        ; 2L       ; RESERVED_INPUT_WITH_WEAK_PULLUP ;        ;                    ; 1.8V           ; --           ;                 ; no       ; On           ;
; F23      ; 135        ; 2L       ; RESERVED_INPUT_WITH_WEAK_PULLUP ;        ;                    ; 1.8V           ; --           ;                 ; no       ; On           ;
; F24      ;            ;          ; GND                             ; gnd    ;                    ;                ; --           ;                 ; --       ; --           ;
; F25      ; 64         ; 1D       ; GXB_GND*                        ;        ;                    ;                ; --           ;                 ; --       ; --           ;
; F26      ; 65         ; 1D       ; GXB_GND*                        ;        ;                    ;                ; --           ;                 ; --       ; --           ;
; F27      ;            ;          ; GND                             ; gnd    ;                    ;                ; --           ;                 ; --       ; --           ;
; F28      ;            ;          ; GND                             ; gnd    ;                    ;                ; --           ;                 ; --       ; --           ;
; G1       ; 426        ; 3B       ; RESERVED_INPUT_WITH_WEAK_PULLUP ;        ;                    ; 1.2V           ; --           ;                 ; no       ; On           ;
; G2       ;            ;          ; GND                             ; gnd    ;                    ;                ; --           ;                 ; --       ; --           ;
; G3       ;            ;          ; NC                              ;        ;                    ;                ; --           ;                 ; --       ; --           ;
; G4       ;            ;          ; NC                              ;        ;                    ;                ; --           ;                 ; --       ; --           ;
; G5       ;            ;          ; NC                              ;        ;                    ;                ; --           ;                 ; --       ; --           ;
; G6       ;            ;          ; NC                              ;        ;                    ;                ; --           ;                 ; --       ; --           ;
; G7       ;            ;          ; NC                              ;        ;                    ;                ; --           ;                 ; --       ; --           ;
; G8       ;            ;          ; NC                              ;        ;                    ;                ; --           ;                 ; --       ; --           ;
; G9       ;            ;          ; NC                              ;        ;                    ;                ; --           ;                 ; --       ; --           ;
; G10      ;            ;          ; ADCGND                          ; gnd    ;                    ;                ; --           ;                 ; --       ; --           ;
; G11      ;            ;          ; VSIGN_1                         ;        ;                    ;                ; --           ;                 ; --       ; --           ;
; G12      ;            ;          ; GND                             ; gnd    ;                    ;                ; --           ;                 ; --       ; --           ;
; G13      ;            ;          ; NC                              ;        ;                    ;                ; --           ;                 ; --       ; --           ;
; G14      ;            ;          ; NC                              ;        ;                    ;                ; --           ;                 ; --       ; --           ;
; G15      ;            ;          ; NC                              ;        ;                    ;                ; --           ;                 ; --       ; --           ;
; G16      ;            ;          ; NC                              ;        ;                    ;                ; --           ;                 ; --       ; --           ;
; G17      ;            ;          ; GND                             ; gnd    ;                    ;                ; --           ;                 ; --       ; --           ;
; G18      ; 121        ; 2L       ; RESERVED_INPUT_WITH_WEAK_PULLUP ;        ;                    ; 1.8V           ; --           ;                 ; no       ; On           ;
; G19      ; 122        ; 2L       ; RESERVED_INPUT_WITH_WEAK_PULLUP ;        ;                    ; 1.8V           ; --           ;                 ; no       ; On           ;
; G20      ; 123        ; 2L       ; RESERVED_INPUT_WITH_WEAK_PULLUP ;        ;                    ; 1.8V           ; --           ;                 ; no       ; On           ;
; G21      ; 132        ; 2L       ; RESERVED_INPUT_WITH_WEAK_PULLUP ;        ;                    ; 1.8V           ; --           ;                 ; no       ; On           ;
; G22      ;            ;          ; GND                             ; gnd    ;                    ;                ; --           ;                 ; --       ; --           ;
; G23      ; 134        ; 2L       ; RESERVED_INPUT_WITH_WEAK_PULLUP ;        ;                    ; 1.8V           ; --           ;                 ; no       ; On           ;
; G24      ;            ;          ; GND                             ; gnd    ;                    ;                ; --           ;                 ; --       ; --           ;
; G25      ;            ;          ; GND                             ; gnd    ;                    ;                ; --           ;                 ; --       ; --           ;
; G26      ;            ;          ; GND                             ; gnd    ;                    ;                ; --           ;                 ; --       ; --           ;
; G27      ; 62         ; 1D       ; GXB_NC                          ;        ;                    ;                ; --           ;                 ; --       ; --           ;
; G28      ; 63         ; 1D       ; GXB_NC                          ;        ;                    ;                ; --           ;                 ; --       ; --           ;
; H1       ; 427        ; 3B       ; RESERVED_INPUT_WITH_WEAK_PULLUP ;        ;                    ; 1.2V           ; --           ;                 ; no       ; On           ;
; H2       ; 419        ; 3B       ; RESERVED_INPUT_WITH_WEAK_PULLUP ;        ;                    ; 1.2V           ; --           ;                 ; no       ; On           ;
; H3       ;            ;          ; NC                              ;        ;                    ;                ; --           ;                 ; --       ; --           ;
; H4       ;            ;          ; GND                             ; gnd    ;                    ;                ; --           ;                 ; --       ; --           ;
; H5       ;            ;          ; NC                              ;        ;                    ;                ; --           ;                 ; --       ; --           ;
; H6       ;            ;          ; NC                              ;        ;                    ;                ; --           ;                 ; --       ; --           ;
; H7       ;            ;          ; NC                              ;        ;                    ;                ; --           ;                 ; --       ; --           ;
; H8       ;            ;          ; NC                              ;        ;                    ;                ; --           ;                 ; --       ; --           ;
; H9       ;            ;          ; NC                              ;        ;                    ;                ; --           ;                 ; --       ; --           ;
; H10      ;            ;          ; TEMPDIODEn                      ;        ;                    ;                ; --           ;                 ; --       ; --           ;
; H11      ;            ;          ; TEMPDIODEp                      ;        ;                    ;                ; --           ;                 ; --       ; --           ;
; H12      ;            ;          ; NC                              ;        ;                    ;                ; --           ;                 ; --       ; --           ;
; H13      ;            ;          ; GND                             ; gnd    ;                    ;                ; --           ;                 ; --       ; --           ;
; H14      ;            ;          ; GND                             ; gnd    ;                    ;                ; --           ;                 ; --       ; --           ;
; H15      ;            ;          ; NC                              ;        ;                    ;                ; --           ;                 ; --       ; --           ;
; H16      ; 112        ; 2L       ; RESERVED_INPUT_WITH_WEAK_PULLUP ;        ;                    ; 1.8V           ; --           ;                 ; no       ; On           ;
; H17      ; 113        ; 2L       ; RESERVED_INPUT_WITH_WEAK_PULLUP ;        ;                    ; 1.8V           ; --           ;                 ; no       ; On           ;
; H18      ; 120        ; 2L       ; RESERVED_INPUT_WITH_WEAK_PULLUP ;        ;                    ; 1.8V           ; --           ;                 ; no       ; On           ;
; H19      ;            ; 2L       ; VCCIO2L                         ; power  ;                    ; 1.8V           ; --           ;                 ; --       ; --           ;
; H20      ; 143        ; 2L       ; RESERVED_INPUT_WITH_WEAK_PULLUP ;        ;                    ; 1.8V           ; --           ;                 ; no       ; On           ;
; H21      ; 142        ; 2L       ; RESERVED_INPUT_WITH_WEAK_PULLUP ;        ;                    ; 1.8V           ; --           ;                 ; no       ; On           ;
; H22      ; 140        ; 2L       ; RESERVED_INPUT_WITH_WEAK_PULLUP ;        ;                    ; 1.8V           ; --           ;                 ; no       ; On           ;
; H23      ; 136        ; 2L       ; RESERVED_INPUT_WITH_WEAK_PULLUP ;        ;                    ; 1.8V           ; --           ;                 ; no       ; On           ;
; H24      ;            ;          ; GND                             ; gnd    ;                    ;                ; --           ;                 ; --       ; --           ;
; H25      ; 68         ; 1D       ; GXB_GND*                        ;        ;                    ;                ; --           ;                 ; --       ; --           ;
; H26      ; 69         ; 1D       ; GXB_GND*                        ;        ;                    ;                ; --           ;                 ; --       ; --           ;
; H27      ;            ;          ; GND                             ; gnd    ;                    ;                ; --           ;                 ; --       ; --           ;
; H28      ;            ;          ; GND                             ; gnd    ;                    ;                ; --           ;                 ; --       ; --           ;
; J1       ;            ;          ; GND                             ; gnd    ;                    ;                ; --           ;                 ; --       ; --           ;
; J2       ; 420        ; 3B       ; RESERVED_INPUT_WITH_WEAK_PULLUP ;        ;                    ; 1.2V           ; --           ;                 ; no       ; On           ;
; J3       ; 418        ; 3B       ; RESERVED_INPUT_WITH_WEAK_PULLUP ;        ;                    ; 1.2V           ; --           ;                 ; no       ; On           ;
; J4       ;            ;          ; NC                              ;        ;                    ;                ; --           ;                 ; --       ; --           ;
; J5       ;            ;          ; NC                              ;        ;                    ;                ; --           ;                 ; --       ; --           ;
; J6       ;            ;          ; GND                             ; gnd    ;                    ;                ; --           ;                 ; --       ; --           ;
; J7       ;            ;          ; NC                              ;        ;                    ;                ; --           ;                 ; --       ; --           ;
; J8       ;            ;          ; NC                              ;        ;                    ;                ; --           ;                 ; --       ; --           ;
; J9       ;            ;          ; NC                              ;        ;                    ;                ; --           ;                 ; --       ; --           ;
; J10      ;            ;          ; VREFN_ADC                       ;        ;                    ;                ; --           ;                 ; --       ; --           ;
; J11      ;            ;          ; GND                             ; gnd    ;                    ;                ; --           ;                 ; --       ; --           ;
; J12      ;            ;          ; NC                              ;        ;                    ;                ; --           ;                 ; --       ; --           ;
; J13      ;            ;          ; GND                             ; gnd    ;                    ;                ; --           ;                 ; --       ; --           ;
; J14      ;            ;          ; GND                             ; gnd    ;                    ;                ; --           ;                 ; --       ; --           ;
; J15      ;            ;          ; NC                              ;        ;                    ;                ; --           ;                 ; --       ; --           ;
; J16      ;            ;          ; GND                             ; gnd    ;                    ;                ; --           ;                 ; --       ; --           ;
; J17      ; 117        ; 2L       ; RESERVED_INPUT_WITH_WEAK_PULLUP ;        ;                    ; 1.8V           ; --           ;                 ; no       ; On           ;
; J18      ; 115        ; 2L       ; RESERVED_INPUT_WITH_WEAK_PULLUP ;        ;                    ; 1.8V           ; --           ;                 ; no       ; On           ;
; J19      ; 114        ; 2L       ; RESERVED_INPUT_WITH_WEAK_PULLUP ;        ;                    ; 1.8V           ; --           ;                 ; no       ; On           ;
; J20      ; 139        ; 2L       ; RESERVED_INPUT_WITH_WEAK_PULLUP ;        ;                    ; 1.8V           ; --           ;                 ; no       ; On           ;
; J21      ;            ;          ; GND                             ; gnd    ;                    ;                ; --           ;                 ; --       ; --           ;
; J22      ; 141        ; 2L       ; RESERVED_INPUT_WITH_WEAK_PULLUP ;        ;                    ; 1.8V           ; --           ;                 ; no       ; On           ;
; J23      ; 137        ; 2L       ; RESERVED_INPUT_WITH_WEAK_PULLUP ;        ;                    ; 1.8V           ; --           ;                 ; no       ; On           ;
; J24      ;            ;          ; GND                             ; gnd    ;                    ;                ; --           ;                 ; --       ; --           ;
; J25      ;            ;          ; GND                             ; gnd    ;                    ;                ; --           ;                 ; --       ; --           ;
; J26      ;            ;          ; GND                             ; gnd    ;                    ;                ; --           ;                 ; --       ; --           ;
; J27      ; 66         ; 1D       ; GXB_NC                          ;        ;                    ;                ; --           ;                 ; --       ; --           ;
; J28      ; 67         ; 1D       ; GXB_NC                          ;        ;                    ;                ; --           ;                 ; --       ; --           ;
; K1       ; 432        ; 3B       ; RESERVED_INPUT_WITH_WEAK_PULLUP ;        ;                    ; 1.2V           ; --           ;                 ; no       ; On           ;
; K2       ; 421        ; 3B       ; RESERVED_INPUT_WITH_WEAK_PULLUP ;        ;                    ; 1.2V           ; --           ;                 ; no       ; On           ;
; K3       ;            ;          ; GND                             ; gnd    ;                    ;                ; --           ;                 ; --       ; --           ;
; K4       ; 415        ; 3B       ; RESERVED_INPUT_WITH_WEAK_PULLUP ;        ;                    ; 1.2V           ; --           ;                 ; no       ; On           ;
; K5       ;            ;          ; NC                              ;        ;                    ;                ; --           ;                 ; --       ; --           ;
; K6       ;            ;          ; NC                              ;        ;                    ;                ; --           ;                 ; --       ; --           ;
; K7       ;            ;          ; NC                              ;        ;                    ;                ; --           ;                 ; --       ; --           ;
; K8       ;            ;          ; NC                              ;        ;                    ;                ; --           ;                 ; --       ; --           ;
; K9       ;            ;          ; NC                              ;        ;                    ;                ; --           ;                 ; --       ; --           ;
; K10      ;            ;          ; VREFP_ADC                       ;        ;                    ;                ; --           ;                 ; --       ; --           ;
; K11      ;            ;          ; NC                              ;        ;                    ;                ; --           ;                 ; --       ; --           ;
; K12      ;            ;          ; NC                              ;        ;                    ;                ; --           ;                 ; --       ; --           ;
; K13      ;            ;          ; GND                             ; gnd    ;                    ;                ; --           ;                 ; --       ; --           ;
; K14      ;            ;          ; GND                             ; gnd    ;                    ;                ; --           ;                 ; --       ; --           ;
; K15      ;            ;          ; NC                              ;        ;                    ;                ; --           ;                 ; --       ; --           ;
; K16      ;            ; 2L       ; VREFB2LN0                       ; power  ;                    ; GND            ; --           ;                 ; --       ; --           ;
; K17      ; 116        ; 2L       ; RESERVED_INPUT_WITH_WEAK_PULLUP ;        ;                    ; 1.8V           ; --           ;                 ; no       ; On           ;
; K18      ;            ; 2L       ; VCCIO2L                         ; power  ;                    ; 1.8V           ; --           ;                 ; --       ; --           ;
; K19      ; 145        ; 2L       ; RESERVED_INPUT_WITH_WEAK_PULLUP ;        ;                    ; 1.8V           ; --           ;                 ; no       ; On           ;
; K20      ; 144        ; 2L       ; RESERVED_INPUT_WITH_WEAK_PULLUP ;        ;                    ; 1.8V           ; --           ;                 ; no       ; On           ;
; K21      ; 138        ; 2L       ; RESERVED_INPUT_WITH_WEAK_PULLUP ;        ;                    ; 1.8V           ; --           ;                 ; no       ; On           ;
; K22      ; 146        ; 2L       ; RESERVED_INPUT_WITH_WEAK_PULLUP ;        ;                    ; 1.8V           ; --           ;                 ; no       ; On           ;
; K23      ; 147        ; 2L       ; RESERVED_INPUT_WITH_WEAK_PULLUP ;        ;                    ; 1.8V           ; --           ;                 ; no       ; On           ;
; K24      ;            ;          ; GND                             ; gnd    ;                    ;                ; --           ;                 ; --       ; --           ;
; K25      ; 72         ; 1D       ; GXB_GND*                        ;        ;                    ;                ; --           ;                 ; --       ; --           ;
; K26      ; 73         ; 1D       ; GXB_GND*                        ;        ;                    ;                ; --           ;                 ; --       ; --           ;
; K27      ;            ;          ; GND                             ; gnd    ;                    ;                ; --           ;                 ; --       ; --           ;
; K28      ;            ;          ; GND                             ; gnd    ;                    ;                ; --           ;                 ; --       ; --           ;
; L1       ; 433        ; 3B       ; reset_reset                     ; input  ; 1.2-V              ; 1.2V           ; --           ; Y               ; no       ; Off          ;
; L2       ; 423        ; 3B       ; RESERVED_INPUT_WITH_WEAK_PULLUP ;        ;                    ; 1.2V           ; --           ;                 ; no       ; On           ;
; L3       ; 422        ; 3B       ; clk_clk                         ; input  ; 1.2-V HSTL Class I ; 1.2V           ; --           ; Y               ; no       ; Off          ;
; L4       ; 414        ; 3B       ; RESERVED_INPUT_WITH_WEAK_PULLUP ;        ;                    ; 1.2V           ; --           ;                 ; no       ; On           ;
; L5       ;            ;          ; NC                              ;        ;                    ;                ; --           ;                 ; --       ; --           ;
; L6       ;            ;          ; NC                              ;        ;                    ;                ; --           ;                 ; --       ; --           ;
; L7       ;            ;          ; NC                              ;        ;                    ;                ; --           ;                 ; --       ; --           ;
; L8       ;            ;          ; NC                              ;        ;                    ;                ; --           ;                 ; --       ; --           ;
; L9       ;            ;          ; NC                              ;        ;                    ;                ; --           ;                 ; --       ; --           ;
; L10      ;            ;          ; GND                             ; gnd    ;                    ;                ; --           ;                 ; --       ; --           ;
; L11      ;            ; --       ; VCC                             ; power  ;                    ; 0.9V           ; --           ;                 ; --       ; --           ;
; L12      ;            ; --       ; VCC                             ; power  ;                    ; 0.9V           ; --           ;                 ; --       ; --           ;
; L13      ;            ;          ; GND                             ; gnd    ;                    ;                ; --           ;                 ; --       ; --           ;
; L14      ;            ;          ; GND                             ; gnd    ;                    ;                ; --           ;                 ; --       ; --           ;
; L15      ;            ;          ; GND                             ; gnd    ;                    ;                ; --           ;                 ; --       ; --           ;
; L16      ;            ; --       ; VCC                             ; power  ;                    ; 0.9V           ; --           ;                 ; --       ; --           ;
; L17      ;            ; --       ; VCC                             ; power  ;                    ; 0.9V           ; --           ;                 ; --       ; --           ;
; L18      ;            ; --       ; VCC                             ; power  ;                    ; 0.9V           ; --           ;                 ; --       ; --           ;
; L19      ;            ; --       ; VCC                             ; power  ;                    ; 0.9V           ; --           ;                 ; --       ; --           ;
; L20      ;            ;          ; GND                             ; gnd    ;                    ;                ; --           ;                 ; --       ; --           ;
; L21      ;            ;          ; GND                             ; gnd    ;                    ;                ; --           ;                 ; --       ; --           ;
; L22      ;            ;          ; GND                             ; gnd    ;                    ;                ; --           ;                 ; --       ; --           ;
; L23      ;            ;          ; GND                             ; gnd    ;                    ;                ; --           ;                 ; --       ; --           ;
; L24      ;            ;          ; GND                             ; gnd    ;                    ;                ; --           ;                 ; --       ; --           ;
; L25      ;            ;          ; GND                             ; gnd    ;                    ;                ; --           ;                 ; --       ; --           ;
; L26      ;            ;          ; GND                             ; gnd    ;                    ;                ; --           ;                 ; --       ; --           ;
; L27      ; 70         ; 1D       ; GXB_NC                          ;        ;                    ;                ; --           ;                 ; --       ; --           ;
; L28      ; 71         ; 1D       ; GXB_NC                          ;        ;                    ;                ; --           ;                 ; --       ; --           ;
; M1       ; 424        ; 3B       ; RESERVED_INPUT_WITH_WEAK_PULLUP ;        ;                    ; 1.2V           ; --           ;                 ; no       ; On           ;
; M2       ;            ;          ; GND                             ; gnd    ;                    ;                ; --           ;                 ; --       ; --           ;
; M3       ; 413        ; 3B       ; RESERVED_INPUT_WITH_WEAK_PULLUP ;        ;                    ; 1.2V           ; --           ;                 ; no       ; On           ;
; M4       ; 412        ; 3B       ; RESERVED_INPUT_WITH_WEAK_PULLUP ;        ;                    ; 1.2V           ; --           ;                 ; no       ; On           ;
; M5       ;            ;          ; NC                              ;        ;                    ;                ; --           ;                 ; --       ; --           ;
; M6       ;            ;          ; NC                              ;        ;                    ;                ; --           ;                 ; --       ; --           ;
; M7       ;            ;          ; NC                              ;        ;                    ;                ; --           ;                 ; --       ; --           ;
; M8       ;            ;          ; NC                              ;        ;                    ;                ; --           ;                 ; --       ; --           ;
; M9       ;            ;          ; NC                              ;        ;                    ;                ; --           ;                 ; --       ; --           ;
; M10      ;            ; --       ; VCC                             ; power  ;                    ; 0.9V           ; --           ;                 ; --       ; --           ;
; M11      ;            ; --       ; VCC                             ; power  ;                    ; 0.9V           ; --           ;                 ; --       ; --           ;
; M12      ;            ;          ; GND                             ; gnd    ;                    ;                ; --           ;                 ; --       ; --           ;
; M13      ;            ;          ; GND                             ; gnd    ;                    ;                ; --           ;                 ; --       ; --           ;
; M14      ;            ; --       ; VCCPT                           ; power  ;                    ; 1.8V           ; --           ;                 ; --       ; --           ;
; M15      ;            ; --       ; VCC                             ; power  ;                    ; 0.9V           ; --           ;                 ; --       ; --           ;
; M16      ;            ; --       ; VCC                             ; power  ;                    ; 0.9V           ; --           ;                 ; --       ; --           ;
; M17      ;            ;          ; GND                             ; gnd    ;                    ;                ; --           ;                 ; --       ; --           ;
; M18      ;            ; --       ; VCCPT                           ; power  ;                    ; 1.8V           ; --           ;                 ; --       ; --           ;
; M19      ;            ; --       ; VCC                             ; power  ;                    ; 0.9V           ; --           ;                 ; --       ; --           ;
; M20      ;            ; --       ; VCC                             ; power  ;                    ; 0.9V           ; --           ;                 ; --       ; --           ;
; M21      ;            ;          ; GND                             ; gnd    ;                    ;                ; --           ;                 ; --       ; --           ;
; M22      ;            ; --       ; VCCH_GXBL                       ; gnd    ;                    ; GND            ; --           ;                 ; --       ; --           ;
; M23      ;            ; --       ; VCCT_GXBL1D                     ; gnd    ;                    ; GND            ; --           ;                 ; --       ; --           ;
; M24      ;            ; --       ; VCCT_GXBL1D                     ; gnd    ;                    ; GND            ; --           ;                 ; --       ; --           ;
; M25      ; 76         ; 1D       ; GXB_GND*                        ;        ;                    ;                ; --           ;                 ; --       ; --           ;
; M26      ; 77         ; 1D       ; GXB_GND*                        ;        ;                    ;                ; --           ;                 ; --       ; --           ;
; M27      ;            ;          ; GND                             ; gnd    ;                    ;                ; --           ;                 ; --       ; --           ;
; M28      ;            ;          ; GND                             ; gnd    ;                    ;                ; --           ;                 ; --       ; --           ;
; N1       ; 425        ; 3B       ; RESERVED_INPUT_WITH_WEAK_PULLUP ;        ;                    ; 1.2V           ; --           ;                 ; no       ; On           ;
; N2       ; 417        ; 3B       ; RESERVED_INPUT_WITH_WEAK_PULLUP ;        ;                    ; 1.2V           ; --           ;                 ; no       ; On           ;
; N3       ; 416        ; 3B       ; status_led                      ; output ; 1.2-V              ; 1.2V           ; --           ; Y               ; no       ; Off          ;
; N4       ;            ;          ; GND                             ; gnd    ;                    ;                ; --           ;                 ; --       ; --           ;
; N5       ;            ;          ; NC                              ;        ;                    ;                ; --           ;                 ; --       ; --           ;
; N6       ;            ;          ; NC                              ;        ;                    ;                ; --           ;                 ; --       ; --           ;
; N7       ;            ;          ; NC                              ;        ;                    ;                ; --           ;                 ; --       ; --           ;
; N8       ;            ;          ; NC                              ;        ;                    ;                ; --           ;                 ; --       ; --           ;
; N9       ;            ;          ; GND                             ; gnd    ;                    ;                ; --           ;                 ; --       ; --           ;
; N10      ;            ; --       ; VCC                             ; power  ;                    ; 0.9V           ; --           ;                 ; --       ; --           ;
; N11      ;            ; --       ; VCCP                            ; power  ;                    ; 0.9V           ; --           ;                 ; --       ; --           ;
; N12      ;            ; --       ; VCC                             ; power  ;                    ; 0.9V           ; --           ;                 ; --       ; --           ;
; N13      ;            ; --       ; VCC                             ; power  ;                    ; 0.9V           ; --           ;                 ; --       ; --           ;
; N14      ;            ;          ; GND                             ; gnd    ;                    ;                ; --           ;                 ; --       ; --           ;
; N15      ;            ; --       ; VCC                             ; power  ;                    ; 0.9V           ; --           ;                 ; --       ; --           ;
; N16      ;            ; --       ; VCC                             ; power  ;                    ; 0.9V           ; --           ;                 ; --       ; --           ;
; N17      ;            ; --       ; VCCP                            ; power  ;                    ; 0.9V           ; --           ;                 ; --       ; --           ;
; N18      ;            ; --       ; VCC                             ; power  ;                    ; 0.9V           ; --           ;                 ; --       ; --           ;
; N19      ;            ;          ; GND                             ; gnd    ;                    ;                ; --           ;                 ; --       ; --           ;
; N20      ;            ; --       ; VCC                             ; power  ;                    ; 0.9V           ; --           ;                 ; --       ; --           ;
; N21      ;            ;          ; GND                             ; gnd    ;                    ;                ; --           ;                 ; --       ; --           ;
; N22      ;            ;          ; GND                             ; gnd    ;                    ;                ; --           ;                 ; --       ; --           ;
; N23      ; 57         ; 1D       ; GXB_GND*                        ;        ;                    ;                ; --           ;                 ; --       ; --           ;
; N24      ; 56         ; 1D       ; GXB_GND*                        ;        ;                    ;                ; --           ;                 ; --       ; --           ;
; N25      ;            ;          ; GND                             ; gnd    ;                    ;                ; --           ;                 ; --       ; --           ;
; N26      ;            ;          ; GND                             ; gnd    ;                    ;                ; --           ;                 ; --       ; --           ;
; N27      ; 74         ; 1D       ; GXB_NC                          ;        ;                    ;                ; --           ;                 ; --       ; --           ;
; N28      ; 75         ; 1D       ; GXB_NC                          ;        ;                    ;                ; --           ;                 ; --       ; --           ;
; P1       ;            ;          ; GND                             ; gnd    ;                    ;                ; --           ;                 ; --       ; --           ;
; P2       ; 428        ; 3B       ; RESERVED_INPUT_WITH_WEAK_PULLUP ;        ;                    ; 1.2V           ; --           ;                 ; no       ; On           ;
; P3       ; 401        ; 3B       ; RESERVED_INPUT_WITH_WEAK_PULLUP ;        ;                    ; 1.2V           ; --           ;                 ; no       ; On           ;
; P4       ; 400        ; 3B       ; RESERVED_INPUT_WITH_WEAK_PULLUP ;        ;                    ; 1.2V           ; --           ;                 ; no       ; On           ;
; P5       ;            ;          ; NC                              ;        ;                    ;                ; --           ;                 ; --       ; --           ;
; P6       ;            ;          ; NC                              ;        ;                    ;                ; --           ;                 ; --       ; --           ;
; P7       ;            ;          ; NC                              ;        ;                    ;                ; --           ;                 ; --       ; --           ;
; P8       ;            ;          ; NC                              ;        ;                    ;                ; --           ;                 ; --       ; --           ;
; P9       ;            ;          ; NC                              ;        ;                    ;                ; --           ;                 ; --       ; --           ;
; P10      ;            ; --       ; VCC                             ; power  ;                    ; 0.9V           ; --           ;                 ; --       ; --           ;
; P11      ;            ;          ; GND                             ; gnd    ;                    ;                ; --           ;                 ; --       ; --           ;
; P12      ;            ; --       ; VCC                             ; power  ;                    ; 0.9V           ; --           ;                 ; --       ; --           ;
; P13      ;            ;          ; VCCA_PLL                        ; power  ;                    ; 1.8V           ; --           ;                 ; --       ; --           ;
; P14      ;            ; --       ; VCC                             ; power  ;                    ; 0.9V           ; --           ;                 ; --       ; --           ;
; P15      ;            ;          ; VCCA_PLL                        ; power  ;                    ; 1.8V           ; --           ;                 ; --       ; --           ;
; P16      ;            ;          ; GND                             ; gnd    ;                    ;                ; --           ;                 ; --       ; --           ;
; P17      ;            ; --       ; VCC                             ; power  ;                    ; 0.9V           ; --           ;                 ; --       ; --           ;
; P18      ;            ; --       ; VCC                             ; power  ;                    ; 0.9V           ; --           ;                 ; --       ; --           ;
; P19      ;            ; --       ; VCC                             ; power  ;                    ; 0.9V           ; --           ;                 ; --       ; --           ;
; P20      ;            ; --       ; VCC                             ; power  ;                    ; 0.9V           ; --           ;                 ; --       ; --           ;
; P21      ;            ;          ; GND                             ; gnd    ;                    ;                ; --           ;                 ; --       ; --           ;
; P22      ;            ;          ; GND                             ; gnd    ;                    ;                ; --           ;                 ; --       ; --           ;
; P23      ;            ; --       ; VCCR_GXBL1D                     ; gnd    ;                    ; GND            ; --           ;                 ; --       ; --           ;
; P24      ;            ; --       ; VCCR_GXBL1D                     ; gnd    ;                    ; GND            ; --           ;                 ; --       ; --           ;
; P25      ; 80         ; 1D       ; GXB_GND*                        ;        ;                    ;                ; --           ;                 ; --       ; --           ;
; P26      ; 81         ; 1D       ; GXB_GND*                        ;        ;                    ;                ; --           ;                 ; --       ; --           ;
; P27      ;            ;          ; GND                             ; gnd    ;                    ;                ; --           ;                 ; --       ; --           ;
; P28      ;            ;          ; GND                             ; gnd    ;                    ;                ; --           ;                 ; --       ; --           ;
; R1       ; 434        ; 3B       ; RESERVED_INPUT_WITH_WEAK_PULLUP ;        ;                    ; 1.2V           ; --           ;                 ; no       ; On           ;
; R2       ; 429        ; 3B       ; RESERVED_INPUT_WITH_WEAK_PULLUP ;        ;                    ; 1.2V           ; --           ;                 ; no       ; On           ;
; R3       ;            ;          ; GND                             ; gnd    ;                    ;                ; --           ;                 ; --       ; --           ;
; R4       ; 407        ; 3B       ; RESERVED_INPUT_WITH_WEAK_PULLUP ;        ;                    ; 1.2V           ; --           ;                 ; no       ; On           ;
; R5       ; 406        ; 3B       ; RESERVED_INPUT_WITH_WEAK_PULLUP ;        ;                    ; 1.2V           ; --           ;                 ; no       ; On           ;
; R6       ;            ;          ; NC                              ;        ;                    ;                ; --           ;                 ; --       ; --           ;
; R7       ;            ;          ; NC                              ;        ;                    ;                ; --           ;                 ; --       ; --           ;
; R8       ;            ;          ; GND                             ; gnd    ;                    ;                ; --           ;                 ; --       ; --           ;
; R9       ;            ;          ; NC                              ;        ;                    ;                ; --           ;                 ; --       ; --           ;
; R10      ;            ; --       ; VCC                             ; power  ;                    ; 0.9V           ; --           ;                 ; --       ; --           ;
; R11      ;            ; --       ; VCC                             ; power  ;                    ; 0.9V           ; --           ;                 ; --       ; --           ;
; R12      ;            ; --       ; VCCERAM                         ; power  ;                    ; 0.9V           ; --           ;                 ; --       ; --           ;
; R13      ;            ;          ; GND                             ; gnd    ;                    ;                ; --           ;                 ; --       ; --           ;
; R14      ;            ; --       ; VCC                             ; power  ;                    ; 0.9V           ; --           ;                 ; --       ; --           ;
; R15      ;            ; --       ; VCC                             ; power  ;                    ; 0.9V           ; --           ;                 ; --       ; --           ;
; R16      ;            ; --       ; VCC                             ; power  ;                    ; 0.9V           ; --           ;                 ; --       ; --           ;
; R17      ;            ; --       ; VCCERAM                         ; power  ;                    ; 0.9V           ; --           ;                 ; --       ; --           ;
; R18      ;            ;          ; GND                             ; gnd    ;                    ;                ; --           ;                 ; --       ; --           ;
; R19      ;            ; --       ; VCC                             ; power  ;                    ; 0.9V           ; --           ;                 ; --       ; --           ;
; R20      ;            ; --       ; VCC                             ; power  ;                    ; 0.9V           ; --           ;                 ; --       ; --           ;
; R21      ;            ;          ; GND                             ; gnd    ;                    ;                ; --           ;                 ; --       ; --           ;
; R22      ;            ;          ; GND                             ; gnd    ;                    ;                ; --           ;                 ; --       ; --           ;
; R23      ; 83         ; 1D       ; GXB_GND*                        ;        ;                    ;                ; --           ;                 ; --       ; --           ;
; R24      ; 82         ; 1D       ; GXB_GND*                        ;        ;                    ;                ; --           ;                 ; --       ; --           ;
; R25      ;            ;          ; GND                             ; gnd    ;                    ;                ; --           ;                 ; --       ; --           ;
; R26      ;            ;          ; GND                             ; gnd    ;                    ;                ; --           ;                 ; --       ; --           ;
; R27      ; 78         ; 1D       ; GXB_NC                          ;        ;                    ;                ; --           ;                 ; --       ; --           ;
; R28      ; 79         ; 1D       ; GXB_NC                          ;        ;                    ;                ; --           ;                 ; --       ; --           ;
; T1       ; 435        ; 3B       ; RESERVED_INPUT_WITH_WEAK_PULLUP ;        ;                    ; 1.2V           ; --           ;                 ; no       ; On           ;
; T2       ; 431        ; 3B       ; RESERVED_INPUT_WITH_WEAK_PULLUP ;        ;                    ; 1.2V           ; --           ;                 ; no       ; On           ;
; T3       ; 430        ; 3B       ; RESERVED_INPUT_WITH_WEAK_PULLUP ;        ;                    ; 1.2V           ; --           ;                 ; no       ; On           ;
; T4       ; 409        ; 3B       ; RESERVED_INPUT_WITH_WEAK_PULLUP ;        ;                    ; 1.2V           ; --           ;                 ; no       ; On           ;
; T5       ;            ; 3B       ; VCCIO3B                         ; power  ;                    ; 1.2V           ; --           ;                 ; --       ; --           ;
; T6       ; 405        ; 3B       ; RESERVED_INPUT_WITH_WEAK_PULLUP ;        ;                    ; 1.2V           ; --           ;                 ; no       ; On           ;
; T7       ; 404        ; 3B       ; RESERVED_INPUT_WITH_WEAK_PULLUP ;        ;                    ; 1.2V           ; --           ;                 ; no       ; On           ;
; T8       ; 403        ; 3B       ; RESERVED_INPUT_WITH_WEAK_PULLUP ;        ;                    ; 1.2V           ; --           ;                 ; no       ; On           ;
; T9       ; 402        ; 3B       ; RESERVED_INPUT_WITH_WEAK_PULLUP ;        ;                    ; 1.2V           ; --           ;                 ; no       ; On           ;
; T10      ;            ;          ; GND                             ; gnd    ;                    ;                ; --           ;                 ; --       ; --           ;
; T11      ;            ; --       ; VCC                             ; power  ;                    ; 0.9V           ; --           ;                 ; --       ; --           ;
; T12      ;            ;          ; GNDSENSE                        ;        ;                    ;                ; --           ;                 ; --       ; --           ;
; T13      ;            ;          ; VCCLSENSE                       ;        ;                    ;                ; --           ;                 ; --       ; --           ;
; T14      ;            ; --       ; VCC                             ; power  ;                    ; 0.9V           ; --           ;                 ; --       ; --           ;
; T15      ;            ;          ; GND                             ; gnd    ;                    ;                ; --           ;                 ; --       ; --           ;
; T16      ;            ; --       ; VCC                             ; power  ;                    ; 0.9V           ; --           ;                 ; --       ; --           ;
; T17      ;            ; --       ; VCC                             ; power  ;                    ; 0.9V           ; --           ;                 ; --       ; --           ;
; T18      ;            ; --       ; VCC                             ; power  ;                    ; 0.9V           ; --           ;                 ; --       ; --           ;
; T19      ;            ; --       ; VCC                             ; power  ;                    ; 0.9V           ; --           ;                 ; --       ; --           ;
; T20      ;            ;          ; GND                             ; gnd    ;                    ;                ; --           ;                 ; --       ; --           ;
; T21      ;            ;          ; GND                             ; gnd    ;                    ;                ; --           ;                 ; --       ; --           ;
; T22      ;            ; --       ; VCCH_GXBL                       ; gnd    ;                    ; GND            ; --           ;                 ; --       ; --           ;
; T23      ;            ; --       ; VCCT_GXBL1C                     ; gnd    ;                    ; GND            ; --           ;                 ; --       ; --           ;
; T24      ;            ; --       ; VCCT_GXBL1C                     ; gnd    ;                    ; GND            ; --           ;                 ; --       ; --           ;
; T25      ; 88         ; 1C       ; GXB_GND*                        ;        ;                    ;                ; --           ;                 ; --       ; --           ;
; T26      ; 89         ; 1C       ; GXB_GND*                        ;        ;                    ;                ; --           ;                 ; --       ; --           ;
; T27      ;            ;          ; GND                             ; gnd    ;                    ;                ; --           ;                 ; --       ; --           ;
; T28      ;            ;          ; GND                             ; gnd    ;                    ;                ; --           ;                 ; --       ; --           ;
; U1       ; 438        ; 3B       ; RESERVED_INPUT_WITH_WEAK_PULLUP ;        ;                    ; 1.2V           ; --           ;                 ; no       ; On           ;
; U2       ;            ;          ; GND                             ; gnd    ;                    ;                ; --           ;                 ; --       ; --           ;
; U3       ; 437        ; 3B       ; RESERVED_INPUT_WITH_WEAK_PULLUP ;        ;                    ; 1.2V           ; --           ;                 ; no       ; On           ;
; U4       ; 436        ; 3B       ; RESERVED_INPUT_WITH_WEAK_PULLUP ;        ;                    ; 1.2V           ; --           ;                 ; no       ; On           ;
; U5       ; 408        ; 3B       ; RESERVED_INPUT_WITH_WEAK_PULLUP ;        ;                    ; 1.2V           ; --           ;                 ; no       ; On           ;
; U6       ; 441        ; 3B       ; RESERVED_INPUT_WITH_WEAK_PULLUP ;        ;                    ; 1.2V           ; --           ;                 ; no       ; On           ;
; U7       ;            ; 3B       ; VCCIO3B                         ; power  ;                    ; 1.2V           ; --           ;                 ; --       ; --           ;
; U8       ; 411        ; 3B       ; RESERVED_INPUT_WITH_WEAK_PULLUP ;        ;                    ; 1.2V           ; --           ;                 ; no       ; On           ;
; U9       ;            ; 3B       ; VREFB3BN0                       ; power  ;                    ; 0.6V           ; --           ;                 ; --       ; --           ;
; U10      ;            ; --       ; VCC                             ; power  ;                    ; 0.9V           ; --           ;                 ; --       ; --           ;
; U11      ;            ; --       ; VCCP                            ; power  ;                    ; 0.9V           ; --           ;                 ; --       ; --           ;
; U12      ;            ;          ; GND                             ; gnd    ;                    ;                ; --           ;                 ; --       ; --           ;
; U13      ;            ; --       ; VCCP                            ; power  ;                    ; 0.9V           ; --           ;                 ; --       ; --           ;
; U14      ;            ; --       ; VCC                             ; power  ;                    ; 0.9V           ; --           ;                 ; --       ; --           ;
; U15      ;            ; --       ; VCC                             ; power  ;                    ; 0.9V           ; --           ;                 ; --       ; --           ;
; U16      ;            ; --       ; VCCP                            ; power  ;                    ; 0.9V           ; --           ;                 ; --       ; --           ;
; U17      ;            ;          ; GND                             ; gnd    ;                    ;                ; --           ;                 ; --       ; --           ;
; U18      ;            ; --       ; VCC                             ; power  ;                    ; 0.9V           ; --           ;                 ; --       ; --           ;
; U19      ;            ; --       ; VCC                             ; power  ;                    ; 0.9V           ; --           ;                 ; --       ; --           ;
; U20      ;            ; --       ; VCC                             ; power  ;                    ; 0.9V           ; --           ;                 ; --       ; --           ;
; U21      ;            ;          ; GND                             ; gnd    ;                    ;                ; --           ;                 ; --       ; --           ;
; U22      ;            ;          ; GND                             ; gnd    ;                    ;                ; --           ;                 ; --       ; --           ;
; U23      ; 85         ; 1C       ; GXB_GND*                        ;        ;                    ;                ; --           ;                 ; --       ; --           ;
; U24      ; 84         ; 1C       ; GXB_GND*                        ;        ;                    ;                ; --           ;                 ; --       ; --           ;
; U25      ;            ;          ; GND                             ; gnd    ;                    ;                ; --           ;                 ; --       ; --           ;
; U26      ;            ;          ; GND                             ; gnd    ;                    ;                ; --           ;                 ; --       ; --           ;
; U27      ; 86         ; 1C       ; GXB_NC                          ;        ;                    ;                ; --           ;                 ; --       ; --           ;
; U28      ; 87         ; 1C       ; GXB_NC                          ;        ;                    ;                ; --           ;                 ; --       ; --           ;
; V1       ; 439        ; 3B       ; RESERVED_INPUT_WITH_WEAK_PULLUP ;        ;                    ; 1.2V           ; --           ;                 ; no       ; On           ;
; V2       ; 444        ; 3B       ; RESERVED_INPUT_WITH_WEAK_PULLUP ;        ;                    ; 1.2V           ; --           ;                 ; no       ; On           ;
; V3       ; 446        ; 3B       ; RESERVED_INPUT_WITH_WEAK_PULLUP ;        ;                    ; 1.2V           ; --           ;                 ; no       ; On           ;
; V4       ;            ; 3B       ; VCCIO3B                         ; power  ;                    ; 1.2V           ; --           ;                 ; --       ; --           ;
; V5       ; 443        ; 3B       ; RESERVED_INPUT_WITH_WEAK_PULLUP ;        ;                    ; 1.2V           ; --           ;                 ; no       ; On           ;
; V6       ; 442        ; 3B       ; RESERVED_INPUT_WITH_WEAK_PULLUP ;        ;                    ; 1.2V           ; --           ;                 ; no       ; On           ;
; V7       ; 440        ; 3B       ; RESERVED_INPUT_WITH_WEAK_PULLUP ;        ;                    ; 1.2V           ; --           ;                 ; no       ; On           ;
; V8       ; 410        ; 3B       ; RESERVED_INPUT_WITH_WEAK_PULLUP ;        ;                    ; 1.2V           ; --           ;                 ; no       ; On           ;
; V9       ;            ;          ; GND                             ; gnd    ;                    ;                ; --           ;                 ; --       ; --           ;
; V10      ;            ; --       ; VCC                             ; power  ;                    ; 0.9V           ; --           ;                 ; --       ; --           ;
; V11      ;            ; --       ; VCC                             ; power  ;                    ; 0.9V           ; --           ;                 ; --       ; --           ;
; V12      ;            ; --       ; VCCPT                           ; power  ;                    ; 1.8V           ; --           ;                 ; --       ; --           ;
; V13      ;            ; --       ; VCC                             ; power  ;                    ; 0.9V           ; --           ;                 ; --       ; --           ;
; V14      ;            ;          ; GND                             ; gnd    ;                    ;                ; --           ;                 ; --       ; --           ;
; V15      ;            ; --       ; VCC                             ; power  ;                    ; 0.9V           ; --           ;                 ; --       ; --           ;
; V16      ;            ; --       ; VCC                             ; power  ;                    ; 0.9V           ; --           ;                 ; --       ; --           ;
; V17      ;            ; --       ; VCC                             ; power  ;                    ; 0.9V           ; --           ;                 ; --       ; --           ;
; V18      ;            ; --       ; VCCPT                           ; power  ;                    ; 1.8V           ; --           ;                 ; --       ; --           ;
; V19      ;            ;          ; GND                             ; gnd    ;                    ;                ; --           ;                 ; --       ; --           ;
; V20      ;            ; --       ; VCC                             ; power  ;                    ; 0.9V           ; --           ;                 ; --       ; --           ;
; V21      ;            ;          ; GND                             ; gnd    ;                    ;                ; --           ;                 ; --       ; --           ;
; V22      ;            ;          ; GND                             ; gnd    ;                    ;                ; --           ;                 ; --       ; --           ;
; V23      ;            ; --       ; VCCR_GXBL1C                     ; gnd    ;                    ; GND            ; --           ;                 ; --       ; --           ;
; V24      ;            ; --       ; VCCR_GXBL1C                     ; gnd    ;                    ; GND            ; --           ;                 ; --       ; --           ;
; V25      ; 92         ; 1C       ; GXB_GND*                        ;        ;                    ;                ; --           ;                 ; --       ; --           ;
; V26      ; 93         ; 1C       ; GXB_GND*                        ;        ;                    ;                ; --           ;                 ; --       ; --           ;
; V27      ;            ;          ; GND                             ; gnd    ;                    ;                ; --           ;                 ; --       ; --           ;
; V28      ;            ;          ; GND                             ; gnd    ;                    ;                ; --           ;                 ; --       ; --           ;
; W1       ;            ;          ; GND                             ; gnd    ;                    ;                ; --           ;                 ; --       ; --           ;
; W2       ; 445        ; 3B       ; RESERVED_INPUT_WITH_WEAK_PULLUP ;        ;                    ; 1.2V           ; --           ;                 ; no       ; On           ;
; W3       ; 447        ; 3B       ; RESERVED_INPUT_WITH_WEAK_PULLUP ;        ;                    ; 1.2V           ; --           ;                 ; no       ; On           ;
; W4       ; 449        ; 3A       ; RESERVED_INPUT_WITH_WEAK_PULLUP ;        ;                    ; 1.8V           ; --           ;                 ; no       ; On           ;
; W5       ; 455        ; 3A       ; RESERVED_INPUT_WITH_WEAK_PULLUP ;        ;                    ; 1.8V           ; --           ;                 ; no       ; On           ;
; W6       ;            ; 3A       ; VCCIO3A                         ; power  ;                    ; 1.8V           ; --           ;                 ; --       ; --           ;
; W7       ; 450        ; 3A       ; RESERVED_INPUT_WITH_WEAK_PULLUP ;        ;                    ; 1.8V           ; --           ;                 ; no       ; On           ;
; W8       ; 451        ; 3A       ; RESERVED_INPUT_WITH_WEAK_PULLUP ;        ;                    ; 1.8V           ; --           ;                 ; no       ; On           ;
; W9       ;            ; 3A       ; VREFB3AN0                       ; power  ;                    ; GND            ; --           ;                 ; --       ; --           ;
; W10      ; 497        ; CSS      ; #TDO                            ; output ;                    ;                ; --           ;                 ; --       ; --           ;
; W11      ;            ;          ; GND                             ; gnd    ;                    ;                ; --           ;                 ; --       ; --           ;
; W12      ;            ; --       ; VCC                             ; power  ;                    ; 0.9V           ; --           ;                 ; --       ; --           ;
; W13      ;            ; --       ; VCCBAT                          ; power  ;                    ; 1.8V           ; --           ;                 ; --       ; --           ;
; W14      ;            ; --       ; VCCPGM                          ; power  ;                    ; 1.2V/1.5V/1.8V ; --           ;                 ; --       ; --           ;
; W15      ;            ; 2A       ; VREFB2AN0                       ; power  ;                    ; GND            ; --           ;                 ; --       ; --           ;
; W16      ;            ;          ; GND                             ; gnd    ;                    ;                ; --           ;                 ; --       ; --           ;
; W17      ;            ; 2J       ; VREFB2JN0                       ; power  ;                    ; GND            ; --           ;                 ; --       ; --           ;
; W18      ;            ; --       ; VCC                             ; power  ;                    ; 0.9V           ; --           ;                 ; --       ; --           ;
; W19      ;            ; --       ; VCC                             ; power  ;                    ; 0.9V           ; --           ;                 ; --       ; --           ;
; W20      ; 223        ; 2J       ; RESERVED_INPUT_WITH_WEAK_PULLUP ;        ;                    ; 1.8V           ; --           ;                 ; no       ; On           ;
; W21      ; 222        ; 2J       ; RESERVED_INPUT_WITH_WEAK_PULLUP ;        ;                    ; 1.8V           ; --           ;                 ; no       ; On           ;
; W22      ;            ;          ; GND                             ; gnd    ;                    ;                ; --           ;                 ; --       ; --           ;
; W23      ; 111        ; 1C       ; GXB_GND*                        ;        ;                    ;                ; --           ;                 ; --       ; --           ;
; W24      ; 110        ; 1C       ; GXB_GND*                        ;        ;                    ;                ; --           ;                 ; --       ; --           ;
; W25      ;            ;          ; GND                             ; gnd    ;                    ;                ; --           ;                 ; --       ; --           ;
; W26      ;            ;          ; GND                             ; gnd    ;                    ;                ; --           ;                 ; --       ; --           ;
; W27      ; 90         ; 1C       ; GXB_NC                          ;        ;                    ;                ; --           ;                 ; --       ; --           ;
; W28      ; 91         ; 1C       ; GXB_NC                          ;        ;                    ;                ; --           ;                 ; --       ; --           ;
; Y1       ; 457        ; 3A       ; RESERVED_INPUT_WITH_WEAK_PULLUP ;        ;                    ; 1.8V           ; --           ;                 ; no       ; On           ;
; Y2       ; 456        ; 3A       ; RESERVED_INPUT_WITH_WEAK_PULLUP ;        ;                    ; 1.8V           ; --           ;                 ; no       ; On           ;
; Y3       ;            ;          ; GND                             ; gnd    ;                    ;                ; --           ;                 ; --       ; --           ;
; Y4       ; 448        ; 3A       ; RESERVED_INPUT_WITH_WEAK_PULLUP ;        ;                    ; 1.8V           ; --           ;                 ; no       ; On           ;
; Y5       ; 454        ; 3A       ; RESERVED_INPUT_WITH_WEAK_PULLUP ;        ;                    ; 1.8V           ; --           ;                 ; no       ; On           ;
; Y6       ; 452        ; 3A       ; RESERVED_INPUT_WITH_WEAK_PULLUP ;        ;                    ; 1.8V           ; --           ;                 ; no       ; On           ;
; Y7       ; 453        ; 3A       ; RESERVED_INPUT_WITH_WEAK_PULLUP ;        ;                    ; 1.8V           ; --           ;                 ; no       ; On           ;
; Y8       ;            ; 3A       ; VCCIO3A                         ; power  ;                    ; 1.8V           ; --           ;                 ; --       ; --           ;
; Y9       ; 500        ; CSS      ; #TCK                            ; input  ;                    ;                ; --           ;                 ; --       ; --           ;
; Y10      ;            ;          ; DNU                             ;        ;                    ;                ; --           ;                 ; --       ; --           ;
; Y11      ;            ;          ; DNU                             ;        ;                    ;                ; --           ;                 ; --       ; --           ;
; Y12      ;            ;          ; DNU                             ;        ;                    ;                ; --           ;                 ; --       ; --           ;
; Y13      ;            ;          ; GND                             ; gnd    ;                    ;                ; --           ;                 ; --       ; --           ;
; Y14      ;            ; --       ; VCCPGM                          ; power  ;                    ; 1.2V/1.5V/1.8V ; --           ;                 ; --       ; --           ;
; Y15      ; 290        ; 2A       ; RESERVED_INPUT_WITH_WEAK_PULLUP ;        ;                    ; 1.8V           ; --           ;                 ; no       ; On           ;
; Y16      ; 291        ; 2A       ; RESERVED_INPUT_WITH_WEAK_PULLUP ;        ;                    ; 1.8V           ; --           ;                 ; no       ; On           ;
; Y17      ; 226        ; 2J       ; RESERVED_INPUT_WITH_WEAK_PULLUP ;        ;                    ; 1.8V           ; --           ;                 ; no       ; On           ;
; Y18      ;            ; 2J       ; VCCIO2J                         ; power  ;                    ; 1.8V           ; --           ;                 ; --       ; --           ;
; Y19      ; 228        ; 2J       ; RESERVED_INPUT_WITH_WEAK_PULLUP ;        ;                    ; 1.8V           ; --           ;                 ; no       ; On           ;
; Y20      ; 229        ; 2J       ; RESERVED_INPUT_WITH_WEAK_PULLUP ;        ;                    ; 1.8V           ; --           ;                 ; no       ; On           ;
; Y21      ; 220        ; 2J       ; RESERVED_INPUT_WITH_WEAK_PULLUP ;        ;                    ; 1.8V           ; --           ;                 ; no       ; On           ;
; Y22      ;            ;          ; GND                             ; gnd    ;                    ;                ; --           ;                 ; --       ; --           ;
; Y23      ;            ;          ; GND                             ; gnd    ;                    ;                ; --           ;                 ; --       ; --           ;
; Y24      ;            ;          ; GND                             ; gnd    ;                    ;                ; --           ;                 ; --       ; --           ;
; Y25      ; 96         ; 1C       ; GXB_GND*                        ;        ;                    ;                ; --           ;                 ; --       ; --           ;
; Y26      ; 97         ; 1C       ; GXB_GND*                        ;        ;                    ;                ; --           ;                 ; --       ; --           ;
; Y27      ;            ;          ; GND                             ; gnd    ;                    ;                ; --           ;                 ; --       ; --           ;
; Y28      ;            ;          ; GND                             ; gnd    ;                    ;                ; --           ;                 ; --       ; --           ;
+----------+------------+----------+---------------------------------+--------+--------------------+----------------+--------------+-----------------+----------+--------------+
Note: Pin directions (input, output or bidir) are based on device operating in user mode.


+---------------------------------------------------+
; I/O Assignment Warnings                           ;
+------------+--------------------------------------+
; Pin Name   ; Reason                               ;
+------------+--------------------------------------+
; status_led ; Missing drive strength and slew rate ;
+------------+--------------------------------------+


+----------------------------------------------------------------------------------------------------------------------------------------------------------------------------------+
; Control Signals                                                                                                                                                                  ;
+-------------------------------------------------------------------------------------------------------------------+------------+---------+---------------------------------------+
; Name                                                                                                              ; Location   ; Fan-Out ; Usage                                 ;
+-------------------------------------------------------------------------------------------------------------------+------------+---------+---------------------------------------+
; clk_clk                                                                                                           ; PIN_L3     ; 1337    ; Clock                                 ;
; dut|alt_vip_cl_crs_0|alt_vip_cl_crs_0|inst_crs_int|horiz_upsample|dout_encode|dout_ready_sig~0                    ; Unassigned ; 45      ; Clock enable                          ;
; dut|alt_vip_cl_crs_0|alt_vip_cl_crs_0|inst_crs_int|horiz_upsample|nn_crs_inst|i51                                 ; Unassigned ; 8       ; Sync. load                            ;
; dut|alt_vip_cl_crs_0|alt_vip_cl_crs_0|inst_crs_int|middle_demux|gen_loop_no_fifo[0].data_encoder|dout_ready_sig~0 ; Unassigned ; 37      ; Clock enable                          ;
; dut|alt_vip_cl_crs_0|alt_vip_cl_crs_0|inst_crs_int|middle_demux|gen_loop_no_fifo[1].data_encoder|dout_ready_sig~0 ; Unassigned ; 38      ; Clock enable                          ;
; dut|alt_vip_cl_crs_0|alt_vip_cl_crs_0|inst_crs_int|middle_mux|selected_input[0]                                   ; Unassigned ; 59      ; Sync. load                            ;
; dut|alt_vip_cl_crs_0|alt_vip_cl_crs_0|inst_crs_int|symbol_conv|add_16~0                                           ; Unassigned ; 48      ; Sync. load                            ;
; dut|alt_vip_cl_crs_0|alt_vip_cl_crs_0|inst_crs_int|symbol_conv|dout_encoder|dout_ready_sig~0                      ; Unassigned ; 53      ; Clock enable                          ;
; dut|alt_vip_cl_crs_0|alt_vip_cl_crs_0|inst_crs_int|symbol_conv|i573~1                                             ; Unassigned ; 16      ; Sync. clear                           ;
; dut|alt_vip_cl_crs_0|alt_vip_cl_crs_0|inst_crs_int|symbol_conv|i573~3                                             ; Unassigned ; 16      ; Clock enable                          ;
; dut|alt_vip_cl_crs_0|alt_vip_cl_crs_0|inst_crs_int|symbol_conv|i591~2                                             ; Unassigned ; 16      ; Sync. clear                           ;
; dut|alt_vip_cl_crs_0|alt_vip_cl_crs_0|inst_crs_int|symbol_conv|i591~3                                             ; Unassigned ; 16      ; Clock enable                          ;
; dut|alt_vip_cl_crs_0|alt_vip_cl_crs_0|inst_crs_int|symbol_conv|i609~1                                             ; Unassigned ; 16      ; Sync. clear                           ;
; dut|alt_vip_cl_crs_0|alt_vip_cl_crs_0|inst_crs_int|symbol_conv|i609~2                                             ; Unassigned ; 8       ; Clock enable                          ;
; dut|alt_vip_cl_crs_0|alt_vip_cl_crs_0|inst_crs_int|symbol_conv|i618~0                                             ; Unassigned ; 8       ; Clock enable                          ;
; dut|alt_vip_cl_crs_0|alt_vip_cl_crs_0|inst_crs_int|symbol_conv|symbols_used_for_output[2]                         ; Unassigned ; 68      ; Sync. clear                           ;
; dut|alt_vip_cl_crs_0|alt_vip_cl_crs_0|inst_crs_int|video_in_cmd|data_output|dout_ready_sig~0                      ; Unassigned ; 55      ; Clock enable                          ;
; dut|alt_vip_cl_crs_0|alt_vip_cl_crs_0|scheduler|i774~0                                                            ; Unassigned ; 9       ; Clock enable                          ;
; dut|alt_vip_cl_crs_0|alt_vip_cl_crs_0|scheduler|mm_cmd_encoder|dout_ready_sig~0                                   ; Unassigned ; 6       ; Clock enable                          ;
; dut|alt_vip_cl_crs_0|alt_vip_cl_crs_0|scheduler|state.SEND_VOB_CTRL_CMD                                           ; Unassigned ; 12      ; Sync. load                            ;
; dut|alt_vip_cl_crs_0|alt_vip_cl_crs_0|scheduler|vib_cmd_encoder|dout_ready_sig~0                                  ; Unassigned ; 5       ; Clock enable                          ;
; dut|alt_vip_cl_crs_0|alt_vip_cl_crs_0|scheduler|vib_resp_decoder|i252~1                                           ; Unassigned ; 32      ; Clock enable                          ;
; dut|alt_vip_cl_crs_0|alt_vip_cl_crs_0|scheduler|vib_resp_decoder|i285                                             ; Unassigned ; 4       ; Clock enable                          ;
; dut|alt_vip_cl_crs_0|alt_vip_cl_crs_0|scheduler|vib_resp_decoder|internal_ready                                   ; Unassigned ; 6       ; Clock enable                          ;
; dut|alt_vip_cl_crs_0|alt_vip_cl_crs_0|scheduler|vib_resp_str_width[15]~1                                          ; Unassigned ; 36      ; Clock enable                          ;
; dut|alt_vip_cl_crs_0|alt_vip_cl_crs_0|scheduler|vob_cmd_encoder|dout_ready_sig~0                                  ; Unassigned ; 41      ; Clock enable                          ;
; dut|alt_vip_cl_crs_0|alt_vip_cl_crs_0|scheduler|vob_cmd_encoder|i242~1                                            ; Unassigned ; 30      ; Sync. clear                           ;
; dut|alt_vip_cl_crs_0|alt_vip_cl_crs_0|video_in_resp|Select_7~5                                                    ; Unassigned ; 2       ; Clock enable                          ;
; dut|alt_vip_cl_crs_0|alt_vip_cl_crs_0|video_in_resp|data_output|dout_ready_sig~0                                  ; Unassigned ; 47      ; Clock enable                          ;
; dut|alt_vip_cl_crs_0|alt_vip_cl_crs_0|video_in_resp|i460~0                                                        ; Unassigned ; 17      ; Clock enable                          ;
; dut|alt_vip_cl_crs_0|alt_vip_cl_crs_0|video_in_resp|i467                                                          ; Unassigned ; 32      ; Clock enable                          ;
; dut|alt_vip_cl_crs_0|alt_vip_cl_crs_0|video_in_resp|i503~0                                                        ; Unassigned ; 2       ; Clock enable                          ;
; dut|alt_vip_cl_crs_0|alt_vip_cl_crs_0|video_in_resp|i55~0                                                         ; Unassigned ; 15      ; Clock enable                          ;
; dut|alt_vip_cl_crs_0|alt_vip_cl_crs_0|video_in_resp|i57~1                                                         ; Unassigned ; 2       ; Clock enable                          ;
; dut|alt_vip_cl_crs_0|alt_vip_cl_crs_0|video_in_resp|rsp_output|dout_ready_sig~0                                   ; Unassigned ; 39      ; Clock enable                          ;
; dut|alt_vip_cl_crs_0|alt_vip_cl_crs_0|video_in_resp|rsp_output|i242~0                                             ; Unassigned ; 27      ; Sync. clear                           ;
; dut|alt_vip_cl_crs_0|alt_vip_cl_crs_0|video_in_resp|state.IDLE                                                    ; Unassigned ; 31      ; Sync. clear                           ;
; dut|alt_vip_cl_crs_0|alt_vip_cl_crs_0|video_in_resp|state.NEW_LINE_PACKET                                         ; Unassigned ; 34      ; Clock enable, Sync. clear, Sync. load ;
; dut|alt_vip_cl_crs_0|alt_vip_cl_crs_0|video_in_resp|video_input|control_packet_beat[0]~0                          ; Unassigned ; 7       ; Clock enable                          ;
; dut|alt_vip_cl_crs_0|alt_vip_cl_crs_0|video_in_resp|video_input|control_packet_beat[0]~5                          ; Unassigned ; 3       ; Clock enable                          ;
; dut|alt_vip_cl_crs_0|alt_vip_cl_crs_0|video_in_resp|video_input|i225~0                                            ; Unassigned ; 16      ; Clock enable                          ;
; dut|alt_vip_cl_crs_0|alt_vip_cl_crs_0|video_in_resp|video_input|i302~0                                            ; Unassigned ; 16      ; Clock enable                          ;
; dut|alt_vip_cl_crs_0|alt_vip_cl_crs_0|video_in_resp|video_input|i382~0                                            ; Unassigned ; 13      ; Clock enable                          ;
; dut|alt_vip_cl_crs_0|alt_vip_cl_crs_0|video_in_resp|video_input|latency_converter|av_st_din_ready_0_r             ; Unassigned ; 74      ; Clock enable, Sync. load              ;
; dut|alt_vip_cl_crs_0|alt_vip_cl_crs_0|video_in_resp|video_input|state.CONTROL_PACKET                              ; Unassigned ; 17      ; Sync. clear                           ;
; dut|alt_vip_cl_crs_0|alt_vip_cl_crs_0|video_out|Select_3~5                                                        ; Unassigned ; 3       ; Clock enable                          ;
; dut|alt_vip_cl_crs_0|alt_vip_cl_crs_0|video_out|cmd_input|i252~1                                                  ; Unassigned ; 32      ; Clock enable                          ;
; dut|alt_vip_cl_crs_0|alt_vip_cl_crs_0|video_out|cmd_input|i285                                                    ; Unassigned ; 4       ; Clock enable                          ;
; dut|alt_vip_cl_crs_0|alt_vip_cl_crs_0|video_out|cmd_input|internal_ready                                          ; Unassigned ; 6       ; Clock enable                          ;
; dut|alt_vip_cl_crs_0|alt_vip_cl_crs_0|video_out|i8~0                                                              ; Unassigned ; 37      ; Clock enable                          ;
; dut|alt_vip_cl_crs_0|alt_vip_cl_crs_0|video_out|sop_realigner|i9~0                                                ; Unassigned ; 52      ; Clock enable                          ;
; dut|alt_vip_cl_crs_0|alt_vip_cl_crs_0|video_out|video_output|av_st_din_dout_control_reg[1][47]~0                  ; Unassigned ; 12      ; Clock enable                          ;
; dut|alt_vip_cl_crs_0|alt_vip_cl_crs_0|video_out|video_output|control_packet_beat[0]~0                             ; Unassigned ; 4       ; Clock enable                          ;
; dut|alt_vip_cl_crs_0|alt_vip_cl_crs_0|video_out|video_output|empty_converter|current_empty[0]                     ; Unassigned ; 56      ; Sync. load                            ;
; dut|alt_vip_cl_crs_0|alt_vip_cl_crs_0|video_out|video_output|empty_converter|din_ready~1                          ; Unassigned ; 30      ; Clock enable                          ;
; dut|alt_vip_cl_crs_0|alt_vip_cl_crs_0|video_out|video_output|empty_converter|i149~0                               ; Unassigned ; 26      ; Clock enable                          ;
; dut|alt_vip_cl_crs_0|alt_vip_cl_crs_0|video_out|video_output|empty_converter|i272                                 ; Unassigned ; 27      ; Clock enable                          ;
; dut|alt_vip_cl_crs_0|alt_vip_cl_crs_0|video_out|video_output|empty_converter|i413                                 ; Unassigned ; 24      ; Clock enable                          ;
; dut|alt_vip_cl_crs_0|alt_vip_cl_crs_0|video_out|video_output|i56~3                                                ; Unassigned ; 2       ; Clock enable                          ;
; dut|alt_vip_cl_crs_0|alt_vip_cl_crs_0|video_out|video_output|latency_converter|av_st_dout_ready_0                 ; Unassigned ; 55      ; Clock enable                          ;
; dut|alt_vip_cl_crs_0|alt_vip_cl_crs_0|video_out|video_output|state.IDLE                                           ; Unassigned ; 59      ; Sync. clear, Sync. load               ;
; dut|alt_vip_cl_tpg_0|alt_vip_cl_tpg_0|core_0|cmd_decode|i252~1                                                    ; Unassigned ; 14      ; Clock enable                          ;
; dut|alt_vip_cl_tpg_0|alt_vip_cl_tpg_0|core_0|cmd_decode|i285                                                      ; Unassigned ; 11      ; Clock enable                          ;
; dut|alt_vip_cl_tpg_0|alt_vip_cl_tpg_0|core_0|cmd_decode|internal_ready                                            ; Unassigned ; 6       ; Clock enable                          ;
; dut|alt_vip_cl_tpg_0|alt_vip_cl_tpg_0|core_0|colour_count[0]                                                      ; Unassigned ; 28      ; Sync. clear, Sync. load               ;
; dut|alt_vip_cl_tpg_0|alt_vip_cl_tpg_0|core_0|colour_count[1]                                                      ; Unassigned ; 26      ; Sync. clear                           ;
; dut|alt_vip_cl_tpg_0|alt_vip_cl_tpg_0|core_0|colour_count[2]                                                      ; Unassigned ; 24      ; Sync. clear                           ;
; dut|alt_vip_cl_tpg_0|alt_vip_cl_tpg_0|core_0|dout_encode|dout_ready_sig~0                                         ; Unassigned ; 29      ; Clock enable                          ;
; dut|alt_vip_cl_tpg_0|alt_vip_cl_tpg_0|core_0|i194~0                                                               ; Unassigned ; 10      ; Clock enable                          ;
; dut|alt_vip_cl_tpg_0|alt_vip_cl_tpg_0|core_0|i198~0                                                               ; Unassigned ; 10      ; Clock enable                          ;
; dut|alt_vip_cl_tpg_0|alt_vip_cl_tpg_0|core_0|i51~0                                                                ; Unassigned ; 13      ; Clock enable                          ;
; dut|alt_vip_cl_tpg_0|alt_vip_cl_tpg_0|core_0|i95~1                                                                ; Unassigned ; 4       ; Clock enable                          ;
; dut|alt_vip_cl_tpg_0|alt_vip_cl_tpg_0|core_0|state.INIT2                                                          ; Unassigned ; 29      ; Sync. clear, Sync. load               ;
; dut|alt_vip_cl_tpg_0|alt_vip_cl_tpg_0|scheduler|tpg_multi_scheduler_inst|ac_cmd_encoder|dout_ready_sig~0          ; Unassigned ; 23      ; Clock enable                          ;
; dut|alt_vip_cl_tpg_0|alt_vip_cl_tpg_0|scheduler|tpg_multi_scheduler_inst|i551~0                                   ; Unassigned ; 11      ; Clock enable                          ;
; dut|alt_vip_cl_tpg_0|alt_vip_cl_tpg_0|scheduler|tpg_multi_scheduler_inst|state.SEND_SETUP_CMD                     ; Unassigned ; 31      ; Sync. clear                           ;
; dut|alt_vip_cl_tpg_0|alt_vip_cl_tpg_0|scheduler|tpg_multi_scheduler_inst|vob_cmd_encoder|dout_ready_sig~0         ; Unassigned ; 11      ; Clock enable                          ;
; dut|alt_vip_cl_tpg_0|alt_vip_cl_tpg_0|video_out|Select_1~3                                                        ; Unassigned ; 2       ; Clock enable                          ;
; dut|alt_vip_cl_tpg_0|alt_vip_cl_tpg_0|video_out|cmd_input|i252~1                                                  ; Unassigned ; 3       ; Clock enable                          ;
; dut|alt_vip_cl_tpg_0|alt_vip_cl_tpg_0|video_out|cmd_input|i285                                                    ; Unassigned ; 2       ; Clock enable                          ;
; dut|alt_vip_cl_tpg_0|alt_vip_cl_tpg_0|video_out|cmd_input|internal_ready                                          ; Unassigned ; 6       ; Clock enable                          ;
; dut|alt_vip_cl_tpg_0|alt_vip_cl_tpg_0|video_out|i42~0                                                             ; Unassigned ; 6       ; Clock enable                          ;
; dut|alt_vip_cl_tpg_0|alt_vip_cl_tpg_0|video_out|video_output|av_st_din_dout_control_reg[2][31]~0                  ; Unassigned ; 2       ; Clock enable                          ;
; dut|alt_vip_cl_tpg_0|alt_vip_cl_tpg_0|video_out|video_output|control_packet_beat[0]~0                             ; Unassigned ; 4       ; Clock enable                          ;
; dut|alt_vip_cl_tpg_0|alt_vip_cl_tpg_0|video_out|video_output|empty_converter|current_empty[0]                     ; Unassigned ; 42      ; Sync. load                            ;
; dut|alt_vip_cl_tpg_0|alt_vip_cl_tpg_0|video_out|video_output|empty_converter|din_ready~0                          ; Unassigned ; 17      ; Clock enable                          ;
; dut|alt_vip_cl_tpg_0|alt_vip_cl_tpg_0|video_out|video_output|empty_converter|i101~0                               ; Unassigned ; 18      ; Clock enable                          ;
; dut|alt_vip_cl_tpg_0|alt_vip_cl_tpg_0|video_out|video_output|empty_converter|i192                                 ; Unassigned ; 19      ; Clock enable                          ;
; dut|alt_vip_cl_tpg_0|alt_vip_cl_tpg_0|video_out|video_output|empty_converter|i301                                 ; Unassigned ; 16      ; Clock enable                          ;
; dut|alt_vip_cl_tpg_0|alt_vip_cl_tpg_0|video_out|video_output|empty_converter|stored_valid~0                       ; Unassigned ; 2       ; Clock enable                          ;
; dut|alt_vip_cl_tpg_0|alt_vip_cl_tpg_0|video_out|video_output|i37~3                                                ; Unassigned ; 2       ; Clock enable                          ;
; dut|alt_vip_cl_tpg_0|alt_vip_cl_tpg_0|video_out|video_output|latency_converter|av_st_dout_ready_0                 ; Unassigned ; 44      ; Clock enable                          ;
; i294~0                                                                                                            ; Unassigned ; 48      ; Clock enable                          ;
; reset_reset                                                                                                       ; PIN_L1     ; 51      ; Sync. clear                           ;
; reset_reset                                                                                                       ; PIN_L1     ; 327     ; Async. clear                          ;
; sec_stage0[31]~1                                                                                                  ; Unassigned ; 24      ; Clock enable                          ;
+-------------------------------------------------------------------------------------------------------------------+------------+---------+---------------------------------------+


+----------------------------------------------------------------------------------------+
; Global & Other Fast Signals Summary                                                    ;
+-------------+----------+---------+-------------+----------------+----------------------+
; Name        ; Location ; Fan-Out ; Signal Type ; Promotion Type ; Global Resource Used ;
+-------------+----------+---------+-------------+----------------+----------------------+
; clk_clk     ; PIN_L3   ; 1337    ; Global      ; Automatic      ; Global Clock Region  ;
; reset_reset ; PIN_L1   ; 327     ; Global      ; Automatic      ; Global Clock Region  ;
+-------------+----------+---------+-------------+----------------+----------------------+


+-------------------------------------------------------------------+
; Global & Other Fast Signals Details                               ;
+----------------------------------------+--------------------------+
; Property                               ; Value                    ;
+----------------------------------------+--------------------------+
; Name                                   ; clk_clk                  ;
;     -- Source Type                     ; I/O pad                  ;
;     -- Source Location                 ; PIN_L3                   ;
;     -- Fan-Out                         ; 1337                     ;
;     -- Promotion Type                  ; Automatic Promotion      ;
;     -- Global Buffer                   ; clk_clk~inputCLKENA0     ;
;     -- Global Buffer Location          ; CLKCTRL_3B_G_I23         ;
;     -- Global Signal Type              ; Global                   ;
;     -- Region Drivable by Buffer       ; Global Clock Region      ;
;     -- Bounding Box Drivable by Buffer ; (0, 0) to (102, 115)     ;
;     -- Clock Region Line               ; 23                       ;
;                                        ;                          ;
; Name                                   ; reset_reset              ;
;     -- Source Type                     ; I/O pad                  ;
;     -- Source Location                 ; PIN_L1                   ;
;     -- Fan-Out                         ; 327                      ;
;     -- Promotion Type                  ; Automatic Promotion      ;
;     -- Global Buffer                   ; reset_reset~inputCLKENA0 ;
;     -- Global Buffer Location          ; CLKCTRL_3A_G_I17         ;
;     -- Global Signal Type              ; Global                   ;
;     -- Region Drivable by Buffer       ; Global Clock Region      ;
;     -- Bounding Box Drivable by Buffer ; (0, 0) to (102, 115)     ;
;     -- Clock Region Line               ; 17                       ;
+----------------------------------------+--------------------------+


+---------------------------------------------------------------------------------------------+
; Fitter Resource Usage Summary                                                               ;
+-------------------------------------------------------------+-----------------------+-------+
; Resource                                                    ; Usage                 ; %     ;
+-------------------------------------------------------------+-----------------------+-------+
; Usage Report Generated after: Finalize                      ;                       ;       ;
;                                                             ;                       ;       ;
; Logic utilization (ALMs needed / total ALMs on device)      ; 722 / 80,330          ; < 1 % ;
; ALMs needed [=A-B+C]                                        ; 722                   ;       ;
;     [A] ALMs used in final placement [=a+b+c+d]             ; 899 / 80,330          ; 1 %   ;
;         [a] ALMs used for LUT logic and registers           ; 314                   ;       ;
;         [b] ALMs used for LUT logic                         ; 284                   ;       ;
;         [c] ALMs used for registers                         ; 301                   ;       ;
;         [d] ALMs used for memory (up to half of total ALMs) ; 0                     ;       ;
;     [B] Estimate of ALMs recoverable by dense packing       ; 180 / 80,330          ; < 1 % ;
;     [C] Estimate of ALMs unavailable [=a+b+c+d]             ; 3 / 80,330            ; < 1 % ;
;         [a] Due to location constrained logic               ; 0                     ;       ;
;         [b] Due to LAB-wide signal conflicts                ; 0                     ;       ;
;         [c] Due to LAB input limits                         ; 3                     ;       ;
;         [d] Due to virtual I/Os                             ; 0                     ;       ;
;                                                             ;                       ;       ;
; Difficulty packing design                                   ; Low                   ;       ;
;                                                             ;                       ;       ;
; Total LABs:  partially or completely used                   ; 119 / 8,033           ; 1 %   ;
;     -- Logic LABs                                           ; 119                   ;       ;
;     -- Memory LABs (up to half of total LABs)               ; 0                     ;       ;
;                                                             ;                       ;       ;
; Combinational ALUT usage for logic                          ; 962                   ;       ;
;     -- 7 input functions                                    ; 5                     ;       ;
;     -- 6 input functions                                    ; 228                   ;       ;
;     -- 5 input functions                                    ; 170                   ;       ;
;     -- 4 input functions                                    ; 129                   ;       ;
;     -- <=3 input functions                                  ; 430                   ;       ;
; Combinational ALUT usage for route-throughs                 ; 349                   ;       ;
;                                                             ;                       ;       ;
; Dedicated logic registers                                   ; 1,420                 ;       ;
;     -- By type:                                             ;                       ;       ;
;         -- Primary logic registers                          ; 1,229 / 160,660       ; < 1 % ;
;         -- Secondary logic registers                        ; 191 / 160,660         ; < 1 % ;
;     -- By function:                                         ;                       ;       ;
;         -- Design implementation registers                  ; 1,420                 ;       ;
;         -- Routing optimization registers                   ; 0                     ;       ;
;                                                             ;                       ;       ;
; ALMs adjustment for power estimation                        ; 136                   ;       ;
;                                                             ;                       ;       ;
; Virtual pins                                                ; 0                     ;       ;
; I/O pins                                                    ; 3 / 340               ; < 1 % ;
;     -- Clock pins                                           ; 1 / 16                ; 6 %   ;
;     -- Dedicated input pins                                 ; 0 / 35                ; 0 %   ;
;                                                             ;                       ;       ;
; M20K blocks                                                 ; 0 / 587               ; 0 %   ;
; Total MLAB memory bits                                      ; 0                     ;       ;
; Total block memory bits                                     ; 0 / 12,021,760        ; 0 %   ;
;                                                             ;                       ;       ;
; DSP Blocks Needed [=A+B+C-D]                                ; 0 / 192               ; 0 %   ;
;     [A] Total Fixed Point DSP Blocks                        ; 0                     ;       ;
;     [B] Total Floating Point DSP Blocks                     ; 0                     ;       ;
;     [C] Total DSP_PRIME Blocks                              ; 0                     ;       ;
;     [D] Estimate of DSP Blocks recoverable by dense merging ; 0                     ;       ;
;                                                             ;                       ;       ;
; IOPLLs                                                      ; 0 / 6                 ; 0 %   ;
; FPLLs                                                       ; 0 / 4                 ; 0 %   ;
; Global signals                                              ; 0                     ;       ;
;     -- Global clocks                                        ; 0 / 32                ; 0 %   ;
;     -- Regional clocks                                      ; 0 / 8                 ; 0 %   ;
;     -- Periphery clocks                                     ; 0 / 144               ; 0 %   ;
; JTAGs                                                       ; 0 / 1                 ; 0 %   ;
; ASMI blocks                                                 ; 0 / 1                 ; 0 %   ;
; CRC blocks                                                  ; 0 / 1                 ; 0 %   ;
; Remote update blocks                                        ; 0 / 1                 ; 0 %   ;
; Oscillator blocks                                           ; 0 / 1                 ; 0 %   ;
; PCIe Hard IPs                                               ; 0 / 1                 ; 0 %   ;
; HSSI RX PCSs                                                ; 0 / 12                ; 0 %   ;
; HSSI PMA RX DESERs                                          ; 0 / 12                ; 0 %   ;
; HSSI TX PCSs                                                ; 0 / 12                ; 0 %   ;
; HSSI PMA TX SERs                                            ; 0 / 12                ; 0 %   ;
; HSSI CDR PLL                                                ; 0 / 12                ; 0 %   ;
;     -- CDR PLLs for Unused RX Clock Workaround              ; 0 / 12                ; 0 %   ;
; HSSI ATX PLL                                                ; 0 / 4                 ; 0 %   ;
; Impedance control blocks                                    ; 0 / 7                 ; 0 %   ;
; Average interconnect usage (total/H/V)                      ; 3.4% / 4.7% / 1.5%    ;       ;
; Peak interconnect usage (total/H/V)                         ; 14.3% / 15.1% / 13.0% ;       ;
; Maximum fan-out                                             ; 100                   ;       ;
; Highest non-global fan-out                                  ; 100                   ;       ;
; Total fan-out                                               ; 6808                  ;       ;
; Average fan-out                                             ; 2.95                  ;       ;
+-------------------------------------------------------------+-----------------------+-------+
The Fitter Resource Usage Summary report displays a detailed analysis of logic utilization based on calculations of ALM usage. Refer to <a class="xref" href="https://www.intel.com/content/www/us/en/programmable/quartushelp/current/index.htm#mapIdTopics/mwh1465496451103.htm" target="_blank">Fitter Resource Usage Summary Report</a> in the <i>Intel® Quartus® Prime Pro Edition Help</i> for more information.


+------------------------------------------------------------------------------------------------------------------------------------------------------------------------------------------------------------------------------------------------------------------------------------------------------------------------------------------------------------------------------------------------------------------------------------------------------------------------------------------------------------------------------------------------------------------------------------------------------------------------------------------------------------------------------------------------+
; Fitter Resource Utilization by Entity                                                                                                                                                                                                                                                                                                                                                                                                                                                                                                                                                                                                                                                          ;
+------------------------------------------------------+----------------------+----------------------------------+---------------------------------------------------+----------------------------------+----------------------+---------------------+---------------------------+---------------+-------------------+-------+--------------------------+----------------------------------------+---------------------------------------------------+------+--------------+--------+--------------------------------------------------------------------------------------------------+------------------------------------------------------------------+--------------------------------------+
; Compilation Hierarchy Node                           ; ALMs needed [=A-B+C] ; [A] ALMs used in final placement ; [B] Estimate of ALMs recoverable by dense packing ; [C] Estimate of ALMs unavailable ; ALMs used for memory ; Combinational ALUTs ; Dedicated Logic Registers ; I/O Registers ; Block Memory Bits ; M20Ks ; DSP Blocks needed [=A-B] ; [A] DSP Blocks used in final placement ; [B] Estimate of DSPs recoverable by dense merging ; Pins ; Virtual Pins ; IOPLLs ; Full Hierarchy Name                                                                              ; Entity Name                                                      ; Library Name                         ;
+------------------------------------------------------+----------------------+----------------------------------+---------------------------------------------------+----------------------------------+----------------------+---------------------+---------------------------+---------------+-------------------+-------+--------------------------+----------------------------------------+---------------------------------------------------+------+--------------+--------+--------------------------------------------------------------------------------------------------+------------------------------------------------------------------+--------------------------------------+
; |                                                    ; 721.5 (36.5)         ; 898.5 (43.2)                     ; 179.5 (6.7)                                       ; 2.5 (0.0)                        ; 0.0 (0.0)            ; 962 (37)            ; 1420 (72)                 ; 0 (0)         ; 0                 ; 0     ; 0                        ; 0                                      ; 0                                                 ; 6    ; 0            ; 0 (0)  ; |                                                                                                ; resampling_checker                                               ; altera_work                          ;
;    |dut|                                             ; 685.0 (0.0)          ; 855.3 (0.0)                      ; 172.8 (0.0)                                       ; 2.5 (0.0)                        ; 0.0 (0.0)            ; 925 (0)             ; 1348 (0)                  ; 0 (0)         ; 0                 ; 0     ; 0                        ; 0                                      ; 0                                                 ; 0    ; 0            ; 0 (0)  ; dut                                                                                              ; system                                                           ; system                               ;
;       |alt_vip_cl_crs_0|                             ; 497.0 (0.0)          ; 640.8 (0.0)                      ; 145.8 (0.0)                                       ; 2.0 (0.0)                        ; 0.0 (0.0)            ; 616 (0)             ; 1050 (0)                  ; 0 (0)         ; 0                 ; 0     ; 0                        ; 0                                      ; 0                                                 ; 0    ; 0            ; 0 (0)  ; dut|alt_vip_cl_crs_0                                                                             ; system_alt_vip_cl_crs_0                                          ; system_alt_vip_cl_crs_0              ;
;          |alt_vip_cl_crs_0|                          ; 497.0 (0.0)          ; 640.8 (0.0)                      ; 145.8 (0.0)                                       ; 2.0 (0.0)                        ; 0.0 (0.0)            ; 616 (0)             ; 1050 (0)                  ; 0 (0)         ; 0                 ; 0     ; 0                        ; 0                                      ; 0                                                 ; 0    ; 0            ; 0 (0)  ; dut|alt_vip_cl_crs_0|alt_vip_cl_crs_0                                                            ; system_alt_vip_cl_crs_0_alt_vip_cl_crs_2360_dbzwawy              ; alt_vip_cl_crs_2360                  ;
;             |inst_crs_int|                           ; 143.1 (0.0)          ; 200.2 (0.0)                      ; 57.4 (0.0)                                        ; 0.3 (0.0)                        ; 0.0 (0.0)            ; 181 (0)             ; 321 (0)                   ; 0 (0)         ; 0                 ; 0     ; 0                        ; 0                                      ; 0                                                 ; 0    ; 0            ; 0 (0)  ; dut|alt_vip_cl_crs_0|alt_vip_cl_crs_0|inst_crs_int                                               ; system_alt_vip_cl_crs_0_alt_vip_cl_crs_422_to_var_2360_xj5jyii   ; alt_vip_cl_crs_422_to_var_2360       ;
;                |horiz_upsample|                      ; 8.1 (0.0)            ; 19.1 (0.0)                       ; 11.0 (0.0)                                        ; 0.0 (0.0)                        ; 0.0 (0.0)            ; 2 (0)               ; 48 (0)                    ; 0 (0)         ; 0                 ; 0     ; 0                        ; 0                                      ; 0                                                 ; 0    ; 0            ; 0 (0)  ; dut|alt_vip_cl_crs_0|alt_vip_cl_crs_0|inst_crs_int|horiz_upsample                                ; alt_vip_crs_h_up_core                                            ; alt_vip_crs_h_up_core_2360           ;
;                   |dout_encode|                      ; 7.8 (7.8)            ; 18.7 (18.7)                      ; 10.9 (10.9)                                       ; 0.0 (0.0)                        ; 0.0 (0.0)            ; 1 (1)               ; 48 (48)                   ; 0 (0)         ; 0                 ; 0     ; 0                        ; 0                                      ; 0                                                 ; 0    ; 0            ; 0 (0)  ; dut|alt_vip_cl_crs_0|alt_vip_cl_crs_0|inst_crs_int|horiz_upsample|dout_encode                    ; alt_vip_common_event_packet_encode                               ; alt_vip_crs_h_up_core_2360           ;
;                   |nn_crs_inst|                      ; 0.2 (0.2)            ; 0.3 (0.3)                        ; 0.1 (0.1)                                         ; 0.0 (0.0)                        ; 0.0 (0.0)            ; 1 (1)               ; 0 (0)                     ; 0 (0)         ; 0                 ; 0     ; 0                        ; 0                                      ; 0                                                 ; 0    ; 0            ; 0 (0)  ; dut|alt_vip_cl_crs_0|alt_vip_cl_crs_0|inst_crs_int|horiz_upsample|nn_crs_inst                    ; alt_vip_crs_h_up_core_nn                                         ; alt_vip_crs_h_up_core_2360           ;
;                |middle_demux|                        ; 10.9 (0.5)           ; 32.4 (0.6)                       ; 21.5 (0.1)                                        ; 0.0 (0.0)                        ; 0.0 (0.0)            ; 4 (2)               ; 79 (0)                    ; 0 (0)         ; 0                 ; 0     ; 0                        ; 0                                      ; 0                                                 ; 0    ; 0            ; 0 (0)  ; dut|alt_vip_cl_crs_0|alt_vip_cl_crs_0|inst_crs_int|middle_demux                                  ; alt_vip_packet_demux                                             ; alt_vip_packet_demux_2360            ;
;                   |gen_loop_no_fifo[0].data_encoder| ; 2.7 (2.7)            ; 16.4 (16.4)                      ; 13.7 (13.7)                                       ; 0.0 (0.0)                        ; 0.0 (0.0)            ; 1 (1)               ; 37 (37)                   ; 0 (0)         ; 0                 ; 0     ; 0                        ; 0                                      ; 0                                                 ; 0    ; 0            ; 0 (0)  ; dut|alt_vip_cl_crs_0|alt_vip_cl_crs_0|inst_crs_int|middle_demux|gen_loop_no_fifo[0].data_encoder ; alt_vip_common_event_packet_encode                               ; alt_vip_packet_demux_2360            ;
;                   |gen_loop_no_fifo[1].data_encoder| ; 7.7 (7.7)            ; 15.4 (15.4)                      ; 7.7 (7.7)                                         ; 0.0 (0.0)                        ; 0.0 (0.0)            ; 1 (1)               ; 42 (42)                   ; 0 (0)         ; 0                 ; 0     ; 0                        ; 0                                      ; 0                                                 ; 0    ; 0            ; 0 (0)  ; dut|alt_vip_cl_crs_0|alt_vip_cl_crs_0|inst_crs_int|middle_demux|gen_loop_no_fifo[1].data_encoder ; alt_vip_common_event_packet_encode                               ; alt_vip_packet_demux_2360            ;
;                |middle_mux|                          ; 12.7 (4.5)           ; 13.0 (4.5)                       ; 0.3 (0.0)                                         ; 0.1 (0.0)                        ; 0.0 (0.0)            ; 35 (9)              ; 7 (7)                     ; 0 (0)         ; 0                 ; 0     ; 0                        ; 0                                      ; 0                                                 ; 0    ; 0            ; 0 (0)  ; dut|alt_vip_cl_crs_0|alt_vip_cl_crs_0|inst_crs_int|middle_mux                                    ; alt_vip_packet_mux                                               ; alt_vip_packet_mux_2360              ;
;                   |data_mux_inst|                    ; 7.5 (7.5)            ; 7.5 (7.5)                        ; 0.1 (0.1)                                         ; 0.1 (0.1)                        ; 0.0 (0.0)            ; 25 (25)             ; 0 (0)                     ; 0 (0)         ; 0                 ; 0     ; 0                        ; 0                                      ; 0                                                 ; 0    ; 0            ; 0 (0)  ; dut|alt_vip_cl_crs_0|alt_vip_cl_crs_0|inst_crs_int|middle_mux|data_mux_inst                      ; alt_vip_common_mux_tree                                          ; alt_vip_packet_mux_2360              ;
;                   |valid_mux_inst|                   ; 0.7 (0.7)            ; 1.0 (1.0)                        ; 0.3 (0.3)                                         ; 0.0 (0.0)                        ; 0.0 (0.0)            ; 1 (1)               ; 0 (0)                     ; 0 (0)         ; 0                 ; 0     ; 0                        ; 0                                      ; 0                                                 ; 0    ; 0            ; 0 (0)  ; dut|alt_vip_cl_crs_0|alt_vip_cl_crs_0|inst_crs_int|middle_mux|valid_mux_inst                     ; alt_vip_common_mux_tree                                          ; alt_vip_packet_mux_2360              ;
;                |symbol_conv|                         ; 103.5 (97.7)         ; 116.0 (97.7)                     ; 12.7 (0.0)                                        ; 0.2 (0.0)                        ; 0.0 (0.0)            ; 133 (132)           ; 141 (89)                  ; 0 (0)         ; 0                 ; 0     ; 0                        ; 0                                      ; 0                                                 ; 0    ; 0            ; 0 (0)  ; dut|alt_vip_cl_crs_0|alt_vip_cl_crs_0|inst_crs_int|symbol_conv                                   ; alt_vip_cpp_converter                                            ; alt_vip_cpp_converter_2360           ;
;                   |dout_encoder|                     ; 5.6 (5.6)            ; 18.3 (18.3)                      ; 12.9 (12.9)                                       ; 0.2 (0.2)                        ; 0.0 (0.0)            ; 1 (1)               ; 52 (52)                   ; 0 (0)         ; 0                 ; 0     ; 0                        ; 0                                      ; 0                                                 ; 0    ; 0            ; 0 (0)  ; dut|alt_vip_cl_crs_0|alt_vip_cl_crs_0|inst_crs_int|symbol_conv|dout_encoder                      ; alt_vip_common_event_packet_encode                               ; alt_vip_cpp_converter_2360           ;
;                |video_in_cmd|                        ; 7.8 (2.8)            ; 19.7 (2.8)                       ; 11.8 (0.0)                                        ; 0.0 (0.0)                        ; 0.0 (0.0)            ; 7 (4)               ; 46 (5)                    ; 0 (0)         ; 0                 ; 0     ; 0                        ; 0                                      ; 0                                                 ; 0    ; 0            ; 0 (0)  ; dut|alt_vip_cl_crs_0|alt_vip_cl_crs_0|inst_crs_int|video_in_cmd                                  ; alt_vip_video_input_bridge_cmd                                   ; alt_vip_video_input_bridge_cmd_2360  ;
;                   |cmd_input|                        ; 1.5 (1.5)            ; 1.5 (1.5)                        ; 0.0 (0.0)                                         ; 0.0 (0.0)                        ; 0.0 (0.0)            ; 2 (2)               ; 2 (2)                     ; 0 (0)         ; 0                 ; 0     ; 0                        ; 0                                      ; 0                                                 ; 0    ; 0            ; 0 (0)  ; dut|alt_vip_cl_crs_0|alt_vip_cl_crs_0|inst_crs_int|video_in_cmd|cmd_input                        ; alt_vip_common_event_packet_decode                               ; alt_vip_video_input_bridge_cmd_2360  ;
;                   |data_output|                      ; 3.5 (3.5)            ; 15.4 (15.4)                      ; 11.9 (11.9)                                       ; 0.0 (0.0)                        ; 0.0 (0.0)            ; 1 (1)               ; 39 (39)                   ; 0 (0)         ; 0                 ; 0     ; 0                        ; 0                                      ; 0                                                 ; 0    ; 0            ; 0 (0)  ; dut|alt_vip_cl_crs_0|alt_vip_cl_crs_0|inst_crs_int|video_in_cmd|data_output                      ; alt_vip_common_event_packet_encode                               ; alt_vip_video_input_bridge_cmd_2360  ;
;             |scheduler|                              ; 33.8 (14.9)          ; 59.8 (23.8)                      ; 25.9 (8.8)                                        ; 0.0 (0.0)                        ; 0.0 (0.0)            ; 41 (21)             ; 137 (52)                  ; 0 (0)         ; 0                 ; 0     ; 0                        ; 0                                      ; 0                                                 ; 0    ; 0            ; 0 (0)  ; dut|alt_vip_cl_crs_0|alt_vip_cl_crs_0|scheduler                                                  ; alt_vip_crs_scheduler                                            ; alt_vip_crs_scheduler_2360           ;
;                |mm_cmd_encoder|                      ; 1.5 (1.5)            ; 1.5 (1.5)                        ; 0.0 (0.0)                                         ; 0.0 (0.0)                        ; 0.0 (0.0)            ; 1 (1)               ; 3 (3)                     ; 0 (0)         ; 0                 ; 0     ; 0                        ; 0                                      ; 0                                                 ; 0    ; 0            ; 0 (0)  ; dut|alt_vip_cl_crs_0|alt_vip_cl_crs_0|scheduler|mm_cmd_encoder                                   ; alt_vip_common_event_packet_encode                               ; alt_vip_crs_scheduler_2360           ;
;                |vib_cmd_encoder|                     ; 1.2 (1.2)            ; 1.6 (1.6)                        ; 0.3 (0.3)                                         ; 0.0 (0.0)                        ; 0.0 (0.0)            ; 1 (1)               ; 3 (3)                     ; 0 (0)         ; 0                 ; 0     ; 0                        ; 0                                      ; 0                                                 ; 0    ; 0            ; 0 (0)  ; dut|alt_vip_cl_crs_0|alt_vip_cl_crs_0|scheduler|vib_cmd_encoder                                  ; alt_vip_common_event_packet_encode                               ; alt_vip_crs_scheduler_2360           ;
;                |vib_resp_decoder|                    ; 5.4 (5.4)            ; 17.2 (17.2)                      ; 11.8 (11.8)                                       ; 0.0 (0.0)                        ; 0.0 (0.0)            ; 5 (5)               ; 41 (41)                   ; 0 (0)         ; 0                 ; 0     ; 0                        ; 0                                      ; 0                                                 ; 0    ; 0            ; 0 (0)  ; dut|alt_vip_cl_crs_0|alt_vip_cl_crs_0|scheduler|vib_resp_decoder                                 ; alt_vip_common_event_packet_decode                               ; alt_vip_crs_scheduler_2360           ;
;                |vob_cmd_encoder|                     ; 10.7 (10.7)          ; 15.8 (15.8)                      ; 5.1 (5.1)                                         ; 0.0 (0.0)                        ; 0.0 (0.0)            ; 13 (13)             ; 38 (38)                   ; 0 (0)         ; 0                 ; 0     ; 0                        ; 0                                      ; 0                                                 ; 0    ; 0            ; 0 (0)  ; dut|alt_vip_cl_crs_0|alt_vip_cl_crs_0|scheduler|vob_cmd_encoder                                  ; alt_vip_common_event_packet_encode                               ; alt_vip_crs_scheduler_2360           ;
;             |video_in_resp|                          ; 157.3 (88.0)         ; 179.4 (87.5)                     ; 22.6 (0.0)                                        ; 0.5 (0.5)                        ; 0.0 (0.0)            ; 224 (136)           ; 263 (92)                  ; 0 (0)         ; 0                 ; 0     ; 0                        ; 0                                      ; 0                                                 ; 0    ; 0            ; 0 (0)  ; dut|alt_vip_cl_crs_0|alt_vip_cl_crs_0|video_in_resp                                              ; alt_vip_video_input_bridge_resp                                  ; alt_vip_video_input_bridge_resp_2360 ;
;                |data_output|                         ; 13.2 (13.2)          ; 15.0 (15.0)                      ; 1.8 (1.8)                                         ; 0.0 (0.0)                        ; 0.0 (0.0)            ; 1 (1)               ; 38 (38)                   ; 0 (0)         ; 0                 ; 0     ; 0                        ; 0                                      ; 0                                                 ; 0    ; 0            ; 0 (0)  ; dut|alt_vip_cl_crs_0|alt_vip_cl_crs_0|video_in_resp|data_output                                  ; alt_vip_common_event_packet_encode                               ; alt_vip_video_input_bridge_resp_2360 ;
;                |rsp_output|                          ; 13.9 (13.9)          ; 21.4 (21.4)                      ; 7.5 (7.5)                                         ; 0.0 (0.0)                        ; 0.0 (0.0)            ; 18 (18)             ; 38 (38)                   ; 0 (0)         ; 0                 ; 0     ; 0                        ; 0                                      ; 0                                                 ; 0    ; 0            ; 0 (0)  ; dut|alt_vip_cl_crs_0|alt_vip_cl_crs_0|video_in_resp|rsp_output                                   ; alt_vip_common_event_packet_encode                               ; alt_vip_video_input_bridge_resp_2360 ;
;                |video_input|                         ; 40.8 (32.6)          ; 55.5 (37.2)                      ; 14.6 (4.6)                                        ; 0.0 (0.0)                        ; 0.0 (0.0)            ; 69 (51)             ; 95 (57)                   ; 0 (0)         ; 0                 ; 0     ; 0                        ; 0                                      ; 0                                                 ; 0    ; 0            ; 0 (0)  ; dut|alt_vip_cl_crs_0|alt_vip_cl_crs_0|video_in_resp|video_input                                  ; alt_vip_common_video_packet_decode                               ; alt_vip_video_input_bridge_resp_2360 ;
;                   |latency_converter|                ; 8.2 (8.2)            ; 18.2 (18.2)                      ; 10.0 (10.0)                                       ; 0.0 (0.0)                        ; 0.0 (0.0)            ; 18 (18)             ; 38 (38)                   ; 0 (0)         ; 0                 ; 0     ; 0                        ; 0                                      ; 0                                                 ; 0    ; 0            ; 0 (0)  ; dut|alt_vip_cl_crs_0|alt_vip_cl_crs_0|video_in_resp|video_input|latency_converter                ; alt_vip_common_latency_1_to_latency_0                            ; alt_vip_video_input_bridge_resp_2360 ;
;             |video_out|                              ; 162.8 (23.5)         ; 201.5 (31.7)                     ; 39.9 (8.4)                                        ; 1.2 (0.3)                        ; 0.0 (0.0)            ; 170 (34)            ; 329 (51)                  ; 0 (0)         ; 0                 ; 0     ; 0                        ; 0                                      ; 0                                                 ; 0    ; 0            ; 0 (0)  ; dut|alt_vip_cl_crs_0|alt_vip_cl_crs_0|video_out                                                  ; alt_vip_video_output_bridge                                      ; alt_vip_video_output_bridge_2360     ;
;                |cmd_input|                           ; 7.7 (7.7)            ; 17.8 (17.8)                      ; 10.5 (10.5)                                       ; 0.3 (0.3)                        ; 0.0 (0.0)            ; 5 (5)               ; 39 (39)                   ; 0 (0)         ; 0                 ; 0     ; 0                        ; 0                                      ; 0                                                 ; 0    ; 0            ; 0 (0)  ; dut|alt_vip_cl_crs_0|alt_vip_cl_crs_0|video_out|cmd_input                                        ; alt_vip_common_event_packet_decode                               ; alt_vip_video_output_bridge_2360     ;
;                |data_input|                          ; 0.2 (0.2)            ; 0.2 (0.2)                        ; 0.0 (0.0)                                         ; 0.0 (0.0)                        ; 0.0 (0.0)            ; 1 (1)               ; 0 (0)                     ; 0 (0)         ; 0                 ; 0     ; 0                        ; 0                                      ; 0                                                 ; 0    ; 0            ; 0 (0)  ; dut|alt_vip_cl_crs_0|alt_vip_cl_crs_0|video_out|data_input                                       ; alt_vip_common_event_packet_decode                               ; alt_vip_video_output_bridge_2360     ;
;                |sop_realigner|                       ; 22.9 (22.9)          ; 22.8 (22.8)                      ; 0.0 (0.0)                                         ; 0.1 (0.1)                        ; 0.0 (0.0)            ; 8 (8)               ; 55 (55)                   ; 0 (0)         ; 0                 ; 0     ; 0                        ; 0                                      ; 0                                                 ; 0    ; 0            ; 0 (0)  ; dut|alt_vip_cl_crs_0|alt_vip_cl_crs_0|video_out|sop_realigner                                    ; alt_vip_common_sop_align                                         ; alt_vip_video_output_bridge_2360     ;
;                |video_output|                        ; 108.3 (62.6)         ; 129.0 (75.5)                     ; 21.2 (13.3)                                       ; 0.4 (0.4)                        ; 0.0 (0.0)            ; 122 (104)           ; 184 (48)                  ; 0 (0)         ; 0                 ; 0     ; 0                        ; 0                                      ; 0                                                 ; 0    ; 0            ; 0 (0)  ; dut|alt_vip_cl_crs_0|alt_vip_cl_crs_0|video_out|video_output                                     ; alt_vip_common_video_packet_encode                               ; alt_vip_video_output_bridge_2360     ;
;                   |empty_converter|                  ; 36.2 (36.2)          ; 36.2 (36.2)                      ; 0.0 (0.0)                                         ; 0.0 (0.0)                        ; 0.0 (0.0)            ; 18 (18)             ; 82 (82)                   ; 0 (0)         ; 0                 ; 0     ; 0                        ; 0                                      ; 0                                                 ; 0    ; 0            ; 0 (0)  ; dut|alt_vip_cl_crs_0|alt_vip_cl_crs_0|video_out|video_output|empty_converter                     ; alt_vip_common_video_packet_empty                                ; alt_vip_video_output_bridge_2360     ;
;                   |latency_converter|                ; 8.3 (8.3)            ; 17.3 (17.3)                      ; 9.0 (9.0)                                         ; 0.0 (0.0)                        ; 0.0 (0.0)            ; 0 (0)               ; 54 (54)                   ; 0 (0)         ; 0                 ; 0     ; 0                        ; 0                                      ; 0                                                 ; 0    ; 0            ; 0 (0)  ; dut|alt_vip_cl_crs_0|alt_vip_cl_crs_0|video_out|video_output|latency_converter                   ; alt_vip_common_latency_0_to_latency_1                            ; alt_vip_video_output_bridge_2360     ;
;       |alt_vip_cl_tpg_0|                             ; 188.0 (0.0)          ; 214.5 (0.0)                      ; 27.0 (0.0)                                        ; 0.5 (0.0)                        ; 0.0 (0.0)            ; 309 (0)             ; 298 (0)                   ; 0 (0)         ; 0                 ; 0     ; 0                        ; 0                                      ; 0                                                 ; 0    ; 0            ; 0 (0)  ; dut|alt_vip_cl_tpg_0                                                                             ; system_alt_vip_cl_tpg_0                                          ; system_alt_vip_cl_tpg_0              ;
;          |alt_vip_cl_tpg_0|                          ; 188.0 (0.0)          ; 214.5 (0.0)                      ; 27.0 (0.0)                                        ; 0.5 (0.0)                        ; 0.0 (0.0)            ; 309 (0)             ; 298 (0)                   ; 0 (0)         ; 0                 ; 0     ; 0                        ; 0                                      ; 0                                                 ; 0    ; 0            ; 0 (0)  ; dut|alt_vip_cl_tpg_0|alt_vip_cl_tpg_0                                                            ; system_alt_vip_cl_tpg_0_alt_vip_cl_tpg_2360_qjrno4y              ; alt_vip_cl_tpg_2360                  ;
;             |core_0|                                 ; 79.5 (55.3)          ; 87.7 (56.5)                      ; 8.2 (1.2)                                         ; 0.0 (0.0)                        ; 0.0 (0.0)            ; 140 (106)           ; 104 (45)                  ; 0 (0)         ; 0                 ; 0     ; 0                        ; 0                                      ; 0                                                 ; 0    ; 0            ; 0 (0)  ; dut|alt_vip_cl_tpg_0|alt_vip_cl_tpg_0|core_0                                                     ; alt_vip_tpg_bars_alg_core                                        ; alt_vip_tpg_bars_alg_core_2360       ;
;                |cmd_decode|                          ; 8.8 (8.8)            ; 10.9 (10.9)                      ; 2.1 (2.1)                                         ; 0.0 (0.0)                        ; 0.0 (0.0)            ; 6 (6)               ; 30 (30)                   ; 0 (0)         ; 0                 ; 0     ; 0                        ; 0                                      ; 0                                                 ; 0    ; 0            ; 0 (0)  ; dut|alt_vip_cl_tpg_0|alt_vip_cl_tpg_0|core_0|cmd_decode                                          ; alt_vip_common_event_packet_decode                               ; alt_vip_tpg_bars_alg_core_2360       ;
;                |dout_encode|                         ; 8.3 (8.3)            ; 9.0 (9.0)                        ; 0.8 (0.8)                                         ; 0.0 (0.0)                        ; 0.0 (0.0)            ; 2 (2)               ; 29 (29)                   ; 0 (0)         ; 0                 ; 0     ; 0                        ; 0                                      ; 0                                                 ; 0    ; 0            ; 0 (0)  ; dut|alt_vip_cl_tpg_0|alt_vip_cl_tpg_0|core_0|dout_encode                                         ; alt_vip_common_event_packet_encode                               ; alt_vip_tpg_bars_alg_core_2360       ;
;                |pip_gen[0].col_gen[0].in_par_lut|    ; 1.5 (1.5)            ; 2.3 (2.3)                        ; 0.8 (0.8)                                         ; 0.0 (0.0)                        ; 0.0 (0.0)            ; 6 (6)               ; 0 (0)                     ; 0 (0)         ; 0                 ; 0     ; 0                        ; 0                                      ; 0                                                 ; 0    ; 0            ; 0 (0)  ; dut|alt_vip_cl_tpg_0|alt_vip_cl_tpg_0|core_0|pip_gen[0].col_gen[0].in_par_lut                    ; alt_vip_tpg_bars_alg_core_par_lut                                ; alt_vip_tpg_bars_alg_core_2360       ;
;                |pip_gen[0].col_gen[1].in_par_lut|    ; 1.8 (1.8)            ; 2.8 (2.8)                        ; 1.0 (1.0)                                         ; 0.0 (0.0)                        ; 0.0 (0.0)            ; 6 (6)               ; 0 (0)                     ; 0 (0)         ; 0                 ; 0     ; 0                        ; 0                                      ; 0                                                 ; 0    ; 0            ; 0 (0)  ; dut|alt_vip_cl_tpg_0|alt_vip_cl_tpg_0|core_0|pip_gen[0].col_gen[1].in_par_lut                    ; alt_vip_tpg_bars_alg_core_par_lut                                ; alt_vip_tpg_bars_alg_core_2360       ;
;                |pip_gen[1].col_gen[0].in_par_lut|    ; 2.0 (2.0)            ; 3.1 (3.1)                        ; 1.1 (1.1)                                         ; 0.0 (0.0)                        ; 0.0 (0.0)            ; 7 (7)               ; 0 (0)                     ; 0 (0)         ; 0                 ; 0     ; 0                        ; 0                                      ; 0                                                 ; 0    ; 0            ; 0 (0)  ; dut|alt_vip_cl_tpg_0|alt_vip_cl_tpg_0|core_0|pip_gen[1].col_gen[0].in_par_lut                    ; alt_vip_tpg_bars_alg_core_par_lut                                ; alt_vip_tpg_bars_alg_core_2360       ;
;                |pip_gen[1].col_gen[1].in_par_lut|    ; 1.8 (1.8)            ; 3.1 (3.1)                        ; 1.2 (1.2)                                         ; 0.0 (0.0)                        ; 0.0 (0.0)            ; 7 (7)               ; 0 (0)                     ; 0 (0)         ; 0                 ; 0     ; 0                        ; 0                                      ; 0                                                 ; 0    ; 0            ; 0 (0)  ; dut|alt_vip_cl_tpg_0|alt_vip_cl_tpg_0|core_0|pip_gen[1].col_gen[1].in_par_lut                    ; alt_vip_tpg_bars_alg_core_par_lut                                ; alt_vip_tpg_bars_alg_core_2360       ;
;             |scheduler|                              ; 26.1 (0.0)           ; 27.0 (0.0)                       ; 0.9 (0.0)                                         ; 0.0 (0.0)                        ; 0.0 (0.0)            ; 49 (0)              ; 47 (0)                    ; 0 (0)         ; 0                 ; 0     ; 0                        ; 0                                      ; 0                                                 ; 0    ; 0            ; 0 (0)  ; dut|alt_vip_cl_tpg_0|alt_vip_cl_tpg_0|scheduler                                                  ; system_alt_vip_cl_tpg_0_alt_vip_tpg_multi_scheduler_2360_ktdghqa ; alt_vip_tpg_multi_scheduler_2360     ;
;                |tpg_multi_scheduler_inst|            ; 26.1 (13.3)          ; 27.0 (13.3)                      ; 0.9 (0.0)                                         ; 0.0 (0.0)                        ; 0.0 (0.0)            ; 49 (26)             ; 47 (21)                   ; 0 (0)         ; 0                 ; 0     ; 0                        ; 0                                      ; 0                                                 ; 0    ; 0            ; 0 (0)  ; dut|alt_vip_cl_tpg_0|alt_vip_cl_tpg_0|scheduler|tpg_multi_scheduler_inst                         ; alt_vip_tpg_multi_scheduler                                      ; alt_vip_tpg_multi_scheduler_2360     ;
;                   |ac_cmd_encoder|                   ; 8.9 (8.9)            ; 10.1 (10.1)                      ; 1.2 (1.2)                                         ; 0.0 (0.0)                        ; 0.0 (0.0)            ; 17 (17)             ; 19 (19)                   ; 0 (0)         ; 0                 ; 0     ; 0                        ; 0                                      ; 0                                                 ; 0    ; 0            ; 0 (0)  ; dut|alt_vip_cl_tpg_0|alt_vip_cl_tpg_0|scheduler|tpg_multi_scheduler_inst|ac_cmd_encoder          ; alt_vip_common_event_packet_encode                               ; alt_vip_tpg_multi_scheduler_2360     ;
;                   |vob_cmd_encoder|                  ; 3.5 (3.5)            ; 3.6 (3.6)                        ; 0.1 (0.1)                                         ; 0.0 (0.0)                        ; 0.0 (0.0)            ; 6 (6)               ; 7 (7)                     ; 0 (0)         ; 0                 ; 0     ; 0                        ; 0                                      ; 0                                                 ; 0    ; 0            ; 0 (0)  ; dut|alt_vip_cl_tpg_0|alt_vip_cl_tpg_0|scheduler|tpg_multi_scheduler_inst|vob_cmd_encoder         ; alt_vip_common_event_packet_encode                               ; alt_vip_tpg_multi_scheduler_2360     ;
;             |video_out|                              ; 82.4 (15.2)          ; 99.8 (17.7)                      ; 17.9 (2.5)                                        ; 0.5 (0.0)                        ; 0.0 (0.0)            ; 120 (23)            ; 147 (16)                  ; 0 (0)         ; 0                 ; 0     ; 0                        ; 0                                      ; 0                                                 ; 0    ; 0            ; 0 (0)  ; dut|alt_vip_cl_tpg_0|alt_vip_cl_tpg_0|video_out                                                  ; alt_vip_video_output_bridge                                      ; alt_vip_video_output_bridge_2360     ;
;                |cmd_input|                           ; 3.6 (3.6)            ; 5.4 (5.4)                        ; 1.8 (1.8)                                         ; 0.0 (0.0)                        ; 0.0 (0.0)            ; 6 (6)               ; 9 (9)                     ; 0 (0)         ; 0                 ; 0     ; 0                        ; 0                                      ; 0                                                 ; 0    ; 0            ; 0 (0)  ; dut|alt_vip_cl_tpg_0|alt_vip_cl_tpg_0|video_out|cmd_input                                        ; alt_vip_common_event_packet_decode                               ; alt_vip_video_output_bridge_2360     ;
;                |video_output|                        ; 63.7 (28.3)          ; 76.8 (30.3)                      ; 13.6 (2.1)                                        ; 0.5 (0.1)                        ; 0.0 (0.0)            ; 91 (65)             ; 122 (23)                  ; 0 (0)         ; 0                 ; 0     ; 0                        ; 0                                      ; 0                                                 ; 0    ; 0            ; 0 (0)  ; dut|alt_vip_cl_tpg_0|alt_vip_cl_tpg_0|video_out|video_output                                     ; alt_vip_common_video_packet_encode                               ; alt_vip_video_output_bridge_2360     ;
;                   |empty_converter|                  ; 29.5 (29.5)          ; 29.8 (29.8)                      ; 0.4 (0.4)                                         ; 0.2 (0.2)                        ; 0.0 (0.0)            ; 22 (22)             ; 58 (58)                   ; 0 (0)         ; 0                 ; 0     ; 0                        ; 0                                      ; 0                                                 ; 0    ; 0            ; 0 (0)  ; dut|alt_vip_cl_tpg_0|alt_vip_cl_tpg_0|video_out|video_output|empty_converter                     ; alt_vip_common_video_packet_empty                                ; alt_vip_video_output_bridge_2360     ;
;                   |latency_converter|                ; 5.9 (5.9)            ; 16.8 (16.8)                      ; 11.1 (11.1)                                       ; 0.2 (0.2)                        ; 0.0 (0.0)            ; 4 (4)               ; 41 (41)                   ; 0 (0)         ; 0                 ; 0     ; 0                        ; 0                                      ; 0                                                 ; 0    ; 0            ; 0 (0)  ; dut|alt_vip_cl_tpg_0|alt_vip_cl_tpg_0|video_out|video_output|latency_converter                   ; alt_vip_common_latency_0_to_latency_1                            ; alt_vip_video_output_bridge_2360     ;
+------------------------------------------------------+----------------------+----------------------------------+---------------------------------------------------+----------------------------------+----------------------+---------------------+---------------------------+---------------+-------------------+-------+--------------------------+----------------------------------------+---------------------------------------------------+------+--------------+--------+--------------------------------------------------------------------------------------------------+------------------------------------------------------------------+--------------------------------------+
Note: For table entries with two numbers listed, the numbers in parentheses indicate the number of resources of the given type used by the specific entity alone. The numbers listed outside of parentheses indicate the total resources of the given type used by the specific entity and all of its sub-entities in the hierarchy.


+----------------------------------------------------------------------------------------------------------------------------------------------------------------------------------------------------------------------------------------------------------------------------------------------------------------------------------------------------------------------------------------------------------------------------+
; Fitter Netlist Optimizations                                                                                                                                                                                                                                                                                                                                                                                               ;
+-------------------------------------------------------------------------------------------------------------------------------------------+------------+---------------------------------------------------+--------------------------+-----------+-----------------------------------------------------------------------------------------------------------------------------------------------------+------------------+
; Node                                                                                                                                      ; Action     ; Operation                                         ; Reason                   ; Node Port ; Destination Node                                                                                                                                    ; Destination Port ;
+-------------------------------------------------------------------------------------------------------------------------------------------+------------+---------------------------------------------------+--------------------------+-----------+-----------------------------------------------------------------------------------------------------------------------------------------------------+------------------+
; dut|alt_vip_cl_crs_0|alt_vip_cl_crs_0|inst_crs_int|horiz_upsample|dout_encode|av_st_dout_data[48]                                         ; Duplicated ; Router Logic Cell Insertion and Logic Duplication ; Routability optimization ;           ; dut|alt_vip_cl_crs_0|alt_vip_cl_crs_0|inst_crs_int|horiz_upsample|dout_encode|av_st_dout_data[48]~DUPLICATE                                         ;                  ;
; dut|alt_vip_cl_crs_0|alt_vip_cl_crs_0|inst_crs_int|horiz_upsample|dout_encode|av_st_dout_data[81]                                         ; Duplicated ; Router Logic Cell Insertion and Logic Duplication ; Routability optimization ;           ; dut|alt_vip_cl_crs_0|alt_vip_cl_crs_0|inst_crs_int|horiz_upsample|dout_encode|av_st_dout_data[81]~DUPLICATE                                         ;                  ;
; dut|alt_vip_cl_crs_0|alt_vip_cl_crs_0|inst_crs_int|horiz_upsample|dout_encode|av_st_dout_valid                                            ; Duplicated ; Router Logic Cell Insertion and Logic Duplication ; Routability optimization ;           ; dut|alt_vip_cl_crs_0|alt_vip_cl_crs_0|inst_crs_int|horiz_upsample|dout_encode|av_st_dout_valid~DUPLICATE                                            ;                  ;
; dut|alt_vip_cl_crs_0|alt_vip_cl_crs_0|inst_crs_int|middle_demux|gen_loop_no_fifo[1].data_encoder|av_st_dout_data[16]                      ; Duplicated ; Router Logic Cell Insertion and Logic Duplication ; Routability optimization ;           ; dut|alt_vip_cl_crs_0|alt_vip_cl_crs_0|inst_crs_int|middle_demux|gen_loop_no_fifo[1].data_encoder|av_st_dout_data[16]~DUPLICATE                      ;                  ;
; dut|alt_vip_cl_crs_0|alt_vip_cl_crs_0|inst_crs_int|middle_demux|gen_loop_no_fifo[1].data_encoder|av_st_dout_data[18]                      ; Duplicated ; Router Logic Cell Insertion and Logic Duplication ; Routability optimization ;           ; dut|alt_vip_cl_crs_0|alt_vip_cl_crs_0|inst_crs_int|middle_demux|gen_loop_no_fifo[1].data_encoder|av_st_dout_data[18]~DUPLICATE                      ;                  ;
; dut|alt_vip_cl_crs_0|alt_vip_cl_crs_0|inst_crs_int|middle_demux|gen_loop_no_fifo[1].data_encoder|av_st_dout_data[26]                      ; Duplicated ; Router Logic Cell Insertion and Logic Duplication ; Routability optimization ;           ; dut|alt_vip_cl_crs_0|alt_vip_cl_crs_0|inst_crs_int|middle_demux|gen_loop_no_fifo[1].data_encoder|av_st_dout_data[26]~DUPLICATE                      ;                  ;
; dut|alt_vip_cl_crs_0|alt_vip_cl_crs_0|inst_crs_int|middle_demux|gen_loop_no_fifo[1].data_encoder|av_st_dout_endofpacket                   ; Duplicated ; Router Logic Cell Insertion and Logic Duplication ; Routability optimization ;           ; dut|alt_vip_cl_crs_0|alt_vip_cl_crs_0|inst_crs_int|middle_demux|gen_loop_no_fifo[1].data_encoder|av_st_dout_endofpacket~DUPLICATE                   ;                  ;
; dut|alt_vip_cl_crs_0|alt_vip_cl_crs_0|inst_crs_int|middle_demux|gen_loop_no_fifo[1].data_encoder|av_st_dout_startofpacket                 ; Duplicated ; Router Logic Cell Insertion and Logic Duplication ; Routability optimization ;           ; dut|alt_vip_cl_crs_0|alt_vip_cl_crs_0|inst_crs_int|middle_demux|gen_loop_no_fifo[1].data_encoder|av_st_dout_startofpacket~DUPLICATE                 ;                  ;
; dut|alt_vip_cl_crs_0|alt_vip_cl_crs_0|inst_crs_int|middle_mux|input_selected[0]                                                           ; Duplicated ; Router Logic Cell Insertion and Logic Duplication ; Routability optimization ;           ; dut|alt_vip_cl_crs_0|alt_vip_cl_crs_0|inst_crs_int|middle_mux|input_selected[0]~DUPLICATE                                                           ;                  ;
; dut|alt_vip_cl_crs_0|alt_vip_cl_crs_0|inst_crs_int|middle_mux|input_selected[1]                                                           ; Duplicated ; Router Logic Cell Insertion and Logic Duplication ; Routability optimization ;           ; dut|alt_vip_cl_crs_0|alt_vip_cl_crs_0|inst_crs_int|middle_mux|input_selected[1]~DUPLICATE                                                           ;                  ;
; dut|alt_vip_cl_crs_0|alt_vip_cl_crs_0|inst_crs_int|middle_mux|something_selected                                                          ; Duplicated ; Router Logic Cell Insertion and Logic Duplication ; Routability optimization ;           ; dut|alt_vip_cl_crs_0|alt_vip_cl_crs_0|inst_crs_int|middle_mux|something_selected~DUPLICATE                                                          ;                  ;
; dut|alt_vip_cl_crs_0|alt_vip_cl_crs_0|inst_crs_int|symbol_conv|eop_received                                                               ; Duplicated ; Router Logic Cell Insertion and Logic Duplication ; Routability optimization ;           ; dut|alt_vip_cl_crs_0|alt_vip_cl_crs_0|inst_crs_int|symbol_conv|eop_received~DUPLICATE                                                               ;                  ;
; dut|alt_vip_cl_crs_0|alt_vip_cl_crs_0|inst_crs_int|symbol_conv|valid_symbols[1]                                                           ; Duplicated ; Router Logic Cell Insertion and Logic Duplication ; Routability optimization ;           ; dut|alt_vip_cl_crs_0|alt_vip_cl_crs_0|inst_crs_int|symbol_conv|valid_symbols[1]~DUPLICATE                                                           ;                  ;
; dut|alt_vip_cl_crs_0|alt_vip_cl_crs_0|inst_crs_int|symbol_conv|valid_symbols[2]                                                           ; Duplicated ; Router Logic Cell Insertion and Logic Duplication ; Routability optimization ;           ; dut|alt_vip_cl_crs_0|alt_vip_cl_crs_0|inst_crs_int|symbol_conv|valid_symbols[2]~DUPLICATE                                                           ;                  ;
; dut|alt_vip_cl_crs_0|alt_vip_cl_crs_0|inst_crs_int|symbol_conv|valid_symbols[3]                                                           ; Duplicated ; Router Logic Cell Insertion and Logic Duplication ; Routability optimization ;           ; dut|alt_vip_cl_crs_0|alt_vip_cl_crs_0|inst_crs_int|symbol_conv|valid_symbols[3]~DUPLICATE                                                           ;                  ;
; dut|alt_vip_cl_crs_0|alt_vip_cl_crs_0|inst_crs_int|video_in_cmd|data_output|av_st_dout_endofpacket                                        ; Duplicated ; Router Logic Cell Insertion and Logic Duplication ; Routability optimization ;           ; dut|alt_vip_cl_crs_0|alt_vip_cl_crs_0|inst_crs_int|video_in_cmd|data_output|av_st_dout_endofpacket~DUPLICATE                                        ;                  ;
; dut|alt_vip_cl_crs_0|alt_vip_cl_crs_0|inst_crs_int|video_in_cmd|state.IDLE                                                                ; Duplicated ; Router Logic Cell Insertion and Logic Duplication ; Routability optimization ;           ; dut|alt_vip_cl_crs_0|alt_vip_cl_crs_0|inst_crs_int|video_in_cmd|state.IDLE~DUPLICATE                                                                ;                  ;
; dut|alt_vip_cl_crs_0|alt_vip_cl_crs_0|inst_crs_int|video_in_cmd|state.SEND_PACKET                                                         ; Duplicated ; Router Logic Cell Insertion and Logic Duplication ; Routability optimization ;           ; dut|alt_vip_cl_crs_0|alt_vip_cl_crs_0|inst_crs_int|video_in_cmd|state.SEND_PACKET~DUPLICATE                                                         ;                  ;
; dut|alt_vip_cl_crs_0|alt_vip_cl_crs_0|scheduler|state.SEND_MM_CMD                                                                         ; Duplicated ; Router Logic Cell Insertion and Logic Duplication ; Routability optimization ;           ; dut|alt_vip_cl_crs_0|alt_vip_cl_crs_0|scheduler|state.SEND_MM_CMD~DUPLICATE                                                                         ;                  ;
; dut|alt_vip_cl_crs_0|alt_vip_cl_crs_0|scheduler|vib_resp_decoder|task_reg[4]                                                              ; Duplicated ; Router Logic Cell Insertion and Logic Duplication ; Routability optimization ;           ; dut|alt_vip_cl_crs_0|alt_vip_cl_crs_0|scheduler|vib_resp_decoder|task_reg[4]~DUPLICATE                                                              ;                  ;
; dut|alt_vip_cl_crs_0|alt_vip_cl_crs_0|scheduler|vib_resp_str_user                                                                         ; Duplicated ; Router Logic Cell Insertion and Logic Duplication ; Routability optimization ;           ; dut|alt_vip_cl_crs_0|alt_vip_cl_crs_0|scheduler|vib_resp_str_user~DUPLICATE                                                                         ;                  ;
; dut|alt_vip_cl_crs_0|alt_vip_cl_crs_0|scheduler|vob_cmd_encoder|gen_command_encoder.gen_arg_cycles_two.second_arg                         ; Duplicated ; Router Logic Cell Insertion and Logic Duplication ; Routability optimization ;           ; dut|alt_vip_cl_crs_0|alt_vip_cl_crs_0|scheduler|vob_cmd_encoder|gen_command_encoder.gen_arg_cycles_two.second_arg~DUPLICATE                         ;                  ;
; dut|alt_vip_cl_crs_0|alt_vip_cl_crs_0|video_in_resp|data_output|av_st_dout_endofpacket                                                    ; Duplicated ; Router Logic Cell Insertion and Logic Duplication ; Routability optimization ;           ; dut|alt_vip_cl_crs_0|alt_vip_cl_crs_0|video_in_resp|data_output|av_st_dout_endofpacket~DUPLICATE                                                    ;                  ;
; dut|alt_vip_cl_crs_0|alt_vip_cl_crs_0|video_in_resp|dout_eop_empty_internal[0]                                                            ; Duplicated ; Router Logic Cell Insertion and Logic Duplication ; Routability optimization ;           ; dut|alt_vip_cl_crs_0|alt_vip_cl_crs_0|video_in_resp|dout_eop_empty_internal[0]~DUPLICATE                                                            ;                  ;
; dut|alt_vip_cl_crs_0|alt_vip_cl_crs_0|video_in_resp|early_eop_pad_flag                                                                    ; Duplicated ; Router Logic Cell Insertion and Logic Duplication ; Routability optimization ;           ; dut|alt_vip_cl_crs_0|alt_vip_cl_crs_0|video_in_resp|early_eop_pad_flag~DUPLICATE                                                                    ;                  ;
; dut|alt_vip_cl_crs_0|alt_vip_cl_crs_0|video_in_resp|line_counter[4]                                                                       ; Duplicated ; Router Logic Cell Insertion and Logic Duplication ; Routability optimization ;           ; dut|alt_vip_cl_crs_0|alt_vip_cl_crs_0|video_in_resp|line_counter[4]~DUPLICATE                                                                       ;                  ;
; dut|alt_vip_cl_crs_0|alt_vip_cl_crs_0|video_in_resp|line_end                                                                              ; Duplicated ; Router Logic Cell Insertion and Logic Duplication ; Routability optimization ;           ; dut|alt_vip_cl_crs_0|alt_vip_cl_crs_0|video_in_resp|line_end~DUPLICATE                                                                              ;                  ;
; dut|alt_vip_cl_crs_0|alt_vip_cl_crs_0|video_in_resp|pixel_counter[10]                                                                     ; Duplicated ; Router Logic Cell Insertion and Logic Duplication ; Routability optimization ;           ; dut|alt_vip_cl_crs_0|alt_vip_cl_crs_0|video_in_resp|pixel_counter[10]~DUPLICATE                                                                     ;                  ;
; dut|alt_vip_cl_crs_0|alt_vip_cl_crs_0|video_in_resp|pixel_counter[6]                                                                      ; Duplicated ; Router Logic Cell Insertion and Logic Duplication ; Routability optimization ;           ; dut|alt_vip_cl_crs_0|alt_vip_cl_crs_0|video_in_resp|pixel_counter[6]~DUPLICATE                                                                      ;                  ;
; dut|alt_vip_cl_crs_0|alt_vip_cl_crs_0|video_in_resp|pixel_counter[7]                                                                      ; Duplicated ; Router Logic Cell Insertion and Logic Duplication ; Routability optimization ;           ; dut|alt_vip_cl_crs_0|alt_vip_cl_crs_0|video_in_resp|pixel_counter[7]~DUPLICATE                                                                      ;                  ;
; dut|alt_vip_cl_crs_0|alt_vip_cl_crs_0|video_in_resp|state.NEW_USER_PACKET                                                                 ; Duplicated ; Router Logic Cell Insertion and Logic Duplication ; Routability optimization ;           ; dut|alt_vip_cl_crs_0|alt_vip_cl_crs_0|video_in_resp|state.NEW_USER_PACKET~DUPLICATE                                                                 ;                  ;
; dut|alt_vip_cl_crs_0|alt_vip_cl_crs_0|video_in_resp|state.SEND_LINE_PACKET                                                                ; Duplicated ; Router Logic Cell Insertion and Logic Duplication ; Routability optimization ;           ; dut|alt_vip_cl_crs_0|alt_vip_cl_crs_0|video_in_resp|state.SEND_LINE_PACKET~DUPLICATE                                                                ;                  ;
; dut|alt_vip_cl_crs_0|alt_vip_cl_crs_0|video_in_resp|state.SEND_PAD_LINE_PACKET                                                            ; Duplicated ; Router Logic Cell Insertion and Logic Duplication ; Routability optimization ;           ; dut|alt_vip_cl_crs_0|alt_vip_cl_crs_0|video_in_resp|state.SEND_PAD_LINE_PACKET~DUPLICATE                                                            ;                  ;
; dut|alt_vip_cl_crs_0|alt_vip_cl_crs_0|video_in_resp|state.SEND_USER_PACKET                                                                ; Duplicated ; Router Logic Cell Insertion and Logic Duplication ; Routability optimization ;           ; dut|alt_vip_cl_crs_0|alt_vip_cl_crs_0|video_in_resp|state.SEND_USER_PACKET~DUPLICATE                                                                ;                  ;
; dut|alt_vip_cl_crs_0|alt_vip_cl_crs_0|video_in_resp|video_input|height_int[12]                                                            ; Duplicated ; Router Logic Cell Insertion and Logic Duplication ; Routability optimization ;           ; dut|alt_vip_cl_crs_0|alt_vip_cl_crs_0|video_in_resp|video_input|height_int[12]~DUPLICATE                                                            ;                  ;
; dut|alt_vip_cl_crs_0|alt_vip_cl_crs_0|video_in_resp|video_input|height_int[13]                                                            ; Duplicated ; Router Logic Cell Insertion and Logic Duplication ; Routability optimization ;           ; dut|alt_vip_cl_crs_0|alt_vip_cl_crs_0|video_in_resp|video_input|height_int[13]~DUPLICATE                                                            ;                  ;
; dut|alt_vip_cl_crs_0|alt_vip_cl_crs_0|video_in_resp|video_input|latency_converter|av_st_din_valid_1_r                                     ; Duplicated ; Router Logic Cell Insertion and Logic Duplication ; Routability optimization ;           ; dut|alt_vip_cl_crs_0|alt_vip_cl_crs_0|video_in_resp|video_input|latency_converter|av_st_din_valid_1_r~DUPLICATE                                     ;                  ;
; dut|alt_vip_cl_crs_0|alt_vip_cl_crs_0|video_in_resp|video_input|packet_type[1]                                                            ; Duplicated ; Router Logic Cell Insertion and Logic Duplication ; Routability optimization ;           ; dut|alt_vip_cl_crs_0|alt_vip_cl_crs_0|video_in_resp|video_input|packet_type[1]~DUPLICATE                                                            ;                  ;
; dut|alt_vip_cl_crs_0|alt_vip_cl_crs_0|video_in_resp|video_input|state.SEND_PACKET                                                         ; Duplicated ; Router Logic Cell Insertion and Logic Duplication ; Routability optimization ;           ; dut|alt_vip_cl_crs_0|alt_vip_cl_crs_0|video_in_resp|video_input|state.SEND_PACKET~DUPLICATE                                                         ;                  ;
; dut|alt_vip_cl_crs_0|alt_vip_cl_crs_0|video_in_resp|video_input|state.SINGLE_BEAT_PACKET                                                  ; Duplicated ; Router Logic Cell Insertion and Logic Duplication ; Routability optimization ;           ; dut|alt_vip_cl_crs_0|alt_vip_cl_crs_0|video_in_resp|video_input|state.SINGLE_BEAT_PACKET~DUPLICATE                                                  ;                  ;
; dut|alt_vip_cl_crs_0|alt_vip_cl_crs_0|video_in_resp|video_input|width_int[13]                                                             ; Duplicated ; Router Logic Cell Insertion and Logic Duplication ; Routability optimization ;           ; dut|alt_vip_cl_crs_0|alt_vip_cl_crs_0|video_in_resp|video_input|width_int[13]~DUPLICATE                                                             ;                  ;
; dut|alt_vip_cl_crs_0|alt_vip_cl_crs_0|video_in_resp|video_input|width_int[14]                                                             ; Duplicated ; Router Logic Cell Insertion and Logic Duplication ; Routability optimization ;           ; dut|alt_vip_cl_crs_0|alt_vip_cl_crs_0|video_in_resp|video_input|width_int[14]~DUPLICATE                                                             ;                  ;
; dut|alt_vip_cl_crs_0|alt_vip_cl_crs_0|video_in_resp|video_input|width_int[15]                                                             ; Duplicated ; Router Logic Cell Insertion and Logic Duplication ; Routability optimization ;           ; dut|alt_vip_cl_crs_0|alt_vip_cl_crs_0|video_in_resp|video_input|width_int[15]~DUPLICATE                                                             ;                  ;
; dut|alt_vip_cl_crs_0|alt_vip_cl_crs_0|video_in_resp|width_str[7]                                                                          ; Duplicated ; Router Logic Cell Insertion and Logic Duplication ; Routability optimization ;           ; dut|alt_vip_cl_crs_0|alt_vip_cl_crs_0|video_in_resp|width_str[7]~DUPLICATE                                                                          ;                  ;
; dut|alt_vip_cl_crs_0|alt_vip_cl_crs_0|video_out|sop_realigner|delayed_din_sample[1][7]                                                    ; Duplicated ; Router Logic Cell Insertion and Logic Duplication ; Routability optimization ;           ; dut|alt_vip_cl_crs_0|alt_vip_cl_crs_0|video_out|sop_realigner|delayed_din_sample[1][7]~DUPLICATE                                                    ;                  ;
; dut|alt_vip_cl_crs_0|alt_vip_cl_crs_0|video_out|sop_realigner|din_delayed_eop                                                             ; Duplicated ; Router Logic Cell Insertion and Logic Duplication ; Routability optimization ;           ; dut|alt_vip_cl_crs_0|alt_vip_cl_crs_0|video_out|sop_realigner|din_delayed_eop~DUPLICATE                                                             ;                  ;
; dut|alt_vip_cl_crs_0|alt_vip_cl_crs_0|video_out|sop_realigner|din_delayed_valid                                                           ; Duplicated ; Router Logic Cell Insertion and Logic Duplication ; Routability optimization ;           ; dut|alt_vip_cl_crs_0|alt_vip_cl_crs_0|video_out|sop_realigner|din_delayed_valid~DUPLICATE                                                           ;                  ;
; dut|alt_vip_cl_crs_0|alt_vip_cl_crs_0|video_out|state.CONCATENATE                                                                         ; Duplicated ; Router Logic Cell Insertion and Logic Duplication ; Routability optimization ;           ; dut|alt_vip_cl_crs_0|alt_vip_cl_crs_0|video_out|state.CONCATENATE~DUPLICATE                                                                         ;                  ;
; dut|alt_vip_cl_crs_0|alt_vip_cl_crs_0|video_out|state.IDLE                                                                                ; Duplicated ; Router Logic Cell Insertion and Logic Duplication ; Routability optimization ;           ; dut|alt_vip_cl_crs_0|alt_vip_cl_crs_0|video_out|state.IDLE~DUPLICATE                                                                                ;                  ;
; dut|alt_vip_cl_crs_0|alt_vip_cl_crs_0|video_out|state.SEND_CONTROL_PACKET                                                                 ; Duplicated ; Router Logic Cell Insertion and Logic Duplication ; Routability optimization ;           ; dut|alt_vip_cl_crs_0|alt_vip_cl_crs_0|video_out|state.SEND_CONTROL_PACKET~DUPLICATE                                                                 ;                  ;
; dut|alt_vip_cl_crs_0|alt_vip_cl_crs_0|video_out|state.SEND_EMPTY_PACKET                                                                   ; Duplicated ; Router Logic Cell Insertion and Logic Duplication ; Routability optimization ;           ; dut|alt_vip_cl_crs_0|alt_vip_cl_crs_0|video_out|state.SEND_EMPTY_PACKET~DUPLICATE                                                                   ;                  ;
; dut|alt_vip_cl_crs_0|alt_vip_cl_crs_0|video_out|state.SEND_PACKET_SOP                                                                     ; Duplicated ; Router Logic Cell Insertion and Logic Duplication ; Routability optimization ;           ; dut|alt_vip_cl_crs_0|alt_vip_cl_crs_0|video_out|state.SEND_PACKET_SOP~DUPLICATE                                                                     ;                  ;
; dut|alt_vip_cl_crs_0|alt_vip_cl_crs_0|video_out|state.WAIT_FOR_COMMAND                                                                    ; Duplicated ; Router Logic Cell Insertion and Logic Duplication ; Routability optimization ;           ; dut|alt_vip_cl_crs_0|alt_vip_cl_crs_0|video_out|state.WAIT_FOR_COMMAND~DUPLICATE                                                                    ;                  ;
; dut|alt_vip_cl_crs_0|alt_vip_cl_crs_0|video_out|video_output|empty_converter|din_concatenate_delay                                        ; Duplicated ; Router Logic Cell Insertion and Logic Duplication ; Routability optimization ;           ; dut|alt_vip_cl_crs_0|alt_vip_cl_crs_0|video_out|video_output|empty_converter|din_concatenate_delay~DUPLICATE                                        ;                  ;
; dut|alt_vip_cl_crs_0|alt_vip_cl_crs_0|video_out|video_output|empty_converter|din_eop_delay                                                ; Duplicated ; Router Logic Cell Insertion and Logic Duplication ; Routability optimization ;           ; dut|alt_vip_cl_crs_0|alt_vip_cl_crs_0|video_out|video_output|empty_converter|din_eop_delay~DUPLICATE                                                ;                  ;
; dut|alt_vip_cl_crs_0|alt_vip_cl_crs_0|video_out|video_output|empty_converter|stored_concatenate                                           ; Duplicated ; Router Logic Cell Insertion and Logic Duplication ; Routability optimization ;           ; dut|alt_vip_cl_crs_0|alt_vip_cl_crs_0|video_out|video_output|empty_converter|stored_concatenate~DUPLICATE                                           ;                  ;
; dut|alt_vip_cl_crs_0|alt_vip_cl_crs_0|video_out|video_output|latency_converter|av_st_dout_data_1[20]                                      ; Duplicated ; Router Logic Cell Insertion and Logic Duplication ; Routability optimization ;           ; dut|alt_vip_cl_crs_0|alt_vip_cl_crs_0|video_out|video_output|latency_converter|av_st_dout_data_1[20]~DUPLICATE                                      ;                  ;
; dut|alt_vip_cl_crs_0|alt_vip_cl_crs_0|video_out|video_output|latency_converter|av_st_dout_data_1[27]                                      ; Duplicated ; Router Logic Cell Insertion and Logic Duplication ; Routability optimization ;           ; dut|alt_vip_cl_crs_0|alt_vip_cl_crs_0|video_out|video_output|latency_converter|av_st_dout_data_1[27]~DUPLICATE                                      ;                  ;
; dut|alt_vip_cl_crs_0|alt_vip_cl_crs_0|video_out|video_output|latency_converter|av_st_dout_data_1[37]                                      ; Duplicated ; Router Logic Cell Insertion and Logic Duplication ; Routability optimization ;           ; dut|alt_vip_cl_crs_0|alt_vip_cl_crs_0|video_out|video_output|latency_converter|av_st_dout_data_1[37]~DUPLICATE                                      ;                  ;
; dut|alt_vip_cl_crs_0|alt_vip_cl_crs_0|video_out|video_output|latency_converter|av_st_dout_data_1[44]                                      ; Duplicated ; Router Logic Cell Insertion and Logic Duplication ; Routability optimization ;           ; dut|alt_vip_cl_crs_0|alt_vip_cl_crs_0|video_out|video_output|latency_converter|av_st_dout_data_1[44]~DUPLICATE                                      ;                  ;
; dut|alt_vip_cl_crs_0|alt_vip_cl_crs_0|video_out|video_output|latency_converter|av_st_dout_data_1[46]                                      ; Duplicated ; Router Logic Cell Insertion and Logic Duplication ; Routability optimization ;           ; dut|alt_vip_cl_crs_0|alt_vip_cl_crs_0|video_out|video_output|latency_converter|av_st_dout_data_1[46]~DUPLICATE                                      ;                  ;
; dut|alt_vip_cl_crs_0|alt_vip_cl_crs_0|video_out|video_output|state.CONTROL_FINAL                                                          ; Duplicated ; Router Logic Cell Insertion and Logic Duplication ; Routability optimization ;           ; dut|alt_vip_cl_crs_0|alt_vip_cl_crs_0|video_out|video_output|state.CONTROL_FINAL~DUPLICATE                                                          ;                  ;
; dut|alt_vip_cl_crs_0|alt_vip_cl_crs_0|video_out|video_output|state.CONTROL_PACKET                                                         ; Duplicated ; Router Logic Cell Insertion and Logic Duplication ; Routability optimization ;           ; dut|alt_vip_cl_crs_0|alt_vip_cl_crs_0|video_out|video_output|state.CONTROL_PACKET~DUPLICATE                                                         ;                  ;
; dut|alt_vip_cl_crs_0|alt_vip_cl_crs_0|video_out|video_output|state.SEND_PACKET                                                            ; Duplicated ; Router Logic Cell Insertion and Logic Duplication ; Routability optimization ;           ; dut|alt_vip_cl_crs_0|alt_vip_cl_crs_0|video_out|video_output|state.SEND_PACKET~DUPLICATE                                                            ;                  ;
; dut|alt_vip_cl_tpg_0|alt_vip_cl_tpg_0|core_0|cmd_decode|arguments_reg[1][22]                                                              ; Duplicated ; Router Logic Cell Insertion and Logic Duplication ; Routability optimization ;           ; dut|alt_vip_cl_tpg_0|alt_vip_cl_tpg_0|core_0|cmd_decode|arguments_reg[1][22]~DUPLICATE                                                              ;                  ;
; dut|alt_vip_cl_tpg_0|alt_vip_cl_tpg_0|core_0|cmd_decode|arguments_reg[1][23]                                                              ; Duplicated ; Router Logic Cell Insertion and Logic Duplication ; Routability optimization ;           ; dut|alt_vip_cl_tpg_0|alt_vip_cl_tpg_0|core_0|cmd_decode|arguments_reg[1][23]~DUPLICATE                                                              ;                  ;
; dut|alt_vip_cl_tpg_0|alt_vip_cl_tpg_0|core_0|dout_encode|av_st_dout_data[18]                                                              ; Duplicated ; Router Logic Cell Insertion and Logic Duplication ; Routability optimization ;           ; dut|alt_vip_cl_tpg_0|alt_vip_cl_tpg_0|core_0|dout_encode|av_st_dout_data[18]~DUPLICATE                                                              ;                  ;
; dut|alt_vip_cl_tpg_0|alt_vip_cl_tpg_0|core_0|master_boarder_enable                                                                        ; Duplicated ; Router Logic Cell Insertion and Logic Duplication ; Routability optimization ;           ; dut|alt_vip_cl_tpg_0|alt_vip_cl_tpg_0|core_0|master_boarder_enable~DUPLICATE                                                                        ;                  ;
; dut|alt_vip_cl_tpg_0|alt_vip_cl_tpg_0|core_0|pixel_count[7]                                                                               ; Duplicated ; Router Logic Cell Insertion and Logic Duplication ; Routability optimization ;           ; dut|alt_vip_cl_tpg_0|alt_vip_cl_tpg_0|core_0|pixel_count[7]~DUPLICATE                                                                               ;                  ;
; dut|alt_vip_cl_tpg_0|alt_vip_cl_tpg_0|core_0|pixels_per_line[4]                                                                           ; Duplicated ; Router Logic Cell Insertion and Logic Duplication ; Routability optimization ;           ; dut|alt_vip_cl_tpg_0|alt_vip_cl_tpg_0|core_0|pixels_per_line[4]~DUPLICATE                                                                           ;                  ;
; dut|alt_vip_cl_tpg_0|alt_vip_cl_tpg_0|scheduler|tpg_multi_scheduler_inst|ac_cmd_encoder|gen_command_encoder.gen_arg_cycles_two.second_arg ; Duplicated ; Router Logic Cell Insertion and Logic Duplication ; Routability optimization ;           ; dut|alt_vip_cl_tpg_0|alt_vip_cl_tpg_0|scheduler|tpg_multi_scheduler_inst|ac_cmd_encoder|gen_command_encoder.gen_arg_cycles_two.second_arg~DUPLICATE ;                  ;
; dut|alt_vip_cl_tpg_0|alt_vip_cl_tpg_0|scheduler|tpg_multi_scheduler_inst|line_count[8]                                                    ; Duplicated ; Router Logic Cell Insertion and Logic Duplication ; Routability optimization ;           ; dut|alt_vip_cl_tpg_0|alt_vip_cl_tpg_0|scheduler|tpg_multi_scheduler_inst|line_count[8]~DUPLICATE                                                    ;                  ;
; dut|alt_vip_cl_tpg_0|alt_vip_cl_tpg_0|scheduler|tpg_multi_scheduler_inst|line_count[9]                                                    ; Duplicated ; Router Logic Cell Insertion and Logic Duplication ; Routability optimization ;           ; dut|alt_vip_cl_tpg_0|alt_vip_cl_tpg_0|scheduler|tpg_multi_scheduler_inst|line_count[9]~DUPLICATE                                                    ;                  ;
; dut|alt_vip_cl_tpg_0|alt_vip_cl_tpg_0|video_out|cmd_input|task_reg[0]                                                                     ; Duplicated ; Router Logic Cell Insertion and Logic Duplication ; Routability optimization ;           ; dut|alt_vip_cl_tpg_0|alt_vip_cl_tpg_0|video_out|cmd_input|task_reg[0]~DUPLICATE                                                                     ;                  ;
; dut|alt_vip_cl_tpg_0|alt_vip_cl_tpg_0|video_out|state.SEND_CONTROL_PACKET                                                                 ; Duplicated ; Router Logic Cell Insertion and Logic Duplication ; Routability optimization ;           ; dut|alt_vip_cl_tpg_0|alt_vip_cl_tpg_0|video_out|state.SEND_CONTROL_PACKET~DUPLICATE                                                                 ;                  ;
; dut|alt_vip_cl_tpg_0|alt_vip_cl_tpg_0|video_out|state.SEND_PACKET                                                                         ; Duplicated ; Router Logic Cell Insertion and Logic Duplication ; Routability optimization ;           ; dut|alt_vip_cl_tpg_0|alt_vip_cl_tpg_0|video_out|state.SEND_PACKET~DUPLICATE                                                                         ;                  ;
; dut|alt_vip_cl_tpg_0|alt_vip_cl_tpg_0|video_out|state.TERMINATE                                                                           ; Duplicated ; Router Logic Cell Insertion and Logic Duplication ; Routability optimization ;           ; dut|alt_vip_cl_tpg_0|alt_vip_cl_tpg_0|video_out|state.TERMINATE~DUPLICATE                                                                           ;                  ;
; dut|alt_vip_cl_tpg_0|alt_vip_cl_tpg_0|video_out|video_output|control_packet_beat[0]                                                       ; Duplicated ; Router Logic Cell Insertion and Logic Duplication ; Routability optimization ;           ; dut|alt_vip_cl_tpg_0|alt_vip_cl_tpg_0|video_out|video_output|control_packet_beat[0]~DUPLICATE                                                       ;                  ;
; dut|alt_vip_cl_tpg_0|alt_vip_cl_tpg_0|video_out|video_output|empty_converter|din_eop_delay                                                ; Duplicated ; Router Logic Cell Insertion and Logic Duplication ; Routability optimization ;           ; dut|alt_vip_cl_tpg_0|alt_vip_cl_tpg_0|video_out|video_output|empty_converter|din_eop_delay~DUPLICATE                                                ;                  ;
; dut|alt_vip_cl_tpg_0|alt_vip_cl_tpg_0|video_out|video_output|latency_converter|av_st_dout_data_1[27]                                      ; Duplicated ; Router Logic Cell Insertion and Logic Duplication ; Routability optimization ;           ; dut|alt_vip_cl_tpg_0|alt_vip_cl_tpg_0|video_out|video_output|latency_converter|av_st_dout_data_1[27]~DUPLICATE                                      ;                  ;
; dut|alt_vip_cl_tpg_0|alt_vip_cl_tpg_0|video_out|video_output|latency_converter|av_st_dout_endofpacket_1                                   ; Duplicated ; Router Logic Cell Insertion and Logic Duplication ; Routability optimization ;           ; dut|alt_vip_cl_tpg_0|alt_vip_cl_tpg_0|video_out|video_output|latency_converter|av_st_dout_endofpacket_1~DUPLICATE                                   ;                  ;
; dut|alt_vip_cl_tpg_0|alt_vip_cl_tpg_0|video_out|video_output|latency_converter|av_st_dout_valid_1                                         ; Duplicated ; Router Logic Cell Insertion and Logic Duplication ; Routability optimization ;           ; dut|alt_vip_cl_tpg_0|alt_vip_cl_tpg_0|video_out|video_output|latency_converter|av_st_dout_valid_1~DUPLICATE                                         ;                  ;
; dut|alt_vip_cl_tpg_0|alt_vip_cl_tpg_0|video_out|video_output|state.SEND_PACKET                                                            ; Duplicated ; Router Logic Cell Insertion and Logic Duplication ; Routability optimization ;           ; dut|alt_vip_cl_tpg_0|alt_vip_cl_tpg_0|video_out|video_output|state.SEND_PACKET~DUPLICATE                                                            ;                  ;
+-------------------------------------------------------------------------------------------------------------------------------------------+------------+---------------------------------------------------+--------------------------+-----------+-----------------------------------------------------------------------------------------------------------------------------------------------------+------------------+
Note: Retiming optimizations are not included in this table. 


+--------------------------------------------------------------------------------------------------------------------------------------------------------------+
; Delay Chain Summary                                                                                                                                          ;
+-------------+----------+---------------------+--------------------+----------------+-----------------------------------+-------------------------------------+
; Name        ; Pin Type ; Input Delay Chain 0 ; Output Delay Chain ; OE Delay Chain ; IO_12_LANE Input Data Delay Chain ; IO_12_LANE Input Strobe Delay Chain ;
+-------------+----------+---------------------+--------------------+----------------+-----------------------------------+-------------------------------------+
; status_led  ; Output   ; --                  ; 0                  ; 0              ; --                                ; --                                  ;
; clk_clk     ; Input    ; 0                   ; --                 ; --             ; --                                ; --                                  ;
; reset_reset ; Input    ; 0                   ; --                 ; --             ; --                                ; --                                  ;
+-------------+----------+---------------------+--------------------+----------------+-----------------------------------+-------------------------------------+


+----------------------------------------------------------+
; Routing Usage Summary                                    ;
+------------------------------+---------------------------+
; Routing Resource Type        ; Usage                     ;
+------------------------------+---------------------------+
; Block interconnects          ; 3,201 / 664,374 ( < 1 % ) ;
; C27 interconnects            ; 3 / 12,769 ( < 1 % )      ;
; C4 interconnects             ; 1,245 / 514,392 ( < 1 % ) ;
; Direct links                 ; 965 / 664,374 ( < 1 % )   ;
; Global clocks                ; 2 / 32 ( 6 % )            ;
; Periphery clocks             ; 0 / 410 ( 0 % )           ;
; R3 interconnects             ; 829 / 246,936 ( < 1 % )   ;
; R32 interconnects            ; 0 / 28,257 ( 0 % )        ;
; R32/C27 interconnect drivers ; 2 / 74,920 ( < 1 % )      ;
; R6 interconnects             ; 1,113 / 527,108 ( < 1 % ) ;
; Regional clock lefts         ; 0 / 8 ( 0 % )             ;
; Regional clock out bottoms   ; 0 / 8 ( 0 % )             ;
; Regional clock out tops      ; 0 / 8 ( 0 % )             ;
; Regional clock rights        ; 0 / 8 ( 0 % )             ;
; Regional clocks              ; 0 / 8 ( 0 % )             ;
; Spine buffers                ; 2 / 220 ( < 1 % )         ;
; Spine clocks                 ; 2 / 330 ( < 1 % )         ;
; Spine feedthroughs           ; 0 / 224 ( 0 % )           ;
+------------------------------+---------------------------+


+------------------------------------------------------------+
; Estimated Delay Added for Hold Timing Summary              ;
+-----------------+----------------------+-------------------+
; Source Clock(s) ; Destination Clock(s) ; Delay Added in ns ;
+-----------------+----------------------+-------------------+
; clk_clk~derived ; clk_clk~derived      ; 254.2             ;
+-----------------+----------------------+-------------------+
Note: For more information on problematic transfers, consider running the Fitter again with the Optimize hold timing option (Settings Menu) turned off.
This will disable optimization of problematic paths and expose them for further analysis using the Timing Analyzer.


+-------------------------------------------------------------------------------------------------------------------------------------------------------------------------------------------------------------------------------------------------+
; Estimated Delay Added for Hold Timing Details                                                                                                                                                                                                   ;
+----------------------------------------------------------------------------------------------------------------------+------------------------------------------------------------------------------------------------------+-------------------+
; Source Register                                                                                                      ; Destination Register                                                                                 ; Delay Added in ns ;
+----------------------------------------------------------------------------------------------------------------------+------------------------------------------------------------------------------------------------------+-------------------+
; dut|alt_vip_cl_crs_0|alt_vip_cl_crs_0|scheduler|vib_resp_str_width[4]                                                ; dut|alt_vip_cl_crs_0|alt_vip_cl_crs_0|scheduler|vob_cmd_encoder|av_st_dout_data[4]                   ; 0.351             ;
; dut|alt_vip_cl_crs_0|alt_vip_cl_crs_0|scheduler|vib_resp_str_height[8]                                               ; dut|alt_vip_cl_crs_0|alt_vip_cl_crs_0|scheduler|vob_cmd_encoder|av_st_dout_data[24]                  ; 0.341             ;
; dut|alt_vip_cl_crs_0|alt_vip_cl_crs_0|scheduler|vib_resp_str_height[6]                                               ; dut|alt_vip_cl_crs_0|alt_vip_cl_crs_0|scheduler|vob_cmd_encoder|av_st_dout_data[22]                  ; 0.339             ;
; dut|alt_vip_cl_crs_0|alt_vip_cl_crs_0|scheduler|vib_resp_str_width[14]                                               ; dut|alt_vip_cl_crs_0|alt_vip_cl_crs_0|scheduler|vob_cmd_encoder|av_st_dout_data[14]                  ; 0.339             ;
; dut|alt_vip_cl_crs_0|alt_vip_cl_crs_0|inst_crs_int|symbol_conv|dout_encoder|av_st_dout_data[41]                      ; dut|alt_vip_cl_crs_0|alt_vip_cl_crs_0|video_out|sop_realigner|delayed_din_sample[0][17]              ; 0.335             ;
; dut|alt_vip_cl_crs_0|alt_vip_cl_crs_0|scheduler|vib_resp_str_height[9]                                               ; dut|alt_vip_cl_crs_0|alt_vip_cl_crs_0|scheduler|vob_cmd_encoder|av_st_dout_data[25]                  ; 0.328             ;
; dut|alt_vip_cl_crs_0|alt_vip_cl_crs_0|video_in_resp|data_output|av_st_dout_data[11]                                  ; dut|alt_vip_cl_crs_0|alt_vip_cl_crs_0|inst_crs_int|video_in_cmd|data_output|av_st_dout_data[11]      ; 0.326             ;
; dut|alt_vip_cl_crs_0|alt_vip_cl_crs_0|scheduler|vib_resp_str_width[12]                                               ; dut|alt_vip_cl_crs_0|alt_vip_cl_crs_0|scheduler|vob_cmd_encoder|av_st_dout_data[12]                  ; 0.322             ;
; dut|alt_vip_cl_crs_0|alt_vip_cl_crs_0|scheduler|vib_resp_str_height[1]                                               ; dut|alt_vip_cl_crs_0|alt_vip_cl_crs_0|scheduler|vob_cmd_encoder|av_st_dout_data[17]                  ; 0.318             ;
; dut|alt_vip_cl_crs_0|alt_vip_cl_crs_0|video_in_resp|rsp_output|av_st_dout_data[48]                                   ; dut|alt_vip_cl_crs_0|alt_vip_cl_crs_0|scheduler|vib_resp_decoder|task_reg[0]                         ; 0.318             ;
; dut|alt_vip_cl_crs_0|alt_vip_cl_crs_0|scheduler|vib_resp_str_width[10]                                               ; dut|alt_vip_cl_crs_0|alt_vip_cl_crs_0|scheduler|vob_cmd_encoder|av_st_dout_data[10]                  ; 0.317             ;
; dut|alt_vip_cl_crs_0|alt_vip_cl_crs_0|video_out|cmd_args_str[0][14]                                                  ; dut|alt_vip_cl_crs_0|alt_vip_cl_crs_0|video_out|video_output|av_st_din_dout_control_reg[0][2]        ; 0.312             ;
; dut|alt_vip_cl_crs_0|alt_vip_cl_crs_0|video_in_resp|video_input|height_int[4]                                        ; dut|alt_vip_cl_crs_0|alt_vip_cl_crs_0|video_in_resp|height_str[4]                                    ; 0.311             ;
; dut|alt_vip_cl_crs_0|alt_vip_cl_crs_0|inst_crs_int|symbol_conv|dout_encoder|av_st_dout_data[25]                      ; dut|alt_vip_cl_crs_0|alt_vip_cl_crs_0|video_out|sop_realigner|delayed_din_sample[0][1]               ; 0.311             ;
; dut|alt_vip_cl_tpg_0|alt_vip_cl_tpg_0|video_out|video_output|empty_converter|stored_data[1][14]                      ; dut|alt_vip_cl_tpg_0|alt_vip_cl_tpg_0|video_out|video_output|latency_converter|av_st_dout_data_1[30] ; 0.307             ;
; dut|alt_vip_cl_tpg_0|alt_vip_cl_tpg_0|video_out|video_output|av_st_din_dout_control_reg[0][8]                        ; dut|alt_vip_cl_tpg_0|alt_vip_cl_tpg_0|video_out|video_output|empty_converter|stored_data[0][8]       ; 0.306             ;
; dut|alt_vip_cl_crs_0|alt_vip_cl_crs_0|video_out|video_output|empty_converter|stored_data[0][8]                       ; dut|alt_vip_cl_crs_0|alt_vip_cl_crs_0|video_out|video_output|latency_converter|av_st_dout_data_1[8]  ; 0.305             ;
; dut|alt_vip_cl_crs_0|alt_vip_cl_crs_0|video_out|video_output|empty_converter|stored_data[1][22]                      ; dut|alt_vip_cl_crs_0|alt_vip_cl_crs_0|video_out|video_output|latency_converter|av_st_dout_data_1[46] ; 0.303             ;
; dut|alt_vip_cl_crs_0|alt_vip_cl_crs_0|video_in_resp|data_output|av_st_dout_data[10]                                  ; dut|alt_vip_cl_crs_0|alt_vip_cl_crs_0|inst_crs_int|video_in_cmd|data_output|av_st_dout_data[10]      ; 0.303             ;
; dut|alt_vip_cl_crs_0|alt_vip_cl_crs_0|video_in_resp|data_output|av_st_dout_data[1]                                   ; dut|alt_vip_cl_crs_0|alt_vip_cl_crs_0|inst_crs_int|video_in_cmd|data_output|av_st_dout_data[1]       ; 0.301             ;
; dut|alt_vip_cl_crs_0|alt_vip_cl_crs_0|inst_crs_int|middle_demux|gen_loop_no_fifo[0].data_encoder|av_st_dout_data[30] ; dut|alt_vip_cl_crs_0|alt_vip_cl_crs_0|inst_crs_int|horiz_upsample|dout_encode|av_st_dout_data[46]    ; 0.300             ;
; dut|alt_vip_cl_crs_0|alt_vip_cl_crs_0|video_out|cmd_args_str[0][5]                                                   ; dut|alt_vip_cl_crs_0|alt_vip_cl_crs_0|video_out|video_output|av_st_din_dout_control_reg[0][17]       ; 0.297             ;
; dut|alt_vip_cl_crs_0|alt_vip_cl_crs_0|scheduler|vib_resp_str_height[13]                                              ; dut|alt_vip_cl_crs_0|alt_vip_cl_crs_0|scheduler|vob_cmd_encoder|av_st_dout_data[29]                  ; 0.294             ;
; dut|alt_vip_cl_tpg_0|alt_vip_cl_tpg_0|core_0|dout_encode|av_st_dout_data[23]                                         ; dut|alt_vip_cl_tpg_0|alt_vip_cl_tpg_0|video_out|video_output|empty_converter|stored_data[0][7]       ; 0.293             ;
; dut|alt_vip_cl_tpg_0|alt_vip_cl_tpg_0|core_0|dout_encode|av_st_dout_data[26]                                         ; dut|alt_vip_cl_tpg_0|alt_vip_cl_tpg_0|video_out|video_output|empty_converter|stored_data[0][10]      ; 0.292             ;
; dut|alt_vip_cl_crs_0|alt_vip_cl_crs_0|scheduler|vob_cmd_encoder|av_st_dout_data[48]                                  ; dut|alt_vip_cl_crs_0|alt_vip_cl_crs_0|video_out|cmd_input|task_reg[0]                                ; 0.292             ;
; dut|alt_vip_cl_crs_0|alt_vip_cl_crs_0|video_in_resp|video_input|height_int[3]                                        ; dut|alt_vip_cl_crs_0|alt_vip_cl_crs_0|video_in_resp|height_str[3]                                    ; 0.290             ;
; dut|alt_vip_cl_crs_0|alt_vip_cl_crs_0|video_out|video_output|latency_converter|av_st_dout_data_1[28]                 ; first_stage0[28]                                                                                     ; 0.290             ;
; dut|alt_vip_cl_crs_0|alt_vip_cl_crs_0|video_in_resp|video_input|width_int[14]                                        ; dut|alt_vip_cl_crs_0|alt_vip_cl_crs_0|video_in_resp|width_str[14]                                    ; 0.289             ;
; dut|alt_vip_cl_crs_0|alt_vip_cl_crs_0|inst_crs_int|symbol_conv|pack_reg[0][2]                                        ; dut|alt_vip_cl_crs_0|alt_vip_cl_crs_0|inst_crs_int|symbol_conv|dout_encoder|av_st_dout_data[26]      ; 0.289             ;
; dut|alt_vip_cl_tpg_0|alt_vip_cl_tpg_0|scheduler|tpg_multi_scheduler_inst|ac_cmd_encoder|av_st_dout_data[0]           ; dut|alt_vip_cl_tpg_0|alt_vip_cl_tpg_0|core_0|cmd_decode|arguments_reg[0][0]                          ; 0.289             ;
; dut|alt_vip_cl_crs_0|alt_vip_cl_crs_0|inst_crs_int|symbol_conv|dout_encoder|av_st_dout_data[27]                      ; dut|alt_vip_cl_crs_0|alt_vip_cl_crs_0|video_out|sop_realigner|delayed_din_sample[0][3]               ; 0.288             ;
; dut|alt_vip_cl_crs_0|alt_vip_cl_crs_0|video_out|cmd_args_str[0][9]                                                   ; dut|alt_vip_cl_crs_0|alt_vip_cl_crs_0|video_out|video_output|av_st_din_dout_control_reg[0][9]        ; 0.287             ;
; dut|alt_vip_cl_crs_0|alt_vip_cl_crs_0|video_out|video_output|latency_converter|av_st_dout_data_1[27]                 ; first_stage0[27]                                                                                     ; 0.287             ;
; dut|alt_vip_cl_crs_0|alt_vip_cl_crs_0|video_out|cmd_args_str[0][8]                                                   ; dut|alt_vip_cl_crs_0|alt_vip_cl_crs_0|video_out|video_output|av_st_din_dout_control_reg[0][8]        ; 0.287             ;
; dut|alt_vip_cl_crs_0|alt_vip_cl_crs_0|scheduler|vib_resp_str_height[3]                                               ; dut|alt_vip_cl_crs_0|alt_vip_cl_crs_0|scheduler|vob_cmd_encoder|av_st_dout_data[19]                  ; 0.286             ;
; dut|alt_vip_cl_crs_0|alt_vip_cl_crs_0|video_in_resp|video_input|height_int[11]                                       ; dut|alt_vip_cl_crs_0|alt_vip_cl_crs_0|video_in_resp|height_str[11]                                   ; 0.286             ;
; dut|alt_vip_cl_crs_0|alt_vip_cl_crs_0|video_out|video_output|empty_converter|stored_data[0][21]                      ; dut|alt_vip_cl_crs_0|alt_vip_cl_crs_0|video_out|video_output|latency_converter|av_st_dout_data_1[21] ; 0.285             ;
; dut|alt_vip_cl_crs_0|alt_vip_cl_crs_0|inst_crs_int|symbol_conv|pack_reg[0][0]                                        ; dut|alt_vip_cl_crs_0|alt_vip_cl_crs_0|inst_crs_int|symbol_conv|dout_encoder|av_st_dout_data[24]      ; 0.285             ;
; dut|alt_vip_cl_crs_0|alt_vip_cl_crs_0|video_out|cmd_args_str[0][11]                                                  ; dut|alt_vip_cl_crs_0|alt_vip_cl_crs_0|video_out|video_output|av_st_din_dout_control_reg[0][11]       ; 0.285             ;
; dut|alt_vip_cl_tpg_0|alt_vip_cl_tpg_0|video_out|cmd_args_str[0][2]                                                   ; dut|alt_vip_cl_tpg_0|alt_vip_cl_tpg_0|video_out|video_output|av_st_din_dout_control_reg[0][26]       ; 0.285             ;
; dut|alt_vip_cl_crs_0|alt_vip_cl_crs_0|inst_crs_int|symbol_conv|dout_encoder|av_st_dout_data[40]                      ; dut|alt_vip_cl_crs_0|alt_vip_cl_crs_0|video_out|sop_realigner|delayed_din_sample[0][16]              ; 0.284             ;
; dut|alt_vip_cl_crs_0|alt_vip_cl_crs_0|video_in_resp|rsp_output|av_st_dout_data[30]                                   ; dut|alt_vip_cl_crs_0|alt_vip_cl_crs_0|scheduler|vib_resp_decoder|arguments_reg[0][30]                ; 0.283             ;
; dut|alt_vip_cl_crs_0|alt_vip_cl_crs_0|video_out|cmd_args_str[0][2]                                                   ; dut|alt_vip_cl_crs_0|alt_vip_cl_crs_0|video_out|video_output|av_st_din_dout_control_reg[0][26]       ; 0.282             ;
; dut|alt_vip_cl_crs_0|alt_vip_cl_crs_0|video_out|sop_realigner|delayed_din_sample[0][18]                              ; dut|alt_vip_cl_crs_0|alt_vip_cl_crs_0|video_out|video_output|empty_converter|stored_data[0][18]      ; 0.282             ;
; dut|alt_vip_cl_crs_0|alt_vip_cl_crs_0|scheduler|vib_resp_str_width[6]                                                ; dut|alt_vip_cl_crs_0|alt_vip_cl_crs_0|scheduler|vob_cmd_encoder|av_st_dout_data[6]                   ; 0.281             ;
; dut|alt_vip_cl_tpg_0|alt_vip_cl_tpg_0|video_out|video_output|empty_converter|stored_data[0][14]                      ; dut|alt_vip_cl_tpg_0|alt_vip_cl_tpg_0|video_out|video_output|latency_converter|av_st_dout_data_1[14] ; 0.281             ;
; dut|alt_vip_cl_crs_0|alt_vip_cl_crs_0|video_in_resp|video_input|height_int[0]                                        ; dut|alt_vip_cl_crs_0|alt_vip_cl_crs_0|video_in_resp|height_str[0]                                    ; 0.281             ;
; dut|alt_vip_cl_crs_0|alt_vip_cl_crs_0|video_out|cmd_input|arguments_reg[0][15]                                       ; dut|alt_vip_cl_crs_0|alt_vip_cl_crs_0|video_out|cmd_args_str[0][15]                                  ; 0.281             ;
; dut|alt_vip_cl_tpg_0|alt_vip_cl_tpg_0|core_0|dout_encode|av_st_dout_data[9]                                          ; dut|alt_vip_cl_tpg_0|alt_vip_cl_tpg_0|video_out|video_output|empty_converter|din_data_delay[1][9]    ; 0.279             ;
; dut|alt_vip_cl_crs_0|alt_vip_cl_crs_0|video_out|cmd_input|arguments_reg[0][30]                                       ; dut|alt_vip_cl_crs_0|alt_vip_cl_crs_0|video_out|cmd_args_str[0][30]                                  ; 0.276             ;
; dut|alt_vip_cl_crs_0|alt_vip_cl_crs_0|scheduler|vib_resp_str_height[11]                                              ; dut|alt_vip_cl_crs_0|alt_vip_cl_crs_0|scheduler|vob_cmd_encoder|av_st_dout_data[27]                  ; 0.275             ;
; dut|alt_vip_cl_crs_0|alt_vip_cl_crs_0|video_out|cmd_input|arguments_reg[0][22]                                       ; dut|alt_vip_cl_crs_0|alt_vip_cl_crs_0|video_out|cmd_args_str[0][22]                                  ; 0.275             ;
; dut|alt_vip_cl_crs_0|alt_vip_cl_crs_0|video_out|cmd_args_str[0][0]                                                   ; dut|alt_vip_cl_crs_0|alt_vip_cl_crs_0|video_out|video_output|av_st_din_dout_control_reg[0][24]       ; 0.275             ;
; dut|alt_vip_cl_crs_0|alt_vip_cl_crs_0|video_out|cmd_input|arguments_reg[0][7]                                        ; dut|alt_vip_cl_crs_0|alt_vip_cl_crs_0|video_out|cmd_args_str[0][7]                                   ; 0.275             ;
; dut|alt_vip_cl_crs_0|alt_vip_cl_crs_0|video_out|cmd_args_str[0][28]                                                  ; dut|alt_vip_cl_crs_0|alt_vip_cl_crs_0|video_out|video_output|av_st_din_dout_control_reg[0][32]       ; 0.275             ;
; dut|alt_vip_cl_crs_0|alt_vip_cl_crs_0|video_in_resp|rsp_output|av_st_dout_data[26]                                   ; dut|alt_vip_cl_crs_0|alt_vip_cl_crs_0|scheduler|vib_resp_decoder|arguments_reg[0][26]                ; 0.275             ;
; dut|alt_vip_cl_crs_0|alt_vip_cl_crs_0|scheduler|vib_resp_str_interlaced[0]                                           ; dut|alt_vip_cl_crs_0|alt_vip_cl_crs_0|scheduler|vob_cmd_encoder|av_st_dout_data[0]                   ; 0.274             ;
; dut|alt_vip_cl_crs_0|alt_vip_cl_crs_0|video_out|cmd_args_str[0][12]                                                  ; dut|alt_vip_cl_crs_0|alt_vip_cl_crs_0|video_out|video_output|av_st_din_dout_control_reg[0][0]        ; 0.274             ;
; dut|alt_vip_cl_crs_0|alt_vip_cl_crs_0|inst_crs_int|symbol_conv|dout_encoder|av_st_dout_data[47]                      ; dut|alt_vip_cl_crs_0|alt_vip_cl_crs_0|video_out|sop_realigner|delayed_din_sample[0][23]              ; 0.274             ;
; dut|alt_vip_cl_crs_0|alt_vip_cl_crs_0|inst_crs_int|symbol_conv|dout_encoder|av_st_dout_data[28]                      ; dut|alt_vip_cl_crs_0|alt_vip_cl_crs_0|video_out|sop_realigner|delayed_din_sample[0][4]               ; 0.274             ;
; dut|alt_vip_cl_crs_0|alt_vip_cl_crs_0|inst_crs_int|middle_demux|gen_loop_no_fifo[1].data_encoder|av_st_dout_data[14] ; dut|alt_vip_cl_crs_0|alt_vip_cl_crs_0|inst_crs_int|symbol_conv|pack_reg[1][6]                        ; 0.272             ;
; dut|alt_vip_cl_crs_0|alt_vip_cl_crs_0|video_out|cmd_input|arguments_reg[0][12]                                       ; dut|alt_vip_cl_crs_0|alt_vip_cl_crs_0|video_out|cmd_args_str[0][12]                                  ; 0.272             ;
; dut|alt_vip_cl_tpg_0|alt_vip_cl_tpg_0|core_0|dout_encode|av_st_dout_data[25]                                         ; dut|alt_vip_cl_tpg_0|alt_vip_cl_tpg_0|video_out|video_output|empty_converter|stored_data[0][9]       ; 0.272             ;
; dut|alt_vip_cl_crs_0|alt_vip_cl_crs_0|video_out|cmd_input|arguments_reg[0][13]                                       ; dut|alt_vip_cl_crs_0|alt_vip_cl_crs_0|video_out|cmd_args_str[0][13]                                  ; 0.272             ;
; dut|alt_vip_cl_crs_0|alt_vip_cl_crs_0|video_out|video_output|latency_converter|av_st_dout_data_1[22]                 ; first_stage0[22]                                                                                     ; 0.269             ;
; dut|alt_vip_cl_tpg_0|alt_vip_cl_tpg_0|core_0|cmd_decode|task_reg[1]                                                  ; dut|alt_vip_cl_tpg_0|alt_vip_cl_tpg_0|core_0|state.INIT1                                             ; 0.269             ;
; dut|alt_vip_cl_crs_0|alt_vip_cl_crs_0|scheduler|state.SEND_OM_CMD                                                    ; dut|alt_vip_cl_crs_0|alt_vip_cl_crs_0|scheduler|state.SEND_VOB_CTRL_CMD                              ; 0.269             ;
; dut|alt_vip_cl_crs_0|alt_vip_cl_crs_0|video_in_resp|data_output|av_st_dout_data[14]                                  ; dut|alt_vip_cl_crs_0|alt_vip_cl_crs_0|inst_crs_int|video_in_cmd|data_output|av_st_dout_data[14]      ; 0.268             ;
; dut|alt_vip_cl_crs_0|alt_vip_cl_crs_0|video_in_resp|data_output|av_st_dout_data[21]                                  ; dut|alt_vip_cl_crs_0|alt_vip_cl_crs_0|inst_crs_int|video_in_cmd|data_output|av_st_dout_data[21]      ; 0.268             ;
; dut|alt_vip_cl_crs_0|alt_vip_cl_crs_0|video_out|video_output|latency_converter|av_st_dout_data_1[16]                 ; first_stage0[16]                                                                                     ; 0.268             ;
; dut|alt_vip_cl_crs_0|alt_vip_cl_crs_0|inst_crs_int|symbol_conv|dout_encoder|av_st_dout_data[21]                      ; dut|alt_vip_cl_crs_0|alt_vip_cl_crs_0|video_out|sop_realigner|delayed_din_sample[1][21]              ; 0.268             ;
; dut|alt_vip_cl_tpg_0|alt_vip_cl_tpg_0|scheduler|tpg_multi_scheduler_inst|ac_cmd_encoder|av_st_dout_endofpacket       ; dut|alt_vip_cl_tpg_0|alt_vip_cl_tpg_0|core_0|cmd_decode|arguments_valid_reg                          ; 0.268             ;
; dut|alt_vip_cl_crs_0|alt_vip_cl_crs_0|video_out|cmd_args_str[0][10]                                                  ; dut|alt_vip_cl_crs_0|alt_vip_cl_crs_0|video_out|video_output|av_st_din_dout_control_reg[0][10]       ; 0.267             ;
; dut|alt_vip_cl_crs_0|alt_vip_cl_crs_0|inst_crs_int|middle_demux|gen_loop_no_fifo[1].data_encoder|av_st_dout_data[26] ; dut|alt_vip_cl_crs_0|alt_vip_cl_crs_0|inst_crs_int|symbol_conv|pack_reg[1][2]                        ; 0.267             ;
; dut|alt_vip_cl_crs_0|alt_vip_cl_crs_0|video_in_resp|video_input|height_int[1]                                        ; dut|alt_vip_cl_crs_0|alt_vip_cl_crs_0|video_in_resp|height_str[1]                                    ; 0.267             ;
; dut|alt_vip_cl_crs_0|alt_vip_cl_crs_0|video_out|cmd_args_str[0][7]                                                   ; dut|alt_vip_cl_crs_0|alt_vip_cl_crs_0|video_out|video_output|av_st_din_dout_control_reg[0][19]       ; 0.267             ;
; dut|alt_vip_cl_crs_0|alt_vip_cl_crs_0|video_out|video_output|empty_converter|stored_data[0][19]                      ; dut|alt_vip_cl_crs_0|alt_vip_cl_crs_0|video_out|video_output|latency_converter|av_st_dout_data_1[19] ; 0.267             ;
; dut|alt_vip_cl_crs_0|alt_vip_cl_crs_0|video_in_resp|data_output|av_st_dout_data[23]                                  ; dut|alt_vip_cl_crs_0|alt_vip_cl_crs_0|inst_crs_int|video_in_cmd|data_output|av_st_dout_data[23]      ; 0.267             ;
; dut|alt_vip_cl_crs_0|alt_vip_cl_crs_0|inst_crs_int|horiz_upsample|dout_encode|av_st_dout_data[41]                    ; dut|alt_vip_cl_crs_0|alt_vip_cl_crs_0|video_out|sop_realigner|delayed_din_sample[0][17]              ; 0.266             ;
; dut|alt_vip_cl_crs_0|alt_vip_cl_crs_0|scheduler|vib_resp_decoder|arguments_reg[0][20]                                ; dut|alt_vip_cl_crs_0|alt_vip_cl_crs_0|scheduler|vib_resp_str_height[4]                               ; 0.265             ;
; dut|alt_vip_cl_crs_0|alt_vip_cl_crs_0|video_out|video_output|latency_converter|av_st_dout_data_1[32]                 ; first_stage0[32]                                                                                     ; 0.265             ;
; dut|alt_vip_cl_crs_0|alt_vip_cl_crs_0|video_out|cmd_input|arguments_reg[0][4]                                        ; dut|alt_vip_cl_crs_0|alt_vip_cl_crs_0|video_out|cmd_args_str[0][4]                                   ; 0.265             ;
; dut|alt_vip_cl_crs_0|alt_vip_cl_crs_0|video_out|cmd_args_str[0][27]                                                  ; dut|alt_vip_cl_crs_0|alt_vip_cl_crs_0|video_out|video_output|av_st_din_dout_control_reg[0][43]       ; 0.264             ;
; dut|alt_vip_cl_crs_0|alt_vip_cl_crs_0|video_out|video_output|latency_converter|av_st_dout_data_1[12]                 ; first_stage0[12]                                                                                     ; 0.264             ;
; dut|alt_vip_cl_crs_0|alt_vip_cl_crs_0|inst_crs_int|symbol_conv|dout_encoder|av_st_dout_data[12]                      ; dut|alt_vip_cl_crs_0|alt_vip_cl_crs_0|video_out|sop_realigner|delayed_din_sample[1][12]              ; 0.264             ;
; dut|alt_vip_cl_crs_0|alt_vip_cl_crs_0|video_out|video_output|latency_converter|av_st_dout_data_1[5]                  ; first_stage0[5]                                                                                      ; 0.264             ;
; dut|alt_vip_cl_crs_0|alt_vip_cl_crs_0|video_out|cmd_args_str[0][3]                                                   ; dut|alt_vip_cl_crs_0|alt_vip_cl_crs_0|video_out|video_output|av_st_din_dout_control_reg[0][27]       ; 0.264             ;
; dut|alt_vip_cl_tpg_0|alt_vip_cl_tpg_0|core_0|dout_encode|av_st_dout_data[29]                                         ; dut|alt_vip_cl_tpg_0|alt_vip_cl_tpg_0|video_out|video_output|empty_converter|stored_data[0][13]      ; 0.264             ;
; dut|alt_vip_cl_crs_0|alt_vip_cl_crs_0|video_in_resp|rsp_output|av_st_dout_endofpacket                                ; dut|alt_vip_cl_crs_0|alt_vip_cl_crs_0|scheduler|vib_resp_decoder|arguments_valid_reg                 ; 0.264             ;
; dut|alt_vip_cl_crs_0|alt_vip_cl_crs_0|video_in_resp|video_input|width_int[13]                                        ; dut|alt_vip_cl_crs_0|alt_vip_cl_crs_0|video_in_resp|width_str[13]                                    ; 0.264             ;
; dut|alt_vip_cl_crs_0|alt_vip_cl_crs_0|inst_crs_int|symbol_conv|dout_encoder|av_st_dout_data[8]                       ; dut|alt_vip_cl_crs_0|alt_vip_cl_crs_0|video_out|sop_realigner|delayed_din_sample[1][8]               ; 0.263             ;
; dut|alt_vip_cl_tpg_0|alt_vip_cl_tpg_0|video_out|video_output|state.CONTROL_FINAL                                     ; dut|alt_vip_cl_tpg_0|alt_vip_cl_tpg_0|video_out|video_output|state.IDLE                              ; 0.262             ;
; dut|alt_vip_cl_crs_0|alt_vip_cl_crs_0|inst_crs_int|middle_demux|gen_loop_no_fifo[1].data_encoder|av_st_dout_data[0]  ; dut|alt_vip_cl_crs_0|alt_vip_cl_crs_0|inst_crs_int|symbol_conv|pack_reg[0][0]                        ; 0.261             ;
; dut|alt_vip_cl_crs_0|alt_vip_cl_crs_0|video_out|video_output|latency_converter|av_st_dout_data_1[36]                 ; first_stage0[36]                                                                                     ; 0.258             ;
; dut|alt_vip_cl_crs_0|alt_vip_cl_crs_0|video_out|video_output|latency_converter|av_st_dout_data_1[37]                 ; first_stage0[37]                                                                                     ; 0.258             ;
; dut|alt_vip_cl_crs_0|alt_vip_cl_crs_0|video_out|video_output|latency_converter|av_st_dout_data_1[23]                 ; first_stage0[23]                                                                                     ; 0.258             ;
; dut|alt_vip_cl_crs_0|alt_vip_cl_crs_0|video_out|cmd_input|arguments_reg[0][23]                                       ; dut|alt_vip_cl_crs_0|alt_vip_cl_crs_0|video_out|cmd_args_str[0][23]                                  ; 0.258             ;
; dut|alt_vip_cl_crs_0|alt_vip_cl_crs_0|video_out|sop_realigner|delayed_din_sample[1][2]                               ; dut|alt_vip_cl_crs_0|alt_vip_cl_crs_0|video_out|video_output|empty_converter|stored_data[0][2]       ; 0.258             ;
; dut|alt_vip_cl_crs_0|alt_vip_cl_crs_0|inst_crs_int|symbol_conv|dout_encoder|av_st_dout_data[10]                      ; dut|alt_vip_cl_crs_0|alt_vip_cl_crs_0|video_out|sop_realigner|delayed_din_sample[1][10]              ; 0.258             ;
+----------------------------------------------------------------------------------------------------------------------+------------------------------------------------------------------------------------------------------+-------------------+
Note: This table only shows the top 100 path(s) that have the largest delay added for hold.


+--------------------------------------------------------------------------------+
; Fitter HSLP Summary                                                            ;
+--------------------------------------------------------+---------------+-------+
; Resource                                               ; Usage         ; %     ;
+--------------------------------------------------------+---------------+-------+
;                                                        ;               ;       ;
; Programmable power technology high-speed tiles         ; 20 / 3,531    ; < 1 % ;
; Programmable power technology low-power tiles          ; 3,511 / 3,531 ; 99 %  ;
;     -- low-power tiles that are used by the design     ; 53 / 3,511    ; 2 %   ;
;     -- unused tiles (low-power)                        ; 3,458 / 3,511 ; 98 %  ;
;                                                        ;               ;       ;
; Programmable power technology high-speed LAB tiles     ; 20 / 2,642    ; < 1 % ;
; Programmable power technology low-power LAB tiles      ; 2,622 / 2,642 ; 99 %  ;
;     -- low-power LAB tiles that are used by the design ; 53 / 2,622    ; 2 %   ;
;     -- unused LAB tiles (low-power)                    ; 2,569 / 2,622 ; 98 %  ;
;                                                        ;               ;       ;
+--------------------------------------------------------+---------------+-------+


+-----------------+
; Fitter Messages ;
+-----------------+
Can't read Quartus Prime message file /mnt/ssd2/Talha/gitrepos/VVP_IP_Validation/resampler_II/quartus/qdb/_compiler/resampler/_flat/25.1.1/legacy/1/resampler.fit.plan.header.qmsgdb.
Make sure the file exists and is up to date, and you have permission to read and write the file.
Info (16677): Loading synthesized database.
Info (16734): Loading "synthesized" snapshot for partition "root_partition".
Info (16678): Successfully loaded synthesized database: elapsed time is 00:00:04.
Info (119006): Selected device 10CX220YF780I5G for design "resampler"
Info (21077): Low junction temperature is -40 degrees C
Info (21077): High junction temperature is 100 degrees C
Info (171003): Fitter is performing an Auto Fit compilation, which may decrease Fitter effort to reduce compilation time
Info (12262): Starting Fitter periphery placement operations
Info (12290): Loading the periphery placement data.
Info (12291): Periphery placement data loaded: elapsed time is 00:00:05
Info (12627): Pin ~ALTERA_DATA0~ is reserved at location AE10
Warning (25315): Some pins are missing drive strength (current strength) and/or slew rate assignments. Refer to the I/O Assignment Warnings report for details.
Info (16210): Plan updated with currently enabled project assignments.
Info (12295): Periphery placement of all unplaced cells complete: elapsed time is 00:00:00
Critical Warning (17951): There are 12 unused RX channels in the design.
    Info (19540): Add the QSF assignment 'set_instance_assignment -name PRESERVE_UNUSED_XCVR_CHANNEL ON -to <pin_name>' for each unused channel that will be used in future.
    Info (19541): The above QSF assignment will preserve the performance of specified channels over time, and works only if the design uses at least 1 transceiver channel.
Critical Warning (18655): There are 12 unused TX channels in the design.
    Info (19540): Add the QSF assignment 'set_instance_assignment -name PRESERVE_UNUSED_XCVR_CHANNEL ON -to <pin_name>' for each unused channel that will be used in future.
    Info (19541): The above QSF assignment will preserve the performance of specified channels over time, and works only if the design uses at least 1 transceiver channel.
Info (11191): Automatically promoted 2 clocks (2 global)
    Info (13173): clk_clk~inputCLKENA0 (1337 fanout) drives Global Clock Region, with the buffer placed at CLKCTRL_3B_G_I23
    Info (13173): reset_reset~inputCLKENA0 (327 fanout) drives Global Clock Region, with the buffer placed at CLKCTRL_3A_G_I17
Info (19539): Reading the HDL-embedded SDC files elapsed 00:00:00.
Info (332104): Reading SDC File: '../platform/ip/system/system_alt_vip_cl_crs_0/alt_vip_pip_converter_core_2360/synth/modules/alt_vip_common_fifo2/src_hdl/alt_vip_common_fifo2.sdc'
Warning (332174): Ignored filter at alt_vip_common_fifo2.sdc(52): alt_vip_common_fifo2:*|* could not be matched with a keeper File: /mnt/ssd2/Talha/gitrepos/VVP_IP_Validation/resampler_II/platform/ip/system/system_alt_vip_cl_crs_0/alt_vip_pip_converter_core_2360/synth/modules/alt_vip_common_fifo2/src_hdl/alt_vip_common_fifo2.sdc Line: 52
Info (332104): Reading SDC File: '../platform/ip/system/system_alt_vip_cl_crs_0/alt_vip_cpp_converter_2360/synth/modules/alt_vip_common_fifo2/src_hdl/alt_vip_common_fifo2.sdc'
Info (19449): Reading SDC files elapsed 00:00:00.
Info (23800): Derived clock name suffix defaults to '~derived'.
Info (332144): No user constrained base clocks found in the design. They will be automatically derived.
Info (332143): No user constrained clock uncertainty found in the design. Calling "derive_clock_uncertainty"
Info (332123): Deriving Clock Uncertainty. Please refer to report_sdc in the Timing Analyzer to see clock uncertainties.
Info (332130): Timing requirements not specified -- quality metrics such as performance may be sacrificed to reduce compilation time.
Info (176233): Starting register packing
Info (176235): Finished register packing
    Extra Info (176219): No registers were packed into other blocks
Info (20273): Intermediate fitter snapshots will not be committed because ENABLE_INTERMEDIATE_SNAPSHOTS QSF assignment is disabled during compilation.
Info (12517): Periphery placement operations ending: elapsed time is 00:00:22
Info (11165): Fitter preparation operations ending: elapsed time is 00:00:16
Info (22300): Design uses Placement Effort Multiplier = 1.0.
Info (170189): Fitter placement preparation operations beginning
Info (25141): The Fitter is using Advanced Physical Optimization.
Info (170190): Fitter placement preparation operations ending: elapsed time is 00:00:05
Info (25133): Total time spent on timing analysis during Global Placement is 0.09 seconds.
Info (22300): Design uses Placement Effort Multiplier = 1.0.
Info (170189): Fitter placement preparation operations beginning
Info (170190): Fitter placement preparation operations ending: elapsed time is 00:00:02
Info (170191): Fitter placement operations beginning
Info (170137): Fitter placement was successful
Info (170192): Fitter placement operations ending: elapsed time is 00:00:10
Info (25133): Total time spent on timing analysis during Placement is 0.01 seconds.
Info (22300): Design uses Placement Effort Multiplier = 1.0.
Info (170193): Fitter routing operations beginning
Info (170202): The Fitter performed an Auto Fit compilation.  No optimizations were skipped because the design's timing and routability requirements required full optimization.
Info (25133): Total time spent on timing analysis during Routing is 0.29 seconds.
Info (16607): Fitter routing operations ending: elapsed time is 00:00:19
Info (22300): Design uses Placement Effort Multiplier = 1.0.
Info (25133): Total time spent on timing analysis during Post-Routing is 0.00 seconds.
Info (16557): Fitter post-fit operations ending: elapsed time is 00:00:10
Info (20274): Successfully committed final database.
Info: Quartus Prime Fitter was successful. 0 errors, 4 warnings
    Info: Peak virtual memory: 5144 megabytes
    Info: Processing ended: Wed Mar 18 11:35:56 2026
    Info: Elapsed time: 00:01:31
    Info: System process ID: 1183095


