Synthesis report
Wed Mar 18 11:09:33 2026
Quartus Prime Version 25.1.1 Build 125 07/31/2025 SC Pro Edition


---------------------
; Table of Contents ;
---------------------
  1. Legal Notice
  2. Synthesis Summary
  3. Synthesis Settings
  4. Synthesis Source Files Read
  5. Synthesis IP Cores Summary
  6. Synthesis Partition Summary
---- Analysis & Elaboration Stage Reports ----
       7. Parameter Settings for User Entity system_alt_vip_cl_tpg_0_alt_vip_cl_tpg_2360_qjrno4y Instance: dut|alt_vip_cl_tpg_0|alt_vip_cl_tpg_0
       8. XMRed Signals
       9. Top Causes of Logic Optimized Away During Sweep
---- Logic Synthesis Stage Reports ----
      10. Partition "root_partition" Resource Utilization by Entity
      11. State Machine - Summary
      12. State Machine - dut|alt_vip_cl_tpg_0|alt_vip_cl_tpg_0|scheduler|tpg_multi_scheduler_inst|state
      13. State Machine - dut|alt_vip_cl_tpg_0|alt_vip_cl_tpg_0|video_out|video_output|state
      14. State Machine - dut|alt_vip_cl_crs_0|alt_vip_cl_crs_0|inst_crs_int|video_in_cmd|state
      15. State Machine - dut|alt_vip_cl_crs_0|alt_vip_cl_crs_0|video_out|video_output|state
      16. State Machine - dut|alt_vip_cl_crs_0|alt_vip_cl_crs_0|video_in_resp|video_input|state
      17. State Machine - dut|alt_vip_cl_tpg_0|alt_vip_cl_tpg_0|core_0|state
      18. State Machine - dut|alt_vip_cl_tpg_0|alt_vip_cl_tpg_0|video_out|state
      19. State Machine - dut|alt_vip_cl_crs_0|alt_vip_cl_crs_0|scheduler|state
      20. State Machine - dut|alt_vip_cl_crs_0|alt_vip_cl_crs_0|video_out|state
      21. State Machine - dut|alt_vip_cl_crs_0|alt_vip_cl_crs_0|video_in_resp|state
      22. Registers Removed During Synthesis
      23. Removed Registers Triggering Further Register Optimizations
      24. General Register Statistics for Partition "root_partition"
      25. Inverted Register Statistics
      26. Multiplexer Restructuring Statistics (Restructuring Performed)
      27. Parameter Settings for Inferred Entity Instance: dut|alt_vip_cl_crs_0|alt_vip_cl_crs_0|inst_crs_int|symbol_conv|div_0_rtl_0
      28. Post-Synthesis Netlist Statistics for Partition "root_partition"
      29. Synthesis Resource Usage Summary for Partition "root_partition"
 30. Warnings for ../../../../../QuartusProjects/VVP_IP_Validation/resampler_II/platform/ip/system/system_alt_vip_cl_crs_0/alt_vip_cpp_converter_2360/synth/src_hdl/alt_vip_cpp_converter.sv
 31. Warnings for ../../../../../QuartusProjects/VVP_IP_Validation/resampler_II/platform/ip/system/system_alt_vip_cl_tpg_0/alt_vip_tpg_multi_scheduler_2360/synth/system_alt_vip_cl_tpg_0_alt_vip_tpg_multi_scheduler_2360_ktdghqa.sv
 32. General Warnings
 33. Synthesis Messages



----------------
; Legal Notice ;
----------------
Copyright (C) 2025  Altera Corporation. All rights reserved.
Your use of Altera Corporation's design tools, logic functions 
and other software and tools, and any partner logic 
functions, and any output files from any of the foregoing 
(including device programming or simulation files), and any 
associated documentation or information are expressly subject 
to the terms and conditions of the Altera Program License 
Subscription Agreement, the Altera Quartus Prime License Agreement,
the Altera IP License Agreement, or other applicable license
agreement, including, without limitation, that your use is for
the sole purpose of programming logic devices manufactured by
Altera and sold by Altera or its authorized distributors.  Please
refer to the Altera Software License Subscription Agreements 
on the Quartus Prime software download page.



+-----------------------------------------------------------------------------------+
; Synthesis Summary                                                                 ;
+--------------------------------------+--------------------------------------------+
; Synthesis Status                     ; Successful - Wed Mar 18 11:09:33 2026      ;
; Revision Name                        ; resampler                                  ;
; Top-level Entity Name                ; resampling_checker                         ;
; Family                               ; Cyclone 10 GX                              ;
; Quartus Prime Version                ; 25.1.1 Build 125 07/31/2025 SC Pro Edition ;
; Device                               ; 10CX220YF780I5G                            ;
; Logic utilization estimate (in ALMs) ; 807 / 80,330 ( 1 % )                       ;
; Total registers                      ; 1337                                       ;
; Estimated DSP Blocks Post-Merging    ; 0                                          ;
+--------------------------------------+--------------------------------------------+


+-------------------------------------------------------------------------------------------------------------------------------------+
; Synthesis Settings                                                                                                                  ;
+---------------------------------------------------------------------------------+-------------------------+-------------------------+
; Option                                                                          ; Setting                 ; Default Value           ;
+---------------------------------------------------------------------------------+-------------------------+-------------------------+
; Device                                                                          ; 10CX220YF780I5G         ;                         ;
; Top-level entity name                                                           ; resampling_checker      ; resampler               ;
; Family name                                                                     ; Cyclone 10 GX           ; Cyclone 10 GX           ;
; Enable parallel Assembler and Timing Analyzer during compilation                ; On                      ; On                      ;
; Enable compact report table                                                     ; Off                     ; Off                     ;
; Design Assistant include IP blocks                                              ; Off                     ; Off                     ;
; High fanout net threshold for RAM inference                                     ; 15                      ; 15                      ;
; Design Assistant limit on reported violations per rule                          ; 5000                    ; 5000                    ;
; Optimization Mode                                                               ; Balanced                ; Balanced                ;
; Allow Register Merging                                                          ; On                      ; On                      ;
; Allow Register Duplication                                                      ; On                      ; On                      ;
; Allow Register Retiming                                                         ; On                      ; On                      ;
; Restructure Multiplexers                                                        ; Auto                    ; Auto                    ;
; Waive gated clock synchronizer check                                            ; On                      ; On                      ;
; MLAB Add Timing Constraints For Mixed-Port Feed-Through Mode Setting Don't Care ; Off                     ; Off                     ;
; Preserve fewer node names                                                       ; On                      ; On                      ;
; Intel FPGA IP Evaluation Mode                                                   ; Enable                  ; Enable                  ;
; Verilog Version                                                                 ; Verilog_2001            ; Verilog_2001            ;
; VHDL Version                                                                    ; VHDL_1993               ; VHDL_1993               ;
; State Machine Processing                                                        ; Auto                    ; Auto                    ;
; Safe State Machine                                                              ; Auto                    ; Auto                    ;
; Iteration limit for constant Verilog loops                                      ; 5000                    ; 5000                    ;
; Iteration limit for non-constant Verilog loops                                  ; 250                     ; 250                     ;
; Infer RAMs from Raw Logic                                                       ; On                      ; On                      ;
; DSP Action on miss                                                              ; Ignore                  ; Ignore                  ;
; DSP Block Balancing                                                             ; Auto                    ; Auto                    ;
; NOT Gate Push-Back                                                              ; On                      ; On                      ;
; Power-Up Don't Care                                                             ; On                      ; On                      ;
; Remove Redundant Logic Cells                                                    ; Off                     ; Off                     ;
; Remove Duplicate Registers                                                      ; On                      ; On                      ;
; Ignore GLOBAL Buffers                                                           ; Off                     ; Off                     ;
; Ignore LCELL Buffers                                                            ; Off                     ; Off                     ;
; Ignore SOFT Buffers                                                             ; On                      ; On                      ;
; Optimization Technique                                                          ; Balanced                ; Balanced                ;
; Auto Open-Drain Pins                                                            ; On                      ; On                      ;
; Perform WYSIWYG Primitive Resynthesis                                           ; Off                     ; Off                     ;
; Auto ROM Replacement                                                            ; On                      ; On                      ;
; Auto RAM Replacement                                                            ; On                      ; On                      ;
; Auto DSP Block Replacement                                                      ; On                      ; On                      ;
; Auto Shift Register Replacement                                                 ; Auto                    ; Auto                    ;
; Allow Shift Register Merging across Hierarchies                                 ; Auto                    ; Auto                    ;
; Auto Clock Enable Replacement                                                   ; On                      ; On                      ;
; Strict RAM Replacement                                                          ; Off                     ; Off                     ;
; Allow Synchronous Control Signals                                               ; On                      ; On                      ;
; Force Use of Synchronous Clear Signals                                          ; Off                     ; Off                     ;
; Auto Resource Sharing                                                           ; Off                     ; Off                     ;
; Allow Any RAM Size For Recognition                                              ; Off                     ; Off                     ;
; Allow Any Shift Register Size For Recognition                                   ; Off                     ; Off                     ;
; Ignore translate_off and synthesis_off directives                               ; Off                     ; Off                     ;
; Timing-Driven Synthesis                                                         ; On                      ; On                      ;
; Report Propagation of Constraints                                               ; On                      ; On                      ;
; Ignore Maximum Fan-Out Assignments                                              ; Off                     ; Off                     ;
; Synchronization Register Chain Length                                           ; 3                       ; 3                       ;
; Power Optimization During Synthesis                                             ; Normal compilation      ; Normal compilation      ;
; HDL message level                                                               ; Level2                  ; Level2                  ;
; Number of Protected Registers Reported in Synthesis Report                      ; 100                     ; 100                     ;
; Number of Removed Registers Reported in Synthesis Report                        ; 5000                    ; 5000                    ;
; Number of Optimized Away Hierarchies Reported in Synthesis Report               ; 100                     ; 100                     ;
; Number of Top Root Causes Reported in Synthesis Report                          ; 10                      ; 10                      ;
; Group Identical Hierarchies in Optimized Away Hierarchies Report                ; On                      ; On                      ;
; Number of Swept Nodes Reported in Synthesis Report                              ; 5000                    ; 5000                    ;
; Number of Inverted Registers Reported in Synthesis Report                       ; 100                     ; 100                     ;
; Clock MUX Protection                                                            ; On                      ; On                      ;
; Auto Gated Clock Conversion                                                     ; Off                     ; Off                     ;
; Block Design Naming                                                             ; Auto                    ; Auto                    ;
; SDC constraint protection                                                       ; Off                     ; Off                     ;
; Optimization and Constraint Precedence                                          ; Prioritize Optimization ; Prioritize Optimization ;
; Synthesis Effort                                                                ; Auto                    ; Auto                    ;
; Shift Register Replacement - Allow Asynchronous Clear Signal                    ; On                      ; On                      ;
; Analysis & Synthesis Message Level                                              ; Medium                  ; Medium                  ;
; Disable Register Merging Across Hierarchies                                     ; Auto                    ; Auto                    ;
; Resource Aware Inference For Block RAM                                          ; On                      ; On                      ;
; Automatic Parallel Synthesis                                                    ; On                      ; On                      ;
; Partial Reconfiguration Bitstream ID                                            ; Off                     ; Off                     ;
; Disable DSP Negate Inferencing                                                  ; Off                     ; Off                     ;
; Report Parameter Settings                                                       ; On                      ; On                      ;
; Report Parameter Settings to ASCII                                              ; On                      ; On                      ;
; Report Source Assignments                                                       ; On                      ; On                      ;
; Report Source Assignments to ASCII                                              ; On                      ; On                      ;
; Report Resource Utilization by Entity to ASCII                                  ; On                      ; On                      ;
; Size of the Latch Report                                                        ; 100                     ; 100                     ;
; Enable VHDL static assertion support                                            ; Off                     ; Off                     ;
; Enable SystemVerilog static assertion support                                   ; Off                     ; Off                     ;
; Enable State Machines Inference                                                 ; On                      ; On                      ;
; Allow RAMs Inferred In Generate-For Loop For Verilog                            ; Off                     ; Off                     ;
; Enable formal verification support during compilation                           ; Off                     ; Off                     ;
; Size of the PR Initial Conditions Report                                        ; 100                     ; 100                     ;
; Number of Registers with Ignored Power-Up Settings Reported in Synthesis Report ; 500                     ; 500                     ;
; Report PR Initial Values as Errors                                              ; Off                     ; Off                     ;
; Fractal Synthesis                                                               ; Off                     ; Off                     ;
; Synthesis Available Resource Multiplier                                         ; 1                       ; 1                       ;
; Message Level for Unconnected Output Ports                                      ; Warning                 ; Warning                 ;
; Pack Barrelshifters into Carry Chains for Better Area                           ; Auto                    ; Auto                    ;
; Initialize Verilog enums to X                                                   ; Off                     ; Off                     ;
; Enable dynamic report                                                           ; Off                     ; Off                     ;
; Show Collapsible Rows in Ascii Report for Warning Summary Reports               ; On                      ; On                      ;
; Enable RTL Analysis Debug Mode                                                  ; Off                     ; Off                     ;
; Enable preserve for debug assignments                                           ; Off                     ; Off                     ;
+---------------------------------------------------------------------------------+-------------------------+-------------------------+


+-------------------------------------------------------------------------------------------------------------------------------------------------------------------------------------------------------------------------------------------------------------------------------------------------------------------------------------------------------------------------------------------------------------------------------------------------------------------------------------------------------------------------------------------------------------------------------------------------------------------------------------------------------------------------------------------------------------------------+
; Synthesis Source Files Read                                                                                                                                                                                                                                                                                                                                                                                                                                                                                                                                                                                                                                                                                             ;
+-------------------------------------------------------------------------------------------------------------------------------------------------------------------------------------------------------------------------------------------------+-----------------------------------------------------------------------------+--------------------------------------------------------------------------------------------------------------------------------------------------------------------------------------------------------------------------------------------+--------------------------------------+--------------------------------------------------+---------------+----------------------------------+
; File Name with User-Entered Path                                                                                                                                                                                                                ; File Type                                                                   ; File Name with Absolute Path                                                                                                                                                                                                               ; Library                              ; IP Source                                        ; Include Files ; MD5                              ;
+-------------------------------------------------------------------------------------------------------------------------------------------------------------------------------------------------------------------------------------------------+-----------------------------------------------------------------------------+--------------------------------------------------------------------------------------------------------------------------------------------------------------------------------------------------------------------------------------------+--------------------------------------+--------------------------------------------------+---------------+----------------------------------+
; ../../../../../QuartusProjects/VVP_IP_Validation/resampler_II/platform/ip/system/system_clock_in.ip                                                                                                                                             ; User-Specified IP File                                                      ; /mnt/ssd2/QuartusProjects/VVP_IP_Validation/resampler_II/platform/ip/system/system_clock_in.ip                                                                                                                                             ;                                      ;                                                  ;               ; 71fa22291c37bd674941e630f8eaa077 ;
; ../../../../../QuartusProjects/VVP_IP_Validation/resampler_II/platform/ip/system/system_clock_in/synth/system_clock_in.v                                                                                                                        ; User-Specified Verilog HDL File                                             ; /mnt/ssd2/QuartusProjects/VVP_IP_Validation/resampler_II/platform/ip/system/system_clock_in/synth/system_clock_in.v                                                                                                                        ; system_clock_in                      ; ../platform/ip/system/system_clock_in.ip         ;               ; fb9b73d5a0349749a8a311f34e511c6b ;
; ../../../../../QuartusProjects/VVP_IP_Validation/resampler_II/platform/ip/system/system_reset_in.ip                                                                                                                                             ; User-Specified IP File                                                      ; /mnt/ssd2/QuartusProjects/VVP_IP_Validation/resampler_II/platform/ip/system/system_reset_in.ip                                                                                                                                             ;                                      ;                                                  ;               ; 6595ec6235d7c13a156aad2bad60c6f2 ;
; ../../../../../QuartusProjects/VVP_IP_Validation/resampler_II/platform/ip/system/system_reset_in/synth/system_reset_in.v                                                                                                                        ; User-Specified Verilog HDL File                                             ; /mnt/ssd2/QuartusProjects/VVP_IP_Validation/resampler_II/platform/ip/system/system_reset_in/synth/system_reset_in.v                                                                                                                        ; system_reset_in                      ; ../platform/ip/system/system_reset_in.ip         ;               ; cfcde819b1c835c447d2c4f473dcd07d ;
; ../../../../../QuartusProjects/VVP_IP_Validation/resampler_II/platform/system.qsys                                                                                                                                                              ; User-Specified IP File                                                      ; /mnt/ssd2/QuartusProjects/VVP_IP_Validation/resampler_II/platform/system.qsys                                                                                                                                                              ;                                      ;                                                  ;               ; 64efdc95a6e64297a5f68274b6c6f49c ;
; ../../../../../QuartusProjects/VVP_IP_Validation/resampler_II/platform/system/synth/system.v                                                                                                                                                    ; User-Specified Verilog HDL File                                             ; /mnt/ssd2/QuartusProjects/VVP_IP_Validation/resampler_II/platform/system/synth/system.v                                                                                                                                                    ; system                               ; ../platform/system.qsys                          ;               ; 5e3e9acf882752ee1c19f7b43470c469 ;
; ../../../../../QuartusProjects/VVP_IP_Validation/resampler_II/platform/ip/system/system_alt_vip_cl_tpg_0.ip                                                                                                                                     ; User-Specified IP File                                                      ; /mnt/ssd2/QuartusProjects/VVP_IP_Validation/resampler_II/platform/ip/system/system_alt_vip_cl_tpg_0.ip                                                                                                                                     ;                                      ;                                                  ;               ; 108438cbddc7ec0bfc3fc4692318905e ;
; ../../../../../QuartusProjects/VVP_IP_Validation/resampler_II/platform/ip/system/system_alt_vip_cl_tpg_0/alt_vip_video_output_bridge_2360/synth/common/alt_vip_common_pkg.sv                                                                    ; Encrypted Altera IP File                                                    ; /mnt/ssd2/QuartusProjects/VVP_IP_Validation/resampler_II/platform/ip/system/system_alt_vip_cl_tpg_0/alt_vip_video_output_bridge_2360/synth/common/alt_vip_common_pkg.sv                                                                    ; alt_vip_video_output_bridge_2360     ; ../platform/ip/system/system_alt_vip_cl_tpg_0.ip ;               ; a9481d4a2e9ce3a88f4a2356ea215132 ;
; ../../../../../QuartusProjects/VVP_IP_Validation/resampler_II/platform/ip/system/system_alt_vip_cl_tpg_0/alt_vip_video_output_bridge_2360/synth/modules/alt_vip_common_video_packet_encode/src_hdl/alt_vip_common_latency_0_to_latency_1.sv     ; Encrypted Altera IP File                                                    ; /mnt/ssd2/QuartusProjects/VVP_IP_Validation/resampler_II/platform/ip/system/system_alt_vip_cl_tpg_0/alt_vip_video_output_bridge_2360/synth/modules/alt_vip_common_video_packet_encode/src_hdl/alt_vip_common_latency_0_to_latency_1.sv     ; alt_vip_video_output_bridge_2360     ; ../platform/ip/system/system_alt_vip_cl_tpg_0.ip ;               ; c45c651fc8e8315732f9ab8b9faeb590 ;
; ../../../../../QuartusProjects/VVP_IP_Validation/resampler_II/platform/ip/system/system_alt_vip_cl_tpg_0/alt_vip_video_output_bridge_2360/synth/modules/alt_vip_common_video_packet_encode/src_hdl/alt_vip_common_video_packet_empty.sv         ; Encrypted Altera IP File                                                    ; /mnt/ssd2/QuartusProjects/VVP_IP_Validation/resampler_II/platform/ip/system/system_alt_vip_cl_tpg_0/alt_vip_video_output_bridge_2360/synth/modules/alt_vip_common_video_packet_encode/src_hdl/alt_vip_common_video_packet_empty.sv         ; alt_vip_video_output_bridge_2360     ; ../platform/ip/system/system_alt_vip_cl_tpg_0.ip ;               ; 0cb6333b151b1f9387c6d73522f9896f ;
; ../../../../../QuartusProjects/VVP_IP_Validation/resampler_II/platform/ip/system/system_alt_vip_cl_tpg_0/alt_vip_video_output_bridge_2360/synth/modules/alt_vip_common_video_packet_encode/src_hdl/alt_vip_common_video_packet_encode.sv        ; Encrypted Altera IP File                                                    ; /mnt/ssd2/QuartusProjects/VVP_IP_Validation/resampler_II/platform/ip/system/system_alt_vip_cl_tpg_0/alt_vip_video_output_bridge_2360/synth/modules/alt_vip_common_video_packet_encode/src_hdl/alt_vip_common_video_packet_encode.sv        ; alt_vip_video_output_bridge_2360     ; ../platform/ip/system/system_alt_vip_cl_tpg_0.ip ;               ; 655b08c192f32cc9f6f030dad747c490 ;
; ../../../../../QuartusProjects/VVP_IP_Validation/resampler_II/platform/ip/system/system_alt_vip_cl_tpg_0/alt_vip_video_output_bridge_2360/synth/modules/alt_vip_common_event_packet_decode/src_hdl/alt_vip_common_event_packet_decode.sv        ; Encrypted Altera IP File                                                    ; /mnt/ssd2/QuartusProjects/VVP_IP_Validation/resampler_II/platform/ip/system/system_alt_vip_cl_tpg_0/alt_vip_video_output_bridge_2360/synth/modules/alt_vip_common_event_packet_decode/src_hdl/alt_vip_common_event_packet_decode.sv        ; alt_vip_video_output_bridge_2360     ; ../platform/ip/system/system_alt_vip_cl_tpg_0.ip ;               ; 3f9f5e98771de9e963731dd8b78467da ;
; ../../../../../QuartusProjects/VVP_IP_Validation/resampler_II/platform/ip/system/system_alt_vip_cl_tpg_0/alt_vip_video_output_bridge_2360/synth/modules/alt_vip_common_event_packet_encode/src_hdl/alt_vip_common_event_packet_encode.sv        ; Encrypted Altera IP File                                                    ; /mnt/ssd2/QuartusProjects/VVP_IP_Validation/resampler_II/platform/ip/system/system_alt_vip_cl_tpg_0/alt_vip_video_output_bridge_2360/synth/modules/alt_vip_common_event_packet_encode/src_hdl/alt_vip_common_event_packet_encode.sv        ; alt_vip_video_output_bridge_2360     ; ../platform/ip/system/system_alt_vip_cl_tpg_0.ip ;               ; 50a06c2851a7436d6f775f8269d08280 ;
; ../../../../../QuartusProjects/VVP_IP_Validation/resampler_II/platform/ip/system/system_alt_vip_cl_tpg_0/alt_vip_video_output_bridge_2360/synth/modules/alt_vip_common_message_pipeline_stage/src_hdl/alt_vip_common_message_pipeline_stage.sv  ; Encrypted Altera IP File                                                    ; /mnt/ssd2/QuartusProjects/VVP_IP_Validation/resampler_II/platform/ip/system/system_alt_vip_cl_tpg_0/alt_vip_video_output_bridge_2360/synth/modules/alt_vip_common_message_pipeline_stage/src_hdl/alt_vip_common_message_pipeline_stage.sv  ; alt_vip_video_output_bridge_2360     ; ../platform/ip/system/system_alt_vip_cl_tpg_0.ip ;               ; 6d49f20627354e27078883072c690187 ;
; ../../../../../QuartusProjects/VVP_IP_Validation/resampler_II/platform/ip/system/system_alt_vip_cl_tpg_0/alt_vip_video_output_bridge_2360/synth/modules/alt_vip_common_sop_align/src_hdl/alt_vip_common_sop_align.sv                            ; Encrypted Altera IP File                                                    ; /mnt/ssd2/QuartusProjects/VVP_IP_Validation/resampler_II/platform/ip/system/system_alt_vip_cl_tpg_0/alt_vip_video_output_bridge_2360/synth/modules/alt_vip_common_sop_align/src_hdl/alt_vip_common_sop_align.sv                            ; alt_vip_video_output_bridge_2360     ; ../platform/ip/system/system_alt_vip_cl_tpg_0.ip ;               ; ba4c676653c89bbf2064e65253b17310 ;
; ../../../../../QuartusProjects/VVP_IP_Validation/resampler_II/platform/ip/system/system_alt_vip_cl_tpg_0/alt_vip_video_output_bridge_2360/synth/src_hdl/alt_vip_video_output_bridge.sv                                                          ; Encrypted Altera IP File                                                    ; /mnt/ssd2/QuartusProjects/VVP_IP_Validation/resampler_II/platform/ip/system/system_alt_vip_cl_tpg_0/alt_vip_video_output_bridge_2360/synth/src_hdl/alt_vip_video_output_bridge.sv                                                          ; alt_vip_video_output_bridge_2360     ; ../platform/ip/system/system_alt_vip_cl_tpg_0.ip ;               ; b50550c2aa137481e32587893264cc50 ;
; ../../../../../QuartusProjects/VVP_IP_Validation/resampler_II/platform/ip/system/system_alt_vip_cl_tpg_0/alt_vip_video_output_bridge_2360/synth/src_hdl/alt_vip_video_output_bridge.ocp                                                         ; Encrypted Altera IP File                                                    ; /mnt/ssd2/QuartusProjects/VVP_IP_Validation/resampler_II/platform/ip/system/system_alt_vip_cl_tpg_0/alt_vip_video_output_bridge_2360/synth/src_hdl/alt_vip_video_output_bridge.ocp                                                         ; alt_vip_video_output_bridge_2360     ; ../platform/ip/system/system_alt_vip_cl_tpg_0.ip ;               ; a5eb311e2bc231b2d13a5af78e726441 ;
; ../../../../../QuartusProjects/VVP_IP_Validation/resampler_II/platform/ip/system/system_alt_vip_cl_tpg_0/alt_vip_tpg_multi_scheduler_2360/synth/common/alt_vip_common_pkg.sv                                                                    ; Encrypted Altera IP File                                                    ; /mnt/ssd2/QuartusProjects/VVP_IP_Validation/resampler_II/platform/ip/system/system_alt_vip_cl_tpg_0/alt_vip_tpg_multi_scheduler_2360/synth/common/alt_vip_common_pkg.sv                                                                    ; alt_vip_tpg_multi_scheduler_2360     ; ../platform/ip/system/system_alt_vip_cl_tpg_0.ip ;               ; a9481d4a2e9ce3a88f4a2356ea215132 ;
; ../../../../../QuartusProjects/VVP_IP_Validation/resampler_II/platform/ip/system/system_alt_vip_cl_tpg_0/alt_vip_tpg_multi_scheduler_2360/synth/modules/alt_vip_common_event_packet_decode/src_hdl/alt_vip_common_event_packet_decode.sv        ; Encrypted Altera IP File                                                    ; /mnt/ssd2/QuartusProjects/VVP_IP_Validation/resampler_II/platform/ip/system/system_alt_vip_cl_tpg_0/alt_vip_tpg_multi_scheduler_2360/synth/modules/alt_vip_common_event_packet_decode/src_hdl/alt_vip_common_event_packet_decode.sv        ; alt_vip_tpg_multi_scheduler_2360     ; ../platform/ip/system/system_alt_vip_cl_tpg_0.ip ;               ; 3f9f5e98771de9e963731dd8b78467da ;
; ../../../../../QuartusProjects/VVP_IP_Validation/resampler_II/platform/ip/system/system_alt_vip_cl_tpg_0/alt_vip_tpg_multi_scheduler_2360/synth/modules/alt_vip_common_event_packet_encode/src_hdl/alt_vip_common_event_packet_encode.sv        ; Encrypted Altera IP File                                                    ; /mnt/ssd2/QuartusProjects/VVP_IP_Validation/resampler_II/platform/ip/system/system_alt_vip_cl_tpg_0/alt_vip_tpg_multi_scheduler_2360/synth/modules/alt_vip_common_event_packet_encode/src_hdl/alt_vip_common_event_packet_encode.sv        ; alt_vip_tpg_multi_scheduler_2360     ; ../platform/ip/system/system_alt_vip_cl_tpg_0.ip ;               ; 50a06c2851a7436d6f775f8269d08280 ;
; ../../../../../QuartusProjects/VVP_IP_Validation/resampler_II/platform/ip/system/system_alt_vip_cl_tpg_0/alt_vip_tpg_multi_scheduler_2360/synth/modules/alt_vip_common_slave_interface/src_hdl/alt_vip_common_slave_interface.sv                ; Encrypted Altera IP File                                                    ; /mnt/ssd2/QuartusProjects/VVP_IP_Validation/resampler_II/platform/ip/system/system_alt_vip_cl_tpg_0/alt_vip_tpg_multi_scheduler_2360/synth/modules/alt_vip_common_slave_interface/src_hdl/alt_vip_common_slave_interface.sv                ; alt_vip_tpg_multi_scheduler_2360     ; ../platform/ip/system/system_alt_vip_cl_tpg_0.ip ;               ; 0a2120bc7d8b7ae8012b97b5a23966f5 ;
; ../../../../../QuartusProjects/VVP_IP_Validation/resampler_II/platform/ip/system/system_alt_vip_cl_tpg_0/alt_vip_tpg_multi_scheduler_2360/synth/modules/alt_vip_common_slave_interface/src_hdl/alt_vip_common_slave_interface_mux.sv            ; Encrypted Altera IP File                                                    ; /mnt/ssd2/QuartusProjects/VVP_IP_Validation/resampler_II/platform/ip/system/system_alt_vip_cl_tpg_0/alt_vip_tpg_multi_scheduler_2360/synth/modules/alt_vip_common_slave_interface/src_hdl/alt_vip_common_slave_interface_mux.sv            ; alt_vip_tpg_multi_scheduler_2360     ; ../platform/ip/system/system_alt_vip_cl_tpg_0.ip ;               ; 3c706ca3abba9744d08266da42381ac8 ;
; ../../../../../QuartusProjects/VVP_IP_Validation/resampler_II/platform/ip/system/system_alt_vip_cl_tpg_0/alt_vip_tpg_multi_scheduler_2360/synth/src_hdl/alt_vip_tpg_multi_scheduler.sv                                                          ; Encrypted Altera IP File                                                    ; /mnt/ssd2/QuartusProjects/VVP_IP_Validation/resampler_II/platform/ip/system/system_alt_vip_cl_tpg_0/alt_vip_tpg_multi_scheduler_2360/synth/src_hdl/alt_vip_tpg_multi_scheduler.sv                                                          ; alt_vip_tpg_multi_scheduler_2360     ; ../platform/ip/system/system_alt_vip_cl_tpg_0.ip ;               ; b318f9cdbd7d7c8f1de2812d7fa98579 ;
; ../../../../../QuartusProjects/VVP_IP_Validation/resampler_II/platform/ip/system/system_alt_vip_cl_tpg_0/alt_vip_tpg_multi_scheduler_2360/synth/src_hdl/alt_vip_tpg_multi_scheduler.ocp                                                         ; Encrypted Altera IP File                                                    ; /mnt/ssd2/QuartusProjects/VVP_IP_Validation/resampler_II/platform/ip/system/system_alt_vip_cl_tpg_0/alt_vip_tpg_multi_scheduler_2360/synth/src_hdl/alt_vip_tpg_multi_scheduler.ocp                                                         ;                                      ; ../platform/ip/system/system_alt_vip_cl_tpg_0.ip ;               ;                                  ;
; ../../../../../QuartusProjects/VVP_IP_Validation/resampler_II/platform/ip/system/system_alt_vip_cl_tpg_0/alt_vip_tpg_multi_scheduler_2360/synth/system_alt_vip_cl_tpg_0_alt_vip_tpg_multi_scheduler_2360_ktdghqa.sv                             ; User-Specified SystemVerilog HDL File                                       ; /mnt/ssd2/QuartusProjects/VVP_IP_Validation/resampler_II/platform/ip/system/system_alt_vip_cl_tpg_0/alt_vip_tpg_multi_scheduler_2360/synth/system_alt_vip_cl_tpg_0_alt_vip_tpg_multi_scheduler_2360_ktdghqa.sv                             ; alt_vip_tpg_multi_scheduler_2360     ; ../platform/ip/system/system_alt_vip_cl_tpg_0.ip ;               ; f98b4adc67ac35022e08095e1582f73a ;
; ../../../../../QuartusProjects/VVP_IP_Validation/resampler_II/platform/ip/system/system_alt_vip_cl_tpg_0/alt_vip_tpg_bars_alg_core_2360/synth/common/alt_vip_common_pkg.sv                                                                      ; Encrypted Altera IP File                                                    ; /mnt/ssd2/QuartusProjects/VVP_IP_Validation/resampler_II/platform/ip/system/system_alt_vip_cl_tpg_0/alt_vip_tpg_bars_alg_core_2360/synth/common/alt_vip_common_pkg.sv                                                                      ; alt_vip_tpg_bars_alg_core_2360       ; ../platform/ip/system/system_alt_vip_cl_tpg_0.ip ;               ; a9481d4a2e9ce3a88f4a2356ea215132 ;
; ../../../../../QuartusProjects/VVP_IP_Validation/resampler_II/platform/ip/system/system_alt_vip_cl_tpg_0/alt_vip_tpg_bars_alg_core_2360/synth/modules/alt_vip_common_event_packet_decode/src_hdl/alt_vip_common_event_packet_decode.sv          ; Encrypted Altera IP File                                                    ; /mnt/ssd2/QuartusProjects/VVP_IP_Validation/resampler_II/platform/ip/system/system_alt_vip_cl_tpg_0/alt_vip_tpg_bars_alg_core_2360/synth/modules/alt_vip_common_event_packet_decode/src_hdl/alt_vip_common_event_packet_decode.sv          ; alt_vip_tpg_bars_alg_core_2360       ; ../platform/ip/system/system_alt_vip_cl_tpg_0.ip ;               ; 3f9f5e98771de9e963731dd8b78467da ;
; ../../../../../QuartusProjects/VVP_IP_Validation/resampler_II/platform/ip/system/system_alt_vip_cl_tpg_0/alt_vip_tpg_bars_alg_core_2360/synth/modules/alt_vip_common_event_packet_encode/src_hdl/alt_vip_common_event_packet_encode.sv          ; Encrypted Altera IP File                                                    ; /mnt/ssd2/QuartusProjects/VVP_IP_Validation/resampler_II/platform/ip/system/system_alt_vip_cl_tpg_0/alt_vip_tpg_bars_alg_core_2360/synth/modules/alt_vip_common_event_packet_encode/src_hdl/alt_vip_common_event_packet_encode.sv          ; alt_vip_tpg_bars_alg_core_2360       ; ../platform/ip/system/system_alt_vip_cl_tpg_0.ip ;               ; 50a06c2851a7436d6f775f8269d08280 ;
; ../../../../../QuartusProjects/VVP_IP_Validation/resampler_II/platform/ip/system/system_alt_vip_cl_tpg_0/alt_vip_tpg_bars_alg_core_2360/synth/src_hdl/alt_vip_tpg_bars_alg_core.sv                                                              ; Encrypted Altera IP File                                                    ; /mnt/ssd2/QuartusProjects/VVP_IP_Validation/resampler_II/platform/ip/system/system_alt_vip_cl_tpg_0/alt_vip_tpg_bars_alg_core_2360/synth/src_hdl/alt_vip_tpg_bars_alg_core.sv                                                              ; alt_vip_tpg_bars_alg_core_2360       ; ../platform/ip/system/system_alt_vip_cl_tpg_0.ip ;               ; f68269f9e999e00342b3b6af533d1e88 ;
; ../../../../../QuartusProjects/VVP_IP_Validation/resampler_II/platform/ip/system/system_alt_vip_cl_tpg_0/alt_vip_tpg_bars_alg_core_2360/synth/src_hdl/alt_vip_tpg_bars_alg_core_par_lut.sv                                                      ; Encrypted Altera IP File                                                    ; /mnt/ssd2/QuartusProjects/VVP_IP_Validation/resampler_II/platform/ip/system/system_alt_vip_cl_tpg_0/alt_vip_tpg_bars_alg_core_2360/synth/src_hdl/alt_vip_tpg_bars_alg_core_par_lut.sv                                                      ; alt_vip_tpg_bars_alg_core_2360       ; ../platform/ip/system/system_alt_vip_cl_tpg_0.ip ;               ; 3662189d051a1811b005eebc8dda60e3 ;
; ../../../../../QuartusProjects/VVP_IP_Validation/resampler_II/platform/ip/system/system_alt_vip_cl_tpg_0/alt_vip_tpg_bars_alg_core_2360/synth/src_hdl/alt_vip_tpg_bars_alg_core_seq_lut.sv                                                      ; Encrypted Altera IP File                                                    ; /mnt/ssd2/QuartusProjects/VVP_IP_Validation/resampler_II/platform/ip/system/system_alt_vip_cl_tpg_0/alt_vip_tpg_bars_alg_core_2360/synth/src_hdl/alt_vip_tpg_bars_alg_core_seq_lut.sv                                                      ; alt_vip_tpg_bars_alg_core_2360       ; ../platform/ip/system/system_alt_vip_cl_tpg_0.ip ;               ; 1542456702f031b7db2fb088964deab9 ;
; ../../../../../QuartusProjects/VVP_IP_Validation/resampler_II/platform/ip/system/system_alt_vip_cl_tpg_0/alt_vip_tpg_bars_alg_core_2360/synth/src_hdl/alt_vip_tpg_bars_alg_core.ocp                                                             ; Encrypted Altera IP File                                                    ; /mnt/ssd2/QuartusProjects/VVP_IP_Validation/resampler_II/platform/ip/system/system_alt_vip_cl_tpg_0/alt_vip_tpg_bars_alg_core_2360/synth/src_hdl/alt_vip_tpg_bars_alg_core.ocp                                                             ;                                      ; ../platform/ip/system/system_alt_vip_cl_tpg_0.ip ;               ;                                  ;
; ../../../../../QuartusProjects/VVP_IP_Validation/resampler_II/platform/ip/system/system_alt_vip_cl_tpg_0/alt_vip_cl_tpg_2360/synth/system_alt_vip_cl_tpg_0_alt_vip_cl_tpg_2360_qjrno4y.v                                                        ; User-Specified Verilog HDL File                                             ; /mnt/ssd2/QuartusProjects/VVP_IP_Validation/resampler_II/platform/ip/system/system_alt_vip_cl_tpg_0/alt_vip_cl_tpg_2360/synth/system_alt_vip_cl_tpg_0_alt_vip_cl_tpg_2360_qjrno4y.v                                                        ; alt_vip_cl_tpg_2360                  ; ../platform/ip/system/system_alt_vip_cl_tpg_0.ip ;               ; 8e628f7b10bf3106c8a5f2aaf146d7af ;
; ../../../../../QuartusProjects/VVP_IP_Validation/resampler_II/platform/ip/system/system_alt_vip_cl_tpg_0/synth/system_alt_vip_cl_tpg_0.v                                                                                                        ; User-Specified Verilog HDL File                                             ; /mnt/ssd2/QuartusProjects/VVP_IP_Validation/resampler_II/platform/ip/system/system_alt_vip_cl_tpg_0/synth/system_alt_vip_cl_tpg_0.v                                                                                                        ; system_alt_vip_cl_tpg_0              ; ../platform/ip/system/system_alt_vip_cl_tpg_0.ip ;               ; 601f8eb8115242d4318281dee12a58fc ;
; ../../../../../QuartusProjects/VVP_IP_Validation/resampler_II/platform/ip/system/system_alt_vip_cl_crs_0.ip                                                                                                                                     ; User-Specified IP File                                                      ; /mnt/ssd2/QuartusProjects/VVP_IP_Validation/resampler_II/platform/ip/system/system_alt_vip_cl_crs_0.ip                                                                                                                                     ;                                      ;                                                  ;               ; cab85b5125f27d2d0ed9543cba0fdd29 ;
; ../../../../../QuartusProjects/VVP_IP_Validation/resampler_II/platform/ip/system/system_alt_vip_cl_crs_0/alt_vip_video_input_bridge_resp_2360/synth/common/alt_vip_common_pkg.sv                                                                ; Encrypted Altera IP File                                                    ; /mnt/ssd2/QuartusProjects/VVP_IP_Validation/resampler_II/platform/ip/system/system_alt_vip_cl_crs_0/alt_vip_video_input_bridge_resp_2360/synth/common/alt_vip_common_pkg.sv                                                                ; alt_vip_video_input_bridge_resp_2360 ; ../platform/ip/system/system_alt_vip_cl_crs_0.ip ;               ; a9481d4a2e9ce3a88f4a2356ea215132 ;
; ../../../../../QuartusProjects/VVP_IP_Validation/resampler_II/platform/ip/system/system_alt_vip_cl_crs_0/alt_vip_video_input_bridge_resp_2360/synth/modules/alt_vip_common_event_packet_decode/src_hdl/alt_vip_common_event_packet_decode.sv    ; Encrypted Altera IP File                                                    ; /mnt/ssd2/QuartusProjects/VVP_IP_Validation/resampler_II/platform/ip/system/system_alt_vip_cl_crs_0/alt_vip_video_input_bridge_resp_2360/synth/modules/alt_vip_common_event_packet_decode/src_hdl/alt_vip_common_event_packet_decode.sv    ; alt_vip_video_input_bridge_resp_2360 ; ../platform/ip/system/system_alt_vip_cl_crs_0.ip ;               ; 3f9f5e98771de9e963731dd8b78467da ;
; ../../../../../QuartusProjects/VVP_IP_Validation/resampler_II/platform/ip/system/system_alt_vip_cl_crs_0/alt_vip_video_input_bridge_resp_2360/synth/modules/alt_vip_common_event_packet_encode/src_hdl/alt_vip_common_event_packet_encode.sv    ; Encrypted Altera IP File                                                    ; /mnt/ssd2/QuartusProjects/VVP_IP_Validation/resampler_II/platform/ip/system/system_alt_vip_cl_crs_0/alt_vip_video_input_bridge_resp_2360/synth/modules/alt_vip_common_event_packet_encode/src_hdl/alt_vip_common_event_packet_encode.sv    ; alt_vip_video_input_bridge_resp_2360 ; ../platform/ip/system/system_alt_vip_cl_crs_0.ip ;               ; 50a06c2851a7436d6f775f8269d08280 ;
; ../../../../../QuartusProjects/VVP_IP_Validation/resampler_II/platform/ip/system/system_alt_vip_cl_crs_0/alt_vip_video_input_bridge_resp_2360/synth/modules/alt_vip_common_video_packet_decode/src_hdl/alt_vip_common_latency_1_to_latency_0.sv ; Encrypted Altera IP File                                                    ; /mnt/ssd2/QuartusProjects/VVP_IP_Validation/resampler_II/platform/ip/system/system_alt_vip_cl_crs_0/alt_vip_video_input_bridge_resp_2360/synth/modules/alt_vip_common_video_packet_decode/src_hdl/alt_vip_common_latency_1_to_latency_0.sv ; alt_vip_video_input_bridge_resp_2360 ; ../platform/ip/system/system_alt_vip_cl_crs_0.ip ;               ; 401c14a33e01aae5c76044e22ce53a2a ;
; ../../../../../QuartusProjects/VVP_IP_Validation/resampler_II/platform/ip/system/system_alt_vip_cl_crs_0/alt_vip_video_input_bridge_resp_2360/synth/modules/alt_vip_common_video_packet_decode/src_hdl/alt_vip_common_video_packet_decode.sv    ; Encrypted Altera IP File                                                    ; /mnt/ssd2/QuartusProjects/VVP_IP_Validation/resampler_II/platform/ip/system/system_alt_vip_cl_crs_0/alt_vip_video_input_bridge_resp_2360/synth/modules/alt_vip_common_video_packet_decode/src_hdl/alt_vip_common_video_packet_decode.sv    ; alt_vip_video_input_bridge_resp_2360 ; ../platform/ip/system/system_alt_vip_cl_crs_0.ip ;               ; 97883a574b9e7d3d7b992fd37e9518be ;
; ../../../../../QuartusProjects/VVP_IP_Validation/resampler_II/platform/ip/system/system_alt_vip_cl_crs_0/alt_vip_video_input_bridge_resp_2360/synth/src_hdl/alt_vip_video_input_bridge_resp.sv                                                  ; Encrypted Altera IP File                                                    ; /mnt/ssd2/QuartusProjects/VVP_IP_Validation/resampler_II/platform/ip/system/system_alt_vip_cl_crs_0/alt_vip_video_input_bridge_resp_2360/synth/src_hdl/alt_vip_video_input_bridge_resp.sv                                                  ; alt_vip_video_input_bridge_resp_2360 ; ../platform/ip/system/system_alt_vip_cl_crs_0.ip ;               ; 96c133dcfabe81588b44af925c069d10 ;
; ../../../../../QuartusProjects/VVP_IP_Validation/resampler_II/platform/ip/system/system_alt_vip_cl_crs_0/alt_vip_video_output_bridge_2360/synth/common/alt_vip_common_pkg.sv                                                                    ; Encrypted Altera IP File                                                    ; /mnt/ssd2/QuartusProjects/VVP_IP_Validation/resampler_II/platform/ip/system/system_alt_vip_cl_crs_0/alt_vip_video_output_bridge_2360/synth/common/alt_vip_common_pkg.sv                                                                    ; alt_vip_video_output_bridge_2360     ; ../platform/ip/system/system_alt_vip_cl_crs_0.ip ;               ; a9481d4a2e9ce3a88f4a2356ea215132 ;
; ../../../../../QuartusProjects/VVP_IP_Validation/resampler_II/platform/ip/system/system_alt_vip_cl_crs_0/alt_vip_video_output_bridge_2360/synth/modules/alt_vip_common_video_packet_encode/src_hdl/alt_vip_common_latency_0_to_latency_1.sv     ; Encrypted Altera IP File                                                    ; /mnt/ssd2/QuartusProjects/VVP_IP_Validation/resampler_II/platform/ip/system/system_alt_vip_cl_crs_0/alt_vip_video_output_bridge_2360/synth/modules/alt_vip_common_video_packet_encode/src_hdl/alt_vip_common_latency_0_to_latency_1.sv     ; alt_vip_video_output_bridge_2360     ; ../platform/ip/system/system_alt_vip_cl_crs_0.ip ;               ; c45c651fc8e8315732f9ab8b9faeb590 ;
; ../../../../../QuartusProjects/VVP_IP_Validation/resampler_II/platform/ip/system/system_alt_vip_cl_crs_0/alt_vip_video_output_bridge_2360/synth/modules/alt_vip_common_video_packet_encode/src_hdl/alt_vip_common_video_packet_empty.sv         ; Encrypted Altera IP File                                                    ; /mnt/ssd2/QuartusProjects/VVP_IP_Validation/resampler_II/platform/ip/system/system_alt_vip_cl_crs_0/alt_vip_video_output_bridge_2360/synth/modules/alt_vip_common_video_packet_encode/src_hdl/alt_vip_common_video_packet_empty.sv         ; alt_vip_video_output_bridge_2360     ; ../platform/ip/system/system_alt_vip_cl_crs_0.ip ;               ; 0cb6333b151b1f9387c6d73522f9896f ;
; ../../../../../QuartusProjects/VVP_IP_Validation/resampler_II/platform/ip/system/system_alt_vip_cl_crs_0/alt_vip_video_output_bridge_2360/synth/modules/alt_vip_common_video_packet_encode/src_hdl/alt_vip_common_video_packet_encode.sv        ; Encrypted Altera IP File                                                    ; /mnt/ssd2/QuartusProjects/VVP_IP_Validation/resampler_II/platform/ip/system/system_alt_vip_cl_crs_0/alt_vip_video_output_bridge_2360/synth/modules/alt_vip_common_video_packet_encode/src_hdl/alt_vip_common_video_packet_encode.sv        ; alt_vip_video_output_bridge_2360     ; ../platform/ip/system/system_alt_vip_cl_crs_0.ip ;               ; 655b08c192f32cc9f6f030dad747c490 ;
; ../../../../../QuartusProjects/VVP_IP_Validation/resampler_II/platform/ip/system/system_alt_vip_cl_crs_0/alt_vip_video_output_bridge_2360/synth/modules/alt_vip_common_event_packet_decode/src_hdl/alt_vip_common_event_packet_decode.sv        ; Encrypted Altera IP File                                                    ; /mnt/ssd2/QuartusProjects/VVP_IP_Validation/resampler_II/platform/ip/system/system_alt_vip_cl_crs_0/alt_vip_video_output_bridge_2360/synth/modules/alt_vip_common_event_packet_decode/src_hdl/alt_vip_common_event_packet_decode.sv        ; alt_vip_video_output_bridge_2360     ; ../platform/ip/system/system_alt_vip_cl_crs_0.ip ;               ; 3f9f5e98771de9e963731dd8b78467da ;
; ../../../../../QuartusProjects/VVP_IP_Validation/resampler_II/platform/ip/system/system_alt_vip_cl_crs_0/alt_vip_video_output_bridge_2360/synth/modules/alt_vip_common_event_packet_encode/src_hdl/alt_vip_common_event_packet_encode.sv        ; Encrypted Altera IP File                                                    ; /mnt/ssd2/QuartusProjects/VVP_IP_Validation/resampler_II/platform/ip/system/system_alt_vip_cl_crs_0/alt_vip_video_output_bridge_2360/synth/modules/alt_vip_common_event_packet_encode/src_hdl/alt_vip_common_event_packet_encode.sv        ; alt_vip_video_output_bridge_2360     ; ../platform/ip/system/system_alt_vip_cl_crs_0.ip ;               ; 50a06c2851a7436d6f775f8269d08280 ;
; ../../../../../QuartusProjects/VVP_IP_Validation/resampler_II/platform/ip/system/system_alt_vip_cl_crs_0/alt_vip_video_output_bridge_2360/synth/modules/alt_vip_common_message_pipeline_stage/src_hdl/alt_vip_common_message_pipeline_stage.sv  ; Encrypted Altera IP File                                                    ; /mnt/ssd2/QuartusProjects/VVP_IP_Validation/resampler_II/platform/ip/system/system_alt_vip_cl_crs_0/alt_vip_video_output_bridge_2360/synth/modules/alt_vip_common_message_pipeline_stage/src_hdl/alt_vip_common_message_pipeline_stage.sv  ; alt_vip_video_output_bridge_2360     ; ../platform/ip/system/system_alt_vip_cl_crs_0.ip ;               ; 6d49f20627354e27078883072c690187 ;
; ../../../../../QuartusProjects/VVP_IP_Validation/resampler_II/platform/ip/system/system_alt_vip_cl_crs_0/alt_vip_video_output_bridge_2360/synth/modules/alt_vip_common_sop_align/src_hdl/alt_vip_common_sop_align.sv                            ; Encrypted Altera IP File                                                    ; /mnt/ssd2/QuartusProjects/VVP_IP_Validation/resampler_II/platform/ip/system/system_alt_vip_cl_crs_0/alt_vip_video_output_bridge_2360/synth/modules/alt_vip_common_sop_align/src_hdl/alt_vip_common_sop_align.sv                            ; alt_vip_video_output_bridge_2360     ; ../platform/ip/system/system_alt_vip_cl_crs_0.ip ;               ; ba4c676653c89bbf2064e65253b17310 ;
; ../../../../../QuartusProjects/VVP_IP_Validation/resampler_II/platform/ip/system/system_alt_vip_cl_crs_0/alt_vip_video_output_bridge_2360/synth/src_hdl/alt_vip_video_output_bridge.sv                                                          ; Encrypted Altera IP File                                                    ; /mnt/ssd2/QuartusProjects/VVP_IP_Validation/resampler_II/platform/ip/system/system_alt_vip_cl_crs_0/alt_vip_video_output_bridge_2360/synth/src_hdl/alt_vip_video_output_bridge.sv                                                          ; alt_vip_video_output_bridge_2360     ; ../platform/ip/system/system_alt_vip_cl_crs_0.ip ;               ; b50550c2aa137481e32587893264cc50 ;
; ../../../../../QuartusProjects/VVP_IP_Validation/resampler_II/platform/ip/system/system_alt_vip_cl_crs_0/alt_vip_video_output_bridge_2360/synth/src_hdl/alt_vip_video_output_bridge.ocp                                                         ; Encrypted Altera IP File                                                    ; /mnt/ssd2/QuartusProjects/VVP_IP_Validation/resampler_II/platform/ip/system/system_alt_vip_cl_crs_0/alt_vip_video_output_bridge_2360/synth/src_hdl/alt_vip_video_output_bridge.ocp                                                         ; alt_vip_video_output_bridge_2360     ; ../platform/ip/system/system_alt_vip_cl_crs_0.ip ;               ; a5eb311e2bc231b2d13a5af78e726441 ;
; ../../../../../QuartusProjects/VVP_IP_Validation/resampler_II/platform/ip/system/system_alt_vip_cl_crs_0/alt_vip_video_input_bridge_cmd_2360/synth/common/alt_vip_common_pkg.sv                                                                 ; Encrypted Altera IP File                                                    ; /mnt/ssd2/QuartusProjects/VVP_IP_Validation/resampler_II/platform/ip/system/system_alt_vip_cl_crs_0/alt_vip_video_input_bridge_cmd_2360/synth/common/alt_vip_common_pkg.sv                                                                 ; alt_vip_video_input_bridge_cmd_2360  ; ../platform/ip/system/system_alt_vip_cl_crs_0.ip ;               ; a9481d4a2e9ce3a88f4a2356ea215132 ;
; ../../../../../QuartusProjects/VVP_IP_Validation/resampler_II/platform/ip/system/system_alt_vip_cl_crs_0/alt_vip_video_input_bridge_cmd_2360/synth/modules/alt_vip_common_event_packet_decode/src_hdl/alt_vip_common_event_packet_decode.sv     ; Encrypted Altera IP File                                                    ; /mnt/ssd2/QuartusProjects/VVP_IP_Validation/resampler_II/platform/ip/system/system_alt_vip_cl_crs_0/alt_vip_video_input_bridge_cmd_2360/synth/modules/alt_vip_common_event_packet_decode/src_hdl/alt_vip_common_event_packet_decode.sv     ; alt_vip_video_input_bridge_cmd_2360  ; ../platform/ip/system/system_alt_vip_cl_crs_0.ip ;               ; 3f9f5e98771de9e963731dd8b78467da ;
; ../../../../../QuartusProjects/VVP_IP_Validation/resampler_II/platform/ip/system/system_alt_vip_cl_crs_0/alt_vip_video_input_bridge_cmd_2360/synth/modules/alt_vip_common_event_packet_encode/src_hdl/alt_vip_common_event_packet_encode.sv     ; Encrypted Altera IP File                                                    ; /mnt/ssd2/QuartusProjects/VVP_IP_Validation/resampler_II/platform/ip/system/system_alt_vip_cl_crs_0/alt_vip_video_input_bridge_cmd_2360/synth/modules/alt_vip_common_event_packet_encode/src_hdl/alt_vip_common_event_packet_encode.sv     ; alt_vip_video_input_bridge_cmd_2360  ; ../platform/ip/system/system_alt_vip_cl_crs_0.ip ;               ; 50a06c2851a7436d6f775f8269d08280 ;
; ../../../../../QuartusProjects/VVP_IP_Validation/resampler_II/platform/ip/system/system_alt_vip_cl_crs_0/alt_vip_video_input_bridge_cmd_2360/synth/src_hdl/alt_vip_video_input_bridge_cmd.sv                                                    ; Encrypted Altera IP File                                                    ; /mnt/ssd2/QuartusProjects/VVP_IP_Validation/resampler_II/platform/ip/system/system_alt_vip_cl_crs_0/alt_vip_video_input_bridge_cmd_2360/synth/src_hdl/alt_vip_video_input_bridge_cmd.sv                                                    ; alt_vip_video_input_bridge_cmd_2360  ; ../platform/ip/system/system_alt_vip_cl_crs_0.ip ;               ; 6647a6d769a8a07bd094e354ef58887e ;
; ../../../../../QuartusProjects/VVP_IP_Validation/resampler_II/platform/ip/system/system_alt_vip_cl_crs_0/alt_vip_pip_converter_core_2360/synth/common/alt_vip_common_pkg.sv                                                                     ; Encrypted Altera IP File                                                    ; /mnt/ssd2/QuartusProjects/VVP_IP_Validation/resampler_II/platform/ip/system/system_alt_vip_cl_crs_0/alt_vip_pip_converter_core_2360/synth/common/alt_vip_common_pkg.sv                                                                     ; alt_vip_pip_converter_core_2360      ; ../platform/ip/system/system_alt_vip_cl_crs_0.ip ;               ; a9481d4a2e9ce3a88f4a2356ea215132 ;
; ../../../../../QuartusProjects/VVP_IP_Validation/resampler_II/platform/ip/system/system_alt_vip_cl_crs_0/alt_vip_pip_converter_core_2360/synth/modules/alt_vip_common_event_packet_decode/src_hdl/alt_vip_common_event_packet_decode.sv         ; Encrypted Altera IP File                                                    ; /mnt/ssd2/QuartusProjects/VVP_IP_Validation/resampler_II/platform/ip/system/system_alt_vip_cl_crs_0/alt_vip_pip_converter_core_2360/synth/modules/alt_vip_common_event_packet_decode/src_hdl/alt_vip_common_event_packet_decode.sv         ; alt_vip_pip_converter_core_2360      ; ../platform/ip/system/system_alt_vip_cl_crs_0.ip ;               ; 3f9f5e98771de9e963731dd8b78467da ;
; ../../../../../QuartusProjects/VVP_IP_Validation/resampler_II/platform/ip/system/system_alt_vip_cl_crs_0/alt_vip_pip_converter_core_2360/synth/modules/alt_vip_common_event_packet_encode/src_hdl/alt_vip_common_event_packet_encode.sv         ; Encrypted Altera IP File                                                    ; /mnt/ssd2/QuartusProjects/VVP_IP_Validation/resampler_II/platform/ip/system/system_alt_vip_cl_crs_0/alt_vip_pip_converter_core_2360/synth/modules/alt_vip_common_event_packet_encode/src_hdl/alt_vip_common_event_packet_encode.sv         ; alt_vip_pip_converter_core_2360      ; ../platform/ip/system/system_alt_vip_cl_crs_0.ip ;               ; 50a06c2851a7436d6f775f8269d08280 ;
; ../../../../../QuartusProjects/VVP_IP_Validation/resampler_II/platform/ip/system/system_alt_vip_cl_crs_0/alt_vip_pip_converter_core_2360/synth/modules/alt_vip_common_fifo2/src_hdl/alt_vip_common_fifo2.sv                                     ; Encrypted Altera IP File                                                    ; /mnt/ssd2/QuartusProjects/VVP_IP_Validation/resampler_II/platform/ip/system/system_alt_vip_cl_crs_0/alt_vip_pip_converter_core_2360/synth/modules/alt_vip_common_fifo2/src_hdl/alt_vip_common_fifo2.sv                                     ; alt_vip_pip_converter_core_2360      ; ../platform/ip/system/system_alt_vip_cl_crs_0.ip ;               ; 74b99dfe8f83f0c9b97ce9147b8d349b ;
; ../../../../../QuartusProjects/VVP_IP_Validation/resampler_II/platform/ip/system/system_alt_vip_cl_crs_0/alt_vip_pip_converter_core_2360/synth/src_hdl/alt_vip_pip_converter_core.sv                                                            ; Encrypted Altera IP File                                                    ; /mnt/ssd2/QuartusProjects/VVP_IP_Validation/resampler_II/platform/ip/system/system_alt_vip_cl_crs_0/alt_vip_pip_converter_core_2360/synth/src_hdl/alt_vip_pip_converter_core.sv                                                            ; alt_vip_pip_converter_core_2360      ; ../platform/ip/system/system_alt_vip_cl_crs_0.ip ;               ; 5a3b788c1bbc778e303e7a32f1445a5f ;
; ../../../../../QuartusProjects/VVP_IP_Validation/resampler_II/platform/ip/system/system_alt_vip_cl_crs_0/alt_vip_pip_converter_core_2360/synth/modules/alt_vip_common_fifo2/src_hdl/alt_vip_common_fifo2.sdc                                    ; User-Specified SDC File (Read by the Timing Analyzer at each fitter stage)  ; /mnt/ssd2/QuartusProjects/VVP_IP_Validation/resampler_II/platform/ip/system/system_alt_vip_cl_crs_0/alt_vip_pip_converter_core_2360/synth/modules/alt_vip_common_fifo2/src_hdl/alt_vip_common_fifo2.sdc                                    ; alt_vip_pip_converter_core_2360      ; ../platform/ip/system/system_alt_vip_cl_crs_0.ip ;               ; 54d5faa4a708557a7571173f02a6ec77 ;
; ../../../../../QuartusProjects/VVP_IP_Validation/resampler_II/platform/ip/system/system_alt_vip_cl_crs_0/alt_vip_packet_demux_2360/synth/common/alt_vip_common_pkg.sv                                                                           ; Encrypted Altera IP File                                                    ; /mnt/ssd2/QuartusProjects/VVP_IP_Validation/resampler_II/platform/ip/system/system_alt_vip_cl_crs_0/alt_vip_packet_demux_2360/synth/common/alt_vip_common_pkg.sv                                                                           ; alt_vip_packet_demux_2360            ; ../platform/ip/system/system_alt_vip_cl_crs_0.ip ;               ; a9481d4a2e9ce3a88f4a2356ea215132 ;
; ../../../../../QuartusProjects/VVP_IP_Validation/resampler_II/platform/ip/system/system_alt_vip_cl_crs_0/alt_vip_packet_demux_2360/synth/modules/alt_vip_common_event_packet_decode/src_hdl/alt_vip_common_event_packet_decode.sv               ; Encrypted Altera IP File                                                    ; /mnt/ssd2/QuartusProjects/VVP_IP_Validation/resampler_II/platform/ip/system/system_alt_vip_cl_crs_0/alt_vip_packet_demux_2360/synth/modules/alt_vip_common_event_packet_decode/src_hdl/alt_vip_common_event_packet_decode.sv               ; alt_vip_packet_demux_2360            ; ../platform/ip/system/system_alt_vip_cl_crs_0.ip ;               ; 3f9f5e98771de9e963731dd8b78467da ;
; ../../../../../QuartusProjects/VVP_IP_Validation/resampler_II/platform/ip/system/system_alt_vip_cl_crs_0/alt_vip_packet_demux_2360/synth/modules/alt_vip_common_event_packet_encode/src_hdl/alt_vip_common_event_packet_encode.sv               ; Encrypted Altera IP File                                                    ; /mnt/ssd2/QuartusProjects/VVP_IP_Validation/resampler_II/platform/ip/system/system_alt_vip_cl_crs_0/alt_vip_packet_demux_2360/synth/modules/alt_vip_common_event_packet_encode/src_hdl/alt_vip_common_event_packet_encode.sv               ; alt_vip_packet_demux_2360            ; ../platform/ip/system/system_alt_vip_cl_crs_0.ip ;               ; 50a06c2851a7436d6f775f8269d08280 ;
; ../../../../../QuartusProjects/VVP_IP_Validation/resampler_II/platform/ip/system/system_alt_vip_cl_crs_0/alt_vip_packet_demux_2360/synth/src_hdl/alt_vip_packet_demux.sv                                                                        ; Encrypted Altera IP File                                                    ; /mnt/ssd2/QuartusProjects/VVP_IP_Validation/resampler_II/platform/ip/system/system_alt_vip_cl_crs_0/alt_vip_packet_demux_2360/synth/src_hdl/alt_vip_packet_demux.sv                                                                        ; alt_vip_packet_demux_2360            ; ../platform/ip/system/system_alt_vip_cl_crs_0.ip ;               ; 7fa42b756c87d2651ce7dddd177a2e49 ;
; ../../../../../QuartusProjects/VVP_IP_Validation/resampler_II/platform/ip/system/system_alt_vip_cl_crs_0/alt_vip_crs_h_up_core_2360/synth/common/alt_vip_common_pkg.sv                                                                          ; Encrypted Altera IP File                                                    ; /mnt/ssd2/QuartusProjects/VVP_IP_Validation/resampler_II/platform/ip/system/system_alt_vip_cl_crs_0/alt_vip_crs_h_up_core_2360/synth/common/alt_vip_common_pkg.sv                                                                          ; alt_vip_crs_h_up_core_2360           ; ../platform/ip/system/system_alt_vip_cl_crs_0.ip ;               ; a9481d4a2e9ce3a88f4a2356ea215132 ;
; ../../../../../QuartusProjects/VVP_IP_Validation/resampler_II/platform/ip/system/system_alt_vip_cl_crs_0/alt_vip_crs_h_up_core_2360/synth/modules/alt_vip_common_event_packet_decode/src_hdl/alt_vip_common_event_packet_decode.sv              ; Encrypted Altera IP File                                                    ; /mnt/ssd2/QuartusProjects/VVP_IP_Validation/resampler_II/platform/ip/system/system_alt_vip_cl_crs_0/alt_vip_crs_h_up_core_2360/synth/modules/alt_vip_common_event_packet_decode/src_hdl/alt_vip_common_event_packet_decode.sv              ; alt_vip_crs_h_up_core_2360           ; ../platform/ip/system/system_alt_vip_cl_crs_0.ip ;               ; 3f9f5e98771de9e963731dd8b78467da ;
; ../../../../../QuartusProjects/VVP_IP_Validation/resampler_II/platform/ip/system/system_alt_vip_cl_crs_0/alt_vip_crs_h_up_core_2360/synth/modules/alt_vip_common_event_packet_encode/src_hdl/alt_vip_common_event_packet_encode.sv              ; Encrypted Altera IP File                                                    ; /mnt/ssd2/QuartusProjects/VVP_IP_Validation/resampler_II/platform/ip/system/system_alt_vip_cl_crs_0/alt_vip_crs_h_up_core_2360/synth/modules/alt_vip_common_event_packet_encode/src_hdl/alt_vip_common_event_packet_encode.sv              ; alt_vip_crs_h_up_core_2360           ; ../platform/ip/system/system_alt_vip_cl_crs_0.ip ;               ; 50a06c2851a7436d6f775f8269d08280 ;
; ../../../../../QuartusProjects/VVP_IP_Validation/resampler_II/platform/ip/system/system_alt_vip_cl_crs_0/alt_vip_crs_h_up_core_2360/synth/modules/alt_vip_common_h_kernel/src_hdl/alt_vip_common_h_kernel.sv                                    ; Encrypted Altera IP File                                                    ; /mnt/ssd2/QuartusProjects/VVP_IP_Validation/resampler_II/platform/ip/system/system_alt_vip_cl_crs_0/alt_vip_crs_h_up_core_2360/synth/modules/alt_vip_common_h_kernel/src_hdl/alt_vip_common_h_kernel.sv                                    ; alt_vip_crs_h_up_core_2360           ; ../platform/ip/system/system_alt_vip_cl_crs_0.ip ;               ; fe092735b2f622da73c186f9790bab35 ;
; ../../../../../QuartusProjects/VVP_IP_Validation/resampler_II/platform/ip/system/system_alt_vip_cl_crs_0/alt_vip_crs_h_up_core_2360/synth/modules/alt_vip_common_h_kernel/src_hdl/alt_vip_common_h_kernel_par.sv                                ; Encrypted Altera IP File                                                    ; /mnt/ssd2/QuartusProjects/VVP_IP_Validation/resampler_II/platform/ip/system/system_alt_vip_cl_crs_0/alt_vip_crs_h_up_core_2360/synth/modules/alt_vip_common_h_kernel/src_hdl/alt_vip_common_h_kernel_par.sv                                ; alt_vip_crs_h_up_core_2360           ; ../platform/ip/system/system_alt_vip_cl_crs_0.ip ;               ; 5762d7f55875be1bc37b5772cb7c573c ;
; ../../../../../QuartusProjects/VVP_IP_Validation/resampler_II/platform/ip/system/system_alt_vip_cl_crs_0/alt_vip_crs_h_up_core_2360/synth/modules/alt_vip_common_h_kernel/src_hdl/alt_vip_common_h_kernel_seq.sv                                ; Encrypted Altera IP File                                                    ; /mnt/ssd2/QuartusProjects/VVP_IP_Validation/resampler_II/platform/ip/system/system_alt_vip_cl_crs_0/alt_vip_crs_h_up_core_2360/synth/modules/alt_vip_common_h_kernel/src_hdl/alt_vip_common_h_kernel_seq.sv                                ; alt_vip_crs_h_up_core_2360           ; ../platform/ip/system/system_alt_vip_cl_crs_0.ip ;               ; 2f95f2c3593ffa0e2c28385423491b08 ;
; ../../../../../QuartusProjects/VVP_IP_Validation/resampler_II/platform/ip/system/system_alt_vip_cl_crs_0/alt_vip_crs_h_up_core_2360/synth/modules/alt_vip_common_mirror/src_hdl/alt_vip_common_mirror.sv                                        ; Encrypted Altera IP File                                                    ; /mnt/ssd2/QuartusProjects/VVP_IP_Validation/resampler_II/platform/ip/system/system_alt_vip_cl_crs_0/alt_vip_crs_h_up_core_2360/synth/modules/alt_vip_common_mirror/src_hdl/alt_vip_common_mirror.sv                                        ; alt_vip_crs_h_up_core_2360           ; ../platform/ip/system/system_alt_vip_cl_crs_0.ip ;               ; bca78f510a60dd20b275475554041770 ;
; ../../../../../QuartusProjects/VVP_IP_Validation/resampler_II/platform/ip/system/system_alt_vip_cl_crs_0/alt_vip_crs_h_up_core_2360/synth/modules/alt_vip_common_mux_tree/src_hdl/alt_vip_common_mux_tree.sv                                    ; Encrypted Altera IP File                                                    ; /mnt/ssd2/QuartusProjects/VVP_IP_Validation/resampler_II/platform/ip/system/system_alt_vip_cl_crs_0/alt_vip_crs_h_up_core_2360/synth/modules/alt_vip_common_mux_tree/src_hdl/alt_vip_common_mux_tree.sv                                    ; alt_vip_crs_h_up_core_2360           ; ../platform/ip/system/system_alt_vip_cl_crs_0.ip ;               ; 70747956b2927cef85e959d6f1db0018 ;
; ../../../../../QuartusProjects/VVP_IP_Validation/resampler_II/platform/ip/system/system_alt_vip_cl_crs_0/alt_vip_crs_h_up_core_2360/synth/modules/alt_vip_common_round_sat/src_hdl/alt_vip_common_round_sat.sv                                  ; Encrypted Altera IP File                                                    ; /mnt/ssd2/QuartusProjects/VVP_IP_Validation/resampler_II/platform/ip/system/system_alt_vip_cl_crs_0/alt_vip_crs_h_up_core_2360/synth/modules/alt_vip_common_round_sat/src_hdl/alt_vip_common_round_sat.sv                                  ; alt_vip_crs_h_up_core_2360           ; ../platform/ip/system/system_alt_vip_cl_crs_0.ip ;               ; 28c0033d6b618cc33efbb39e07954ffb ;
; ../../../../../QuartusProjects/VVP_IP_Validation/resampler_II/platform/ip/system/system_alt_vip_cl_crs_0/alt_vip_crs_h_up_core_2360/synth/modules/alt_vip_common_mult_add/src_hdl/alt_vip_common_mult_add.sv                                    ; Encrypted Altera IP File                                                    ; /mnt/ssd2/QuartusProjects/VVP_IP_Validation/resampler_II/platform/ip/system/system_alt_vip_cl_crs_0/alt_vip_crs_h_up_core_2360/synth/modules/alt_vip_common_mult_add/src_hdl/alt_vip_common_mult_add.sv                                    ; alt_vip_crs_h_up_core_2360           ; ../platform/ip/system/system_alt_vip_cl_crs_0.ip ;               ; 8ee2d32839d1c8ce0bf404c8d01aeb87 ;
; ../../../../../QuartusProjects/VVP_IP_Validation/resampler_II/platform/ip/system/system_alt_vip_cl_crs_0/alt_vip_crs_h_up_core_2360/synth/modules/alt_vip_common_sop_align/src_hdl/alt_vip_common_sop_align.sv                                  ; Encrypted Altera IP File                                                    ; /mnt/ssd2/QuartusProjects/VVP_IP_Validation/resampler_II/platform/ip/system/system_alt_vip_cl_crs_0/alt_vip_crs_h_up_core_2360/synth/modules/alt_vip_common_sop_align/src_hdl/alt_vip_common_sop_align.sv                                  ; alt_vip_crs_h_up_core_2360           ; ../platform/ip/system/system_alt_vip_cl_crs_0.ip ;               ; ba4c676653c89bbf2064e65253b17310 ;
; ../../../../../QuartusProjects/VVP_IP_Validation/resampler_II/platform/ip/system/system_alt_vip_cl_crs_0/alt_vip_crs_h_up_core_2360/synth/modules/alt_vip_common_seq_par_convert/src_hdl/alt_vip_common_seq_par_convert.sv                      ; Encrypted Altera IP File                                                    ; /mnt/ssd2/QuartusProjects/VVP_IP_Validation/resampler_II/platform/ip/system/system_alt_vip_cl_crs_0/alt_vip_crs_h_up_core_2360/synth/modules/alt_vip_common_seq_par_convert/src_hdl/alt_vip_common_seq_par_convert.sv                      ; alt_vip_crs_h_up_core_2360           ; ../platform/ip/system/system_alt_vip_cl_crs_0.ip ;               ; acdb300a0e03e999d11db9ad7c253cb5 ;
; ../../../../../QuartusProjects/VVP_IP_Validation/resampler_II/platform/ip/system/system_alt_vip_cl_crs_0/alt_vip_crs_h_up_core_2360/synth/src_hdl/alt_vip_crs_h_up_core.sv                                                                      ; Encrypted Altera IP File                                                    ; /mnt/ssd2/QuartusProjects/VVP_IP_Validation/resampler_II/platform/ip/system/system_alt_vip_cl_crs_0/alt_vip_crs_h_up_core_2360/synth/src_hdl/alt_vip_crs_h_up_core.sv                                                                      ; alt_vip_crs_h_up_core_2360           ; ../platform/ip/system/system_alt_vip_cl_crs_0.ip ;               ; 95eb72d9f26ed994bdf6e700a0b5e1a6 ;
; ../../../../../QuartusProjects/VVP_IP_Validation/resampler_II/platform/ip/system/system_alt_vip_cl_crs_0/alt_vip_crs_h_up_core_2360/synth/src_hdl/alt_vip_crs_h_up_core_nn.sv                                                                   ; Encrypted Altera IP File                                                    ; /mnt/ssd2/QuartusProjects/VVP_IP_Validation/resampler_II/platform/ip/system/system_alt_vip_cl_crs_0/alt_vip_crs_h_up_core_2360/synth/src_hdl/alt_vip_crs_h_up_core_nn.sv                                                                   ; alt_vip_crs_h_up_core_2360           ; ../platform/ip/system/system_alt_vip_cl_crs_0.ip ;               ; 49747fd91dd94f868b4f42809e0b4cf5 ;
; ../../../../../QuartusProjects/VVP_IP_Validation/resampler_II/platform/ip/system/system_alt_vip_cl_crs_0/alt_vip_crs_h_up_core_2360/synth/src_hdl/alt_vip_crs_h_up_core_bl.sv                                                                   ; Encrypted Altera IP File                                                    ; /mnt/ssd2/QuartusProjects/VVP_IP_Validation/resampler_II/platform/ip/system/system_alt_vip_cl_crs_0/alt_vip_crs_h_up_core_2360/synth/src_hdl/alt_vip_crs_h_up_core_bl.sv                                                                   ; alt_vip_crs_h_up_core_2360           ; ../platform/ip/system/system_alt_vip_cl_crs_0.ip ;               ; fa17f100e7a00d914bd3017b6517615d ;
; ../../../../../QuartusProjects/VVP_IP_Validation/resampler_II/platform/ip/system/system_alt_vip_cl_crs_0/alt_vip_crs_h_up_core_2360/synth/src_hdl/alt_vip_crs_h_up_core_ft.sv                                                                   ; Encrypted Altera IP File                                                    ; /mnt/ssd2/QuartusProjects/VVP_IP_Validation/resampler_II/platform/ip/system/system_alt_vip_cl_crs_0/alt_vip_crs_h_up_core_2360/synth/src_hdl/alt_vip_crs_h_up_core_ft.sv                                                                   ; alt_vip_crs_h_up_core_2360           ; ../platform/ip/system/system_alt_vip_cl_crs_0.ip ;               ; b198558e4f351c7da0261f4eaad64976 ;
; ../../../../../QuartusProjects/VVP_IP_Validation/resampler_II/platform/ip/system/system_alt_vip_cl_crs_0/alt_vip_crs_h_up_core_2360/synth/src_hdl/alt_vip_crs_h_up_core_la.sv                                                                   ; Encrypted Altera IP File                                                    ; /mnt/ssd2/QuartusProjects/VVP_IP_Validation/resampler_II/platform/ip/system/system_alt_vip_cl_crs_0/alt_vip_crs_h_up_core_2360/synth/src_hdl/alt_vip_crs_h_up_core_la.sv                                                                   ; alt_vip_crs_h_up_core_2360           ; ../platform/ip/system/system_alt_vip_cl_crs_0.ip ;               ; 573a643343429117b13967475288daec ;
; ../../../../../QuartusProjects/VVP_IP_Validation/resampler_II/platform/ip/system/system_alt_vip_cl_crs_0/alt_vip_crs_h_up_core_2360/synth/src_hdl/alt_vip_crs_h_up_core.ocp                                                                     ; Encrypted Altera IP File                                                    ; /mnt/ssd2/QuartusProjects/VVP_IP_Validation/resampler_II/platform/ip/system/system_alt_vip_cl_crs_0/alt_vip_crs_h_up_core_2360/synth/src_hdl/alt_vip_crs_h_up_core.ocp                                                                     ; alt_vip_crs_h_up_core_2360           ; ../platform/ip/system/system_alt_vip_cl_crs_0.ip ;               ; 249e48884ae82c0a01dfc9f0dbcbfa5f ;
; ../../../../../QuartusProjects/VVP_IP_Validation/resampler_II/platform/ip/system/system_alt_vip_cl_crs_0/alt_vip_cpp_converter_2360/synth/common/alt_vip_common_pkg.sv                                                                          ; Encrypted Altera IP File                                                    ; /mnt/ssd2/QuartusProjects/VVP_IP_Validation/resampler_II/platform/ip/system/system_alt_vip_cl_crs_0/alt_vip_cpp_converter_2360/synth/common/alt_vip_common_pkg.sv                                                                          ; alt_vip_cpp_converter_2360           ; ../platform/ip/system/system_alt_vip_cl_crs_0.ip ;               ; a9481d4a2e9ce3a88f4a2356ea215132 ;
; ../../../../../QuartusProjects/VVP_IP_Validation/resampler_II/platform/ip/system/system_alt_vip_cl_crs_0/alt_vip_cpp_converter_2360/synth/modules/alt_vip_common_event_packet_decode/src_hdl/alt_vip_common_event_packet_decode.sv              ; Encrypted Altera IP File                                                    ; /mnt/ssd2/QuartusProjects/VVP_IP_Validation/resampler_II/platform/ip/system/system_alt_vip_cl_crs_0/alt_vip_cpp_converter_2360/synth/modules/alt_vip_common_event_packet_decode/src_hdl/alt_vip_common_event_packet_decode.sv              ; alt_vip_cpp_converter_2360           ; ../platform/ip/system/system_alt_vip_cl_crs_0.ip ;               ; 3f9f5e98771de9e963731dd8b78467da ;
; ../../../../../QuartusProjects/VVP_IP_Validation/resampler_II/platform/ip/system/system_alt_vip_cl_crs_0/alt_vip_cpp_converter_2360/synth/modules/alt_vip_common_event_packet_encode/src_hdl/alt_vip_common_event_packet_encode.sv              ; Encrypted Altera IP File                                                    ; /mnt/ssd2/QuartusProjects/VVP_IP_Validation/resampler_II/platform/ip/system/system_alt_vip_cl_crs_0/alt_vip_cpp_converter_2360/synth/modules/alt_vip_common_event_packet_encode/src_hdl/alt_vip_common_event_packet_encode.sv              ; alt_vip_cpp_converter_2360           ; ../platform/ip/system/system_alt_vip_cl_crs_0.ip ;               ; 50a06c2851a7436d6f775f8269d08280 ;
; ../../../../../QuartusProjects/VVP_IP_Validation/resampler_II/platform/ip/system/system_alt_vip_cl_crs_0/alt_vip_cpp_converter_2360/synth/modules/alt_vip_common_fifo2/src_hdl/alt_vip_common_fifo2.sv                                          ; Encrypted Altera IP File                                                    ; /mnt/ssd2/QuartusProjects/VVP_IP_Validation/resampler_II/platform/ip/system/system_alt_vip_cl_crs_0/alt_vip_cpp_converter_2360/synth/modules/alt_vip_common_fifo2/src_hdl/alt_vip_common_fifo2.sv                                          ; alt_vip_cpp_converter_2360           ; ../platform/ip/system/system_alt_vip_cl_crs_0.ip ;               ; 74b99dfe8f83f0c9b97ce9147b8d349b ;
; ../../../../../QuartusProjects/VVP_IP_Validation/resampler_II/platform/ip/system/system_alt_vip_cl_crs_0/alt_vip_cpp_converter_2360/synth/src_hdl/alt_vip_cpp_converter.sv                                                                      ; Encrypted Altera IP File                                                    ; /mnt/ssd2/QuartusProjects/VVP_IP_Validation/resampler_II/platform/ip/system/system_alt_vip_cl_crs_0/alt_vip_cpp_converter_2360/synth/src_hdl/alt_vip_cpp_converter.sv                                                                      ; alt_vip_cpp_converter_2360           ; ../platform/ip/system/system_alt_vip_cl_crs_0.ip ;               ; c19e0e8ef3baf1147ae19fbc88bb82d2 ;
; ../../../../../QuartusProjects/VVP_IP_Validation/resampler_II/platform/ip/system/system_alt_vip_cl_crs_0/alt_vip_cpp_converter_2360/synth/modules/alt_vip_common_fifo2/src_hdl/alt_vip_common_fifo2.sdc                                         ; User-Specified SDC File (Read by the Timing Analyzer at each fitter stage)  ; /mnt/ssd2/QuartusProjects/VVP_IP_Validation/resampler_II/platform/ip/system/system_alt_vip_cl_crs_0/alt_vip_cpp_converter_2360/synth/modules/alt_vip_common_fifo2/src_hdl/alt_vip_common_fifo2.sdc                                         ; alt_vip_cpp_converter_2360           ; ../platform/ip/system/system_alt_vip_cl_crs_0.ip ;               ; 54d5faa4a708557a7571173f02a6ec77 ;
; ../../../../../QuartusProjects/VVP_IP_Validation/resampler_II/platform/ip/system/system_alt_vip_cl_crs_0/alt_vip_packet_mux_2360/synth/common/alt_vip_common_pkg.sv                                                                             ; Encrypted Altera IP File                                                    ; /mnt/ssd2/QuartusProjects/VVP_IP_Validation/resampler_II/platform/ip/system/system_alt_vip_cl_crs_0/alt_vip_packet_mux_2360/synth/common/alt_vip_common_pkg.sv                                                                             ; alt_vip_packet_mux_2360              ; ../platform/ip/system/system_alt_vip_cl_crs_0.ip ;               ; a9481d4a2e9ce3a88f4a2356ea215132 ;
; ../../../../../QuartusProjects/VVP_IP_Validation/resampler_II/platform/ip/system/system_alt_vip_cl_crs_0/alt_vip_packet_mux_2360/synth/modules/alt_vip_common_event_packet_decode/src_hdl/alt_vip_common_event_packet_decode.sv                 ; Encrypted Altera IP File                                                    ; /mnt/ssd2/QuartusProjects/VVP_IP_Validation/resampler_II/platform/ip/system/system_alt_vip_cl_crs_0/alt_vip_packet_mux_2360/synth/modules/alt_vip_common_event_packet_decode/src_hdl/alt_vip_common_event_packet_decode.sv                 ; alt_vip_packet_mux_2360              ; ../platform/ip/system/system_alt_vip_cl_crs_0.ip ;               ; 3f9f5e98771de9e963731dd8b78467da ;
; ../../../../../QuartusProjects/VVP_IP_Validation/resampler_II/platform/ip/system/system_alt_vip_cl_crs_0/alt_vip_packet_mux_2360/synth/modules/alt_vip_common_event_packet_encode/src_hdl/alt_vip_common_event_packet_encode.sv                 ; Encrypted Altera IP File                                                    ; /mnt/ssd2/QuartusProjects/VVP_IP_Validation/resampler_II/platform/ip/system/system_alt_vip_cl_crs_0/alt_vip_packet_mux_2360/synth/modules/alt_vip_common_event_packet_encode/src_hdl/alt_vip_common_event_packet_encode.sv                 ; alt_vip_packet_mux_2360              ; ../platform/ip/system/system_alt_vip_cl_crs_0.ip ;               ; 50a06c2851a7436d6f775f8269d08280 ;
; ../../../../../QuartusProjects/VVP_IP_Validation/resampler_II/platform/ip/system/system_alt_vip_cl_crs_0/alt_vip_packet_mux_2360/synth/modules/alt_vip_common_mux_tree/src_hdl/alt_vip_common_mux_tree.sv                                       ; Encrypted Altera IP File                                                    ; /mnt/ssd2/QuartusProjects/VVP_IP_Validation/resampler_II/platform/ip/system/system_alt_vip_cl_crs_0/alt_vip_packet_mux_2360/synth/modules/alt_vip_common_mux_tree/src_hdl/alt_vip_common_mux_tree.sv                                       ; alt_vip_packet_mux_2360              ; ../platform/ip/system/system_alt_vip_cl_crs_0.ip ;               ; 70747956b2927cef85e959d6f1db0018 ;
; ../../../../../QuartusProjects/VVP_IP_Validation/resampler_II/platform/ip/system/system_alt_vip_cl_crs_0/alt_vip_packet_mux_2360/synth/src_hdl/alt_vip_packet_mux.sv                                                                            ; Encrypted Altera IP File                                                    ; /mnt/ssd2/QuartusProjects/VVP_IP_Validation/resampler_II/platform/ip/system/system_alt_vip_cl_crs_0/alt_vip_packet_mux_2360/synth/src_hdl/alt_vip_packet_mux.sv                                                                            ; alt_vip_packet_mux_2360              ; ../platform/ip/system/system_alt_vip_cl_crs_0.ip ;               ; 8f8c0418702ba047c99f651a70c5831e ;
; ../../../../../QuartusProjects/VVP_IP_Validation/resampler_II/platform/ip/system/system_alt_vip_cl_crs_0/alt_vip_cl_crs_422_to_var_2360/synth/system_alt_vip_cl_crs_0_alt_vip_cl_crs_422_to_var_2360_xj5jyii.v                                  ; User-Specified Verilog HDL File                                             ; /mnt/ssd2/QuartusProjects/VVP_IP_Validation/resampler_II/platform/ip/system/system_alt_vip_cl_crs_0/alt_vip_cl_crs_422_to_var_2360/synth/system_alt_vip_cl_crs_0_alt_vip_cl_crs_422_to_var_2360_xj5jyii.v                                  ; alt_vip_cl_crs_422_to_var_2360       ; ../platform/ip/system/system_alt_vip_cl_crs_0.ip ;               ; 636a6677a8aac29a18f29be53c31d670 ;
; ../../../../../QuartusProjects/VVP_IP_Validation/resampler_II/platform/ip/system/system_alt_vip_cl_crs_0/alt_vip_crs_scheduler_2360/synth/common/alt_vip_common_pkg.sv                                                                          ; Encrypted Altera IP File                                                    ; /mnt/ssd2/QuartusProjects/VVP_IP_Validation/resampler_II/platform/ip/system/system_alt_vip_cl_crs_0/alt_vip_crs_scheduler_2360/synth/common/alt_vip_common_pkg.sv                                                                          ; alt_vip_crs_scheduler_2360           ; ../platform/ip/system/system_alt_vip_cl_crs_0.ip ;               ; a9481d4a2e9ce3a88f4a2356ea215132 ;
; ../../../../../QuartusProjects/VVP_IP_Validation/resampler_II/platform/ip/system/system_alt_vip_cl_crs_0/alt_vip_crs_scheduler_2360/synth/modules/alt_vip_common_event_packet_decode/src_hdl/alt_vip_common_event_packet_decode.sv              ; Encrypted Altera IP File                                                    ; /mnt/ssd2/QuartusProjects/VVP_IP_Validation/resampler_II/platform/ip/system/system_alt_vip_cl_crs_0/alt_vip_crs_scheduler_2360/synth/modules/alt_vip_common_event_packet_decode/src_hdl/alt_vip_common_event_packet_decode.sv              ; alt_vip_crs_scheduler_2360           ; ../platform/ip/system/system_alt_vip_cl_crs_0.ip ;               ; 3f9f5e98771de9e963731dd8b78467da ;
; ../../../../../QuartusProjects/VVP_IP_Validation/resampler_II/platform/ip/system/system_alt_vip_cl_crs_0/alt_vip_crs_scheduler_2360/synth/modules/alt_vip_common_event_packet_encode/src_hdl/alt_vip_common_event_packet_encode.sv              ; Encrypted Altera IP File                                                    ; /mnt/ssd2/QuartusProjects/VVP_IP_Validation/resampler_II/platform/ip/system/system_alt_vip_cl_crs_0/alt_vip_crs_scheduler_2360/synth/modules/alt_vip_common_event_packet_encode/src_hdl/alt_vip_common_event_packet_encode.sv              ; alt_vip_crs_scheduler_2360           ; ../platform/ip/system/system_alt_vip_cl_crs_0.ip ;               ; 50a06c2851a7436d6f775f8269d08280 ;
; ../../../../../QuartusProjects/VVP_IP_Validation/resampler_II/platform/ip/system/system_alt_vip_cl_crs_0/alt_vip_crs_scheduler_2360/synth/modules/alt_vip_common_slave_interface/src_hdl/alt_vip_common_slave_interface.sv                      ; Encrypted Altera IP File                                                    ; /mnt/ssd2/QuartusProjects/VVP_IP_Validation/resampler_II/platform/ip/system/system_alt_vip_cl_crs_0/alt_vip_crs_scheduler_2360/synth/modules/alt_vip_common_slave_interface/src_hdl/alt_vip_common_slave_interface.sv                      ; alt_vip_crs_scheduler_2360           ; ../platform/ip/system/system_alt_vip_cl_crs_0.ip ;               ; 0a2120bc7d8b7ae8012b97b5a23966f5 ;
; ../../../../../QuartusProjects/VVP_IP_Validation/resampler_II/platform/ip/system/system_alt_vip_cl_crs_0/alt_vip_crs_scheduler_2360/synth/modules/alt_vip_common_slave_interface/src_hdl/alt_vip_common_slave_interface_mux.sv                  ; Encrypted Altera IP File                                                    ; /mnt/ssd2/QuartusProjects/VVP_IP_Validation/resampler_II/platform/ip/system/system_alt_vip_cl_crs_0/alt_vip_crs_scheduler_2360/synth/modules/alt_vip_common_slave_interface/src_hdl/alt_vip_common_slave_interface_mux.sv                  ; alt_vip_crs_scheduler_2360           ; ../platform/ip/system/system_alt_vip_cl_crs_0.ip ;               ; 3c706ca3abba9744d08266da42381ac8 ;
; ../../../../../QuartusProjects/VVP_IP_Validation/resampler_II/platform/ip/system/system_alt_vip_cl_crs_0/alt_vip_crs_scheduler_2360/synth/src_hdl/alt_vip_crs_scheduler.sv                                                                      ; Encrypted Altera IP File                                                    ; /mnt/ssd2/QuartusProjects/VVP_IP_Validation/resampler_II/platform/ip/system/system_alt_vip_cl_crs_0/alt_vip_crs_scheduler_2360/synth/src_hdl/alt_vip_crs_scheduler.sv                                                                      ; alt_vip_crs_scheduler_2360           ; ../platform/ip/system/system_alt_vip_cl_crs_0.ip ;               ; 0a735d402c8f0cfea6de39541eeff4ef ;
; ../../../../../QuartusProjects/VVP_IP_Validation/resampler_II/platform/ip/system/system_alt_vip_cl_crs_0/alt_vip_crs_scheduler_2360/synth/src_hdl/alt_vip_crs_scheduler.ocp                                                                     ; Encrypted Altera IP File                                                    ; /mnt/ssd2/QuartusProjects/VVP_IP_Validation/resampler_II/platform/ip/system/system_alt_vip_cl_crs_0/alt_vip_crs_scheduler_2360/synth/src_hdl/alt_vip_crs_scheduler.ocp                                                                     ;                                      ; ../platform/ip/system/system_alt_vip_cl_crs_0.ip ;               ;                                  ;
; ../../../../../QuartusProjects/VVP_IP_Validation/resampler_II/platform/ip/system/system_alt_vip_cl_crs_0/alt_vip_cl_crs_2360/synth/system_alt_vip_cl_crs_0_alt_vip_cl_crs_2360_dbzwawy.v                                                        ; User-Specified Verilog HDL File                                             ; /mnt/ssd2/QuartusProjects/VVP_IP_Validation/resampler_II/platform/ip/system/system_alt_vip_cl_crs_0/alt_vip_cl_crs_2360/synth/system_alt_vip_cl_crs_0_alt_vip_cl_crs_2360_dbzwawy.v                                                        ; alt_vip_cl_crs_2360                  ; ../platform/ip/system/system_alt_vip_cl_crs_0.ip ;               ; 3788a6dd90a18d0b80a02b1a2f1ded0f ;
; ../../../../../QuartusProjects/VVP_IP_Validation/resampler_II/platform/ip/system/system_alt_vip_cl_crs_0/synth/system_alt_vip_cl_crs_0.v                                                                                                        ; User-Specified Verilog HDL File                                             ; /mnt/ssd2/QuartusProjects/VVP_IP_Validation/resampler_II/platform/ip/system/system_alt_vip_cl_crs_0/synth/system_alt_vip_cl_crs_0.v                                                                                                        ; system_alt_vip_cl_crs_0              ; ../platform/ip/system/system_alt_vip_cl_crs_0.ip ;               ; 3aec2ec7d42e7a4a9fb5a28c85a79338 ;
; ../../../../../QuartusProjects/VVP_IP_Validation/resampler_II/rtl/resampling_checker.v                                                                                                                                                          ; User-Specified Verilog HDL File                                             ; /mnt/ssd2/QuartusProjects/VVP_IP_Validation/resampler_II/rtl/resampling_checker.v                                                                                                                                                          ;                                      ;                                                  ;               ; 216b4d48ea6774c96f0d019fb634db7f ;
; /mnt/ssd2/Quartus_Setup_Installation/quartus/libraries/megafunctions/altera_ocp_endpoint.vhd                                                                                                                                                    ; Encrypted Megafunction                                                      ; /mnt/ssd2/Quartus_Setup_Installation/quartus/libraries/megafunctions/altera_ocp_endpoint.vhd                                                                                                                                               ; altera_sld                           ;                                                  ;               ;                                  ;
; /mnt/ssd2/Quartus_Setup_Installation/quartus/libraries/megafunctions/altera_fabric_endpoint.vhd                                                                                                                                                 ; Encrypted Megafunction                                                      ; /mnt/ssd2/Quartus_Setup_Installation/quartus/libraries/megafunctions/altera_fabric_endpoint.vhd                                                                                                                                            ; altera_work                          ;                                                  ;               ;                                  ;
; /mnt/ssd2/Quartus_Setup_Installation/quartus/libraries/megafunctions/lpm_divide.tdf                                                                                                                                                             ; Megafunction                                                                ; /mnt/ssd2/Quartus_Setup_Installation/quartus/libraries/megafunctions/lpm_divide.tdf                                                                                                                                                        ; work                                 ;                                                  ;               ;                                  ;
; abs_divider.inc                                                                                                                                                                                                                                 ; Auto-Found File                                                             ; /mnt/ssd2/Quartus_Setup_Installation/quartus/libraries/megafunctions/abs_divider.inc                                                                                                                                                       ;                                      ;                                                  ;               ;                                  ;
; sign_div_unsign.inc                                                                                                                                                                                                                             ; Auto-Found File                                                             ; /mnt/ssd2/Quartus_Setup_Installation/quartus/libraries/megafunctions/sign_div_unsign.inc                                                                                                                                                   ;                                      ;                                                  ;               ;                                  ;
; aglobal251.inc                                                                                                                                                                                                                                  ; Auto-Found File                                                             ; /mnt/ssd2/Quartus_Setup_Installation/quartus/libraries/megafunctions/aglobal251.inc                                                                                                                                                        ;                                      ;                                                  ;               ;                                  ;
; cbx.lst                                                                                                                                                                                                                                         ; Auto-Found Unspecified File                                                 ; /mnt/ssd2/Quartus_Setup_Installation/quartus/libraries/megafunctions/cbx.lst                                                                                                                                                               ;                                      ;                                                  ;               ;                                  ;
; /mnt/ssd2/Talha/gitrepos/VVP_IP_Validation/resampler_II/quartus/tmp-clearbox/resampler/1176692/alt_u_div_0i3d.tdf                                                                                                                               ; Auto-Generated Megafunction                                                 ; /mnt/ssd2/Talha/gitrepos/VVP_IP_Validation/resampler_II/quartus/tmp-clearbox/resampler/1176692/alt_u_div_0i3d.tdf                                                                                                                          ;                                      ;                                                  ;               ;                                  ;
; /mnt/ssd2/Talha/gitrepos/VVP_IP_Validation/resampler_II/quartus/tmp-clearbox/resampler/1176692/lpm_divide_aknr1.tdf                                                                                                                             ; Auto-Generated Megafunction                                                 ; /mnt/ssd2/Talha/gitrepos/VVP_IP_Validation/resampler_II/quartus/tmp-clearbox/resampler/1176692/lpm_divide_aknr1.tdf                                                                                                                        ;                                      ;                                                  ;               ;                                  ;
; /mnt/ssd2/Talha/gitrepos/VVP_IP_Validation/resampler_II/quartus/tmp-clearbox/resampler/1176692/sign_div_unsign_1bss1.tdf                                                                                                                        ; Auto-Generated Megafunction                                                 ; /mnt/ssd2/Talha/gitrepos/VVP_IP_Validation/resampler_II/quartus/tmp-clearbox/resampler/1176692/sign_div_unsign_1bss1.tdf                                                                                                                   ;                                      ;                                                  ;               ;                                  ;
+-------------------------------------------------------------------------------------------------------------------------------------------------------------------------------------------------------------------------------------------------+-----------------------------------------------------------------------------+--------------------------------------------------------------------------------------------------------------------------------------------------------------------------------------------------------------------------------------------+--------------------------------------+--------------------------------------------------+---------------+----------------------------------+


+----------------------------------------------------------------------------------------------------------------------------------------------------------------------------------------------------------------------------------------------------------------------------------------------------------------------------------------+
; Synthesis IP Cores Summary                                                                                                                                                                                                                                                                                                             ;
+-------------------+----------------------------------+----------------------------------+------------+----------------------------------+---------+--------------+---------------+--------------------------------------------------------------------------------------------------+--------------------------------------------------+
; Vendor            ; IP Name                          ; Product Name                     ; Product ID ; IP Core Name                     ; Version ; Release Date ; License Type  ; Entity Instance                                                                                  ; IP Include File                                  ;
+-------------------+----------------------------------+----------------------------------+------------+----------------------------------+---------+--------------+---------------+--------------------------------------------------------------------------------------------------+--------------------------------------------------+
; N/A               ; <Platform Designer>              ; N/A                              ; N/A        ; QsysPrimePro                     ; 25.1.1  ; N/A          ; N/A           ; dut                                                                                              ; ../platform/system.qsys                          ;
; Intel Corporation ; <Platform Designer>              ; N/A                              ; N/A        ; QsysPrimePro                     ; 25.1.1  ; N/A          ; N/A           ; dut|reset_in                                                                                     ; ../platform/ip/system/system_reset_in.ip         ;
; Intel Corporation ; alt_vip_cl_tpg                   ; N/A                              ; N/A        ; alt_vip_cl_tpg                   ; 23.6.0  ; N/A          ; N/A           ; dut|alt_vip_cl_tpg_0                                                                             ; ../platform/ip/system/system_alt_vip_cl_tpg_0.ip ;
; Intel Corporation ; alt_vip_tpg_multi_scheduler      ; N/A                              ; N/A        ; alt_vip_tpg_multi_scheduler      ; 23.6.0  ; N/A          ; N/A           ; dut|alt_vip_cl_tpg_0|alt_vip_cl_tpg_0|scheduler                                                  ; ../platform/ip/system/system_alt_vip_cl_tpg_0.ip ;
; Intel Corporation ; Video and Image Processing Suite ; Video and Image Processing Suite ; 6AF7_00EE  ; Video and Image Processing Suite ; N/A     ; N/A          ; OpenCore Plus ; dut|alt_vip_cl_tpg_0|alt_vip_cl_tpg_0|scheduler|tpg_multi_scheduler_inst                         ;                                                  ;
; Intel Corporation ; 6AF7_FFFF                        ; N/A                              ; 6AF7_FFFF  ; 6AF7_FFFF                        ; N/A     ; N/A          ; Licensed      ; dut|alt_vip_cl_tpg_0|alt_vip_cl_tpg_0|scheduler|tpg_multi_scheduler_inst|ac_cmd_encoder          ;                                                  ;
; Intel Corporation ; 6AF7_FFFF                        ; N/A                              ; 6AF7_FFFF  ; 6AF7_FFFF                        ; N/A     ; N/A          ; Licensed      ; dut|alt_vip_cl_tpg_0|alt_vip_cl_tpg_0|scheduler|tpg_multi_scheduler_inst|vob_cmd_encoder         ;                                                  ;
; Intel Corporation ; 6AF7_FFFF                        ; N/A                              ; 6AF7_FFFF  ; 6AF7_FFFF                        ; N/A     ; N/A          ; Licensed      ; dut|alt_vip_cl_tpg_0|alt_vip_cl_tpg_0|video_out                                                  ;                                                  ;
; Intel Corporation ; 6AF7_FFFF                        ; N/A                              ; 6AF7_FFFF  ; 6AF7_FFFF                        ; N/A     ; N/A          ; Licensed      ; dut|alt_vip_cl_tpg_0|alt_vip_cl_tpg_0|video_out|cmd_input                                        ;                                                  ;
; Intel Corporation ; 6AF7_FFFF                        ; N/A                              ; 6AF7_FFFF  ; 6AF7_FFFF                        ; N/A     ; N/A          ; Licensed      ; dut|alt_vip_cl_tpg_0|alt_vip_cl_tpg_0|video_out|data_input                                       ;                                                  ;
; Intel Corporation ; 6AF7_FFFF                        ; N/A                              ; 6AF7_FFFF  ; 6AF7_FFFF                        ; N/A     ; N/A          ; Licensed      ; dut|alt_vip_cl_tpg_0|alt_vip_cl_tpg_0|video_out|din_pipe_stage                                   ;                                                  ;
; Intel Corporation ; 6AF7_FFFF                        ; N/A                              ; 6AF7_FFFF  ; 6AF7_FFFF                        ; N/A     ; N/A          ; Licensed      ; dut|alt_vip_cl_tpg_0|alt_vip_cl_tpg_0|video_out|video_output                                     ;                                                  ;
; Intel Corporation ; 6AF7_FFFF                        ; N/A                              ; 6AF7_FFFF  ; 6AF7_FFFF                        ; N/A     ; N/A          ; Licensed      ; dut|alt_vip_cl_tpg_0|alt_vip_cl_tpg_0|video_out|video_output|empty_converter                     ;                                                  ;
; Intel Corporation ; 6AF7_FFFF                        ; N/A                              ; 6AF7_FFFF  ; 6AF7_FFFF                        ; N/A     ; N/A          ; Licensed      ; dut|alt_vip_cl_tpg_0|alt_vip_cl_tpg_0|video_out|video_output|latency_converter                   ;                                                  ;
; Intel Corporation ; Video and Image Processing Suite ; Video and Image Processing Suite ; 6AF7_00EE  ; Video and Image Processing Suite ; N/A     ; N/A          ; OpenCore Plus ; dut|alt_vip_cl_tpg_0|alt_vip_cl_tpg_0|core_0                                                     ;                                                  ;
; Intel Corporation ; 6AF7_FFFF                        ; N/A                              ; 6AF7_FFFF  ; 6AF7_FFFF                        ; N/A     ; N/A          ; Licensed      ; dut|alt_vip_cl_tpg_0|alt_vip_cl_tpg_0|core_0|cmd_decode                                          ;                                                  ;
; Intel Corporation ; 6AF7_FFFF                        ; N/A                              ; 6AF7_FFFF  ; 6AF7_FFFF                        ; N/A     ; N/A          ; Licensed      ; dut|alt_vip_cl_tpg_0|alt_vip_cl_tpg_0|core_0|dout_encode                                         ;                                                  ;
; Intel Corporation ; Video and Image Processing Suite ; Video and Image Processing Suite ; 6AF7_00EE  ; Video and Image Processing Suite ; N/A     ; N/A          ; OpenCore Plus ; dut|alt_vip_cl_tpg_0|alt_vip_cl_tpg_0|core_0|pip_gen[0].col_gen[0].in_par_lut                    ;                                                  ;
; Intel Corporation ; Video and Image Processing Suite ; Video and Image Processing Suite ; 6AF7_00EE  ; Video and Image Processing Suite ; N/A     ; N/A          ; OpenCore Plus ; dut|alt_vip_cl_tpg_0|alt_vip_cl_tpg_0|core_0|pip_gen[0].col_gen[1].in_par_lut                    ;                                                  ;
; Intel Corporation ; Video and Image Processing Suite ; Video and Image Processing Suite ; 6AF7_00EE  ; Video and Image Processing Suite ; N/A     ; N/A          ; OpenCore Plus ; dut|alt_vip_cl_tpg_0|alt_vip_cl_tpg_0|core_0|pip_gen[1].col_gen[0].in_par_lut                    ;                                                  ;
; Intel Corporation ; Video and Image Processing Suite ; Video and Image Processing Suite ; 6AF7_00EE  ; Video and Image Processing Suite ; N/A     ; N/A          ; OpenCore Plus ; dut|alt_vip_cl_tpg_0|alt_vip_cl_tpg_0|core_0|pip_gen[1].col_gen[1].in_par_lut                    ;                                                  ;
; Intel Corporation ; <Platform Designer>              ; N/A                              ; N/A        ; QsysPrimePro                     ; 25.1.1  ; N/A          ; N/A           ; dut|clock_in                                                                                     ; ../platform/ip/system/system_clock_in.ip         ;
; Intel Corporation ; alt_vip_cl_crs                   ; N/A                              ; N/A        ; alt_vip_cl_crs                   ; 23.6.0  ; N/A          ; N/A           ; dut|alt_vip_cl_crs_0                                                                             ; ../platform/ip/system/system_alt_vip_cl_crs_0.ip ;
; Intel Corporation ; Video and Image Processing Suite ; Video and Image Processing Suite ; 6AF7_00EE  ; Video and Image Processing Suite ; N/A     ; N/A          ; OpenCore Plus ; dut|alt_vip_cl_crs_0|alt_vip_cl_crs_0|scheduler                                                  ;                                                  ;
; Intel Corporation ; 6AF7_FFFF                        ; N/A                              ; 6AF7_FFFF  ; 6AF7_FFFF                        ; N/A     ; N/A          ; Licensed      ; dut|alt_vip_cl_crs_0|alt_vip_cl_crs_0|scheduler|vib_resp_decoder                                 ;                                                  ;
; Intel Corporation ; 6AF7_FFFF                        ; N/A                              ; 6AF7_FFFF  ; 6AF7_FFFF                        ; N/A     ; N/A          ; Licensed      ; dut|alt_vip_cl_crs_0|alt_vip_cl_crs_0|scheduler|vib_cmd_encoder                                  ;                                                  ;
; Intel Corporation ; 6AF7_FFFF                        ; N/A                              ; 6AF7_FFFF  ; 6AF7_FFFF                        ; N/A     ; N/A          ; Licensed      ; dut|alt_vip_cl_crs_0|alt_vip_cl_crs_0|scheduler|mm_cmd_encoder                                   ;                                                  ;
; Intel Corporation ; 6AF7_FFFF                        ; N/A                              ; 6AF7_FFFF  ; 6AF7_FFFF                        ; N/A     ; N/A          ; Licensed      ; dut|alt_vip_cl_crs_0|alt_vip_cl_crs_0|scheduler|vob_cmd_encoder                                  ;                                                  ;
; Intel Corporation ; 6AF7_FFFF                        ; N/A                              ; 6AF7_FFFF  ; 6AF7_FFFF                        ; N/A     ; N/A          ; Licensed      ; dut|alt_vip_cl_crs_0|alt_vip_cl_crs_0|video_in_resp                                              ;                                                  ;
; Intel Corporation ; 6AF7_FFFF                        ; N/A                              ; 6AF7_FFFF  ; 6AF7_FFFF                        ; N/A     ; N/A          ; Licensed      ; dut|alt_vip_cl_crs_0|alt_vip_cl_crs_0|video_in_resp|video_input                                  ;                                                  ;
; Intel Corporation ; 6AF7_FFFF                        ; N/A                              ; 6AF7_FFFF  ; 6AF7_FFFF                        ; N/A     ; N/A          ; Licensed      ; dut|alt_vip_cl_crs_0|alt_vip_cl_crs_0|video_in_resp|video_input|latency_converter                ;                                                  ;
; Intel Corporation ; 6AF7_FFFF                        ; N/A                              ; 6AF7_FFFF  ; 6AF7_FFFF                        ; N/A     ; N/A          ; Licensed      ; dut|alt_vip_cl_crs_0|alt_vip_cl_crs_0|video_in_resp|rsp_output                                   ;                                                  ;
; Intel Corporation ; 6AF7_FFFF                        ; N/A                              ; 6AF7_FFFF  ; 6AF7_FFFF                        ; N/A     ; N/A          ; Licensed      ; dut|alt_vip_cl_crs_0|alt_vip_cl_crs_0|video_in_resp|data_output                                  ;                                                  ;
; Intel Corporation ; 6AF7_FFFF                        ; N/A                              ; 6AF7_FFFF  ; 6AF7_FFFF                        ; N/A     ; N/A          ; Licensed      ; dut|alt_vip_cl_crs_0|alt_vip_cl_crs_0|video_out                                                  ;                                                  ;
; Intel Corporation ; 6AF7_FFFF                        ; N/A                              ; 6AF7_FFFF  ; 6AF7_FFFF                        ; N/A     ; N/A          ; Licensed      ; dut|alt_vip_cl_crs_0|alt_vip_cl_crs_0|video_out|cmd_input                                        ;                                                  ;
; Intel Corporation ; 6AF7_FFFF                        ; N/A                              ; 6AF7_FFFF  ; 6AF7_FFFF                        ; N/A     ; N/A          ; Licensed      ; dut|alt_vip_cl_crs_0|alt_vip_cl_crs_0|video_out|data_input                                       ;                                                  ;
; Intel Corporation ; 6AF7_FFFF                        ; N/A                              ; 6AF7_FFFF  ; 6AF7_FFFF                        ; N/A     ; N/A          ; Licensed      ; dut|alt_vip_cl_crs_0|alt_vip_cl_crs_0|video_out|din_pipe_stage                                   ;                                                  ;
; Intel Corporation ; 6AF7_FFFF                        ; N/A                              ; 6AF7_FFFF  ; 6AF7_FFFF                        ; N/A     ; N/A          ; Licensed      ; dut|alt_vip_cl_crs_0|alt_vip_cl_crs_0|video_out|sop_realigner                                    ;                                                  ;
; Intel Corporation ; 6AF7_FFFF                        ; N/A                              ; 6AF7_FFFF  ; 6AF7_FFFF                        ; N/A     ; N/A          ; Licensed      ; dut|alt_vip_cl_crs_0|alt_vip_cl_crs_0|video_out|video_output                                     ;                                                  ;
; Intel Corporation ; 6AF7_FFFF                        ; N/A                              ; 6AF7_FFFF  ; 6AF7_FFFF                        ; N/A     ; N/A          ; Licensed      ; dut|alt_vip_cl_crs_0|alt_vip_cl_crs_0|video_out|video_output|empty_converter                     ;                                                  ;
; Intel Corporation ; 6AF7_FFFF                        ; N/A                              ; 6AF7_FFFF  ; 6AF7_FFFF                        ; N/A     ; N/A          ; Licensed      ; dut|alt_vip_cl_crs_0|alt_vip_cl_crs_0|video_out|video_output|latency_converter                   ;                                                  ;
; Intel Corporation ; alt_vip_cl_crs_422_to_var        ; N/A                              ; N/A        ; alt_vip_cl_crs_422_to_var        ; 23.6.0  ; N/A          ; N/A           ; dut|alt_vip_cl_crs_0|alt_vip_cl_crs_0|inst_crs_int                                               ; ../platform/ip/system/system_alt_vip_cl_crs_0.ip ;
; Intel Corporation ; 6AF7_FFFF                        ; N/A                              ; 6AF7_FFFF  ; 6AF7_FFFF                        ; N/A     ; N/A          ; Licensed      ; dut|alt_vip_cl_crs_0|alt_vip_cl_crs_0|inst_crs_int|pip_other                                     ;                                                  ;
; Intel Corporation ; 6AF7_FFFF                        ; N/A                              ; 6AF7_FFFF  ; 6AF7_FFFF                        ; N/A     ; N/A          ; Licensed      ; dut|alt_vip_cl_crs_0|alt_vip_cl_crs_0|inst_crs_int|pip_other|din_decode                          ;                                                  ;
; Intel Corporation ; 6AF7_FFFF                        ; N/A                              ; 6AF7_FFFF  ; 6AF7_FFFF                        ; N/A     ; N/A          ; Licensed      ; dut|alt_vip_cl_crs_0|alt_vip_cl_crs_0|inst_crs_int|pip_other|dout_encode                         ;                                                  ;
; Intel Corporation ; 6AF7_FFFF                        ; N/A                              ; 6AF7_FFFF  ; 6AF7_FFFF                        ; N/A     ; N/A          ; Licensed      ; dut|alt_vip_cl_crs_0|alt_vip_cl_crs_0|inst_crs_int|horiz_upsample                                ;                                                  ;
; Intel Corporation ; 6AF7_FFFF                        ; N/A                              ; 6AF7_FFFF  ; 6AF7_FFFF                        ; N/A     ; N/A          ; Licensed      ; dut|alt_vip_cl_crs_0|alt_vip_cl_crs_0|inst_crs_int|horiz_upsample|dout_encode                    ;                                                  ;
; Intel Corporation ; 6AF7_FFFF                        ; N/A                              ; 6AF7_FFFF  ; 6AF7_FFFF                        ; N/A     ; N/A          ; Licensed      ; dut|alt_vip_cl_crs_0|alt_vip_cl_crs_0|inst_crs_int|horiz_upsample|nn_crs_inst                    ;                                                  ;
; Intel Corporation ; 6AF7_FFFF                        ; N/A                              ; 6AF7_FFFF  ; 6AF7_FFFF                        ; N/A     ; N/A          ; Licensed      ; dut|alt_vip_cl_crs_0|alt_vip_cl_crs_0|inst_crs_int|horiz_upsample|din_decode                     ;                                                  ;
; Intel Corporation ; 6AF7_FFFF                        ; N/A                              ; 6AF7_FFFF  ; 6AF7_FFFF                        ; N/A     ; N/A          ; Licensed      ; dut|alt_vip_cl_crs_0|alt_vip_cl_crs_0|inst_crs_int|video_in_cmd                                  ;                                                  ;
; Intel Corporation ; 6AF7_FFFF                        ; N/A                              ; 6AF7_FFFF  ; 6AF7_FFFF                        ; N/A     ; N/A          ; Licensed      ; dut|alt_vip_cl_crs_0|alt_vip_cl_crs_0|inst_crs_int|video_in_cmd|data_output                      ;                                                  ;
; Intel Corporation ; 6AF7_FFFF                        ; N/A                              ; 6AF7_FFFF  ; 6AF7_FFFF                        ; N/A     ; N/A          ; Licensed      ; dut|alt_vip_cl_crs_0|alt_vip_cl_crs_0|inst_crs_int|video_in_cmd|din_decoder                      ;                                                  ;
; Intel Corporation ; 6AF7_FFFF                        ; N/A                              ; 6AF7_FFFF  ; 6AF7_FFFF                        ; N/A     ; N/A          ; Licensed      ; dut|alt_vip_cl_crs_0|alt_vip_cl_crs_0|inst_crs_int|video_in_cmd|cmd_input                        ;                                                  ;
; Intel Corporation ; 6AF7_FFFF                        ; N/A                              ; 6AF7_FFFF  ; 6AF7_FFFF                        ; N/A     ; N/A          ; Licensed      ; dut|alt_vip_cl_crs_0|alt_vip_cl_crs_0|inst_crs_int|middle_mux                                    ;                                                  ;
; Intel Corporation ; 6AF7_FFFF                        ; N/A                              ; 6AF7_FFFF  ; 6AF7_FFFF                        ; N/A     ; N/A          ; Licensed      ; dut|alt_vip_cl_crs_0|alt_vip_cl_crs_0|inst_crs_int|middle_mux|input_decoder_gen[0].din_decoder   ;                                                  ;
; Intel Corporation ; 6AF7_FFFF                        ; N/A                              ; 6AF7_FFFF  ; 6AF7_FFFF                        ; N/A     ; N/A          ; Licensed      ; dut|alt_vip_cl_crs_0|alt_vip_cl_crs_0|inst_crs_int|middle_mux|data_encoder                       ;                                                  ;
; Intel Corporation ; 6AF7_FFFF                        ; N/A                              ; 6AF7_FFFF  ; 6AF7_FFFF                        ; N/A     ; N/A          ; Licensed      ; dut|alt_vip_cl_crs_0|alt_vip_cl_crs_0|inst_crs_int|middle_mux|cmd_decoder                        ;                                                  ;
; Intel Corporation ; 6AF7_FFFF                        ; N/A                              ; 6AF7_FFFF  ; 6AF7_FFFF                        ; N/A     ; N/A          ; Licensed      ; dut|alt_vip_cl_crs_0|alt_vip_cl_crs_0|inst_crs_int|middle_mux|data_mux_inst                      ;                                                  ;
; Intel Corporation ; 6AF7_FFFF                        ; N/A                              ; 6AF7_FFFF  ; 6AF7_FFFF                        ; N/A     ; N/A          ; Licensed      ; dut|alt_vip_cl_crs_0|alt_vip_cl_crs_0|inst_crs_int|middle_mux|input_decoder_gen[1].din_decoder   ;                                                  ;
; Intel Corporation ; 6AF7_FFFF                        ; N/A                              ; 6AF7_FFFF  ; 6AF7_FFFF                        ; N/A     ; N/A          ; Licensed      ; dut|alt_vip_cl_crs_0|alt_vip_cl_crs_0|inst_crs_int|middle_mux|valid_mux_inst                     ;                                                  ;
; Intel Corporation ; 6AF7_FFFF                        ; N/A                              ; 6AF7_FFFF  ; 6AF7_FFFF                        ; N/A     ; N/A          ; Licensed      ; dut|alt_vip_cl_crs_0|alt_vip_cl_crs_0|inst_crs_int|symbol_conv                                   ;                                                  ;
; Intel Corporation ; 6AF7_FFFF                        ; N/A                              ; 6AF7_FFFF  ; 6AF7_FFFF                        ; N/A     ; N/A          ; Licensed      ; dut|alt_vip_cl_crs_0|alt_vip_cl_crs_0|inst_crs_int|symbol_conv|din_decoder                       ;                                                  ;
; Intel Corporation ; 6AF7_FFFF                        ; N/A                              ; 6AF7_FFFF  ; 6AF7_FFFF                        ; N/A     ; N/A          ; Licensed      ; dut|alt_vip_cl_crs_0|alt_vip_cl_crs_0|inst_crs_int|symbol_conv|dout_encoder                      ;                                                  ;
; Intel Corporation ; 6AF7_FFFF                        ; N/A                              ; 6AF7_FFFF  ; 6AF7_FFFF                        ; N/A     ; N/A          ; Licensed      ; dut|alt_vip_cl_crs_0|alt_vip_cl_crs_0|inst_crs_int|middle_demux                                  ;                                                  ;
; Intel Corporation ; 6AF7_FFFF                        ; N/A                              ; 6AF7_FFFF  ; 6AF7_FFFF                        ; N/A     ; N/A          ; Licensed      ; dut|alt_vip_cl_crs_0|alt_vip_cl_crs_0|inst_crs_int|middle_demux|gen_loop_no_fifo[0].data_encoder ;                                                  ;
; Intel Corporation ; 6AF7_FFFF                        ; N/A                              ; 6AF7_FFFF  ; 6AF7_FFFF                        ; N/A     ; N/A          ; Licensed      ; dut|alt_vip_cl_crs_0|alt_vip_cl_crs_0|inst_crs_int|middle_demux|gen_loop_no_fifo[1].data_encoder ;                                                  ;
; Intel Corporation ; 6AF7_FFFF                        ; N/A                              ; 6AF7_FFFF  ; 6AF7_FFFF                        ; N/A     ; N/A          ; Licensed      ; dut|alt_vip_cl_crs_0|alt_vip_cl_crs_0|inst_crs_int|middle_demux|din_decoder                      ;                                                  ;
+-------------------+----------------------------------+----------------------------------+------------+----------------------------------+---------+--------------+---------------+--------------------------------------------------------------------------------------------------+--------------------------------------------------+
OpenCore Plus Hardware Evaluation feature is turned on for all cores in the design.


+--------------------------------------------------------------------------------------------+
; Synthesis Partition Summary                                                                ;
+----------------+----------------+---------+--------------+-------+-------------------------+
; Partition Name ; Hierarchy Path ; Type    ; Preservation ; Empty ; Partition Database File ;
+----------------+----------------+---------+--------------+-------+-------------------------+
; root_partition ; |              ; Default ;              ;       ;                         ;
+----------------+----------------+---------+--------------+-------+-------------------------+


+----------------------------------------------------------------------------------------------------------------------------------------+
; Parameter Settings for User Entity system_alt_vip_cl_tpg_0_alt_vip_cl_tpg_2360_qjrno4y Instance: dut|alt_vip_cl_tpg_0|alt_vip_cl_tpg_0 ;
+--------------------+-------+-----------------------------------------------------------------------------------------------------------+
; Parameter Name     ; Value ; Type                                                                                                      ;
+--------------------+-------+-----------------------------------------------------------------------------------------------------------+
; CB0_B_0            ; 255   ; Signed Integer                                                                                            ;
; CB0_B_1            ; 255   ; Signed Integer                                                                                            ;
; CB0_B_2            ; 255   ; Signed Integer                                                                                            ;
; CB0_B_3            ; 255   ; Signed Integer                                                                                            ;
; CB0_B_4            ; 255   ; Signed Integer                                                                                            ;
; CB0_B_5            ; 255   ; Signed Integer                                                                                            ;
; CB0_B_6            ; 255   ; Signed Integer                                                                                            ;
; CB0_B_7            ; 255   ; Signed Integer                                                                                            ;
; CB0_G_0            ; 255   ; Signed Integer                                                                                            ;
; CB0_G_1            ; 255   ; Signed Integer                                                                                            ;
; CB0_G_2            ; 255   ; Signed Integer                                                                                            ;
; CB0_G_3            ; 255   ; Signed Integer                                                                                            ;
; CB0_G_4            ; 255   ; Signed Integer                                                                                            ;
; CB0_G_5            ; 255   ; Signed Integer                                                                                            ;
; CB0_G_6            ; 255   ; Signed Integer                                                                                            ;
; CB0_G_7            ; 255   ; Signed Integer                                                                                            ;
; CB0_R_0            ; 255   ; Signed Integer                                                                                            ;
; CB0_R_1            ; 255   ; Signed Integer                                                                                            ;
; CB0_R_2            ; 255   ; Signed Integer                                                                                            ;
; CB0_R_3            ; 255   ; Signed Integer                                                                                            ;
; CB0_R_4            ; 255   ; Signed Integer                                                                                            ;
; CB0_R_5            ; 255   ; Signed Integer                                                                                            ;
; CB0_R_6            ; 255   ; Signed Integer                                                                                            ;
; CB0_R_7            ; 255   ; Signed Integer                                                                                            ;
; CB1_B_0            ; 255   ; Signed Integer                                                                                            ;
; CB1_B_1            ; 255   ; Signed Integer                                                                                            ;
; CB1_B_2            ; 255   ; Signed Integer                                                                                            ;
; CB1_B_3            ; 255   ; Signed Integer                                                                                            ;
; CB1_B_4            ; 255   ; Signed Integer                                                                                            ;
; CB1_B_5            ; 255   ; Signed Integer                                                                                            ;
; CB1_B_6            ; 255   ; Signed Integer                                                                                            ;
; CB1_B_7            ; 255   ; Signed Integer                                                                                            ;
; CB1_G_0            ; 255   ; Signed Integer                                                                                            ;
; CB1_G_1            ; 255   ; Signed Integer                                                                                            ;
; CB1_G_2            ; 255   ; Signed Integer                                                                                            ;
; CB1_G_3            ; 255   ; Signed Integer                                                                                            ;
; CB1_G_4            ; 255   ; Signed Integer                                                                                            ;
; CB1_G_5            ; 255   ; Signed Integer                                                                                            ;
; CB1_G_6            ; 255   ; Signed Integer                                                                                            ;
; CB1_G_7            ; 255   ; Signed Integer                                                                                            ;
; CB1_R_0            ; 255   ; Signed Integer                                                                                            ;
; CB1_R_1            ; 255   ; Signed Integer                                                                                            ;
; CB1_R_2            ; 255   ; Signed Integer                                                                                            ;
; CB1_R_3            ; 255   ; Signed Integer                                                                                            ;
; CB1_R_4            ; 255   ; Signed Integer                                                                                            ;
; CB1_R_5            ; 255   ; Signed Integer                                                                                            ;
; CB1_R_6            ; 255   ; Signed Integer                                                                                            ;
; CB1_R_7            ; 255   ; Signed Integer                                                                                            ;
; CB2_B_0            ; 255   ; Signed Integer                                                                                            ;
; CB2_B_1            ; 255   ; Signed Integer                                                                                            ;
; CB2_B_2            ; 255   ; Signed Integer                                                                                            ;
; CB2_B_3            ; 255   ; Signed Integer                                                                                            ;
; CB2_B_4            ; 255   ; Signed Integer                                                                                            ;
; CB2_B_5            ; 255   ; Signed Integer                                                                                            ;
; CB2_B_6            ; 255   ; Signed Integer                                                                                            ;
; CB2_B_7            ; 255   ; Signed Integer                                                                                            ;
; CB2_G_0            ; 255   ; Signed Integer                                                                                            ;
; CB2_G_1            ; 255   ; Signed Integer                                                                                            ;
; CB2_G_2            ; 255   ; Signed Integer                                                                                            ;
; CB2_G_3            ; 255   ; Signed Integer                                                                                            ;
; CB2_G_4            ; 255   ; Signed Integer                                                                                            ;
; CB2_G_5            ; 255   ; Signed Integer                                                                                            ;
; CB2_G_6            ; 255   ; Signed Integer                                                                                            ;
; CB2_G_7            ; 255   ; Signed Integer                                                                                            ;
; CB2_R_0            ; 255   ; Signed Integer                                                                                            ;
; CB2_R_1            ; 255   ; Signed Integer                                                                                            ;
; CB2_R_2            ; 255   ; Signed Integer                                                                                            ;
; CB2_R_3            ; 255   ; Signed Integer                                                                                            ;
; CB2_R_4            ; 255   ; Signed Integer                                                                                            ;
; CB2_R_5            ; 255   ; Signed Integer                                                                                            ;
; CB2_R_6            ; 255   ; Signed Integer                                                                                            ;
; CB2_R_7            ; 255   ; Signed Integer                                                                                            ;
; CB3_B_0            ; 255   ; Signed Integer                                                                                            ;
; CB3_B_1            ; 255   ; Signed Integer                                                                                            ;
; CB3_B_2            ; 255   ; Signed Integer                                                                                            ;
; CB3_B_3            ; 255   ; Signed Integer                                                                                            ;
; CB3_B_4            ; 255   ; Signed Integer                                                                                            ;
; CB3_B_5            ; 255   ; Signed Integer                                                                                            ;
; CB3_B_6            ; 255   ; Signed Integer                                                                                            ;
; CB3_B_7            ; 255   ; Signed Integer                                                                                            ;
; CB3_G_0            ; 255   ; Signed Integer                                                                                            ;
; CB3_G_1            ; 255   ; Signed Integer                                                                                            ;
; CB3_G_2            ; 255   ; Signed Integer                                                                                            ;
; CB3_G_3            ; 255   ; Signed Integer                                                                                            ;
; CB3_G_4            ; 255   ; Signed Integer                                                                                            ;
; CB3_G_5            ; 255   ; Signed Integer                                                                                            ;
; CB3_G_6            ; 255   ; Signed Integer                                                                                            ;
; CB3_G_7            ; 255   ; Signed Integer                                                                                            ;
; CB3_R_0            ; 255   ; Signed Integer                                                                                            ;
; CB3_R_1            ; 255   ; Signed Integer                                                                                            ;
; CB3_R_2            ; 255   ; Signed Integer                                                                                            ;
; CB3_R_3            ; 255   ; Signed Integer                                                                                            ;
; CB3_R_4            ; 255   ; Signed Integer                                                                                            ;
; CB3_R_5            ; 255   ; Signed Integer                                                                                            ;
; CB3_R_6            ; 255   ; Signed Integer                                                                                            ;
; CB3_R_7            ; 255   ; Signed Integer                                                                                            ;
; CB4_B_0            ; 255   ; Signed Integer                                                                                            ;
; CB4_B_1            ; 255   ; Signed Integer                                                                                            ;
; CB4_B_2            ; 255   ; Signed Integer                                                                                            ;
; CB4_B_3            ; 255   ; Signed Integer                                                                                            ;
; CB4_B_4            ; 255   ; Signed Integer                                                                                            ;
; CB4_B_5            ; 255   ; Signed Integer                                                                                            ;
; CB4_B_6            ; 255   ; Signed Integer                                                                                            ;
; CB4_B_7            ; 255   ; Signed Integer                                                                                            ;
; CB4_G_0            ; 255   ; Signed Integer                                                                                            ;
; CB4_G_1            ; 255   ; Signed Integer                                                                                            ;
; CB4_G_2            ; 255   ; Signed Integer                                                                                            ;
; CB4_G_3            ; 255   ; Signed Integer                                                                                            ;
; CB4_G_4            ; 255   ; Signed Integer                                                                                            ;
; CB4_G_5            ; 255   ; Signed Integer                                                                                            ;
; CB4_G_6            ; 255   ; Signed Integer                                                                                            ;
; CB4_G_7            ; 255   ; Signed Integer                                                                                            ;
; CB4_R_0            ; 255   ; Signed Integer                                                                                            ;
; CB4_R_1            ; 255   ; Signed Integer                                                                                            ;
; CB4_R_2            ; 255   ; Signed Integer                                                                                            ;
; CB4_R_3            ; 255   ; Signed Integer                                                                                            ;
; CB4_R_4            ; 255   ; Signed Integer                                                                                            ;
; CB4_R_5            ; 255   ; Signed Integer                                                                                            ;
; CB4_R_6            ; 255   ; Signed Integer                                                                                            ;
; CB4_R_7            ; 255   ; Signed Integer                                                                                            ;
; CB5_B_0            ; 255   ; Signed Integer                                                                                            ;
; CB5_B_1            ; 255   ; Signed Integer                                                                                            ;
; CB5_B_2            ; 255   ; Signed Integer                                                                                            ;
; CB5_B_3            ; 255   ; Signed Integer                                                                                            ;
; CB5_B_4            ; 255   ; Signed Integer                                                                                            ;
; CB5_B_5            ; 255   ; Signed Integer                                                                                            ;
; CB5_B_6            ; 255   ; Signed Integer                                                                                            ;
; CB5_B_7            ; 255   ; Signed Integer                                                                                            ;
; CB5_G_0            ; 255   ; Signed Integer                                                                                            ;
; CB5_G_1            ; 255   ; Signed Integer                                                                                            ;
; CB5_G_2            ; 255   ; Signed Integer                                                                                            ;
; CB5_G_3            ; 255   ; Signed Integer                                                                                            ;
; CB5_G_4            ; 255   ; Signed Integer                                                                                            ;
; CB5_G_5            ; 255   ; Signed Integer                                                                                            ;
; CB5_G_6            ; 255   ; Signed Integer                                                                                            ;
; CB5_G_7            ; 255   ; Signed Integer                                                                                            ;
; CB5_R_0            ; 255   ; Signed Integer                                                                                            ;
; CB5_R_1            ; 255   ; Signed Integer                                                                                            ;
; CB5_R_2            ; 255   ; Signed Integer                                                                                            ;
; CB5_R_3            ; 255   ; Signed Integer                                                                                            ;
; CB5_R_4            ; 255   ; Signed Integer                                                                                            ;
; CB5_R_5            ; 255   ; Signed Integer                                                                                            ;
; CB5_R_6            ; 255   ; Signed Integer                                                                                            ;
; CB5_R_7            ; 255   ; Signed Integer                                                                                            ;
; CB6_B_0            ; 255   ; Signed Integer                                                                                            ;
; CB6_B_1            ; 255   ; Signed Integer                                                                                            ;
; CB6_B_2            ; 255   ; Signed Integer                                                                                            ;
; CB6_B_3            ; 255   ; Signed Integer                                                                                            ;
; CB6_B_4            ; 255   ; Signed Integer                                                                                            ;
; CB6_B_5            ; 255   ; Signed Integer                                                                                            ;
; CB6_B_6            ; 255   ; Signed Integer                                                                                            ;
; CB6_B_7            ; 255   ; Signed Integer                                                                                            ;
; CB6_G_0            ; 255   ; Signed Integer                                                                                            ;
; CB6_G_1            ; 255   ; Signed Integer                                                                                            ;
; CB6_G_2            ; 255   ; Signed Integer                                                                                            ;
; CB6_G_3            ; 255   ; Signed Integer                                                                                            ;
; CB6_G_4            ; 255   ; Signed Integer                                                                                            ;
; CB6_G_5            ; 255   ; Signed Integer                                                                                            ;
; CB6_G_6            ; 255   ; Signed Integer                                                                                            ;
; CB6_G_7            ; 255   ; Signed Integer                                                                                            ;
; CB6_R_0            ; 255   ; Signed Integer                                                                                            ;
; CB6_R_1            ; 255   ; Signed Integer                                                                                            ;
; CB6_R_2            ; 255   ; Signed Integer                                                                                            ;
; CB6_R_3            ; 255   ; Signed Integer                                                                                            ;
; CB6_R_4            ; 255   ; Signed Integer                                                                                            ;
; CB6_R_5            ; 255   ; Signed Integer                                                                                            ;
; CB6_R_6            ; 255   ; Signed Integer                                                                                            ;
; CB6_R_7            ; 255   ; Signed Integer                                                                                            ;
; CB7_B_0            ; 255   ; Signed Integer                                                                                            ;
; CB7_B_1            ; 255   ; Signed Integer                                                                                            ;
; CB7_B_2            ; 255   ; Signed Integer                                                                                            ;
; CB7_B_3            ; 255   ; Signed Integer                                                                                            ;
; CB7_B_4            ; 255   ; Signed Integer                                                                                            ;
; CB7_B_5            ; 255   ; Signed Integer                                                                                            ;
; CB7_B_6            ; 255   ; Signed Integer                                                                                            ;
; CB7_B_7            ; 255   ; Signed Integer                                                                                            ;
; CB7_G_0            ; 255   ; Signed Integer                                                                                            ;
; CB7_G_1            ; 255   ; Signed Integer                                                                                            ;
; CB7_G_2            ; 255   ; Signed Integer                                                                                            ;
; CB7_G_3            ; 255   ; Signed Integer                                                                                            ;
; CB7_G_4            ; 255   ; Signed Integer                                                                                            ;
; CB7_G_5            ; 255   ; Signed Integer                                                                                            ;
; CB7_G_6            ; 255   ; Signed Integer                                                                                            ;
; CB7_G_7            ; 255   ; Signed Integer                                                                                            ;
; CB7_R_0            ; 255   ; Signed Integer                                                                                            ;
; CB7_R_1            ; 255   ; Signed Integer                                                                                            ;
; CB7_R_2            ; 255   ; Signed Integer                                                                                            ;
; CB7_R_3            ; 255   ; Signed Integer                                                                                            ;
; CB7_R_4            ; 255   ; Signed Integer                                                                                            ;
; CB7_R_5            ; 255   ; Signed Integer                                                                                            ;
; CB7_R_6            ; 255   ; Signed Integer                                                                                            ;
; CB7_R_7            ; 255   ; Signed Integer                                                                                            ;
; PIXELS_IN_PARALLEL ; 2     ; Signed Integer                                                                                            ;
+--------------------+-------+-----------------------------------------------------------------------------------------------------------+
All Instances:
dut|alt_vip_cl_tpg_0|alt_vip_cl_tpg_0



+------------------------------------------------------------------------------------------------------------------------------------------------------------+
; XMRed Signals                                                                                                                                              ;
+-------------------------------------------------------+------------+---------------------------------------------------------------------------------------+
; Net Instance Path                                     ; Net Type   ; Net XMRed at                                                                          ;
+-------------------------------------------------------+------------+---------------------------------------------------------------------------------------+
; resampling_checker|dut|alt_vip_cl_tpg_0_dout_valid    ; Non-Forced ; /mnt/ssd2/QuartusProjects/VVP_IP_Validation/resampler_II/rtl/resampling_checker.v(36) ;
; resampling_checker|dut|alt_vip_cl_tpg_0_dout_data[31] ; Non-Forced ; /mnt/ssd2/QuartusProjects/VVP_IP_Validation/resampler_II/rtl/resampling_checker.v(35) ;
; resampling_checker|dut|alt_vip_cl_tpg_0_dout_data[30] ; Non-Forced ; /mnt/ssd2/QuartusProjects/VVP_IP_Validation/resampler_II/rtl/resampling_checker.v(35) ;
; resampling_checker|dut|alt_vip_cl_tpg_0_dout_data[29] ; Non-Forced ; /mnt/ssd2/QuartusProjects/VVP_IP_Validation/resampler_II/rtl/resampling_checker.v(35) ;
; resampling_checker|dut|alt_vip_cl_tpg_0_dout_data[28] ; Non-Forced ; /mnt/ssd2/QuartusProjects/VVP_IP_Validation/resampler_II/rtl/resampling_checker.v(35) ;
; resampling_checker|dut|alt_vip_cl_tpg_0_dout_data[27] ; Non-Forced ; /mnt/ssd2/QuartusProjects/VVP_IP_Validation/resampler_II/rtl/resampling_checker.v(35) ;
; resampling_checker|dut|alt_vip_cl_tpg_0_dout_data[26] ; Non-Forced ; /mnt/ssd2/QuartusProjects/VVP_IP_Validation/resampler_II/rtl/resampling_checker.v(35) ;
; resampling_checker|dut|alt_vip_cl_tpg_0_dout_data[25] ; Non-Forced ; /mnt/ssd2/QuartusProjects/VVP_IP_Validation/resampler_II/rtl/resampling_checker.v(35) ;
; resampling_checker|dut|alt_vip_cl_tpg_0_dout_data[24] ; Non-Forced ; /mnt/ssd2/QuartusProjects/VVP_IP_Validation/resampler_II/rtl/resampling_checker.v(35) ;
; resampling_checker|dut|alt_vip_cl_tpg_0_dout_data[23] ; Non-Forced ; /mnt/ssd2/QuartusProjects/VVP_IP_Validation/resampler_II/rtl/resampling_checker.v(35) ;
; resampling_checker|dut|alt_vip_cl_tpg_0_dout_data[22] ; Non-Forced ; /mnt/ssd2/QuartusProjects/VVP_IP_Validation/resampler_II/rtl/resampling_checker.v(35) ;
; resampling_checker|dut|alt_vip_cl_tpg_0_dout_data[21] ; Non-Forced ; /mnt/ssd2/QuartusProjects/VVP_IP_Validation/resampler_II/rtl/resampling_checker.v(35) ;
; resampling_checker|dut|alt_vip_cl_tpg_0_dout_data[20] ; Non-Forced ; /mnt/ssd2/QuartusProjects/VVP_IP_Validation/resampler_II/rtl/resampling_checker.v(35) ;
; resampling_checker|dut|alt_vip_cl_tpg_0_dout_data[19] ; Non-Forced ; /mnt/ssd2/QuartusProjects/VVP_IP_Validation/resampler_II/rtl/resampling_checker.v(35) ;
; resampling_checker|dut|alt_vip_cl_tpg_0_dout_data[18] ; Non-Forced ; /mnt/ssd2/QuartusProjects/VVP_IP_Validation/resampler_II/rtl/resampling_checker.v(35) ;
; resampling_checker|dut|alt_vip_cl_tpg_0_dout_data[17] ; Non-Forced ; /mnt/ssd2/QuartusProjects/VVP_IP_Validation/resampler_II/rtl/resampling_checker.v(35) ;
; resampling_checker|dut|alt_vip_cl_tpg_0_dout_data[16] ; Non-Forced ; /mnt/ssd2/QuartusProjects/VVP_IP_Validation/resampler_II/rtl/resampling_checker.v(35) ;
; resampling_checker|dut|alt_vip_cl_tpg_0_dout_data[7]  ; Non-Forced ; /mnt/ssd2/QuartusProjects/VVP_IP_Validation/resampler_II/rtl/resampling_checker.v(35) ;
; resampling_checker|dut|alt_vip_cl_tpg_0_dout_data[6]  ; Non-Forced ; /mnt/ssd2/QuartusProjects/VVP_IP_Validation/resampler_II/rtl/resampling_checker.v(35) ;
; resampling_checker|dut|alt_vip_cl_tpg_0_dout_data[5]  ; Non-Forced ; /mnt/ssd2/QuartusProjects/VVP_IP_Validation/resampler_II/rtl/resampling_checker.v(35) ;
; resampling_checker|dut|alt_vip_cl_tpg_0_dout_data[4]  ; Non-Forced ; /mnt/ssd2/QuartusProjects/VVP_IP_Validation/resampler_II/rtl/resampling_checker.v(35) ;
; resampling_checker|dut|alt_vip_cl_tpg_0_dout_data[3]  ; Non-Forced ; /mnt/ssd2/QuartusProjects/VVP_IP_Validation/resampler_II/rtl/resampling_checker.v(35) ;
; resampling_checker|dut|alt_vip_cl_tpg_0_dout_data[2]  ; Non-Forced ; /mnt/ssd2/QuartusProjects/VVP_IP_Validation/resampler_II/rtl/resampling_checker.v(35) ;
; resampling_checker|dut|alt_vip_cl_tpg_0_dout_data[1]  ; Non-Forced ; /mnt/ssd2/QuartusProjects/VVP_IP_Validation/resampler_II/rtl/resampling_checker.v(35) ;
; resampling_checker|dut|alt_vip_cl_tpg_0_dout_data[0]  ; Non-Forced ; /mnt/ssd2/QuartusProjects/VVP_IP_Validation/resampler_II/rtl/resampling_checker.v(35) ;
+-------------------------------------------------------+------------+---------------------------------------------------------------------------------------+


Top root causes of logic optimization that have been identified during sweep. For more details and filtering options, ensure that you have compiled with the "Enable RTL Analysis Debug Mode " setting turned on under Assignments->Settings->Compiler Settings, then go to the " Root Causes Tab " in the " Sweep Hints Viewer " tool in the " RTL Analyzer ".
+-------------------------------------------------------------------------------------------------------------------------------------------+
; Top Causes of Logic Optimized Away During Sweep                                                                                           ;
+------------------------------------------------------------------------------------+------------------+-------------+---------------------+
; Root Object Path                                                                   ; Root Object Type ; Root Reason ; Swept Objects Count ;
+------------------------------------------------------------------------------------+------------------+-------------+---------------------+
; dut|alt_vip_cl_crs_0|alt_vip_cl_crs_0|scheduler|vib_cmd_encoder|context_in[7]      ; INPUT_INST_PORT  ; stuck at 0  ; 28                  ;
; dut|alt_vip_cl_crs_0|alt_vip_cl_crs_0|scheduler|vib_cmd_encoder|context_in[6]      ; INPUT_INST_PORT  ; stuck at 0  ; 28                  ;
; dut|alt_vip_cl_crs_0|alt_vip_cl_crs_0|scheduler|vib_cmd_encoder|context_in[5]      ; INPUT_INST_PORT  ; stuck at 0  ; 28                  ;
; dut|alt_vip_cl_crs_0|alt_vip_cl_crs_0|scheduler|vib_cmd_encoder|context_in[4]      ; INPUT_INST_PORT  ; stuck at 0  ; 28                  ;
; dut|alt_vip_cl_crs_0|alt_vip_cl_crs_0|scheduler|vib_cmd_encoder|context_in[3]      ; INPUT_INST_PORT  ; stuck at 0  ; 28                  ;
; dut|alt_vip_cl_crs_0|alt_vip_cl_crs_0|scheduler|vib_cmd_encoder|context_in[2]      ; INPUT_INST_PORT  ; stuck at 0  ; 28                  ;
; dut|alt_vip_cl_crs_0|alt_vip_cl_crs_0|scheduler|vib_cmd_encoder|context_in[1]      ; INPUT_INST_PORT  ; stuck at 0  ; 28                  ;
; dut|alt_vip_cl_crs_0|alt_vip_cl_crs_0|scheduler|vib_cmd_encoder|context_in[0]      ; INPUT_INST_PORT  ; stuck at 0  ; 28                  ;
; dut|alt_vip_cl_crs_0|alt_vip_cl_crs_0|scheduler|vib_cmd_encoder|arguments_in[0][7] ; INPUT_INST_PORT  ; stuck at 0  ; 28                  ;
; dut|alt_vip_cl_crs_0|alt_vip_cl_crs_0|scheduler|vib_cmd_encoder|arguments_in[0][6] ; INPUT_INST_PORT  ; stuck at 0  ; 28                  ;
+------------------------------------------------------------------------------------+------------------+-------------+---------------------+
Table limited at 10 items. To change the number of top root causes reported, set the "Number of Top Root Causes Reported in Synthesis Report " option under Assignments->Settings->Compiler Settings->Advanced Settings (Synthesis)


+-------------------------------------------------------------------------------------------------------------------------------------------------------------------------------------------------------------------------------------------------------------------------------------------------------------------------------------------------------------------------------------------------+
; Partition "root_partition" Resource Utilization by Entity                                                                                                                                                                                                                                                                                                                                       ;
+------------------------------------------------------+---------------------+---------------------------+-------------------+------------+------+--------------+--------+-----------+--------------------------------------------------------------------------------------------------+------------------------------------------------------------------+--------------------------------------+
; Compilation Hierarchy Node                           ; Combinational ALUTs ; Dedicated Logic Registers ; Block Memory Bits ; DSP Blocks ; Pins ; Virtual Pins ; IOPLLs ; Max Depth ; Full Hierarchy Name                                                                              ; Entity Name                                                      ; Library Name                         ;
+------------------------------------------------------+---------------------+---------------------------+-------------------+------------+------+--------------+--------+-----------+--------------------------------------------------------------------------------------------------+------------------------------------------------------------------+--------------------------------------+
; |                                                    ; 962 (37)            ; 1337 (72)                 ; 0                 ; 0          ; 3    ; 0            ; 0 (0)  ; 6.0 (3.0) ; |                                                                                                ; resampling_checker                                               ; altera_work                          ;
;    |dut|                                             ; 925 (0)             ; 1265 (0)                  ; 0                 ; 0          ; 0    ; 0            ; 0 (0)  ; 6.0 (0.0) ; dut                                                                                              ; system                                                           ; system                               ;
;       |alt_vip_cl_crs_0|                             ; 616 (0)             ; 986 (0)                   ; 0                 ; 0          ; 0    ; 0            ; 0 (0)  ; 6.0 (0.0) ; dut|alt_vip_cl_crs_0                                                                             ; system_alt_vip_cl_crs_0                                          ; system_alt_vip_cl_crs_0              ;
;          |alt_vip_cl_crs_0|                          ; 616 (0)             ; 986 (0)                   ; 0                 ; 0          ; 0    ; 0            ; 0 (0)  ; 6.0 (0.0) ; dut|alt_vip_cl_crs_0|alt_vip_cl_crs_0                                                            ; system_alt_vip_cl_crs_0_alt_vip_cl_crs_2360_dbzwawy              ; alt_vip_cl_crs_2360                  ;
;             |inst_crs_int|                           ; 181 (0)             ; 303 (0)                   ; 0                 ; 0          ; 0    ; 0            ; 0 (0)  ; 6.0 (0.0) ; dut|alt_vip_cl_crs_0|alt_vip_cl_crs_0|inst_crs_int                                               ; system_alt_vip_cl_crs_0_alt_vip_cl_crs_422_to_var_2360_xj5jyii   ; alt_vip_cl_crs_422_to_var_2360       ;
;                |horiz_upsample|                      ; 2 (0)               ; 45 (0)                    ; 0                 ; 0          ; 0    ; 0            ; 0 (0)  ; 6.0 (0.0) ; dut|alt_vip_cl_crs_0|alt_vip_cl_crs_0|inst_crs_int|horiz_upsample                                ; alt_vip_crs_h_up_core                                            ; alt_vip_crs_h_up_core_2360           ;
;                   |dout_encode|                      ; 1 (1)               ; 45 (45)                   ; 0                 ; 0          ; 0    ; 0            ; 0 (0)  ; 6.0 (6.0) ; dut|alt_vip_cl_crs_0|alt_vip_cl_crs_0|inst_crs_int|horiz_upsample|dout_encode                    ; alt_vip_common_event_packet_encode                               ; alt_vip_crs_h_up_core_2360           ;
;                   |nn_crs_inst|                      ; 1 (1)               ; 0 (0)                     ; 0                 ; 0          ; 0    ; 0            ; 0 (0)  ; 1.0 (1.0) ; dut|alt_vip_cl_crs_0|alt_vip_cl_crs_0|inst_crs_int|horiz_upsample|nn_crs_inst                    ; alt_vip_crs_h_up_core_nn                                         ; alt_vip_crs_h_up_core_2360           ;
;                |middle_demux|                        ; 4 (2)               ; 74 (0)                    ; 0                 ; 0          ; 0    ; 0            ; 0 (0)  ; 6.0 (1.0) ; dut|alt_vip_cl_crs_0|alt_vip_cl_crs_0|inst_crs_int|middle_demux                                  ; alt_vip_packet_demux                                             ; alt_vip_packet_demux_2360            ;
;                   |gen_loop_no_fifo[0].data_encoder| ; 1 (1)               ; 37 (37)                   ; 0                 ; 0          ; 0    ; 0            ; 0 (0)  ; 4.0 (4.0) ; dut|alt_vip_cl_crs_0|alt_vip_cl_crs_0|inst_crs_int|middle_demux|gen_loop_no_fifo[0].data_encoder ; alt_vip_common_event_packet_encode                               ; alt_vip_packet_demux_2360            ;
;                   |gen_loop_no_fifo[1].data_encoder| ; 1 (1)               ; 37 (37)                   ; 0                 ; 0          ; 0    ; 0            ; 0 (0)  ; 6.0 (6.0) ; dut|alt_vip_cl_crs_0|alt_vip_cl_crs_0|inst_crs_int|middle_demux|gen_loop_no_fifo[1].data_encoder ; alt_vip_common_event_packet_encode                               ; alt_vip_packet_demux_2360            ;
;                |middle_mux|                          ; 35 (9)              ; 4 (4)                     ; 0                 ; 0          ; 0    ; 0            ; 0 (0)  ; 6.0 (6.0) ; dut|alt_vip_cl_crs_0|alt_vip_cl_crs_0|inst_crs_int|middle_mux                                    ; alt_vip_packet_mux                                               ; alt_vip_packet_mux_2360              ;
;                   |data_mux_inst|                    ; 25 (25)             ; 0 (0)                     ; 0                 ; 0          ; 0    ; 0            ; 0 (0)  ; 5.0 (5.0) ; dut|alt_vip_cl_crs_0|alt_vip_cl_crs_0|inst_crs_int|middle_mux|data_mux_inst                      ; alt_vip_common_mux_tree                                          ; alt_vip_packet_mux_2360              ;
;                   |valid_mux_inst|                   ; 1 (1)               ; 0 (0)                     ; 0                 ; 0          ; 0    ; 0            ; 0 (0)  ; 6.0 (6.0) ; dut|alt_vip_cl_crs_0|alt_vip_cl_crs_0|inst_crs_int|middle_mux|valid_mux_inst                     ; alt_vip_common_mux_tree                                          ; alt_vip_packet_mux_2360              ;
;                |symbol_conv|                         ; 133 (132)           ; 137 (85)                  ; 0                 ; 0          ; 0    ; 0            ; 0 (0)  ; 6.0 (6.0) ; dut|alt_vip_cl_crs_0|alt_vip_cl_crs_0|inst_crs_int|symbol_conv                                   ; alt_vip_cpp_converter                                            ; alt_vip_cpp_converter_2360           ;
;                   |dout_encoder|                     ; 1 (1)               ; 52 (52)                   ; 0                 ; 0          ; 0    ; 0            ; 0 (0)  ; 6.0 (6.0) ; dut|alt_vip_cl_crs_0|alt_vip_cl_crs_0|inst_crs_int|symbol_conv|dout_encoder                      ; alt_vip_common_event_packet_encode                               ; alt_vip_cpp_converter_2360           ;
;                |video_in_cmd|                        ; 7 (4)               ; 43 (3)                    ; 0                 ; 0          ; 0    ; 0            ; 0 (0)  ; 6.0 (4.0) ; dut|alt_vip_cl_crs_0|alt_vip_cl_crs_0|inst_crs_int|video_in_cmd                                  ; alt_vip_video_input_bridge_cmd                                   ; alt_vip_video_input_bridge_cmd_2360  ;
;                   |cmd_input|                        ; 2 (2)               ; 2 (2)                     ; 0                 ; 0          ; 0    ; 0            ; 0 (0)  ; 3.0 (3.0) ; dut|alt_vip_cl_crs_0|alt_vip_cl_crs_0|inst_crs_int|video_in_cmd|cmd_input                        ; alt_vip_common_event_packet_decode                               ; alt_vip_video_input_bridge_cmd_2360  ;
;                   |data_output|                      ; 1 (1)               ; 38 (38)                   ; 0                 ; 0          ; 0    ; 0            ; 0 (0)  ; 6.0 (6.0) ; dut|alt_vip_cl_crs_0|alt_vip_cl_crs_0|inst_crs_int|video_in_cmd|data_output                      ; alt_vip_common_event_packet_encode                               ; alt_vip_video_input_bridge_cmd_2360  ;
;             |scheduler|                              ; 41 (21)             ; 133 (50)                  ; 0                 ; 0          ; 0    ; 0            ; 0 (0)  ; 5.0 (5.0) ; dut|alt_vip_cl_crs_0|alt_vip_cl_crs_0|scheduler                                                  ; alt_vip_crs_scheduler                                            ; alt_vip_crs_scheduler_2360           ;
;                |mm_cmd_encoder|                      ; 1 (1)               ; 3 (3)                     ; 0                 ; 0          ; 0    ; 0            ; 0 (0)  ; 4.0 (4.0) ; dut|alt_vip_cl_crs_0|alt_vip_cl_crs_0|scheduler|mm_cmd_encoder                                   ; alt_vip_common_event_packet_encode                               ; alt_vip_crs_scheduler_2360           ;
;                |vib_cmd_encoder|                     ; 1 (1)               ; 3 (3)                     ; 0                 ; 0          ; 0    ; 0            ; 0 (0)  ; 3.0 (3.0) ; dut|alt_vip_cl_crs_0|alt_vip_cl_crs_0|scheduler|vib_cmd_encoder                                  ; alt_vip_common_event_packet_encode                               ; alt_vip_crs_scheduler_2360           ;
;                |vib_resp_decoder|                    ; 5 (5)               ; 40 (40)                   ; 0                 ; 0          ; 0    ; 0            ; 0 (0)  ; 5.0 (5.0) ; dut|alt_vip_cl_crs_0|alt_vip_cl_crs_0|scheduler|vib_resp_decoder                                 ; alt_vip_common_event_packet_decode                               ; alt_vip_crs_scheduler_2360           ;
;                |vob_cmd_encoder|                     ; 13 (13)             ; 37 (37)                   ; 0                 ; 0          ; 0    ; 0            ; 0 (0)  ; 4.0 (4.0) ; dut|alt_vip_cl_crs_0|alt_vip_cl_crs_0|scheduler|vob_cmd_encoder                                  ; alt_vip_common_event_packet_encode                               ; alt_vip_crs_scheduler_2360           ;
;             |video_in_resp|                          ; 224 (136)           ; 241 (80)                  ; 0                 ; 0          ; 0    ; 0            ; 0 (0)  ; 6.0 (6.0) ; dut|alt_vip_cl_crs_0|alt_vip_cl_crs_0|video_in_resp                                              ; alt_vip_video_input_bridge_resp                                  ; alt_vip_video_input_bridge_resp_2360 ;
;                |data_output|                         ; 1 (1)               ; 37 (37)                   ; 0                 ; 0          ; 0    ; 0            ; 0 (0)  ; 6.0 (6.0) ; dut|alt_vip_cl_crs_0|alt_vip_cl_crs_0|video_in_resp|data_output                                  ; alt_vip_common_event_packet_encode                               ; alt_vip_video_input_bridge_resp_2360 ;
;                |rsp_output|                          ; 18 (18)             ; 38 (38)                   ; 0                 ; 0          ; 0    ; 0            ; 0 (0)  ; 5.0 (5.0) ; dut|alt_vip_cl_crs_0|alt_vip_cl_crs_0|video_in_resp|rsp_output                                   ; alt_vip_common_event_packet_encode                               ; alt_vip_video_input_bridge_resp_2360 ;
;                |video_input|                         ; 69 (51)             ; 86 (49)                   ; 0                 ; 0          ; 0    ; 0            ; 0 (0)  ; 5.0 (5.0) ; dut|alt_vip_cl_crs_0|alt_vip_cl_crs_0|video_in_resp|video_input                                  ; alt_vip_common_video_packet_decode                               ; alt_vip_video_input_bridge_resp_2360 ;
;                   |latency_converter|                ; 18 (18)             ; 37 (37)                   ; 0                 ; 0          ; 0    ; 0            ; 0 (0)  ; 5.0 (5.0) ; dut|alt_vip_cl_crs_0|alt_vip_cl_crs_0|video_in_resp|video_input|latency_converter                ; alt_vip_common_latency_1_to_latency_0                            ; alt_vip_video_input_bridge_resp_2360 ;
;             |video_out|                              ; 170 (34)            ; 309 (45)                  ; 0                 ; 0          ; 0    ; 0            ; 0 (0)  ; 6.0 (6.0) ; dut|alt_vip_cl_crs_0|alt_vip_cl_crs_0|video_out                                                  ; alt_vip_video_output_bridge                                      ; alt_vip_video_output_bridge_2360     ;
;                |cmd_input|                           ; 5 (5)               ; 39 (39)                   ; 0                 ; 0          ; 0    ; 0            ; 0 (0)  ; 4.0 (4.0) ; dut|alt_vip_cl_crs_0|alt_vip_cl_crs_0|video_out|cmd_input                                        ; alt_vip_common_event_packet_decode                               ; alt_vip_video_output_bridge_2360     ;
;                |data_input|                          ; 1 (1)               ; 0 (0)                     ; 0                 ; 0          ; 0    ; 0            ; 0 (0)  ; 4.0 (4.0) ; dut|alt_vip_cl_crs_0|alt_vip_cl_crs_0|video_out|data_input                                       ; alt_vip_common_event_packet_decode                               ; alt_vip_video_output_bridge_2360     ;
;                |sop_realigner|                       ; 8 (8)               ; 52 (52)                   ; 0                 ; 0          ; 0    ; 0            ; 0 (0)  ; 5.0 (5.0) ; dut|alt_vip_cl_crs_0|alt_vip_cl_crs_0|video_out|sop_realigner                                    ; alt_vip_common_sop_align                                         ; alt_vip_video_output_bridge_2360     ;
;                |video_output|                        ; 122 (104)           ; 173 (45)                  ; 0                 ; 0          ; 0    ; 0            ; 0 (0)  ; 6.0 (6.0) ; dut|alt_vip_cl_crs_0|alt_vip_cl_crs_0|video_out|video_output                                     ; alt_vip_common_video_packet_encode                               ; alt_vip_video_output_bridge_2360     ;
;                   |empty_converter|                  ; 18 (18)             ; 79 (79)                   ; 0                 ; 0          ; 0    ; 0            ; 0 (0)  ; 6.0 (6.0) ; dut|alt_vip_cl_crs_0|alt_vip_cl_crs_0|video_out|video_output|empty_converter                     ; alt_vip_common_video_packet_empty                                ; alt_vip_video_output_bridge_2360     ;
;                   |latency_converter|                ; 0 (0)               ; 49 (49)                   ; 0                 ; 0          ; 0    ; 0            ; 0 (0)  ; 6.0 (6.0) ; dut|alt_vip_cl_crs_0|alt_vip_cl_crs_0|video_out|video_output|latency_converter                   ; alt_vip_common_latency_0_to_latency_1                            ; alt_vip_video_output_bridge_2360     ;
;       |alt_vip_cl_tpg_0|                             ; 309 (0)             ; 279 (0)                   ; 0                 ; 0          ; 0    ; 0            ; 0 (0)  ; 5.0 (0.0) ; dut|alt_vip_cl_tpg_0                                                                             ; system_alt_vip_cl_tpg_0                                          ; system_alt_vip_cl_tpg_0              ;
;          |alt_vip_cl_tpg_0|                          ; 309 (0)             ; 279 (0)                   ; 0                 ; 0          ; 0    ; 0            ; 0 (0)  ; 5.0 (0.0) ; dut|alt_vip_cl_tpg_0|alt_vip_cl_tpg_0                                                            ; system_alt_vip_cl_tpg_0_alt_vip_cl_tpg_2360_qjrno4y              ; alt_vip_cl_tpg_2360                  ;
;             |core_0|                                 ; 140 (106)           ; 98 (42)                   ; 0                 ; 0          ; 0    ; 0            ; 0 (0)  ; 4.6 (4.6) ; dut|alt_vip_cl_tpg_0|alt_vip_cl_tpg_0|core_0                                                     ; alt_vip_tpg_bars_alg_core                                        ; alt_vip_tpg_bars_alg_core_2360       ;
;                |cmd_decode|                          ; 6 (6)               ; 28 (28)                   ; 0                 ; 0          ; 0    ; 0            ; 0 (0)  ; 4.6 (4.6) ; dut|alt_vip_cl_tpg_0|alt_vip_cl_tpg_0|core_0|cmd_decode                                          ; alt_vip_common_event_packet_decode                               ; alt_vip_tpg_bars_alg_core_2360       ;
;                |dout_encode|                         ; 2 (2)               ; 28 (28)                   ; 0                 ; 0          ; 0    ; 0            ; 0 (0)  ; 4.0 (4.0) ; dut|alt_vip_cl_tpg_0|alt_vip_cl_tpg_0|core_0|dout_encode                                         ; alt_vip_common_event_packet_encode                               ; alt_vip_tpg_bars_alg_core_2360       ;
;                |pip_gen[0].col_gen[0].in_par_lut|    ; 6 (6)               ; 0 (0)                     ; 0                 ; 0          ; 0    ; 0            ; 0 (0)  ; 2.0 (2.0) ; dut|alt_vip_cl_tpg_0|alt_vip_cl_tpg_0|core_0|pip_gen[0].col_gen[0].in_par_lut                    ; alt_vip_tpg_bars_alg_core_par_lut                                ; alt_vip_tpg_bars_alg_core_2360       ;
;                |pip_gen[0].col_gen[1].in_par_lut|    ; 6 (6)               ; 0 (0)                     ; 0                 ; 0          ; 0    ; 0            ; 0 (0)  ; 2.0 (2.0) ; dut|alt_vip_cl_tpg_0|alt_vip_cl_tpg_0|core_0|pip_gen[0].col_gen[1].in_par_lut                    ; alt_vip_tpg_bars_alg_core_par_lut                                ; alt_vip_tpg_bars_alg_core_2360       ;
;                |pip_gen[1].col_gen[0].in_par_lut|    ; 7 (7)               ; 0 (0)                     ; 0                 ; 0          ; 0    ; 0            ; 0 (0)  ; 3.0 (3.0) ; dut|alt_vip_cl_tpg_0|alt_vip_cl_tpg_0|core_0|pip_gen[1].col_gen[0].in_par_lut                    ; alt_vip_tpg_bars_alg_core_par_lut                                ; alt_vip_tpg_bars_alg_core_2360       ;
;                |pip_gen[1].col_gen[1].in_par_lut|    ; 7 (7)               ; 0 (0)                     ; 0                 ; 0          ; 0    ; 0            ; 0 (0)  ; 3.0 (3.0) ; dut|alt_vip_cl_tpg_0|alt_vip_cl_tpg_0|core_0|pip_gen[1].col_gen[1].in_par_lut                    ; alt_vip_tpg_bars_alg_core_par_lut                                ; alt_vip_tpg_bars_alg_core_2360       ;
;             |scheduler|                              ; 49 (0)              ; 44 (0)                    ; 0                 ; 0          ; 0    ; 0            ; 0 (0)  ; 4.0 (0.0) ; dut|alt_vip_cl_tpg_0|alt_vip_cl_tpg_0|scheduler                                                  ; system_alt_vip_cl_tpg_0_alt_vip_tpg_multi_scheduler_2360_ktdghqa ; alt_vip_tpg_multi_scheduler_2360     ;
;                |tpg_multi_scheduler_inst|            ; 49 (26)             ; 44 (19)                   ; 0                 ; 0          ; 0    ; 0            ; 0 (0)  ; 4.0 (4.0) ; dut|alt_vip_cl_tpg_0|alt_vip_cl_tpg_0|scheduler|tpg_multi_scheduler_inst                         ; alt_vip_tpg_multi_scheduler                                      ; alt_vip_tpg_multi_scheduler_2360     ;
;                   |ac_cmd_encoder|                   ; 17 (17)             ; 18 (18)                   ; 0                 ; 0          ; 0    ; 0            ; 0 (0)  ; 4.0 (4.0) ; dut|alt_vip_cl_tpg_0|alt_vip_cl_tpg_0|scheduler|tpg_multi_scheduler_inst|ac_cmd_encoder          ; alt_vip_common_event_packet_encode                               ; alt_vip_tpg_multi_scheduler_2360     ;
;                   |vob_cmd_encoder|                  ; 6 (6)               ; 7 (7)                     ; 0                 ; 0          ; 0    ; 0            ; 0 (0)  ; 4.0 (4.0) ; dut|alt_vip_cl_tpg_0|alt_vip_cl_tpg_0|scheduler|tpg_multi_scheduler_inst|vob_cmd_encoder         ; alt_vip_common_event_packet_encode                               ; alt_vip_tpg_multi_scheduler_2360     ;
;             |video_out|                              ; 120 (23)            ; 137 (13)                  ; 0                 ; 0          ; 0    ; 0            ; 0 (0)  ; 5.0 (4.0) ; dut|alt_vip_cl_tpg_0|alt_vip_cl_tpg_0|video_out                                                  ; alt_vip_video_output_bridge                                      ; alt_vip_video_output_bridge_2360     ;
;                |cmd_input|                           ; 6 (6)               ; 8 (8)                     ; 0                 ; 0          ; 0    ; 0            ; 0 (0)  ; 4.0 (4.0) ; dut|alt_vip_cl_tpg_0|alt_vip_cl_tpg_0|video_out|cmd_input                                        ; alt_vip_common_event_packet_decode                               ; alt_vip_video_output_bridge_2360     ;
;                |video_output|                        ; 91 (65)             ; 116 (21)                  ; 0                 ; 0          ; 0    ; 0            ; 0 (0)  ; 5.0 (4.0) ; dut|alt_vip_cl_tpg_0|alt_vip_cl_tpg_0|video_out|video_output                                     ; alt_vip_common_video_packet_encode                               ; alt_vip_video_output_bridge_2360     ;
;                   |empty_converter|                  ; 22 (22)             ; 57 (57)                   ; 0                 ; 0          ; 0    ; 0            ; 0 (0)  ; 4.0 (4.0) ; dut|alt_vip_cl_tpg_0|alt_vip_cl_tpg_0|video_out|video_output|empty_converter                     ; alt_vip_common_video_packet_empty                                ; alt_vip_video_output_bridge_2360     ;
;                   |latency_converter|                ; 4 (4)               ; 38 (38)                   ; 0                 ; 0          ; 0    ; 0            ; 0 (0)  ; 5.0 (5.0) ; dut|alt_vip_cl_tpg_0|alt_vip_cl_tpg_0|video_out|video_output|latency_converter                   ; alt_vip_common_latency_0_to_latency_1                            ; alt_vip_video_output_bridge_2360     ;
+------------------------------------------------------+---------------------+---------------------------+-------------------+------------+------+--------------+--------+-----------+--------------------------------------------------------------------------------------------------+------------------------------------------------------------------+--------------------------------------+
Note: For table entries with two numbers listed, the numbers in parentheses indicate the number of resources of the given type used by the specific entity alone. The numbers listed outside of parentheses indicate the total resources of the given type used by the specific entity and all of its sub-entities in the hierarchy.


+--------------------------------------------------------------------------------------------------------------------------------------------+
; State Machine - Summary                                                                                                                    ;
+--------------------------------------------------------------------------------+------------------+------------+----------------+----------+
; Name                                                                           ; Number of States ; Using aclr ; Encoding Style ; Safeness ;
+--------------------------------------------------------------------------------+------------------+------------+----------------+----------+
; dut|alt_vip_cl_tpg_0|alt_vip_cl_tpg_0|scheduler|tpg_multi_scheduler_inst|state ; 8                ; Yes        ; One-Hot        ; Not Safe ;
; dut|alt_vip_cl_tpg_0|alt_vip_cl_tpg_0|video_out|video_output|state             ; 6                ; Yes        ; One-Hot        ; Not Safe ;
; dut|alt_vip_cl_crs_0|alt_vip_cl_crs_0|inst_crs_int|video_in_cmd|state          ; 3                ; Yes        ; One-Hot        ; Not Safe ;
; dut|alt_vip_cl_crs_0|alt_vip_cl_crs_0|video_out|video_output|state             ; 6                ; Yes        ; One-Hot        ; Not Safe ;
; dut|alt_vip_cl_crs_0|alt_vip_cl_crs_0|video_in_resp|video_input|state          ; 6                ; Yes        ; One-Hot        ; Not Safe ;
; dut|alt_vip_cl_tpg_0|alt_vip_cl_tpg_0|core_0|state                             ; 4                ; Yes        ; One-Hot        ; Not Safe ;
; dut|alt_vip_cl_tpg_0|alt_vip_cl_tpg_0|video_out|state                          ; 8                ; Yes        ; One-Hot        ; Not Safe ;
; dut|alt_vip_cl_crs_0|alt_vip_cl_crs_0|scheduler|state                          ; 9                ; Yes        ; One-Hot        ; Not Safe ;
; dut|alt_vip_cl_crs_0|alt_vip_cl_crs_0|video_out|state                          ; 8                ; Yes        ; One-Hot        ; Not Safe ;
; dut|alt_vip_cl_crs_0|alt_vip_cl_crs_0|video_in_resp|state                      ; 10               ; Yes        ; One-Hot        ; Not Safe ;
+--------------------------------------------------------------------------------+------------------+------------+----------------+----------+


Encoding Type:  One-Hot
+--------------------------------------------------------------------------------------------------------------------------------------------------------------------------------+
; State Machine - dut|alt_vip_cl_tpg_0|alt_vip_cl_tpg_0|scheduler|tpg_multi_scheduler_inst|state                                                                                 ;
+----------------------+--------------------+-------------------+-----------------+----------------------+---------------------+---------------+--------------------+------------+
; Name                 ; state.SEND_VOB_CMD ; state.SEND_AC_CMD ; state.EOF_CHECK ; state.SEND_SETUP_CMD ; state.SEND_CTRL_CMD ; state.STOPPED ; state.SEND_MUX_CMD ; state.IDLE ;
+----------------------+--------------------+-------------------+-----------------+----------------------+---------------------+---------------+--------------------+------------+
; state.IDLE           ; 0                  ; 0                 ; 0               ; 0                    ; 0                   ; 0             ; 0                  ; 0          ;
; state.SEND_MUX_CMD   ; 0                  ; 0                 ; 0               ; 0                    ; 0                   ; 0             ; 1                  ; 1          ;
; state.STOPPED        ; 0                  ; 0                 ; 0               ; 0                    ; 0                   ; 1             ; 0                  ; 1          ;
; state.SEND_CTRL_CMD  ; 0                  ; 0                 ; 0               ; 0                    ; 1                   ; 0             ; 0                  ; 1          ;
; state.SEND_SETUP_CMD ; 0                  ; 0                 ; 0               ; 1                    ; 0                   ; 0             ; 0                  ; 1          ;
; state.EOF_CHECK      ; 0                  ; 0                 ; 1               ; 0                    ; 0                   ; 0             ; 0                  ; 1          ;
; state.SEND_AC_CMD    ; 0                  ; 1                 ; 0               ; 0                    ; 0                   ; 0             ; 0                  ; 1          ;
; state.SEND_VOB_CMD   ; 1                  ; 0                 ; 0               ; 0                    ; 0                   ; 0             ; 0                  ; 1          ;
+----------------------+--------------------+-------------------+-----------------+----------------------+---------------------+---------------+--------------------+------------+


Encoding Type:  One-Hot
+--------------------------------------------------------------------------------------------------------------------------------------------------------+
; State Machine - dut|alt_vip_cl_tpg_0|alt_vip_cl_tpg_0|video_out|video_output|state                                                                     ;
+-------------------------+-------------------+-------------------------+----------------------+---------------------+----------------------+------------+
; Name                    ; state.SEND_PACKET ; state.SEND_EMPTY_PACKET ; state.TYPE_11_PACKET ; state.CONTROL_FINAL ; state.CONTROL_PACKET ; state.IDLE ;
+-------------------------+-------------------+-------------------------+----------------------+---------------------+----------------------+------------+
; state.IDLE              ; 0                 ; 0                       ; 0                    ; 0                   ; 0                    ; 0          ;
; state.CONTROL_PACKET    ; 0                 ; 0                       ; 0                    ; 0                   ; 1                    ; 1          ;
; state.CONTROL_FINAL     ; 0                 ; 0                       ; 0                    ; 1                   ; 0                    ; 1          ;
; state.TYPE_11_PACKET    ; 0                 ; 0                       ; 1                    ; 0                   ; 0                    ; 1          ;
; state.SEND_EMPTY_PACKET ; 0                 ; 1                       ; 0                    ; 0                   ; 0                    ; 1          ;
; state.SEND_PACKET       ; 1                 ; 0                       ; 0                    ; 0                   ; 0                    ; 1          ;
+-------------------------+-------------------+-------------------------+----------------------+---------------------+----------------------+------------+


Encoding Type:  One-Hot
+---------------------------------------------------------------------------------------+
; State Machine - dut|alt_vip_cl_crs_0|alt_vip_cl_crs_0|inst_crs_int|video_in_cmd|state ;
+-------------------+------------+---------------+--------------------------------------+
; Name              ; state.IDLE ; state.DISCARD ; state.SEND_PACKET                    ;
+-------------------+------------+---------------+--------------------------------------+
; state.IDLE        ; 0          ; 0             ; 0                                    ;
; state.DISCARD     ; 1          ; 1             ; 0                                    ;
; state.SEND_PACKET ; 1          ; 0             ; 1                                    ;
+-------------------+------------+---------------+--------------------------------------+


Encoding Type:  One-Hot
+--------------------------------------------------------------------------------------------------------------------------------------------------------+
; State Machine - dut|alt_vip_cl_crs_0|alt_vip_cl_crs_0|video_out|video_output|state                                                                     ;
+-------------------------+-------------------+-------------------------+----------------------+---------------------+----------------------+------------+
; Name                    ; state.SEND_PACKET ; state.SEND_EMPTY_PACKET ; state.TYPE_11_PACKET ; state.CONTROL_FINAL ; state.CONTROL_PACKET ; state.IDLE ;
+-------------------------+-------------------+-------------------------+----------------------+---------------------+----------------------+------------+
; state.IDLE              ; 0                 ; 0                       ; 0                    ; 0                   ; 0                    ; 0          ;
; state.CONTROL_PACKET    ; 0                 ; 0                       ; 0                    ; 0                   ; 1                    ; 1          ;
; state.CONTROL_FINAL     ; 0                 ; 0                       ; 0                    ; 1                   ; 0                    ; 1          ;
; state.TYPE_11_PACKET    ; 0                 ; 0                       ; 1                    ; 0                   ; 0                    ; 1          ;
; state.SEND_EMPTY_PACKET ; 0                 ; 1                       ; 0                    ; 0                   ; 0                    ; 1          ;
; state.SEND_PACKET       ; 1                 ; 0                       ; 0                    ; 0                   ; 0                    ; 1          ;
+-------------------------+-------------------+-------------------------+----------------------+---------------------+----------------------+------------+


Encoding Type:  One-Hot
+------------------------------------------------------------------------------------------------------------------------------------------------------------+
; State Machine - dut|alt_vip_cl_crs_0|alt_vip_cl_crs_0|video_in_resp|video_input|state                                                                      ;
+--------------------------+-------------------+-----------------------+----------------------+----------------------+--------------------------+------------+
; Name                     ; state.SEND_PACKET ; state.SEND_PACKET_SOP ; state.CONTEXT_PACKET ; state.CONTROL_PACKET ; state.SINGLE_BEAT_PACKET ; state.IDLE ;
+--------------------------+-------------------+-----------------------+----------------------+----------------------+--------------------------+------------+
; state.IDLE               ; 0                 ; 0                     ; 0                    ; 0                    ; 0                        ; 0          ;
; state.SINGLE_BEAT_PACKET ; 0                 ; 0                     ; 0                    ; 0                    ; 1                        ; 1          ;
; state.CONTROL_PACKET     ; 0                 ; 0                     ; 0                    ; 1                    ; 0                        ; 1          ;
; state.CONTEXT_PACKET     ; 0                 ; 0                     ; 1                    ; 0                    ; 0                        ; 1          ;
; state.SEND_PACKET_SOP    ; 0                 ; 1                     ; 0                    ; 0                    ; 0                        ; 1          ;
; state.SEND_PACKET        ; 1                 ; 0                     ; 0                    ; 0                    ; 0                        ; 1          ;
+--------------------------+-------------------+-----------------------+----------------------+----------------------+--------------------------+------------+


Encoding Type:  One-Hot
+--------------------------------------------------------------------+
; State Machine - dut|alt_vip_cl_tpg_0|alt_vip_cl_tpg_0|core_0|state ;
+-------------+-----------+-------------+-------------+--------------+
; Name        ; state.RUN ; state.INIT2 ; state.INIT1 ; state.IDLE   ;
+-------------+-----------+-------------+-------------+--------------+
; state.IDLE  ; 0         ; 0           ; 0           ; 0            ;
; state.INIT1 ; 0         ; 0           ; 1           ; 1            ;
; state.INIT2 ; 0         ; 1           ; 0           ; 1            ;
; state.RUN   ; 1         ; 0           ; 0           ; 1            ;
+-------------+-----------+-------------+-------------+--------------+


Encoding Type:  One-Hot
+---------------------------------------------------------------------------------------------------------------------------------------------------------------------------------------------------------+
; State Machine - dut|alt_vip_cl_tpg_0|alt_vip_cl_tpg_0|video_out|state                                                                                                                                   ;
+---------------------------+-----------------+-------------------+------------------------+-------------------+-----------------------+-------------------------+---------------------------+------------+
; Name                      ; state.TERMINATE ; state.SEND_PACKET ; state.WAIT_FOR_COMMAND ; state.CONCATENATE ; state.SEND_PACKET_SOP ; state.SEND_EMPTY_PACKET ; state.SEND_CONTROL_PACKET ; state.IDLE ;
+---------------------------+-----------------+-------------------+------------------------+-------------------+-----------------------+-------------------------+---------------------------+------------+
; state.IDLE                ; 0               ; 0                 ; 0                      ; 0                 ; 0                     ; 0                       ; 0                         ; 0          ;
; state.SEND_CONTROL_PACKET ; 0               ; 0                 ; 0                      ; 0                 ; 0                     ; 0                       ; 1                         ; 1          ;
; state.SEND_EMPTY_PACKET   ; 0               ; 0                 ; 0                      ; 0                 ; 0                     ; 1                       ; 0                         ; 1          ;
; state.SEND_PACKET_SOP     ; 0               ; 0                 ; 0                      ; 0                 ; 1                     ; 0                       ; 0                         ; 1          ;
; state.CONCATENATE         ; 0               ; 0                 ; 0                      ; 1                 ; 0                     ; 0                       ; 0                         ; 1          ;
; state.WAIT_FOR_COMMAND    ; 0               ; 0                 ; 1                      ; 0                 ; 0                     ; 0                       ; 0                         ; 1          ;
; state.SEND_PACKET         ; 0               ; 1                 ; 0                      ; 0                 ; 0                     ; 0                       ; 0                         ; 1          ;
; state.TERMINATE           ; 1               ; 0                 ; 0                      ; 0                 ; 0                     ; 0                       ; 0                         ; 1          ;
+---------------------------+-----------------+-------------------+------------------------+-------------------+-----------------------+-------------------------+---------------------------+------------+


Encoding Type:  One-Hot
+------------------------------------------------------------------------------------------------------------------------------------------------------------------------------------------------------------+
; State Machine - dut|alt_vip_cl_crs_0|alt_vip_cl_crs_0|scheduler|state                                                                                                                                      ;
+-------------------------+--------------------+-------------------------+---------------+-------------------+-------------------+-------------------+--------------------+------------+---------------------+
; Name                    ; state.SEND_VOB_CMD ; state.SEND_VOB_CTRL_CMD ; state.STOPPED ; state.SEND_OM_CMD ; state.SEND_MM_CMD ; state.SEND_LB_CMD ; state.SEND_VIB_CMD ; state.IDLE ; state.SEND_VERT_CMD ;
+-------------------------+--------------------+-------------------------+---------------+-------------------+-------------------+-------------------+--------------------+------------+---------------------+
; state.IDLE              ; 0                  ; 0                       ; 0             ; 0                 ; 0                 ; 0                 ; 0                  ; 0          ; 0                   ;
; state.SEND_VIB_CMD      ; 0                  ; 0                       ; 0             ; 0                 ; 0                 ; 0                 ; 1                  ; 1          ; 0                   ;
; state.SEND_LB_CMD       ; 0                  ; 0                       ; 0             ; 0                 ; 0                 ; 1                 ; 0                  ; 1          ; 0                   ;
; state.SEND_VERT_CMD     ; 0                  ; 0                       ; 0             ; 0                 ; 0                 ; 0                 ; 0                  ; 1          ; 1                   ;
; state.SEND_MM_CMD       ; 0                  ; 0                       ; 0             ; 0                 ; 1                 ; 0                 ; 0                  ; 1          ; 0                   ;
; state.SEND_OM_CMD       ; 0                  ; 0                       ; 0             ; 1                 ; 0                 ; 0                 ; 0                  ; 1          ; 0                   ;
; state.STOPPED           ; 0                  ; 0                       ; 1             ; 0                 ; 0                 ; 0                 ; 0                  ; 1          ; 0                   ;
; state.SEND_VOB_CTRL_CMD ; 0                  ; 1                       ; 0             ; 0                 ; 0                 ; 0                 ; 0                  ; 1          ; 0                   ;
; state.SEND_VOB_CMD      ; 1                  ; 0                       ; 0             ; 0                 ; 0                 ; 0                 ; 0                  ; 1          ; 0                   ;
+-------------------------+--------------------+-------------------------+---------------+-------------------+-------------------+-------------------+--------------------+------------+---------------------+


Encoding Type:  One-Hot
+---------------------------------------------------------------------------------------------------------------------------------------------------------------------------------------------------------+
; State Machine - dut|alt_vip_cl_crs_0|alt_vip_cl_crs_0|video_out|state                                                                                                                                   ;
+---------------------------+-----------------+-------------------+------------------------+-------------------+-----------------------+-------------------------+---------------------------+------------+
; Name                      ; state.TERMINATE ; state.SEND_PACKET ; state.WAIT_FOR_COMMAND ; state.CONCATENATE ; state.SEND_PACKET_SOP ; state.SEND_EMPTY_PACKET ; state.SEND_CONTROL_PACKET ; state.IDLE ;
+---------------------------+-----------------+-------------------+------------------------+-------------------+-----------------------+-------------------------+---------------------------+------------+
; state.IDLE                ; 0               ; 0                 ; 0                      ; 0                 ; 0                     ; 0                       ; 0                         ; 0          ;
; state.SEND_CONTROL_PACKET ; 0               ; 0                 ; 0                      ; 0                 ; 0                     ; 0                       ; 1                         ; 1          ;
; state.SEND_EMPTY_PACKET   ; 0               ; 0                 ; 0                      ; 0                 ; 0                     ; 1                       ; 0                         ; 1          ;
; state.SEND_PACKET_SOP     ; 0               ; 0                 ; 0                      ; 0                 ; 1                     ; 0                       ; 0                         ; 1          ;
; state.CONCATENATE         ; 0               ; 0                 ; 0                      ; 1                 ; 0                     ; 0                       ; 0                         ; 1          ;
; state.WAIT_FOR_COMMAND    ; 0               ; 0                 ; 1                      ; 0                 ; 0                     ; 0                       ; 0                         ; 1          ;
; state.SEND_PACKET         ; 0               ; 1                 ; 0                      ; 0                 ; 0                     ; 0                       ; 0                         ; 1          ;
; state.TERMINATE           ; 1               ; 0                 ; 0                      ; 0                 ; 0                     ; 0                       ; 0                         ; 1          ;
+---------------------------+-----------------+-------------------+------------------------+-------------------+-----------------------+-------------------------+---------------------------+------------+


Encoding Type:  One-Hot
+-------------------------------------------------------------------------------------------------------------------------------------------------------------------------------------------------------------------------------------------------------------------------------------+
; State Machine - dut|alt_vip_cl_crs_0|alt_vip_cl_crs_0|video_in_resp|state                                                                                                                                                                                                           ;
+----------------------------------+---------------+----------------------------+-------------------------+-------------------------+------------------------+-----------------------+----------------------------------+-----------------------+------------------------+------------+
; Name                             ; state.DISCARD ; state.SEND_PAD_LINE_PACKET ; state.SEND_FRAME_PACKET ; state.SEND_EOP_RESPONSE ; state.SEND_USER_PACKET ; state.NEW_USER_PACKET ; state.NEW_CONTROL_CONTEXT_PACKET ; state.NEW_LINE_PACKET ; state.SEND_LINE_PACKET ; state.IDLE ;
+----------------------------------+---------------+----------------------------+-------------------------+-------------------------+------------------------+-----------------------+----------------------------------+-----------------------+------------------------+------------+
; state.IDLE                       ; 0             ; 0                          ; 0                       ; 0                       ; 0                      ; 0                     ; 0                                ; 0                     ; 0                      ; 0          ;
; state.SEND_LINE_PACKET           ; 0             ; 0                          ; 0                       ; 0                       ; 0                      ; 0                     ; 0                                ; 0                     ; 1                      ; 1          ;
; state.NEW_LINE_PACKET            ; 0             ; 0                          ; 0                       ; 0                       ; 0                      ; 0                     ; 0                                ; 1                     ; 0                      ; 1          ;
; state.NEW_CONTROL_CONTEXT_PACKET ; 0             ; 0                          ; 0                       ; 0                       ; 0                      ; 0                     ; 1                                ; 0                     ; 0                      ; 1          ;
; state.NEW_USER_PACKET            ; 0             ; 0                          ; 0                       ; 0                       ; 0                      ; 1                     ; 0                                ; 0                     ; 0                      ; 1          ;
; state.SEND_USER_PACKET           ; 0             ; 0                          ; 0                       ; 0                       ; 1                      ; 0                     ; 0                                ; 0                     ; 0                      ; 1          ;
; state.SEND_EOP_RESPONSE          ; 0             ; 0                          ; 0                       ; 1                       ; 0                      ; 0                     ; 0                                ; 0                     ; 0                      ; 1          ;
; state.SEND_FRAME_PACKET          ; 0             ; 0                          ; 1                       ; 0                       ; 0                      ; 0                     ; 0                                ; 0                     ; 0                      ; 1          ;
; state.SEND_PAD_LINE_PACKET       ; 0             ; 1                          ; 0                       ; 0                       ; 0                      ; 0                     ; 0                                ; 0                     ; 0                      ; 1          ;
; state.DISCARD                    ; 1             ; 0                          ; 0                       ; 0                       ; 0                      ; 0                     ; 0                                ; 0                     ; 0                      ; 1          ;
+----------------------------------+---------------+----------------------------+-------------------------+-------------------------+------------------------+-----------------------+----------------------------------+-----------------------+------------------------+------------+


+-------------------------------------------------------------------------------------------------------------------------------------------------------------------------------------------------------------------------------------------------------------------+
; Registers Removed During Synthesis                                                                                                                                                                                                                                ;
+-------------------------------------------------------------------------------------------------------------------------+-----------------------------------------------------------------------------------------------------------------------------+-----------+
; Node name                                                                                                               ; Reason for Removal                                                                                                          ; Node Type ;
+-------------------------------------------------------------------------------------------------------------------------+-----------------------------------------------------------------------------------------------------------------------------+-----------+
; dut|alt_vip_cl_tpg_0|alt_vip_cl_tpg_0|core_0|pip_gen[1].is_right_boarder_pip                                            ; Stuck at VCC due to stuck port data_in                                                                                      ; Register  ;
; dut|alt_vip_cl_crs_0|alt_vip_cl_crs_0|video_out|video_output|av_st_din_dout_control_reg[0..1][4..7]                     ; Stuck at GND due to stuck port data_in                                                                                      ; Register  ;
; dut|alt_vip_cl_crs_0|alt_vip_cl_crs_0|video_out|video_output|av_st_din_dout_control_reg[0..1][12..15]                   ; Stuck at GND due to stuck port data_in                                                                                      ; Register  ;
; dut|alt_vip_cl_crs_0|alt_vip_cl_crs_0|video_out|video_output|av_st_din_dout_control_reg[0][20..23]                      ; Stuck at GND due to stuck port data_in                                                                                      ; Register  ;
; dut|alt_vip_cl_crs_0|alt_vip_cl_crs_0|video_out|video_output|av_st_din_dout_control_reg[1][20..47]                      ; Stuck at GND due to stuck port data_in                                                                                      ; Register  ;
; dut|alt_vip_cl_crs_0|alt_vip_cl_crs_0|video_out|video_output|av_st_din_dout_control_reg[0][28..31]                      ; Stuck at GND due to stuck port data_in                                                                                      ; Register  ;
; dut|alt_vip_cl_crs_0|alt_vip_cl_crs_0|video_out|video_output|av_st_din_dout_control_reg[0][36..39]                      ; Stuck at GND due to stuck port data_in                                                                                      ; Register  ;
; dut|alt_vip_cl_crs_0|alt_vip_cl_crs_0|video_out|video_output|av_st_din_dout_control_reg[0][44..47]                      ; Stuck at GND due to stuck port data_in                                                                                      ; Register  ;
; dut|alt_vip_cl_tpg_0|alt_vip_cl_tpg_0|video_out|video_output|av_st_din_dout_control_reg[0][4..7]                        ; Stuck at GND due to stuck port data_in                                                                                      ; Register  ;
; dut|alt_vip_cl_tpg_0|alt_vip_cl_tpg_0|video_out|video_output|av_st_din_dout_control_reg[1][4..8]                        ; Stuck at GND due to stuck port data_in                                                                                      ; Register  ;
; dut|alt_vip_cl_tpg_0|alt_vip_cl_tpg_0|video_out|video_output|av_st_din_dout_control_reg[2][4..15]                       ; Stuck at GND due to stuck port data_in                                                                                      ; Register  ;
; dut|alt_vip_cl_tpg_0|alt_vip_cl_tpg_0|video_out|video_output|av_st_din_dout_control_reg[0..1][11..15]                   ; Stuck at GND due to stuck port data_in                                                                                      ; Register  ;
; dut|alt_vip_cl_tpg_0|alt_vip_cl_tpg_0|video_out|video_output|av_st_din_dout_control_reg[0][18]                          ; Stuck at GND due to stuck port data_in                                                                                      ; Register  ;
; dut|alt_vip_cl_tpg_0|alt_vip_cl_tpg_0|video_out|video_output|av_st_din_dout_control_reg[1][18..24]                      ; Stuck at GND due to stuck port data_in                                                                                      ; Register  ;
; dut|alt_vip_cl_tpg_0|alt_vip_cl_tpg_0|video_out|video_output|av_st_din_dout_control_reg[2][18..26]                      ; Stuck at GND due to stuck port data_in                                                                                      ; Register  ;
; dut|alt_vip_cl_tpg_0|alt_vip_cl_tpg_0|video_out|video_output|av_st_din_dout_control_reg[0][20..24]                      ; Stuck at GND due to stuck port data_in                                                                                      ; Register  ;
; dut|alt_vip_cl_tpg_0|alt_vip_cl_tpg_0|video_out|video_output|av_st_din_dout_control_reg[1][26]                          ; Stuck at GND due to stuck port data_in                                                                                      ; Register  ;
; dut|alt_vip_cl_tpg_0|alt_vip_cl_tpg_0|video_out|video_output|av_st_din_dout_control_reg[0..2][28..31]                   ; Stuck at GND due to stuck port data_in                                                                                      ; Register  ;
; dut|alt_vip_cl_tpg_0|alt_vip_cl_tpg_0|core_0|bar_width[0,8..9]                                                          ; Merged with dut|alt_vip_cl_tpg_0|alt_vip_cl_tpg_0|core_0|bar_width[10]                                                      ; Register  ;
; dut|alt_vip_cl_crs_0|alt_vip_cl_crs_0|scheduler|vib_cmd_encoder|av_st_dout_startofpacket                                ; Merged with dut|alt_vip_cl_crs_0|alt_vip_cl_crs_0|scheduler|vib_cmd_encoder|av_st_dout_endofpacket                          ; Register  ;
; dut|alt_vip_cl_crs_0|alt_vip_cl_crs_0|inst_crs_int|horiz_upsample|dout_encode|av_st_dout_data[7]                        ; Merged with dut|alt_vip_cl_crs_0|alt_vip_cl_crs_0|inst_crs_int|horiz_upsample|dout_encode|av_st_dout_data[31]               ; Register  ;
; dut|alt_vip_cl_crs_0|alt_vip_cl_crs_0|inst_crs_int|horiz_upsample|dout_encode|av_st_dout_data[6]                        ; Merged with dut|alt_vip_cl_crs_0|alt_vip_cl_crs_0|inst_crs_int|horiz_upsample|dout_encode|av_st_dout_data[30]               ; Register  ;
; dut|alt_vip_cl_crs_0|alt_vip_cl_crs_0|inst_crs_int|horiz_upsample|dout_encode|av_st_dout_data[5]                        ; Merged with dut|alt_vip_cl_crs_0|alt_vip_cl_crs_0|inst_crs_int|horiz_upsample|dout_encode|av_st_dout_data[29]               ; Register  ;
; dut|alt_vip_cl_crs_0|alt_vip_cl_crs_0|inst_crs_int|horiz_upsample|dout_encode|av_st_dout_data[4]                        ; Merged with dut|alt_vip_cl_crs_0|alt_vip_cl_crs_0|inst_crs_int|horiz_upsample|dout_encode|av_st_dout_data[28]               ; Register  ;
; dut|alt_vip_cl_crs_0|alt_vip_cl_crs_0|inst_crs_int|horiz_upsample|dout_encode|av_st_dout_data[3]                        ; Merged with dut|alt_vip_cl_crs_0|alt_vip_cl_crs_0|inst_crs_int|horiz_upsample|dout_encode|av_st_dout_data[27]               ; Register  ;
; dut|alt_vip_cl_crs_0|alt_vip_cl_crs_0|inst_crs_int|horiz_upsample|dout_encode|av_st_dout_data[2]                        ; Merged with dut|alt_vip_cl_crs_0|alt_vip_cl_crs_0|inst_crs_int|horiz_upsample|dout_encode|av_st_dout_data[26]               ; Register  ;
; dut|alt_vip_cl_crs_0|alt_vip_cl_crs_0|inst_crs_int|horiz_upsample|dout_encode|av_st_dout_data[1]                        ; Merged with dut|alt_vip_cl_crs_0|alt_vip_cl_crs_0|inst_crs_int|horiz_upsample|dout_encode|av_st_dout_data[25]               ; Register  ;
; dut|alt_vip_cl_crs_0|alt_vip_cl_crs_0|inst_crs_int|horiz_upsample|dout_encode|av_st_dout_data[0]                        ; Merged with dut|alt_vip_cl_crs_0|alt_vip_cl_crs_0|inst_crs_int|horiz_upsample|dout_encode|av_st_dout_data[24]               ; Register  ;
; dut|alt_vip_cl_tpg_0|alt_vip_cl_tpg_0|scheduler|tpg_multi_scheduler_inst|ac_cmd_encoder|av_st_dout_data[48]             ; Merged with dut|alt_vip_cl_tpg_0|alt_vip_cl_tpg_0|scheduler|tpg_multi_scheduler_inst|ac_cmd_encoder|av_st_dout_data[49]     ; Register  ;
; dut|alt_vip_cl_tpg_0|alt_vip_cl_tpg_0|scheduler|tpg_multi_scheduler_inst|vob_cmd_encoder|av_st_dout_data[0]             ; Merged with dut|alt_vip_cl_tpg_0|alt_vip_cl_tpg_0|scheduler|tpg_multi_scheduler_inst|vob_cmd_encoder|av_st_dout_data[1]     ; Register  ;
; dut|alt_vip_cl_tpg_0|alt_vip_cl_tpg_0|scheduler|tpg_multi_scheduler_inst|vob_cmd_encoder|av_st_dout_startofpacket       ; Merged with dut|alt_vip_cl_tpg_0|alt_vip_cl_tpg_0|scheduler|tpg_multi_scheduler_inst|vob_cmd_encoder|av_st_dout_data[1]     ; Register  ;
; dut|alt_vip_cl_tpg_0|alt_vip_cl_tpg_0|video_out|cmd_input|arguments_reg[0][0]                                           ; Merged with dut|alt_vip_cl_tpg_0|alt_vip_cl_tpg_0|video_out|cmd_input|arguments_reg[0][1]                                   ; Register  ;
; dut|alt_vip_cl_tpg_0|alt_vip_cl_tpg_0|video_out|cmd_input|arguments_reg[1][0]                                           ; Merged with dut|alt_vip_cl_tpg_0|alt_vip_cl_tpg_0|video_out|cmd_input|arguments_reg[1][1]                                   ; Register  ;
; dut|alt_vip_cl_tpg_0|alt_vip_cl_tpg_0|core_0|cmd_decode|task_reg[0]                                                     ; Merged with dut|alt_vip_cl_tpg_0|alt_vip_cl_tpg_0|core_0|cmd_decode|task_reg[1]                                             ; Register  ;
; dut|alt_vip_cl_tpg_0|alt_vip_cl_tpg_0|video_out|cmd_args_str[0][0]                                                      ; Merged with dut|alt_vip_cl_tpg_0|alt_vip_cl_tpg_0|video_out|cmd_args_str[0][1]                                              ; Register  ;
; dut|alt_vip_cl_tpg_0|alt_vip_cl_tpg_0|video_out|cmd_args_str[1][0]                                                      ; Merged with dut|alt_vip_cl_tpg_0|alt_vip_cl_tpg_0|video_out|cmd_args_str[1][1]                                              ; Register  ;
; dut|alt_vip_cl_tpg_0|alt_vip_cl_tpg_0|video_out|cmd_args_str[0][3]                                                      ; Merged with dut|alt_vip_cl_tpg_0|alt_vip_cl_tpg_0|video_out|cmd_args_str[0][2]                                              ; Register  ;
; dut|alt_vip_cl_tpg_0|alt_vip_cl_tpg_0|video_out|cmd_input|arguments_reg[0][3]                                           ; Merged with dut|alt_vip_cl_tpg_0|alt_vip_cl_tpg_0|video_out|cmd_input|arguments_reg[0][2]                                   ; Register  ;
; dut|alt_vip_cl_tpg_0|alt_vip_cl_tpg_0|video_out|cmd_input|arguments_reg[0][7]                                           ; Merged with dut|alt_vip_cl_tpg_0|alt_vip_cl_tpg_0|video_out|cmd_input|arguments_reg[0][10]                                  ; Register  ;
; dut|alt_vip_cl_tpg_0|alt_vip_cl_tpg_0|video_out|cmd_input|arguments_reg[0][9]                                           ; Merged with dut|alt_vip_cl_tpg_0|alt_vip_cl_tpg_0|video_out|cmd_input|arguments_reg[0][10]                                  ; Register  ;
; dut|alt_vip_cl_tpg_0|alt_vip_cl_tpg_0|video_out|cmd_input|arguments_reg[0][19..21]                                      ; Merged with dut|alt_vip_cl_tpg_0|alt_vip_cl_tpg_0|video_out|cmd_input|arguments_reg[0][10]                                  ; Register  ;
; dut|alt_vip_cl_tpg_0|alt_vip_cl_tpg_0|video_out|cmd_input|arguments_reg[0][26]                                          ; Merged with dut|alt_vip_cl_tpg_0|alt_vip_cl_tpg_0|video_out|cmd_input|arguments_reg[0][10]                                  ; Register  ;
; dut|alt_vip_cl_tpg_0|alt_vip_cl_tpg_0|core_0|cmd_decode|arguments_reg[0][7..9]                                          ; Merged with dut|alt_vip_cl_tpg_0|alt_vip_cl_tpg_0|core_0|cmd_decode|arguments_reg[0][10]                                    ; Register  ;
; dut|alt_vip_cl_tpg_0|alt_vip_cl_tpg_0|scheduler|tpg_multi_scheduler_inst|vob_cmd_encoder|av_st_dout_data[3]             ; Merged with dut|alt_vip_cl_tpg_0|alt_vip_cl_tpg_0|scheduler|tpg_multi_scheduler_inst|vob_cmd_encoder|av_st_dout_data[2]     ; Register  ;
; dut|alt_vip_cl_tpg_0|alt_vip_cl_tpg_0|scheduler|tpg_multi_scheduler_inst|vob_cmd_encoder|av_st_dout_data[7,9,19..21,26] ; Merged with dut|alt_vip_cl_tpg_0|alt_vip_cl_tpg_0|scheduler|tpg_multi_scheduler_inst|vob_cmd_encoder|av_st_dout_data[10]    ; Register  ;
; dut|alt_vip_cl_tpg_0|alt_vip_cl_tpg_0|video_out|video_output|av_st_din_dout_control_reg[0][3]                           ; Merged with dut|alt_vip_cl_tpg_0|alt_vip_cl_tpg_0|video_out|video_output|av_st_din_dout_control_reg[0][2]                   ; Register  ;
; dut|alt_vip_cl_tpg_0|alt_vip_cl_tpg_0|video_out|video_output|av_st_din_dout_control_reg[0][1]                           ; Merged with dut|alt_vip_cl_tpg_0|alt_vip_cl_tpg_0|video_out|video_output|av_st_din_dout_control_reg[0][0]                   ; Register  ;
; dut|alt_vip_cl_tpg_0|alt_vip_cl_tpg_0|scheduler|tpg_multi_scheduler_inst|ac_cmd_encoder|av_st_dout_data[7..9]           ; Merged with dut|alt_vip_cl_tpg_0|alt_vip_cl_tpg_0|scheduler|tpg_multi_scheduler_inst|ac_cmd_encoder|av_st_dout_data[10]     ; Register  ;
; dut|alt_vip_cl_tpg_0|alt_vip_cl_tpg_0|video_out|video_output|av_st_din_dout_control_reg[0][17]                          ; Merged with dut|alt_vip_cl_tpg_0|alt_vip_cl_tpg_0|video_out|video_output|av_st_din_dout_control_reg[0][16]                  ; Register  ;
; dut|alt_vip_cl_tpg_0|alt_vip_cl_tpg_0|video_out|video_output|av_st_din_dout_control_reg[0][9]                           ; Merged with dut|alt_vip_cl_tpg_0|alt_vip_cl_tpg_0|video_out|video_output|av_st_din_dout_control_reg[0][19]                  ; Register  ;
; dut|alt_vip_cl_tpg_0|alt_vip_cl_tpg_0|video_out|video_output|av_st_din_dout_control_reg[1][10]                          ; Merged with dut|alt_vip_cl_tpg_0|alt_vip_cl_tpg_0|video_out|video_output|av_st_din_dout_control_reg[0][19]                  ; Register  ;
; dut|alt_vip_cl_tpg_0|alt_vip_cl_tpg_0|video_out|video_output|av_st_din_dout_control_reg[1][16]                          ; Merged with dut|alt_vip_cl_tpg_0|alt_vip_cl_tpg_0|video_out|video_output|av_st_din_dout_control_reg[0][19]                  ; Register  ;
; dut|alt_vip_cl_tpg_0|alt_vip_cl_tpg_0|video_out|video_output|av_st_din_dout_control_reg[1][27]                          ; Merged with dut|alt_vip_cl_tpg_0|alt_vip_cl_tpg_0|video_out|video_output|av_st_din_dout_control_reg[0][19]                  ; Register  ;
; dut|alt_vip_cl_tpg_0|alt_vip_cl_tpg_0|video_out|video_output|av_st_din_dout_control_reg[0][25]                          ; Merged with dut|alt_vip_cl_tpg_0|alt_vip_cl_tpg_0|video_out|video_output|av_st_din_dout_control_reg[0][24]                  ; Register  ;
; dut|alt_vip_cl_tpg_0|alt_vip_cl_tpg_0|video_out|video_output|av_st_din_dout_control_reg[1][3]                           ; Merged with dut|alt_vip_cl_tpg_0|alt_vip_cl_tpg_0|video_out|video_output|av_st_din_dout_control_reg[1][2]                   ; Register  ;
; dut|alt_vip_cl_tpg_0|alt_vip_cl_tpg_0|video_out|video_output|av_st_din_dout_control_reg[1][1]                           ; Merged with dut|alt_vip_cl_tpg_0|alt_vip_cl_tpg_0|video_out|video_output|av_st_din_dout_control_reg[1][0]                   ; Register  ;
; dut|alt_vip_cl_tpg_0|alt_vip_cl_tpg_0|video_out|video_output|av_st_din_dout_control_reg[1][17]                          ; Merged with dut|alt_vip_cl_tpg_0|alt_vip_cl_tpg_0|video_out|video_output|av_st_din_dout_control_reg[1][16]                  ; Register  ;
; dut|alt_vip_cl_tpg_0|alt_vip_cl_tpg_0|video_out|cmd_args_str[0][7]                                                      ; Merged with dut|alt_vip_cl_tpg_0|alt_vip_cl_tpg_0|video_out|cmd_args_str[0][10]                                             ; Register  ;
; dut|alt_vip_cl_tpg_0|alt_vip_cl_tpg_0|video_out|cmd_args_str[0][9]                                                      ; Merged with dut|alt_vip_cl_tpg_0|alt_vip_cl_tpg_0|video_out|cmd_args_str[0][10]                                             ; Register  ;
; dut|alt_vip_cl_tpg_0|alt_vip_cl_tpg_0|video_out|cmd_args_str[0][19..21]                                                 ; Merged with dut|alt_vip_cl_tpg_0|alt_vip_cl_tpg_0|video_out|cmd_args_str[0][10]                                             ; Register  ;
; dut|alt_vip_cl_tpg_0|alt_vip_cl_tpg_0|video_out|cmd_args_str[0][26]                                                     ; Merged with dut|alt_vip_cl_tpg_0|alt_vip_cl_tpg_0|video_out|cmd_args_str[0][10]                                             ; Register  ;
; dut|alt_vip_cl_tpg_0|alt_vip_cl_tpg_0|video_out|video_output|av_st_din_dout_control_reg[1][9]                           ; Merged with dut|alt_vip_cl_tpg_0|alt_vip_cl_tpg_0|video_out|video_output|av_st_din_dout_control_reg[1][19]                  ; Register  ;
; dut|alt_vip_cl_tpg_0|alt_vip_cl_tpg_0|video_out|video_output|av_st_din_dout_control_reg[1][25]                          ; Merged with dut|alt_vip_cl_tpg_0|alt_vip_cl_tpg_0|video_out|video_output|av_st_din_dout_control_reg[1][24]                  ; Register  ;
; dut|alt_vip_cl_tpg_0|alt_vip_cl_tpg_0|video_out|video_output|av_st_din_dout_control_reg[2][3]                           ; Merged with dut|alt_vip_cl_tpg_0|alt_vip_cl_tpg_0|video_out|video_output|av_st_din_dout_control_reg[2][2]                   ; Register  ;
; dut|alt_vip_cl_tpg_0|alt_vip_cl_tpg_0|video_out|video_output|av_st_din_dout_control_reg[2][1]                           ; Merged with dut|alt_vip_cl_tpg_0|alt_vip_cl_tpg_0|video_out|video_output|av_st_din_dout_control_reg[2][0]                   ; Register  ;
; dut|alt_vip_cl_tpg_0|alt_vip_cl_tpg_0|video_out|video_output|av_st_din_dout_control_reg[2][16..17]                      ; Merged with dut|alt_vip_cl_tpg_0|alt_vip_cl_tpg_0|video_out|video_output|av_st_din_dout_control_reg[2][10]                  ; Register  ;
; dut|alt_vip_cl_tpg_0|alt_vip_cl_tpg_0|video_out|video_output|av_st_din_dout_control_reg[2][27]                          ; Merged with dut|alt_vip_cl_tpg_0|alt_vip_cl_tpg_0|video_out|video_output|av_st_din_dout_control_reg[2][10]                  ; Register  ;
; dut|alt_vip_cl_tpg_0|alt_vip_cl_tpg_0|video_out|cmd_args_str[1][3]                                                      ; Merged with dut|alt_vip_cl_tpg_0|alt_vip_cl_tpg_0|video_out|cmd_args_str[1][2]                                              ; Register  ;
; dut|alt_vip_cl_tpg_0|alt_vip_cl_tpg_0|video_out|cmd_args_str[1][20..21]                                                 ; Merged with dut|alt_vip_cl_tpg_0|alt_vip_cl_tpg_0|video_out|cmd_args_str[1][19]                                             ; Register  ;
; dut|alt_vip_cl_tpg_0|alt_vip_cl_tpg_0|video_out|cmd_args_str[1][26]                                                     ; Merged with dut|alt_vip_cl_tpg_0|alt_vip_cl_tpg_0|video_out|cmd_args_str[1][19]                                             ; Register  ;
; dut|alt_vip_cl_tpg_0|alt_vip_cl_tpg_0|video_out|cmd_input|arguments_reg[1][3]                                           ; Merged with dut|alt_vip_cl_tpg_0|alt_vip_cl_tpg_0|video_out|cmd_input|arguments_reg[1][2]                                   ; Register  ;
; dut|alt_vip_cl_tpg_0|alt_vip_cl_tpg_0|video_out|cmd_input|arguments_reg[1][20..21]                                      ; Merged with dut|alt_vip_cl_tpg_0|alt_vip_cl_tpg_0|video_out|cmd_input|arguments_reg[1][19]                                  ; Register  ;
; dut|alt_vip_cl_tpg_0|alt_vip_cl_tpg_0|video_out|cmd_input|arguments_reg[1][26]                                          ; Merged with dut|alt_vip_cl_tpg_0|alt_vip_cl_tpg_0|video_out|cmd_input|arguments_reg[1][19]                                  ; Register  ;
; dut|alt_vip_cl_tpg_0|alt_vip_cl_tpg_0|core_0|bar_width[10]                                                              ; Stuck at GND due to stuck port data_in                                                                                      ; Register  ;
; dut|alt_vip_cl_crs_0|alt_vip_cl_crs_0|video_out|video_output|is_context                                                 ; Stuck at GND due to stuck port data_in                                                                                      ; Register  ;
; dut|alt_vip_cl_tpg_0|alt_vip_cl_tpg_0|video_out|video_output|is_context                                                 ; Stuck at GND due to stuck port data_in                                                                                      ; Register  ;
; dut|alt_vip_cl_crs_0|alt_vip_cl_crs_0|video_out|cmd_args_str[1][16..31]                                                 ; Lost fanout                                                                                                                 ; Register  ;
; dut|alt_vip_cl_crs_0|alt_vip_cl_crs_0|video_out|cmd_input|arguments_reg[1][16..31]                                      ; Lost fanout                                                                                                                 ; Register  ;
; dut|alt_vip_cl_tpg_0|alt_vip_cl_tpg_0|video_out|cmd_args_str[1][19]                                                     ; Lost fanout                                                                                                                 ; Register  ;
; dut|alt_vip_cl_tpg_0|alt_vip_cl_tpg_0|video_out|cmd_input|arguments_reg[1][19]                                          ; Lost fanout                                                                                                                 ; Register  ;
; dut|alt_vip_cl_tpg_0|alt_vip_cl_tpg_0|core_0|pixels_per_line[1..3]                                                      ; Merged with dut|alt_vip_cl_tpg_0|alt_vip_cl_tpg_0|core_0|pixels_per_line[0]                                                 ; Register  ;
; dut|alt_vip_cl_tpg_0|alt_vip_cl_tpg_0|core_0|eop_empty_str[0]                                                           ; Merged with dut|alt_vip_cl_tpg_0|alt_vip_cl_tpg_0|core_0|pixels_per_line[0]                                                 ; Register  ;
; dut|alt_vip_cl_tpg_0|alt_vip_cl_tpg_0|core_0|pixels_per_line[6]                                                         ; Merged with dut|alt_vip_cl_tpg_0|alt_vip_cl_tpg_0|core_0|pixels_per_line[5]                                                 ; Register  ;
; dut|alt_vip_cl_tpg_0|alt_vip_cl_tpg_0|core_0|pixels_per_line[9..10]                                                     ; Merged with dut|alt_vip_cl_tpg_0|alt_vip_cl_tpg_0|core_0|pixels_per_line[8]                                                 ; Register  ;
; dut|alt_vip_cl_tpg_0|alt_vip_cl_tpg_0|core_0|bar_width[3]                                                               ; Merged with dut|alt_vip_cl_tpg_0|alt_vip_cl_tpg_0|core_0|bar_width[2]                                                       ; Register  ;
; dut|alt_vip_cl_tpg_0|alt_vip_cl_tpg_0|core_0|bar_width[6..7]                                                            ; Merged with dut|alt_vip_cl_tpg_0|alt_vip_cl_tpg_0|core_0|bar_width[5]                                                       ; Register  ;
; dut|alt_vip_cl_tpg_0|alt_vip_cl_tpg_0|core_0|colour_boundary_count[0]                                                   ; Stuck at VCC due to stuck port data_in                                                                                      ; Register  ;
; dut|alt_vip_cl_tpg_0|alt_vip_cl_tpg_0|video_out|cmd_input|arguments_reg[0][1]                                           ; Stuck at GND due to stuck port data_in                                                                                      ; Register  ;
; dut|alt_vip_cl_tpg_0|alt_vip_cl_tpg_0|video_out|cmd_args_str[0][1]                                                      ; Stuck at GND due to stuck port data_in                                                                                      ; Register  ;
; dut|alt_vip_cl_tpg_0|alt_vip_cl_tpg_0|scheduler|tpg_multi_scheduler_inst|state~0                                        ; Lost fanout                                                                                                                 ; Register  ;
; dut|alt_vip_cl_tpg_0|alt_vip_cl_tpg_0|scheduler|tpg_multi_scheduler_inst|state~1                                        ; Lost fanout                                                                                                                 ; Register  ;
; dut|alt_vip_cl_tpg_0|alt_vip_cl_tpg_0|scheduler|tpg_multi_scheduler_inst|state~2                                        ; Lost fanout                                                                                                                 ; Register  ;
; dut|alt_vip_cl_tpg_0|alt_vip_cl_tpg_0|video_out|video_output|state~0                                                    ; Lost fanout                                                                                                                 ; Register  ;
; dut|alt_vip_cl_tpg_0|alt_vip_cl_tpg_0|video_out|video_output|state~1                                                    ; Lost fanout                                                                                                                 ; Register  ;
; dut|alt_vip_cl_tpg_0|alt_vip_cl_tpg_0|video_out|video_output|state~2                                                    ; Lost fanout                                                                                                                 ; Register  ;
; dut|alt_vip_cl_crs_0|alt_vip_cl_crs_0|video_out|video_output|state~0                                                    ; Lost fanout                                                                                                                 ; Register  ;
; dut|alt_vip_cl_crs_0|alt_vip_cl_crs_0|video_out|video_output|state~1                                                    ; Lost fanout                                                                                                                 ; Register  ;
; dut|alt_vip_cl_crs_0|alt_vip_cl_crs_0|video_out|video_output|state~2                                                    ; Lost fanout                                                                                                                 ; Register  ;
; dut|alt_vip_cl_crs_0|alt_vip_cl_crs_0|video_in_resp|video_input|state~0                                                 ; Lost fanout                                                                                                                 ; Register  ;
; dut|alt_vip_cl_crs_0|alt_vip_cl_crs_0|video_in_resp|video_input|state~1                                                 ; Lost fanout                                                                                                                 ; Register  ;
; dut|alt_vip_cl_crs_0|alt_vip_cl_crs_0|video_in_resp|video_input|state~2                                                 ; Lost fanout                                                                                                                 ; Register  ;
; dut|alt_vip_cl_tpg_0|alt_vip_cl_tpg_0|core_0|state~0                                                                    ; Lost fanout                                                                                                                 ; Register  ;
; dut|alt_vip_cl_tpg_0|alt_vip_cl_tpg_0|core_0|state~1                                                                    ; Lost fanout                                                                                                                 ; Register  ;
; dut|alt_vip_cl_tpg_0|alt_vip_cl_tpg_0|video_out|state~0                                                                 ; Lost fanout                                                                                                                 ; Register  ;
; dut|alt_vip_cl_tpg_0|alt_vip_cl_tpg_0|video_out|state~1                                                                 ; Lost fanout                                                                                                                 ; Register  ;
; dut|alt_vip_cl_tpg_0|alt_vip_cl_tpg_0|video_out|state~2                                                                 ; Lost fanout                                                                                                                 ; Register  ;
; dut|alt_vip_cl_crs_0|alt_vip_cl_crs_0|scheduler|state~0                                                                 ; Lost fanout                                                                                                                 ; Register  ;
; dut|alt_vip_cl_crs_0|alt_vip_cl_crs_0|scheduler|state~1                                                                 ; Lost fanout                                                                                                                 ; Register  ;
; dut|alt_vip_cl_crs_0|alt_vip_cl_crs_0|scheduler|state~2                                                                 ; Lost fanout                                                                                                                 ; Register  ;
; dut|alt_vip_cl_crs_0|alt_vip_cl_crs_0|video_out|state~0                                                                 ; Lost fanout                                                                                                                 ; Register  ;
; dut|alt_vip_cl_crs_0|alt_vip_cl_crs_0|video_out|state~1                                                                 ; Lost fanout                                                                                                                 ; Register  ;
; dut|alt_vip_cl_crs_0|alt_vip_cl_crs_0|video_out|state~2                                                                 ; Lost fanout                                                                                                                 ; Register  ;
; dut|alt_vip_cl_crs_0|alt_vip_cl_crs_0|video_in_resp|state~0                                                             ; Lost fanout                                                                                                                 ; Register  ;
; dut|alt_vip_cl_crs_0|alt_vip_cl_crs_0|video_in_resp|state~1                                                             ; Lost fanout                                                                                                                 ; Register  ;
; dut|alt_vip_cl_crs_0|alt_vip_cl_crs_0|video_in_resp|state~2                                                             ; Lost fanout                                                                                                                 ; Register  ;
; dut|alt_vip_cl_crs_0|alt_vip_cl_crs_0|video_in_resp|state~3                                                             ; Lost fanout                                                                                                                 ; Register  ;
; dut|alt_vip_cl_tpg_0|alt_vip_cl_tpg_0|scheduler|tpg_multi_scheduler_inst|state.STOPPED                                  ; Stuck at GND due to stuck port data_in                                                                                      ; Register  ;
; dut|alt_vip_cl_crs_0|alt_vip_cl_crs_0|scheduler|state.SEND_LB_CMD                                                       ; Stuck at GND due to stuck port data_in                                                                                      ; Register  ;
; dut|alt_vip_cl_crs_0|alt_vip_cl_crs_0|scheduler|state.SEND_VERT_CMD                                                     ; Stuck at GND due to stuck port data_in                                                                                      ; Register  ;
; dut|alt_vip_cl_crs_0|alt_vip_cl_crs_0|video_in_resp|state.SEND_FRAME_PACKET                                             ; Merged with dut|alt_vip_cl_crs_0|alt_vip_cl_crs_0|video_in_resp|state.SEND_EOP_RESPONSE                                     ; Register  ;
; dut|alt_vip_cl_crs_0|alt_vip_cl_crs_0|video_in_resp|video_input|state.CONTEXT_PACKET                                    ; Stuck at GND due to stuck port data_in                                                                                      ; Register  ;
; dut|alt_vip_cl_crs_0|alt_vip_cl_crs_0|inst_crs_int|symbol_conv|valid_symbols[0]                                         ; Stuck at GND due to stuck port data_in                                                                                      ; Register  ;
; dut|alt_vip_cl_crs_0|alt_vip_cl_crs_0|inst_crs_int|video_in_cmd|state.DISCARD                                           ; Stuck at GND due to stuck port data_in                                                                                      ; Register  ;
; dut|alt_vip_cl_crs_0|alt_vip_cl_crs_0|video_in_resp|state.SEND_EOP_RESPONSE                                             ; Stuck at GND due to stuck port data_in                                                                                      ; Register  ;
; dut|alt_vip_cl_crs_0|alt_vip_cl_crs_0|video_out|video_output|state.TYPE_11_PACKET                                       ; Stuck at GND due to stuck port data_in                                                                                      ; Register  ;
; dut|alt_vip_cl_tpg_0|alt_vip_cl_tpg_0|video_out|video_output|state.TYPE_11_PACKET                                       ; Stuck at GND due to stuck port data_in                                                                                      ; Register  ;
; dut|alt_vip_cl_tpg_0|alt_vip_cl_tpg_0|video_out|state.SEND_EMPTY_PACKET                                                 ; Stuck at GND due to stuck port data_in                                                                                      ; Register  ;
; dut|alt_vip_cl_crs_0|alt_vip_cl_crs_0|scheduler|state.STOPPED                                                           ; Stuck at GND due to stuck port data_in                                                                                      ; Register  ;
; dut|alt_vip_cl_crs_0|alt_vip_cl_crs_0|video_in_resp|rsp_output|av_st_dout_data[49]                                      ; Stuck at GND due to stuck port data_in                                                                                      ; Register  ;
; dut|alt_vip_cl_crs_0|alt_vip_cl_crs_0|scheduler|vib_resp_decoder|task_reg[1]                                            ; Stuck at GND due to stuck port data_in                                                                                      ; Register  ;
; dut|alt_vip_cl_crs_0|alt_vip_cl_crs_0|video_in_resp|eop_flag                                                            ; Lost fanout                                                                                                                 ; Register  ;
; dut|alt_vip_cl_tpg_0|alt_vip_cl_tpg_0|core_0|dout_encode|av_st_dout_data[7]                                             ; Merged with dut|alt_vip_cl_tpg_0|alt_vip_cl_tpg_0|core_0|dout_encode|av_st_dout_data[5]                                     ; Register  ;
; dut|alt_vip_cl_tpg_0|alt_vip_cl_tpg_0|scheduler|tpg_multi_scheduler_inst|ac_cmd_encoder|av_st_dout_data[10]             ; Merged with dut|alt_vip_cl_tpg_0|alt_vip_cl_tpg_0|scheduler|tpg_multi_scheduler_inst|ac_cmd_encoder|av_st_dout_endofpacket  ; Register  ;
; dut|alt_vip_cl_tpg_0|alt_vip_cl_tpg_0|core_0|dout_encode|av_st_dout_data[28]                                            ; Merged with dut|alt_vip_cl_tpg_0|alt_vip_cl_tpg_0|core_0|dout_encode|av_st_dout_data[18]                                    ; Register  ;
; dut|alt_vip_cl_tpg_0|alt_vip_cl_tpg_0|scheduler|tpg_multi_scheduler_inst|vob_cmd_encoder|av_st_dout_data[10]            ; Merged with dut|alt_vip_cl_tpg_0|alt_vip_cl_tpg_0|scheduler|tpg_multi_scheduler_inst|vob_cmd_encoder|av_st_dout_endofpacket ; Register  ;
; Total Number of Removed Nodes = 296                                                                                     ;                                                                                                                             ;           ;
+-------------------------------------------------------------------------------------------------------------------------+-----------------------------------------------------------------------------------------------------------------------------+-----------+


+-------------------------------------------------------------------------------------------------------------------------------------------------------------------------------------------------------------------------------------------------------+
; Removed Registers Triggering Further Register Optimizations                                                                                                                                                                                           ;
+------------------------------------------------------------------------------------------------+----------------------------------------+-----------+-------------------------------------------------------------------------------------------------+
; Node name                                                                                      ; Reason for Removal                     ; Node Type ; Nodes Removed due to This Node                                                                  ;
+------------------------------------------------------------------------------------------------+----------------------------------------+-----------+-------------------------------------------------------------------------------------------------+
; dut|alt_vip_cl_crs_0|alt_vip_cl_crs_0|video_out|video_output|is_context                        ; Stuck at GND due to stuck port data_in ; Register  ; dut|alt_vip_cl_crs_0|alt_vip_cl_crs_0|video_out|cmd_args_str[1][28],                            ;
;                                                                                                ;                                        ;           ; dut|alt_vip_cl_crs_0|alt_vip_cl_crs_0|video_out|cmd_input|arguments_reg[1][28],                 ;
;                                                                                                ;                                        ;           ; dut|alt_vip_cl_crs_0|alt_vip_cl_crs_0|video_out|cmd_args_str[1][29],                            ;
;                                                                                                ;                                        ;           ; dut|alt_vip_cl_crs_0|alt_vip_cl_crs_0|video_out|cmd_input|arguments_reg[1][29],                 ;
;                                                                                                ;                                        ;           ; dut|alt_vip_cl_crs_0|alt_vip_cl_crs_0|video_out|cmd_args_str[1][30],                            ;
;                                                                                                ;                                        ;           ; dut|alt_vip_cl_crs_0|alt_vip_cl_crs_0|video_out|cmd_input|arguments_reg[1][30],                 ;
;                                                                                                ;                                        ;           ; dut|alt_vip_cl_crs_0|alt_vip_cl_crs_0|video_out|cmd_args_str[1][31],                            ;
;                                                                                                ;                                        ;           ; dut|alt_vip_cl_crs_0|alt_vip_cl_crs_0|video_out|cmd_input|arguments_reg[1][31],                 ;
;                                                                                                ;                                        ;           ; dut|alt_vip_cl_crs_0|alt_vip_cl_crs_0|video_out|cmd_args_str[1][24],                            ;
;                                                                                                ;                                        ;           ; dut|alt_vip_cl_crs_0|alt_vip_cl_crs_0|video_out|cmd_input|arguments_reg[1][24],                 ;
;                                                                                                ;                                        ;           ; dut|alt_vip_cl_crs_0|alt_vip_cl_crs_0|video_out|cmd_args_str[1][25],                            ;
;                                                                                                ;                                        ;           ; dut|alt_vip_cl_crs_0|alt_vip_cl_crs_0|video_out|cmd_input|arguments_reg[1][25],                 ;
;                                                                                                ;                                        ;           ; dut|alt_vip_cl_crs_0|alt_vip_cl_crs_0|video_out|cmd_args_str[1][26],                            ;
;                                                                                                ;                                        ;           ; dut|alt_vip_cl_crs_0|alt_vip_cl_crs_0|video_out|cmd_input|arguments_reg[1][26],                 ;
;                                                                                                ;                                        ;           ; dut|alt_vip_cl_crs_0|alt_vip_cl_crs_0|video_out|cmd_args_str[1][27],                            ;
;                                                                                                ;                                        ;           ; dut|alt_vip_cl_crs_0|alt_vip_cl_crs_0|video_out|cmd_input|arguments_reg[1][27],                 ;
;                                                                                                ;                                        ;           ; dut|alt_vip_cl_crs_0|alt_vip_cl_crs_0|video_out|cmd_args_str[1][20],                            ;
;                                                                                                ;                                        ;           ; dut|alt_vip_cl_crs_0|alt_vip_cl_crs_0|video_out|cmd_input|arguments_reg[1][20],                 ;
;                                                                                                ;                                        ;           ; dut|alt_vip_cl_crs_0|alt_vip_cl_crs_0|video_out|cmd_args_str[1][21],                            ;
;                                                                                                ;                                        ;           ; dut|alt_vip_cl_crs_0|alt_vip_cl_crs_0|video_out|cmd_input|arguments_reg[1][21],                 ;
;                                                                                                ;                                        ;           ; dut|alt_vip_cl_crs_0|alt_vip_cl_crs_0|video_out|cmd_args_str[1][22],                            ;
;                                                                                                ;                                        ;           ; dut|alt_vip_cl_crs_0|alt_vip_cl_crs_0|video_out|cmd_input|arguments_reg[1][22],                 ;
;                                                                                                ;                                        ;           ; dut|alt_vip_cl_crs_0|alt_vip_cl_crs_0|video_out|cmd_args_str[1][23],                            ;
;                                                                                                ;                                        ;           ; dut|alt_vip_cl_crs_0|alt_vip_cl_crs_0|video_out|cmd_input|arguments_reg[1][23],                 ;
;                                                                                                ;                                        ;           ; dut|alt_vip_cl_crs_0|alt_vip_cl_crs_0|video_out|cmd_args_str[1][16],                            ;
;                                                                                                ;                                        ;           ; dut|alt_vip_cl_crs_0|alt_vip_cl_crs_0|video_out|cmd_input|arguments_reg[1][16],                 ;
;                                                                                                ;                                        ;           ; dut|alt_vip_cl_crs_0|alt_vip_cl_crs_0|video_out|cmd_args_str[1][17],                            ;
;                                                                                                ;                                        ;           ; dut|alt_vip_cl_crs_0|alt_vip_cl_crs_0|video_out|cmd_input|arguments_reg[1][17],                 ;
;                                                                                                ;                                        ;           ; dut|alt_vip_cl_crs_0|alt_vip_cl_crs_0|video_out|cmd_args_str[1][18],                            ;
;                                                                                                ;                                        ;           ; dut|alt_vip_cl_crs_0|alt_vip_cl_crs_0|video_out|cmd_input|arguments_reg[1][18],                 ;
;                                                                                                ;                                        ;           ; dut|alt_vip_cl_crs_0|alt_vip_cl_crs_0|video_out|cmd_args_str[1][19],                            ;
;                                                                                                ;                                        ;           ; dut|alt_vip_cl_crs_0|alt_vip_cl_crs_0|video_out|cmd_input|arguments_reg[1][19]                  ;
; dut|alt_vip_cl_tpg_0|alt_vip_cl_tpg_0|video_out|video_output|is_context                        ; Stuck at GND due to stuck port data_in ; Register  ; dut|alt_vip_cl_tpg_0|alt_vip_cl_tpg_0|video_out|cmd_args_str[1][19],                            ;
;                                                                                                ;                                        ;           ; dut|alt_vip_cl_tpg_0|alt_vip_cl_tpg_0|video_out|cmd_input|arguments_reg[1][19],                 ;
;                                                                                                ;                                        ;           ; dut|alt_vip_cl_tpg_0|alt_vip_cl_tpg_0|video_out|video_output|av_st_din_dout_control_reg[0][24]  ;
; dut|alt_vip_cl_tpg_0|alt_vip_cl_tpg_0|video_out|video_output|av_st_din_dout_control_reg[2][13] ; Stuck at GND due to stuck port data_in ; Register  ; dut|alt_vip_cl_tpg_0|alt_vip_cl_tpg_0|video_out|video_output|av_st_din_dout_control_reg[1][13], ;
;                                                                                                ;                                        ;           ; dut|alt_vip_cl_tpg_0|alt_vip_cl_tpg_0|video_out|video_output|av_st_din_dout_control_reg[0][13]  ;
; dut|alt_vip_cl_tpg_0|alt_vip_cl_tpg_0|video_out|video_output|av_st_din_dout_control_reg[2][31] ; Stuck at GND due to stuck port data_in ; Register  ; dut|alt_vip_cl_tpg_0|alt_vip_cl_tpg_0|video_out|video_output|av_st_din_dout_control_reg[1][31], ;
;                                                                                                ;                                        ;           ; dut|alt_vip_cl_tpg_0|alt_vip_cl_tpg_0|video_out|video_output|av_st_din_dout_control_reg[0][31]  ;
; dut|alt_vip_cl_tpg_0|alt_vip_cl_tpg_0|video_out|video_output|av_st_din_dout_control_reg[2][30] ; Stuck at GND due to stuck port data_in ; Register  ; dut|alt_vip_cl_tpg_0|alt_vip_cl_tpg_0|video_out|video_output|av_st_din_dout_control_reg[1][30], ;
;                                                                                                ;                                        ;           ; dut|alt_vip_cl_tpg_0|alt_vip_cl_tpg_0|video_out|video_output|av_st_din_dout_control_reg[0][30]  ;
; dut|alt_vip_cl_tpg_0|alt_vip_cl_tpg_0|video_out|video_output|av_st_din_dout_control_reg[2][28] ; Stuck at GND due to stuck port data_in ; Register  ; dut|alt_vip_cl_tpg_0|alt_vip_cl_tpg_0|video_out|video_output|av_st_din_dout_control_reg[1][28], ;
;                                                                                                ;                                        ;           ; dut|alt_vip_cl_tpg_0|alt_vip_cl_tpg_0|video_out|video_output|av_st_din_dout_control_reg[0][28]  ;
; dut|alt_vip_cl_tpg_0|alt_vip_cl_tpg_0|video_out|video_output|av_st_din_dout_control_reg[2][23] ; Stuck at GND due to stuck port data_in ; Register  ; dut|alt_vip_cl_tpg_0|alt_vip_cl_tpg_0|video_out|video_output|av_st_din_dout_control_reg[1][23], ;
;                                                                                                ;                                        ;           ; dut|alt_vip_cl_tpg_0|alt_vip_cl_tpg_0|video_out|video_output|av_st_din_dout_control_reg[0][23]  ;
; dut|alt_vip_cl_tpg_0|alt_vip_cl_tpg_0|video_out|video_output|av_st_din_dout_control_reg[2][22] ; Stuck at GND due to stuck port data_in ; Register  ; dut|alt_vip_cl_tpg_0|alt_vip_cl_tpg_0|video_out|video_output|av_st_din_dout_control_reg[1][22], ;
;                                                                                                ;                                        ;           ; dut|alt_vip_cl_tpg_0|alt_vip_cl_tpg_0|video_out|video_output|av_st_din_dout_control_reg[0][22]  ;
; dut|alt_vip_cl_tpg_0|alt_vip_cl_tpg_0|video_out|video_output|av_st_din_dout_control_reg[2][21] ; Stuck at GND due to stuck port data_in ; Register  ; dut|alt_vip_cl_tpg_0|alt_vip_cl_tpg_0|video_out|video_output|av_st_din_dout_control_reg[1][21], ;
;                                                                                                ;                                        ;           ; dut|alt_vip_cl_tpg_0|alt_vip_cl_tpg_0|video_out|video_output|av_st_din_dout_control_reg[0][21]  ;
; dut|alt_vip_cl_tpg_0|alt_vip_cl_tpg_0|video_out|video_output|av_st_din_dout_control_reg[2][20] ; Stuck at GND due to stuck port data_in ; Register  ; dut|alt_vip_cl_tpg_0|alt_vip_cl_tpg_0|video_out|video_output|av_st_din_dout_control_reg[1][20], ;
;                                                                                                ;                                        ;           ; dut|alt_vip_cl_tpg_0|alt_vip_cl_tpg_0|video_out|video_output|av_st_din_dout_control_reg[0][20]  ;
; dut|alt_vip_cl_tpg_0|alt_vip_cl_tpg_0|video_out|video_output|av_st_din_dout_control_reg[2][18] ; Stuck at GND due to stuck port data_in ; Register  ; dut|alt_vip_cl_tpg_0|alt_vip_cl_tpg_0|video_out|video_output|av_st_din_dout_control_reg[1][18], ;
;                                                                                                ;                                        ;           ; dut|alt_vip_cl_tpg_0|alt_vip_cl_tpg_0|video_out|video_output|av_st_din_dout_control_reg[0][18]  ;
; dut|alt_vip_cl_tpg_0|alt_vip_cl_tpg_0|video_out|video_output|av_st_din_dout_control_reg[2][15] ; Stuck at GND due to stuck port data_in ; Register  ; dut|alt_vip_cl_tpg_0|alt_vip_cl_tpg_0|video_out|video_output|av_st_din_dout_control_reg[1][15], ;
;                                                                                                ;                                        ;           ; dut|alt_vip_cl_tpg_0|alt_vip_cl_tpg_0|video_out|video_output|av_st_din_dout_control_reg[0][15]  ;
; dut|alt_vip_cl_tpg_0|alt_vip_cl_tpg_0|video_out|video_output|av_st_din_dout_control_reg[2][14] ; Stuck at GND due to stuck port data_in ; Register  ; dut|alt_vip_cl_tpg_0|alt_vip_cl_tpg_0|video_out|video_output|av_st_din_dout_control_reg[1][14], ;
;                                                                                                ;                                        ;           ; dut|alt_vip_cl_tpg_0|alt_vip_cl_tpg_0|video_out|video_output|av_st_din_dout_control_reg[0][14]  ;
; dut|alt_vip_cl_tpg_0|alt_vip_cl_tpg_0|video_out|video_output|av_st_din_dout_control_reg[2][29] ; Stuck at GND due to stuck port data_in ; Register  ; dut|alt_vip_cl_tpg_0|alt_vip_cl_tpg_0|video_out|video_output|av_st_din_dout_control_reg[1][29], ;
;                                                                                                ;                                        ;           ; dut|alt_vip_cl_tpg_0|alt_vip_cl_tpg_0|video_out|video_output|av_st_din_dout_control_reg[0][29]  ;
; dut|alt_vip_cl_tpg_0|alt_vip_cl_tpg_0|video_out|video_output|av_st_din_dout_control_reg[2][12] ; Stuck at GND due to stuck port data_in ; Register  ; dut|alt_vip_cl_tpg_0|alt_vip_cl_tpg_0|video_out|video_output|av_st_din_dout_control_reg[1][12], ;
;                                                                                                ;                                        ;           ; dut|alt_vip_cl_tpg_0|alt_vip_cl_tpg_0|video_out|video_output|av_st_din_dout_control_reg[0][12]  ;
; dut|alt_vip_cl_tpg_0|alt_vip_cl_tpg_0|video_out|video_output|av_st_din_dout_control_reg[2][11] ; Stuck at GND due to stuck port data_in ; Register  ; dut|alt_vip_cl_tpg_0|alt_vip_cl_tpg_0|video_out|video_output|av_st_din_dout_control_reg[1][11], ;
;                                                                                                ;                                        ;           ; dut|alt_vip_cl_tpg_0|alt_vip_cl_tpg_0|video_out|video_output|av_st_din_dout_control_reg[0][11]  ;
; dut|alt_vip_cl_tpg_0|alt_vip_cl_tpg_0|video_out|video_output|av_st_din_dout_control_reg[2][7]  ; Stuck at GND due to stuck port data_in ; Register  ; dut|alt_vip_cl_tpg_0|alt_vip_cl_tpg_0|video_out|video_output|av_st_din_dout_control_reg[1][7],  ;
;                                                                                                ;                                        ;           ; dut|alt_vip_cl_tpg_0|alt_vip_cl_tpg_0|video_out|video_output|av_st_din_dout_control_reg[0][7]   ;
; dut|alt_vip_cl_tpg_0|alt_vip_cl_tpg_0|video_out|video_output|av_st_din_dout_control_reg[2][6]  ; Stuck at GND due to stuck port data_in ; Register  ; dut|alt_vip_cl_tpg_0|alt_vip_cl_tpg_0|video_out|video_output|av_st_din_dout_control_reg[1][6],  ;
;                                                                                                ;                                        ;           ; dut|alt_vip_cl_tpg_0|alt_vip_cl_tpg_0|video_out|video_output|av_st_din_dout_control_reg[0][6]   ;
; dut|alt_vip_cl_tpg_0|alt_vip_cl_tpg_0|video_out|video_output|av_st_din_dout_control_reg[2][5]  ; Stuck at GND due to stuck port data_in ; Register  ; dut|alt_vip_cl_tpg_0|alt_vip_cl_tpg_0|video_out|video_output|av_st_din_dout_control_reg[1][5],  ;
;                                                                                                ;                                        ;           ; dut|alt_vip_cl_tpg_0|alt_vip_cl_tpg_0|video_out|video_output|av_st_din_dout_control_reg[0][5]   ;
; dut|alt_vip_cl_tpg_0|alt_vip_cl_tpg_0|video_out|video_output|av_st_din_dout_control_reg[2][4]  ; Stuck at GND due to stuck port data_in ; Register  ; dut|alt_vip_cl_tpg_0|alt_vip_cl_tpg_0|video_out|video_output|av_st_din_dout_control_reg[1][4],  ;
;                                                                                                ;                                        ;           ; dut|alt_vip_cl_tpg_0|alt_vip_cl_tpg_0|video_out|video_output|av_st_din_dout_control_reg[0][4]   ;
; dut|alt_vip_cl_crs_0|alt_vip_cl_crs_0|video_in_resp|state.SEND_EOP_RESPONSE                    ; Stuck at GND due to stuck port data_in ; Register  ; dut|alt_vip_cl_crs_0|alt_vip_cl_crs_0|video_in_resp|rsp_output|av_st_dout_data[49],             ;
;                                                                                                ;                                        ;           ; dut|alt_vip_cl_crs_0|alt_vip_cl_crs_0|scheduler|vib_resp_decoder|task_reg[1]                    ;
; dut|alt_vip_cl_crs_0|alt_vip_cl_crs_0|video_out|video_output|av_st_din_dout_control_reg[1][28] ; Stuck at GND due to stuck port data_in ; Register  ; dut|alt_vip_cl_crs_0|alt_vip_cl_crs_0|video_out|video_output|av_st_din_dout_control_reg[0][28]  ;
; dut|alt_vip_cl_crs_0|alt_vip_cl_crs_0|video_out|video_output|av_st_din_dout_control_reg[1][46] ; Stuck at GND due to stuck port data_in ; Register  ; dut|alt_vip_cl_crs_0|alt_vip_cl_crs_0|video_out|video_output|av_st_din_dout_control_reg[0][46]  ;
; dut|alt_vip_cl_crs_0|alt_vip_cl_crs_0|inst_crs_int|video_in_cmd|state.DISCARD                  ; Stuck at GND due to stuck port data_in ; Register  ; dut|alt_vip_cl_crs_0|alt_vip_cl_crs_0|video_in_resp|eop_flag                                    ;
; dut|alt_vip_cl_crs_0|alt_vip_cl_crs_0|scheduler|state.SEND_LB_CMD                              ; Stuck at GND due to stuck port data_in ; Register  ; dut|alt_vip_cl_crs_0|alt_vip_cl_crs_0|scheduler|state.SEND_VERT_CMD                             ;
; dut|alt_vip_cl_tpg_0|alt_vip_cl_tpg_0|video_out|cmd_input|arguments_reg[0][1]                  ; Stuck at GND due to stuck port data_in ; Register  ; dut|alt_vip_cl_tpg_0|alt_vip_cl_tpg_0|video_out|cmd_args_str[0][1]                              ;
; dut|alt_vip_cl_crs_0|alt_vip_cl_crs_0|video_out|video_output|av_st_din_dout_control_reg[1][45] ; Stuck at GND due to stuck port data_in ; Register  ; dut|alt_vip_cl_crs_0|alt_vip_cl_crs_0|video_out|video_output|av_st_din_dout_control_reg[0][45]  ;
; dut|alt_vip_cl_crs_0|alt_vip_cl_crs_0|video_out|video_output|av_st_din_dout_control_reg[1][44] ; Stuck at GND due to stuck port data_in ; Register  ; dut|alt_vip_cl_crs_0|alt_vip_cl_crs_0|video_out|video_output|av_st_din_dout_control_reg[0][44]  ;
; dut|alt_vip_cl_tpg_0|alt_vip_cl_tpg_0|core_0|bar_width[10]                                     ; Stuck at GND due to stuck port data_in ; Register  ; dut|alt_vip_cl_tpg_0|alt_vip_cl_tpg_0|core_0|colour_boundary_count[0]                           ;
; dut|alt_vip_cl_crs_0|alt_vip_cl_crs_0|video_out|video_output|av_st_din_dout_control_reg[1][39] ; Stuck at GND due to stuck port data_in ; Register  ; dut|alt_vip_cl_crs_0|alt_vip_cl_crs_0|video_out|video_output|av_st_din_dout_control_reg[0][39]  ;
; dut|alt_vip_cl_crs_0|alt_vip_cl_crs_0|video_out|video_output|av_st_din_dout_control_reg[1][38] ; Stuck at GND due to stuck port data_in ; Register  ; dut|alt_vip_cl_crs_0|alt_vip_cl_crs_0|video_out|video_output|av_st_din_dout_control_reg[0][38]  ;
; dut|alt_vip_cl_crs_0|alt_vip_cl_crs_0|video_out|video_output|av_st_din_dout_control_reg[1][37] ; Stuck at GND due to stuck port data_in ; Register  ; dut|alt_vip_cl_crs_0|alt_vip_cl_crs_0|video_out|video_output|av_st_din_dout_control_reg[0][37]  ;
; dut|alt_vip_cl_crs_0|alt_vip_cl_crs_0|video_out|video_output|av_st_din_dout_control_reg[1][36] ; Stuck at GND due to stuck port data_in ; Register  ; dut|alt_vip_cl_crs_0|alt_vip_cl_crs_0|video_out|video_output|av_st_din_dout_control_reg[0][36]  ;
; dut|alt_vip_cl_tpg_0|alt_vip_cl_tpg_0|video_out|video_output|av_st_din_dout_control_reg[2][8]  ; Stuck at GND due to stuck port data_in ; Register  ; dut|alt_vip_cl_tpg_0|alt_vip_cl_tpg_0|video_out|video_output|av_st_din_dout_control_reg[1][8]   ;
; dut|alt_vip_cl_crs_0|alt_vip_cl_crs_0|video_out|video_output|av_st_din_dout_control_reg[1][31] ; Stuck at GND due to stuck port data_in ; Register  ; dut|alt_vip_cl_crs_0|alt_vip_cl_crs_0|video_out|video_output|av_st_din_dout_control_reg[0][31]  ;
; dut|alt_vip_cl_crs_0|alt_vip_cl_crs_0|video_out|video_output|av_st_din_dout_control_reg[1][30] ; Stuck at GND due to stuck port data_in ; Register  ; dut|alt_vip_cl_crs_0|alt_vip_cl_crs_0|video_out|video_output|av_st_din_dout_control_reg[0][30]  ;
; dut|alt_vip_cl_crs_0|alt_vip_cl_crs_0|video_out|video_output|av_st_din_dout_control_reg[1][29] ; Stuck at GND due to stuck port data_in ; Register  ; dut|alt_vip_cl_crs_0|alt_vip_cl_crs_0|video_out|video_output|av_st_din_dout_control_reg[0][29]  ;
; dut|alt_vip_cl_crs_0|alt_vip_cl_crs_0|video_out|video_output|av_st_din_dout_control_reg[1][6]  ; Stuck at GND due to stuck port data_in ; Register  ; dut|alt_vip_cl_crs_0|alt_vip_cl_crs_0|video_out|video_output|av_st_din_dout_control_reg[0][6]   ;
; dut|alt_vip_cl_crs_0|alt_vip_cl_crs_0|video_out|video_output|av_st_din_dout_control_reg[1][23] ; Stuck at GND due to stuck port data_in ; Register  ; dut|alt_vip_cl_crs_0|alt_vip_cl_crs_0|video_out|video_output|av_st_din_dout_control_reg[0][23]  ;
; dut|alt_vip_cl_crs_0|alt_vip_cl_crs_0|video_out|video_output|av_st_din_dout_control_reg[1][22] ; Stuck at GND due to stuck port data_in ; Register  ; dut|alt_vip_cl_crs_0|alt_vip_cl_crs_0|video_out|video_output|av_st_din_dout_control_reg[0][22]  ;
; dut|alt_vip_cl_tpg_0|alt_vip_cl_tpg_0|video_out|video_output|av_st_din_dout_control_reg[2][19] ; Stuck at GND due to stuck port data_in ; Register  ; dut|alt_vip_cl_tpg_0|alt_vip_cl_tpg_0|video_out|video_output|av_st_din_dout_control_reg[1][19]  ;
; dut|alt_vip_cl_crs_0|alt_vip_cl_crs_0|video_out|video_output|av_st_din_dout_control_reg[1][21] ; Stuck at GND due to stuck port data_in ; Register  ; dut|alt_vip_cl_crs_0|alt_vip_cl_crs_0|video_out|video_output|av_st_din_dout_control_reg[0][21]  ;
; dut|alt_vip_cl_crs_0|alt_vip_cl_crs_0|video_out|video_output|av_st_din_dout_control_reg[1][20] ; Stuck at GND due to stuck port data_in ; Register  ; dut|alt_vip_cl_crs_0|alt_vip_cl_crs_0|video_out|video_output|av_st_din_dout_control_reg[0][20]  ;
; dut|alt_vip_cl_crs_0|alt_vip_cl_crs_0|video_out|video_output|av_st_din_dout_control_reg[1][15] ; Stuck at GND due to stuck port data_in ; Register  ; dut|alt_vip_cl_crs_0|alt_vip_cl_crs_0|video_out|video_output|av_st_din_dout_control_reg[0][15]  ;
; dut|alt_vip_cl_crs_0|alt_vip_cl_crs_0|video_out|video_output|av_st_din_dout_control_reg[1][14] ; Stuck at GND due to stuck port data_in ; Register  ; dut|alt_vip_cl_crs_0|alt_vip_cl_crs_0|video_out|video_output|av_st_din_dout_control_reg[0][14]  ;
; dut|alt_vip_cl_tpg_0|alt_vip_cl_tpg_0|video_out|video_output|av_st_din_dout_control_reg[2][24] ; Stuck at GND due to stuck port data_in ; Register  ; dut|alt_vip_cl_tpg_0|alt_vip_cl_tpg_0|video_out|video_output|av_st_din_dout_control_reg[1][24]  ;
; dut|alt_vip_cl_tpg_0|alt_vip_cl_tpg_0|video_out|video_output|av_st_din_dout_control_reg[2][26] ; Stuck at GND due to stuck port data_in ; Register  ; dut|alt_vip_cl_tpg_0|alt_vip_cl_tpg_0|video_out|video_output|av_st_din_dout_control_reg[1][26]  ;
; dut|alt_vip_cl_crs_0|alt_vip_cl_crs_0|video_out|video_output|av_st_din_dout_control_reg[1][13] ; Stuck at GND due to stuck port data_in ; Register  ; dut|alt_vip_cl_crs_0|alt_vip_cl_crs_0|video_out|video_output|av_st_din_dout_control_reg[0][13]  ;
; dut|alt_vip_cl_crs_0|alt_vip_cl_crs_0|video_out|video_output|av_st_din_dout_control_reg[1][47] ; Stuck at GND due to stuck port data_in ; Register  ; dut|alt_vip_cl_crs_0|alt_vip_cl_crs_0|video_out|video_output|av_st_din_dout_control_reg[0][47]  ;
; dut|alt_vip_cl_crs_0|alt_vip_cl_crs_0|video_out|video_output|av_st_din_dout_control_reg[1][12] ; Stuck at GND due to stuck port data_in ; Register  ; dut|alt_vip_cl_crs_0|alt_vip_cl_crs_0|video_out|video_output|av_st_din_dout_control_reg[0][12]  ;
; dut|alt_vip_cl_crs_0|alt_vip_cl_crs_0|video_out|video_output|av_st_din_dout_control_reg[1][7]  ; Stuck at GND due to stuck port data_in ; Register  ; dut|alt_vip_cl_crs_0|alt_vip_cl_crs_0|video_out|video_output|av_st_din_dout_control_reg[0][7]   ;
; dut|alt_vip_cl_crs_0|alt_vip_cl_crs_0|video_out|video_output|av_st_din_dout_control_reg[1][4]  ; Stuck at GND due to stuck port data_in ; Register  ; dut|alt_vip_cl_crs_0|alt_vip_cl_crs_0|video_out|video_output|av_st_din_dout_control_reg[0][4]   ;
; dut|alt_vip_cl_crs_0|alt_vip_cl_crs_0|video_out|video_output|av_st_din_dout_control_reg[1][5]  ; Stuck at GND due to stuck port data_in ; Register  ; dut|alt_vip_cl_crs_0|alt_vip_cl_crs_0|video_out|video_output|av_st_din_dout_control_reg[0][5]   ;
+------------------------------------------------------------------------------------------------+----------------------------------------+-----------+-------------------------------------------------------------------------------------------------+


+------------------------------------------------------------+
; General Register Statistics for Partition "root_partition" ;
+----------------------------------------------+-------------+
; Statistic                                    ; Value       ;
+----------------------------------------------+-------------+
; Total registers                              ; 1337        ;
; Number of registers using Synchronous Clear  ; 254         ;
; Number of registers using Synchronous Load   ; 172         ;
; Number of registers using Asynchronous Clear ; 327         ;
; Number of registers using Asynchronous Load  ; 0           ;
; Number of registers using Clock Enable       ; 1222        ;
; Number of registers using Preset             ; 0           ;
+----------------------------------------------+-------------+


+-------------------------------------------------------------------------------------------------+
; Inverted Register Statistics                                                                    ;
+---------------------------------------------------------------------------------------+---------+
; Inverted Register                                                                     ; Fan out ;
+---------------------------------------------------------------------------------------+---------+
; dut|alt_vip_cl_crs_0|alt_vip_cl_crs_0|scheduler|send_ctrl_packet                      ; 3       ;
; dut|alt_vip_cl_tpg_0|alt_vip_cl_tpg_0|video_out|video_output|empty_converter|dout_sop ; 2       ;
; dut|alt_vip_cl_crs_0|alt_vip_cl_crs_0|video_in_resp|height_str[5]                     ; 1       ;
; dut|alt_vip_cl_crs_0|alt_vip_cl_crs_0|video_in_resp|width_str[9]                      ; 2       ;
; dut|alt_vip_cl_crs_0|alt_vip_cl_crs_0|video_in_resp|width_str[8]                      ; 2       ;
; dut|alt_vip_cl_crs_0|alt_vip_cl_crs_0|video_in_resp|width_str[10]                     ; 2       ;
; dut|alt_vip_cl_crs_0|alt_vip_cl_crs_0|video_in_resp|width_str[7]                      ; 2       ;
; dut|alt_vip_cl_crs_0|alt_vip_cl_crs_0|scheduler|vib_resp_str_interlaced[0]            ; 1       ;
; dut|alt_vip_cl_crs_0|alt_vip_cl_crs_0|scheduler|vib_resp_str_interlaced[1]            ; 1       ;
; dut|alt_vip_cl_crs_0|alt_vip_cl_crs_0|scheduler|vib_resp_str_width[5]                 ; 1       ;
; dut|alt_vip_cl_crs_0|alt_vip_cl_crs_0|scheduler|vib_resp_str_height[5]                ; 1       ;
; Total number of inverted registers = 11                                               ;         ;
+---------------------------------------------------------------------------------------+---------+


+-----------------------------------------------------------------------------------------------------------------------------------------------------------------------------------------------------------------------------------------------------+
; Multiplexer Restructuring Statistics (Restructuring Performed)                                                                                                                                                                                      ;
+--------------------+-----------+---------------+----------------------+------------------------+------------+-------------------------------------------------------------------------------------------------------------+-------------------------+
; Multiplexer Inputs ; Bus Width ; Baseline Area ; Area if Restructured ; Saving if Restructured ; Registered ; Example Multiplexer Output                                                                                  ; Restructuring Performed ;
+--------------------+-----------+---------------+----------------------+------------------------+------------+-------------------------------------------------------------------------------------------------------------+-------------------------+
; 3:1                ; 7 bits    ; 14 LEs        ; 7 LEs                ; 7 LEs                  ; Yes        ; dut|alt_vip_cl_tpg_0|alt_vip_cl_tpg_0|scheduler|tpg_multi_scheduler_inst|ac_cmd_encoder|av_st_dout_data[17] ; Yes                     ;
; 3:1                ; 4 bits    ; 8 LEs         ; 8 LEs                ; 0 LEs                  ; Yes        ; dut|alt_vip_cl_tpg_0|alt_vip_cl_tpg_0|scheduler|tpg_multi_scheduler_inst|ac_cmd_encoder|av_st_dout_data[26] ; Yes                     ;
; 3:1                ; 4 bits    ; 8 LEs         ; 8 LEs                ; 0 LEs                  ; Yes        ; dut|alt_vip_cl_crs_0|alt_vip_cl_crs_0|scheduler|vob_cmd_encoder|av_st_dout_data[2]                          ; Yes                     ;
; 3:1                ; 26 bits   ; 52 LEs        ; 0 LEs                ; 52 LEs                 ; Yes        ; dut|alt_vip_cl_crs_0|alt_vip_cl_crs_0|scheduler|vob_cmd_encoder|av_st_dout_data[28]                         ; Yes                     ;
; 3:1                ; 2 bits    ; 4 LEs         ; 4 LEs                ; 0 LEs                  ; Yes        ; dut|alt_vip_cl_crs_0|alt_vip_cl_crs_0|scheduler|vob_cmd_encoder|av_st_dout_data[9]                          ; Yes                     ;
; 3:1                ; 25 bits   ; 50 LEs        ; 0 LEs                ; 50 LEs                 ; Yes        ; dut|alt_vip_cl_crs_0|alt_vip_cl_crs_0|video_in_resp|rsp_output|av_st_dout_data[23]                          ; Yes                     ;
; 3:1                ; 2 bits    ; 4 LEs         ; 2 LEs                ; 2 LEs                  ; Yes        ; dut|alt_vip_cl_crs_0|alt_vip_cl_crs_0|video_in_resp|pixel_counter[2]                                        ; Yes                     ;
; 3:1                ; 13 bits   ; 26 LEs        ; 0 LEs                ; 26 LEs                 ; Yes        ; dut|alt_vip_cl_crs_0|alt_vip_cl_crs_0|video_in_resp|pixel_counter[8]                                        ; Yes                     ;
; 3:1                ; 10 bits   ; 20 LEs        ; 0 LEs                ; 20 LEs                 ; Yes        ; dut|alt_vip_cl_tpg_0|alt_vip_cl_tpg_0|core_0|pixel_count[10]                                                ; Yes                     ;
; 3:1                ; 48 bits   ; 96 LEs        ; 0 LEs                ; 96 LEs                 ; Yes        ; first_stage0[30]                                                                                            ; Yes                     ;
; 3:1                ; 11 bits   ; 22 LEs        ; 0 LEs                ; 22 LEs                 ; Yes        ; dut|alt_vip_cl_tpg_0|alt_vip_cl_tpg_0|scheduler|tpg_multi_scheduler_inst|line_count[7]                      ; Yes                     ;
; 3:1                ; 15 bits   ; 30 LEs        ; 0 LEs                ; 30 LEs                 ; Yes        ; dut|alt_vip_cl_crs_0|alt_vip_cl_crs_0|video_in_resp|line_counter[7]                                         ; Yes                     ;
; 3:1                ; 10 bits   ; 20 LEs        ; 10 LEs               ; 10 LEs                 ; Yes        ; dut|alt_vip_cl_tpg_0|alt_vip_cl_tpg_0|core_0|colour_boundary_count[3]                                       ; Yes                     ;
; 3:1                ; 2 bits    ; 4 LEs         ; 2 LEs                ; 2 LEs                  ; Yes        ; dut|alt_vip_cl_tpg_0|alt_vip_cl_tpg_0|core_0|colour_count[1]                                                ; Yes                     ;
; 4:1                ; 2 bits    ; 4 LEs         ; 4 LEs                ; 0 LEs                  ; Yes        ; dut|alt_vip_cl_tpg_0|alt_vip_cl_tpg_0|core_0|bar_width[5]                                                   ; Yes                     ;
; 4:1                ; 4 bits    ; 8 LEs         ; 4 LEs                ; 4 LEs                  ; Yes        ; dut|alt_vip_cl_tpg_0|alt_vip_cl_tpg_0|video_out|video_output|control_packet_beat[0]                         ; Yes                     ;
; 4:1                ; 4 bits    ; 8 LEs         ; 4 LEs                ; 4 LEs                  ; Yes        ; dut|alt_vip_cl_crs_0|alt_vip_cl_crs_0|video_out|video_output|control_packet_beat[2]                         ; Yes                     ;
; 6:1                ; 8 bits    ; 32 LEs        ; 16 LEs               ; 16 LEs                 ; Yes        ; dut|alt_vip_cl_crs_0|alt_vip_cl_crs_0|inst_crs_int|symbol_conv|pack_reg[0][0]                               ; Yes                     ;
; 6:1                ; 8 bits    ; 32 LEs        ; 16 LEs               ; 16 LEs                 ; Yes        ; dut|alt_vip_cl_crs_0|alt_vip_cl_crs_0|inst_crs_int|symbol_conv|pack_reg[1][5]                               ; Yes                     ;
; 6:1                ; 8 bits    ; 32 LEs        ; 16 LEs               ; 16 LEs                 ; Yes        ; dut|alt_vip_cl_crs_0|alt_vip_cl_crs_0|inst_crs_int|symbol_conv|pack_reg[2][7]                               ; Yes                     ;
; 6:1                ; 8 bits    ; 32 LEs        ; 16 LEs               ; 16 LEs                 ; Yes        ; dut|alt_vip_cl_crs_0|alt_vip_cl_crs_0|inst_crs_int|symbol_conv|pack_reg[3][7]                               ; Yes                     ;
; 6:1                ; 8 bits    ; 32 LEs        ; 0 LEs                ; 32 LEs                 ; Yes        ; dut|alt_vip_cl_crs_0|alt_vip_cl_crs_0|inst_crs_int|symbol_conv|pack_reg[4][6]                               ; Yes                     ;
; 6:1                ; 8 bits    ; 32 LEs        ; 0 LEs                ; 32 LEs                 ; Yes        ; dut|alt_vip_cl_crs_0|alt_vip_cl_crs_0|inst_crs_int|symbol_conv|pack_reg[5][7]                               ; Yes                     ;
; 6:1                ; 2 bits    ; 8 LEs         ; 8 LEs                ; 0 LEs                  ; Yes        ; dut|alt_vip_cl_crs_0|alt_vip_cl_crs_0|video_in_resp|rsp_output|av_st_dout_data[3]                           ; Yes                     ;
; 6:1                ; 3 bits    ; 12 LEs        ; 3 LEs                ; 9 LEs                  ; Yes        ; dut|alt_vip_cl_crs_0|alt_vip_cl_crs_0|video_in_resp|video_input|control_packet_beat[1]                      ; Yes                     ;
; 4:1                ; 32 bits   ; 64 LEs        ; 64 LEs               ; 0 LEs                  ; No         ; dut|alt_vip_cl_crs_0|alt_vip_cl_crs_0|inst_crs_int|symbol_conv|Mux_7                                        ; Yes                     ;
; 3:1                ; 2 bits    ; 4 LEs         ; 4 LEs                ; 0 LEs                  ; No         ; dut|alt_vip_cl_tpg_0|alt_vip_cl_tpg_0|video_out|vid_dout_packet_type[1]                                     ; Yes                     ;
; 3:1                ; 4 bits    ; 8 LEs         ; 8 LEs                ; 0 LEs                  ; No         ; dut|alt_vip_cl_crs_0|alt_vip_cl_crs_0|video_out|vid_dout_packet_type[0]                                     ; Yes                     ;
; 5:1                ; 8 bits    ; 24 LEs        ; 16 LEs               ; 8 LEs                  ; No         ; dut|alt_vip_cl_crs_0|alt_vip_cl_crs_0|inst_crs_int|symbol_conv|pack_line[6][0]                              ; Yes                     ;
; 5:1                ; 8 bits    ; 24 LEs        ; 16 LEs               ; 8 LEs                  ; No         ; dut|alt_vip_cl_crs_0|alt_vip_cl_crs_0|inst_crs_int|symbol_conv|pack_line[7][0]                              ; Yes                     ;
; 5:1                ; 8 bits    ; 24 LEs        ; 16 LEs               ; 8 LEs                  ; No         ; dut|alt_vip_cl_crs_0|alt_vip_cl_crs_0|inst_crs_int|symbol_conv|pack_line[8][0]                              ; Yes                     ;
; 5:1                ; 8 bits    ; 24 LEs        ; 16 LEs               ; 8 LEs                  ; No         ; dut|alt_vip_cl_crs_0|alt_vip_cl_crs_0|inst_crs_int|symbol_conv|pack_line[9][0]                              ; Yes                     ;
; 6:1                ; 17 bits   ; 68 LEs        ; 17 LEs               ; 51 LEs                 ; No         ; dut|alt_vip_cl_tpg_0|alt_vip_cl_tpg_0|video_out|video_output|Select_13                                      ; Yes                     ;
; 6:1                ; 3 bits    ; 12 LEs        ; 6 LEs                ; 6 LEs                  ; No         ; dut|alt_vip_cl_crs_0|alt_vip_cl_crs_0|inst_crs_int|video_in_cmd|Select_0                                    ; Yes                     ;
; 6:1                ; 2 bits    ; 8 LEs         ; 4 LEs                ; 4 LEs                  ; No         ; dut|alt_vip_cl_tpg_0|alt_vip_cl_tpg_0|core_0|Select_2                                                       ; Yes                     ;
; 7:1                ; 2 bits    ; 8 LEs         ; 4 LEs                ; 4 LEs                  ; No         ; dut|alt_vip_cl_tpg_0|alt_vip_cl_tpg_0|scheduler|tpg_multi_scheduler_inst|Select_0                           ; Yes                     ;
; 7:1                ; 8 bits    ; 32 LEs        ; 16 LEs               ; 16 LEs                 ; No         ; dut|alt_vip_cl_tpg_0|alt_vip_cl_tpg_0|video_out|video_output|Select_12                                      ; Yes                     ;
; 7:1                ; 2 bits    ; 8 LEs         ; 4 LEs                ; 4 LEs                  ; No         ; dut|alt_vip_cl_tpg_0|alt_vip_cl_tpg_0|video_out|video_output|Select_29                                      ; Yes                     ;
; 8:1                ; 3 bits    ; 15 LEs        ; 6 LEs                ; 9 LEs                  ; No         ; dut|alt_vip_cl_tpg_0|alt_vip_cl_tpg_0|video_out|video_output|i37                                            ; Yes                     ;
; 8:1                ; 2 bits    ; 10 LEs        ; 4 LEs                ; 6 LEs                  ; No         ; dut|alt_vip_cl_tpg_0|alt_vip_cl_tpg_0|video_out|video_output|i38                                            ; Yes                     ;
; 8:1                ; 3 bits    ; 15 LEs        ; 6 LEs                ; 9 LEs                  ; No         ; dut|alt_vip_cl_crs_0|alt_vip_cl_crs_0|video_out|video_output|i56                                            ; Yes                     ;
; 8:1                ; 2 bits    ; 10 LEs        ; 4 LEs                ; 6 LEs                  ; No         ; dut|alt_vip_cl_crs_0|alt_vip_cl_crs_0|video_out|video_output|i57                                            ; Yes                     ;
; 6:1                ; 24 bits   ; 96 LEs        ; 48 LEs               ; 48 LEs                 ; No         ; dut|alt_vip_cl_crs_0|alt_vip_cl_crs_0|video_out|video_output|Select_23                                      ; Yes                     ;
; 6:1                ; 20 bits   ; 80 LEs        ; 40 LEs               ; 40 LEs                 ; No         ; dut|alt_vip_cl_crs_0|alt_vip_cl_crs_0|video_out|video_output|Select_47                                      ; Yes                     ;
; 6:1                ; 3 bits    ; 12 LEs        ; 9 LEs                ; 3 LEs                  ; No         ; dut|alt_vip_cl_crs_0|alt_vip_cl_crs_0|video_out|video_output|Select_47                                      ; Yes                     ;
; 11:1               ; 3 bits    ; 21 LEs        ; 6 LEs                ; 15 LEs                 ; No         ; dut|alt_vip_cl_crs_0|alt_vip_cl_crs_0|scheduler|Select_0                                                    ; Yes                     ;
; 13:1               ; 3 bits    ; 24 LEs        ; 9 LEs                ; 15 LEs                 ; No         ; dut|alt_vip_cl_tpg_0|alt_vip_cl_tpg_0|video_out|Select_1                                                    ; Yes                     ;
; 13:1               ; 2 bits    ; 16 LEs        ; 4 LEs                ; 12 LEs                 ; No         ; dut|alt_vip_cl_tpg_0|alt_vip_cl_tpg_0|video_out|Select_4                                                    ; Yes                     ;
; 13:1               ; 3 bits    ; 24 LEs        ; 9 LEs                ; 15 LEs                 ; No         ; dut|alt_vip_cl_crs_0|alt_vip_cl_crs_0|video_out|Select_3                                                    ; Yes                     ;
; 13:1               ; 2 bits    ; 16 LEs        ; 4 LEs                ; 12 LEs                 ; No         ; dut|alt_vip_cl_crs_0|alt_vip_cl_crs_0|video_out|Select_7                                                    ; Yes                     ;
; 14:1               ; 2 bits    ; 18 LEs        ; 4 LEs                ; 14 LEs                 ; No         ; dut|alt_vip_cl_tpg_0|alt_vip_cl_tpg_0|video_out|Select_0                                                    ; Yes                     ;
; 14:1               ; 2 bits    ; 18 LEs        ; 4 LEs                ; 14 LEs                 ; No         ; dut|alt_vip_cl_crs_0|alt_vip_cl_crs_0|video_out|Select_0                                                    ; Yes                     ;
; 14:1               ; 2 bits    ; 18 LEs        ; 4 LEs                ; 14 LEs                 ; No         ; dut|alt_vip_cl_crs_0|alt_vip_cl_crs_0|video_in_resp|video_input|i37                                         ; Yes                     ;
; 15:1               ; 2 bits    ; 20 LEs        ; 4 LEs                ; 16 LEs                 ; No         ; dut|alt_vip_cl_crs_0|alt_vip_cl_crs_0|video_in_resp|video_input|i39                                         ; Yes                     ;
; 17:1               ; 4 bits    ; 44 LEs        ; 8 LEs                ; 36 LEs                 ; No         ; dut|alt_vip_cl_crs_0|alt_vip_cl_crs_0|video_in_resp|Select_7                                                ; Yes                     ;
; 19:1               ; 2 bits    ; 24 LEs        ; 4 LEs                ; 20 LEs                 ; No         ; dut|alt_vip_cl_crs_0|alt_vip_cl_crs_0|video_in_resp|Select_8                                                ; Yes                     ;
+--------------------+-----------+---------------+----------------------+------------------------+------------+-------------------------------------------------------------------------------------------------------------+-------------------------+


+-----------------------------------------------------------------------------------------------------------------------------+
; Parameter Settings for Inferred Entity Instance: dut|alt_vip_cl_crs_0|alt_vip_cl_crs_0|inst_crs_int|symbol_conv|div_0_rtl_0 ;
+------------------------+------------------+---------------------------------------------------------------------------------+
; Parameter Name         ; Value            ; Type                                                                            ;
+------------------------+------------------+---------------------------------------------------------------------------------+
; LPM_WIDTHN             ; 4                ; Untyped                                                                         ;
; LPM_WIDTHD             ; 2                ; Untyped                                                                         ;
; LPM_NREPRESENTATION    ; UNSIGNED         ; Untyped                                                                         ;
; LPM_DREPRESENTATION    ; UNSIGNED         ; Untyped                                                                         ;
; LPM_PIPELINE           ; 0                ; Untyped                                                                         ;
; LPM_REMAINDERPOSITIVE  ; TRUE             ; Untyped                                                                         ;
; MAXIMIZE_SPEED         ; 5                ; Untyped                                                                         ;
; CBXI_PARAMETER         ; lpm_divide_aknr1 ; Untyped                                                                         ;
; CARRY_CHAIN            ; MANUAL           ; Untyped                                                                         ;
; OPTIMIZE_FOR_SPEED     ; 5                ; Untyped                                                                         ;
; AUTO_CARRY_CHAINS      ; ON               ; Untyped                                                                         ;
; IGNORE_CARRY_BUFFERS   ; OFF              ; Untyped                                                                         ;
; AUTO_CASCADE_CHAINS    ; ON               ; AUTO_CASCADE                                                                    ;
; IGNORE_CASCADE_BUFFERS ; OFF              ; Untyped                                                                         ;
+------------------------+------------------+---------------------------------------------------------------------------------+


+------------------------------------------------------------------+
; Post-Synthesis Netlist Statistics for Partition "root_partition" ;
+------------------------+-----------------------------------------+
; Type                   ; Count                                   ;
+------------------------+-----------------------------------------+
; boundary_port          ; 3                                       ;
; cyclone10gx_ff         ; 1337                                    ;
;     CLR                ; 65                                      ;
;     CLR SCLR           ; 33                                      ;
;     CLR SLD            ; 3                                       ;
;     ENA                ; 707                                     ;
;     ENA CLR            ; 147                                     ;
;     ENA CLR SCLR       ; 63                                      ;
;     ENA CLR SCLR SLD   ; 16                                      ;
;     ENA SCLR           ; 140                                     ;
;     ENA SLD            ; 149                                     ;
;     SCLR               ; 2                                       ;
;     SLD                ; 4                                       ;
;     plain              ; 8                                       ;
; cyclone10gx_lcell_comb ; 962                                     ;
;     arith              ; 72                                      ;
;         1 data inputs  ; 65                                      ;
;         2 data inputs  ; 7                                       ;
;     extend             ; 5                                       ;
;         7 data inputs  ; 5                                       ;
;     normal             ; 885                                     ;
;         0 data inputs  ; 1                                       ;
;         1 data inputs  ; 26                                      ;
;         2 data inputs  ; 173                                     ;
;         3 data inputs  ; 158                                     ;
;         4 data inputs  ; 129                                     ;
;         5 data inputs  ; 170                                     ;
;         6 data inputs  ; 228                                     ;
;                        ;                                         ;
; Number of carry chains ; 6                                       ;
; Max carry chain length ; 16                                      ;
;                        ;                                         ;
; Max LUT depth          ; 6.00                                    ;
; Average LUT depth      ; 2.15                                    ;
+------------------------+-----------------------------------------+


+-----------------------------------------------------------------+
; Synthesis Resource Usage Summary for Partition "root_partition" ;
+---------------------------------------------+-------------------+
; Resource                                    ; Usage             ;
+---------------------------------------------+-------------------+
; Estimate of Logic utilization (ALMs needed) ; 807               ;
;                                             ;                   ;
; Combinational ALUT usage for logic          ; 962               ;
;     -- 7 input functions                    ; 5                 ;
;     -- 6 input functions                    ; 228               ;
;     -- 5 input functions                    ; 170               ;
;     -- 4 input functions                    ; 129               ;
;     -- <=3 input functions                  ; 430               ;
;                                             ;                   ;
; Dedicated logic registers                   ; 1337              ;
;                                             ;                   ;
; I/O pins                                    ; 3                 ;
;                                             ;                   ;
; Total DSP Blocks                            ; 0                 ;
;     -- [A] Total Fixed Point DSP Blocks     ; 0                 ;
;     -- [B] Total Floating Point DSP Blocks  ; 0                 ;
;                                             ;                   ;
; Maximum fan-out node                        ; clk_clk           ;
; Maximum fan-out                             ; 1337              ;
; Total fan-out                               ; 8576              ;
; Average fan-out                             ; 3.73              ;
+---------------------------------------------+-------------------+


+-----------------------------------------------------------------------------------------------------------------------------------------------------------------------------------------+
; Warnings for ../../../../../QuartusProjects/VVP_IP_Validation/resampler_II/platform/ip/system/system_alt_vip_cl_crs_0/alt_vip_cpp_converter_2360/synth/src_hdl/alt_vip_cpp_converter.sv ;
+------------+----------+-------+---------------------------------------------------------------------------------------------------------------------------------------------------------+
; Message ID ; Severity ; Count ; Sample Warning                                                                                                                                          ;
+------------+----------+-------+---------------------------------------------------------------------------------------------------------------------------------------------------------+
; 13469      ; Warning  ; 1     ; Verilog HDL assignment warning at alt_vip_cpp_converter.sv(275): truncated value with size 32 to match size of target (3)                               ;
+------------+----------+-------+---------------------------------------------------------------------------------------------------------------------------------------------------------+


+----------------------------------------------------------------------------------------------------------------------------------------------------------------------------------------------------------------------------------+
; Warnings for ../../../../../QuartusProjects/VVP_IP_Validation/resampler_II/platform/ip/system/system_alt_vip_cl_tpg_0/alt_vip_tpg_multi_scheduler_2360/synth/system_alt_vip_cl_tpg_0_alt_vip_tpg_multi_scheduler_2360_ktdghqa.sv ;
+------------+----------+-------+--------------------------------------------------------------------------------------------------------------------------------------------------------------------------------------------------+
; Message ID ; Severity ; Count ; Sample Warning                                                                                                                                                                                   ;
+------------+----------+-------+--------------------------------------------------------------------------------------------------------------------------------------------------------------------------------------------------+
; 16788      ; Warning  ; 6     ; Net "av_st_cmd_mux_ready" does not have a driver at system_alt_vip_cl_tpg_0_alt_vip_tpg_multi_scheduler_2360_ktdghqa.sv(35)                                                                      ;
;     16788  ;          ;       ; Net "av_st_cmd_mux_ready" does not have a driver at system_alt_vip_cl_tpg_0_alt_vip_tpg_multi_scheduler_2360_ktdghqa.sv(35)                                                                      ;
;     16788  ;          ;       ; Net "av_mm_control_write" does not have a driver at system_alt_vip_cl_tpg_0_alt_vip_tpg_multi_scheduler_2360_ktdghqa.sv(40)                                                                      ;
;     16788  ;          ;       ; Net "av_mm_control_read" does not have a driver at system_alt_vip_cl_tpg_0_alt_vip_tpg_multi_scheduler_2360_ktdghqa.sv(41)                                                                       ;
;     16788  ;          ;       ; Net "av_mm_control_byteenable[3]" does not have a driver at system_alt_vip_cl_tpg_0_alt_vip_tpg_multi_scheduler_2360_ktdghqa.sv(42)                                                              ;
;     16788  ;          ;       ; Net "av_mm_control_address[0]" does not have a driver at system_alt_vip_cl_tpg_0_alt_vip_tpg_multi_scheduler_2360_ktdghqa.sv(43)                                                                 ;
;     16788  ;          ;       ; Net "av_mm_control_writedata[0]" does not have a driver at system_alt_vip_cl_tpg_0_alt_vip_tpg_multi_scheduler_2360_ktdghqa.sv(44)                                                               ;
; 24541      ; Warning  ; 3     ; Verilog HDL warning at system_alt_vip_cl_tpg_0_alt_vip_tpg_multi_scheduler_2360_ktdghqa.sv(99): actual bit length 4 differs from formal bit length 1 for port "av_mm_control_address"            ;
;     24541  ;          ;       ; Verilog HDL warning at system_alt_vip_cl_tpg_0_alt_vip_tpg_multi_scheduler_2360_ktdghqa.sv(99): actual bit length 4 differs from formal bit length 1 for port "av_mm_control_address"            ;
;     24541  ;          ;       ; Verilog HDL warning at system_alt_vip_cl_tpg_0_alt_vip_tpg_multi_scheduler_2360_ktdghqa.sv(100): actual bit length 32 differs from formal bit length 1 for port "av_mm_control_writedata"        ;
;     24541  ;          ;       ; Verilog HDL warning at system_alt_vip_cl_tpg_0_alt_vip_tpg_multi_scheduler_2360_ktdghqa.sv(102): actual bit length 32 differs from formal bit length 1 for port "av_mm_control_readdata"         ;
+------------+----------+-------+--------------------------------------------------------------------------------------------------------------------------------------------------------------------------------------------------+


+-----------------------------------------------------------------------------------------------------------------------------------------------------------------------------------------------------------------------------------------------------------------------------------------------------------------------------------------+
; General Warnings                                                                                                                                                                                                                                                                                                                        ;
+--------------------------+----------+-------+-------------------------------------------------------------------------------------------------------------------------------------------------------------------------------------------------------------------------------------------------------------------------------------------+
; Message ID               ; Severity ; Count ; Sample Warning                                                                                                                                                                                                                                                                            ;
+--------------------------+----------+-------+-------------------------------------------------------------------------------------------------------------------------------------------------------------------------------------------------------------------------------------------------------------------------------------------+
; 23195:23196              ; Warning  ; 1     ; Intel FPGA IP Evaluation Mode feature is turned on for the following cores: : "IP-CRS_II" will use the Intel FPGA IP Evaluation Mode feature.                                                                                                                                             ;
; 265069                   ; Warning  ; 1     ; Megafunction that supports Intel FPGA IP Evaluation Mode feature will stop functioning in 1 hour after device is programmed                                                                                                                                                               ;
; 265072:265073:265074     ; Warning  ; 3     ; Messages from megafunction that supports Intel FPGA IP Evaluation Mode feature : Messages from megafunction that supports Intel FPGA IP Evaluation Mode feature IP-TEST_PATTERN_GENERATOR_II : The Test Pattern Generator II MegaCore function will be disabled after time-out is reached ;
;     265072:265073:265074 ;          ;       ; Messages from megafunction that supports Intel FPGA IP Evaluation Mode feature : Messages from megafunction that supports Intel FPGA IP Evaluation Mode feature IP-TEST_PATTERN_GENERATOR_II : The Test Pattern Generator II MegaCore function will be disabled after time-out is reached ;
;     265072:265073:265074 ;          ;       ; Messages from megafunction that supports Intel FPGA IP Evaluation Mode feature : Messages from megafunction that supports Intel FPGA IP Evaluation Mode feature IP-TEST_PATTERN_GENERATOR_II : The Test Pattern Generator II MegaCore function will be disabled after time-out is reached ;
;     265072:265073:265074 ;          ;       ; Messages from megafunction that supports Intel FPGA IP Evaluation Mode feature : Messages from megafunction that supports Intel FPGA IP Evaluation Mode feature IP-CRS_II : The Chroma Resampler II MegaCore function will be disabled after time-out is reached                          ;
+--------------------------+----------+-------+-------------------------------------------------------------------------------------------------------------------------------------------------------------------------------------------------------------------------------------------------------------------------------------------+


+--------------------+
; Synthesis Messages ;
+--------------------+
Info: *******************************************************************
Info: Running Quartus Prime Synthesis
    Info: Version 25.1.1 Build 125 07/31/2025 SC Pro Edition
    Info: Processing started: Wed Mar 18 11:09:22 2026
    Info: System process ID: 1176692
Info: Command: quartus_syn --read_settings_files=on --write_settings_files=off --synthesis resampler -c resampler
Info: qis_default_flow_script.tcl version: #1
Info: Initializing Synthesis...
Info: Project = "resampler"
Info: Revision = "resampler"
Info: Synthesizing partition "root_partition"
Info (278001): Inferred 1 megafunctions from design logic
    Info (278004): Inferred divider/modulo megafunction ("lpm_divide") from the following logic: "dut|alt_vip_cl_crs_0|alt_vip_cl_crs_0|inst_crs_int|symbol_conv|div_0_rtl_0" File: /mnt/ssd2/QuartusProjects/VVP_IP_Validation/resampler_II/platform/ip/system/system_alt_vip_cl_crs_0/alt_vip_cpp_converter_2360/synth/src_hdl/alt_vip_cpp_converter.sv Line: 275
Info (17049): 62 registers lost all their fanouts during netlist optimizations.
Info (21057): Implemented 1959 device resources after synthesis - the final resource count might be different
    Info (21058): Implemented 2 input pins
    Info (21059): Implemented 1 output pins
    Info (21061): Implemented 1956 logic cells
Info: Successfully synthesized partition
Info: Saving post-synthesis snapshots for 1 partition(s)
Info: Quartus Prime Synthesis was successful. 0 errors, 0 warnings
    Info: Peak virtual memory: 1790 megabytes
    Info: Processing ended: Wed Mar 18 11:09:33 2026
    Info: Elapsed time: 00:00:11
    Info: System process ID: 1176692


