Synthesis report
Wed Apr 29 17:58:07 2026
Quartus Prime Version 25.1.1 Build 125 07/31/2025 Patches 1.31 SC Pro Edition


---------------------
; Table of Contents ;
---------------------
  1. Legal Notice
  2. Synthesis Summary
  3. Synthesis Settings
  4. Synthesis Source Files Read
  5. Synthesis IP Cores Summary
  6. Synthesis Partition Summary
---- Analysis & Elaboration Stage Reports ----
       7. Source Assignments for User Entity altera_reset_controller Instance: u0|rst_controller
       8. Source Assignments for User Entity altera_reset_synchronizer Instance: u0|rst_controller|alt_rst_sync_uq1
       9. Source Assignments for User Entity altera_reset_synchronizer_1 Instance: u0|rst_controller|alt_rst_req_sync_uq1
      10. Parameter Settings for User Entity altera_reset_controller Instance: u0|rst_controller
      11. Parameter Settings for User Entity pl_sys_intel_vvp_dil_0_intel_vvp_dil_2451_zskkody Instance: u0|intel_vvp_dil_0|intel_vvp_dil_0
      12. Parameter Settings for User Entity altera_reset_synchronizer Instance: u0|rst_controller|alt_rst_sync_uq1
      13. Parameter Settings for User Entity altera_reset_synchronizer_1 Instance: u0|rst_controller|alt_rst_req_sync_uq1
      14. Top Causes of Logic Optimized Away During Sweep
---- Logic Synthesis Stage Reports ----
      15. Partition "root_partition" Resource Utilization by Entity
      16. State Machine - Summary
      17. State Machine - u0|intel_vvp_dil_0|intel_vvp_dil_0|line_buffer|resend_inst|read_state
      18. State Machine - u0|intel_vvp_dil_0|intel_vvp_dil_0|line_buffer|resend_inst|write_state
      19. State Machine - u0|intel_vvp_adv_tpg_0|intel_vvp_adv_tpg_0|mixer_inst_0|dp_inst|state
      20. State Machine - u0|intel_vvp_dil_0|intel_vvp_dil_0|scheduler|state
      21. State Machine - u0|intel_vvp_dil_0|intel_vvp_dil_0|algo_comp|state
      22. State Machine - u0|intel_vvp_dil_0|intel_vvp_dil_0|duplicator|state
      23. State Machine - u0|intel_vvp_dil_0|intel_vvp_dil_0|mux|state
      24. State Machine - u0|intel_vvp_adv_tpg_0|intel_vvp_adv_tpg_0|core_inst_1|state
      25. State Machine - u0|intel_vvp_adv_tpg_0|intel_vvp_adv_tpg_0|core_inst_0|state
      26. State Machine - u0|intel_vvp_adv_tpg_0|intel_vvp_adv_tpg_0|scheduler|state
      27. Registers Protected by Synthesis
      28. Registers Removed During Synthesis
      29. Removed Registers Triggering Further Register Optimizations
      30. General Register Statistics for Partition "root_partition"
      31. Multiplexer Restructuring Statistics (Restructuring Performed)
      32. Multiplier Implementation Report
      33. Post-Synthesis Netlist Statistics for Partition "root_partition"
      34. Synthesis Resource Usage Summary for Partition "root_partition"
      35. Synthesis RAM Summary for Partition "root_partition"
      36. Synthesis DSP Block Usage Summary for Partition "root_partition"
 37. Warnings for top.v
 38. Warnings for ip/pl_sys/pl_sys_intel_vvp_adv_tpg_0/intel_vvp_adv_tpg_scheduler_2451/synth/src_hdl/intel_vvp_adv_tpg_scheduler.sv
 39. General Warnings
 40. Synthesis Messages



----------------
; Legal Notice ;
----------------
Copyright (C) 2025  Altera Corporation. All rights reserved.
Your use of Altera Corporation's design tools, logic functions 
and other software and tools, and any partner logic 
functions, and any output files from any of the foregoing 
(including device programming or simulation files), and any 
associated documentation or information are expressly subject 
to the terms and conditions of the Altera Program License 
Subscription Agreement, the Altera Quartus Prime License Agreement,
the Altera IP License Agreement, or other applicable license
agreement, including, without limitation, that your use is for
the sole purpose of programming logic devices manufactured by
Altera and sold by Altera or its authorized distributors.  Please
refer to the Altera Software License Subscription Agreements 
on the Quartus Prime software download page.



+------------------------------------------------------------------------------------------------+
; Synthesis Summary                                                                              ;
+--------------------------------------+---------------------------------------------------------+
; Synthesis Status                     ; Successful - Wed Apr 29 17:58:06 2026                   ;
; Revision Name                        ; example_proj                                            ;
; Top-level Entity Name                ; top                                                     ;
; Family                               ; Cyclone 10 GX                                           ;
; Quartus Prime Version                ; 25.1.1 Build 125 07/31/2025 Patches 1.31 SC Pro Edition ;
; Device                               ; 10CX220YF672E5G                                         ;
; Logic utilization estimate (in ALMs) ; 736 / 80,330 ( < 1 % )                                  ;
; Total registers                      ; 1269                                                    ;
; Estimated DSP Blocks Post-Merging    ; 3                                                       ;
+--------------------------------------+---------------------------------------------------------+


+-------------------------------------------------------------------------------------------------------------------------------------+
; Synthesis Settings                                                                                                                  ;
+---------------------------------------------------------------------------------+-------------------------+-------------------------+
; Option                                                                          ; Setting                 ; Default Value           ;
+---------------------------------------------------------------------------------+-------------------------+-------------------------+
; Device                                                                          ; 10CX220YF672E5G         ;                         ;
; Top-level entity name                                                           ; top                     ; example_proj            ;
; Family name                                                                     ; Cyclone 10 GX           ; Cyclone 10 GX           ;
; Enable parallel Assembler and Timing Analyzer during compilation                ; On                      ; On                      ;
; Enable compact report table                                                     ; Off                     ; Off                     ;
; Design Assistant include IP blocks                                              ; Off                     ; Off                     ;
; High fanout net threshold for RAM inference                                     ; 15                      ; 15                      ;
; Design Assistant limit on reported violations per rule                          ; 5000                    ; 5000                    ;
; Optimization Mode                                                               ; Balanced                ; Balanced                ;
; Allow Register Merging                                                          ; On                      ; On                      ;
; Allow Register Duplication                                                      ; On                      ; On                      ;
; Allow Register Retiming                                                         ; On                      ; On                      ;
; Restructure Multiplexers                                                        ; Auto                    ; Auto                    ;
; Waive gated clock synchronizer check                                            ; On                      ; On                      ;
; MLAB Add Timing Constraints For Mixed-Port Feed-Through Mode Setting Don't Care ; Off                     ; Off                     ;
; Preserve fewer node names                                                       ; On                      ; On                      ;
; Intel FPGA IP Evaluation Mode                                                   ; Enable                  ; Enable                  ;
; Verilog Version                                                                 ; Verilog_2001            ; Verilog_2001            ;
; VHDL Version                                                                    ; VHDL_1993               ; VHDL_1993               ;
; State Machine Processing                                                        ; Auto                    ; Auto                    ;
; Safe State Machine                                                              ; Auto                    ; Auto                    ;
; Iteration limit for constant Verilog loops                                      ; 5000                    ; 5000                    ;
; Iteration limit for non-constant Verilog loops                                  ; 250                     ; 250                     ;
; Infer RAMs from Raw Logic                                                       ; On                      ; On                      ;
; DSP Action on miss                                                              ; Ignore                  ; Ignore                  ;
; DSP Block Balancing                                                             ; Auto                    ; Auto                    ;
; NOT Gate Push-Back                                                              ; On                      ; On                      ;
; Power-Up Don't Care                                                             ; On                      ; On                      ;
; Remove Redundant Logic Cells                                                    ; Off                     ; Off                     ;
; Remove Duplicate Registers                                                      ; On                      ; On                      ;
; Ignore GLOBAL Buffers                                                           ; Off                     ; Off                     ;
; Ignore LCELL Buffers                                                            ; Off                     ; Off                     ;
; Ignore SOFT Buffers                                                             ; On                      ; On                      ;
; Optimization Technique                                                          ; Balanced                ; Balanced                ;
; Auto Open-Drain Pins                                                            ; On                      ; On                      ;
; Perform WYSIWYG Primitive Resynthesis                                           ; Off                     ; Off                     ;
; Auto ROM Replacement                                                            ; On                      ; On                      ;
; Auto RAM Replacement                                                            ; On                      ; On                      ;
; Auto DSP Block Replacement                                                      ; On                      ; On                      ;
; Auto Shift Register Replacement                                                 ; Auto                    ; Auto                    ;
; Allow Shift Register Merging across Hierarchies                                 ; Auto                    ; Auto                    ;
; Auto Clock Enable Replacement                                                   ; On                      ; On                      ;
; Strict RAM Replacement                                                          ; Off                     ; Off                     ;
; Allow Synchronous Control Signals                                               ; On                      ; On                      ;
; Force Use of Synchronous Clear Signals                                          ; Off                     ; Off                     ;
; Auto Resource Sharing                                                           ; Off                     ; Off                     ;
; Allow Any RAM Size For Recognition                                              ; Off                     ; Off                     ;
; Allow Any Shift Register Size For Recognition                                   ; Off                     ; Off                     ;
; Ignore translate_off and synthesis_off directives                               ; Off                     ; Off                     ;
; Timing-Driven Synthesis                                                         ; On                      ; On                      ;
; Report Propagation of Constraints                                               ; On                      ; On                      ;
; Ignore Maximum Fan-Out Assignments                                              ; Off                     ; Off                     ;
; Synchronization Register Chain Length                                           ; 3                       ; 3                       ;
; Power Optimization During Synthesis                                             ; Normal compilation      ; Normal compilation      ;
; HDL message level                                                               ; Level2                  ; Level2                  ;
; Number of Protected Registers Reported in Synthesis Report                      ; 100                     ; 100                     ;
; Number of Removed Registers Reported in Synthesis Report                        ; 5000                    ; 5000                    ;
; Number of Optimized Away Hierarchies Reported in Synthesis Report               ; 100                     ; 100                     ;
; Number of Top Root Causes Reported in Synthesis Report                          ; 10                      ; 10                      ;
; Group Identical Hierarchies in Optimized Away Hierarchies Report                ; On                      ; On                      ;
; Number of Swept Nodes Reported in Synthesis Report                              ; 5000                    ; 5000                    ;
; Number of Inverted Registers Reported in Synthesis Report                       ; 100                     ; 100                     ;
; Clock MUX Protection                                                            ; On                      ; On                      ;
; Auto Gated Clock Conversion                                                     ; Off                     ; Off                     ;
; Block Design Naming                                                             ; Auto                    ; Auto                    ;
; SDC constraint protection                                                       ; Off                     ; Off                     ;
; Optimization and Constraint Precedence                                          ; Prioritize Optimization ; Prioritize Optimization ;
; Synthesis Effort                                                                ; Auto                    ; Auto                    ;
; Shift Register Replacement - Allow Asynchronous Clear Signal                    ; On                      ; On                      ;
; Analysis & Synthesis Message Level                                              ; Medium                  ; Medium                  ;
; Disable Register Merging Across Hierarchies                                     ; Auto                    ; Auto                    ;
; Resource Aware Inference For Block RAM                                          ; On                      ; On                      ;
; Automatic Parallel Synthesis                                                    ; On                      ; On                      ;
; Partial Reconfiguration Bitstream ID                                            ; Off                     ; Off                     ;
; Disable DSP Negate Inferencing                                                  ; Off                     ; Off                     ;
; Report Parameter Settings                                                       ; On                      ; On                      ;
; Report Parameter Settings to ASCII                                              ; On                      ; On                      ;
; Report Source Assignments                                                       ; On                      ; On                      ;
; Report Source Assignments to ASCII                                              ; On                      ; On                      ;
; Report Resource Utilization by Entity to ASCII                                  ; On                      ; On                      ;
; Size of the Latch Report                                                        ; 100                     ; 100                     ;
; Enable VHDL static assertion support                                            ; Off                     ; Off                     ;
; Enable SystemVerilog static assertion support                                   ; Off                     ; Off                     ;
; Enable State Machines Inference                                                 ; On                      ; On                      ;
; Allow RAMs Inferred In Generate-For Loop For Verilog                            ; Off                     ; Off                     ;
; Enable formal verification support during compilation                           ; Off                     ; Off                     ;
; Size of the PR Initial Conditions Report                                        ; 100                     ; 100                     ;
; Number of Registers with Ignored Power-Up Settings Reported in Synthesis Report ; 500                     ; 500                     ;
; Report PR Initial Values as Errors                                              ; Off                     ; Off                     ;
; Fractal Synthesis                                                               ; Off                     ; Off                     ;
; Synthesis Available Resource Multiplier                                         ; 1                       ; 1                       ;
; Message Level for Unconnected Output Ports                                      ; Warning                 ; Warning                 ;
; Pack Barrelshifters into Carry Chains for Better Area                           ; Auto                    ; Auto                    ;
; Initialize Verilog enums to X                                                   ; Off                     ; Off                     ;
; Enable dynamic report                                                           ; Off                     ; Off                     ;
; Show Collapsible Rows in Ascii Report for Warning Summary Reports               ; On                      ; On                      ;
; Enable RTL Analysis Debug Mode                                                  ; Off                     ; Off                     ;
; Enable preserve for debug assignments                                           ; Off                     ; Off                     ;
+---------------------------------------------------------------------------------+-------------------------+-------------------------+


+---------------------------------------------------------------------------------------------------------------------------------------------------------------------------------------------------------------------------------------------------------------------------------------------------------------------------------------------------------------------------------------------------------------------------------------------------------------------------------------------+
; Synthesis Source Files Read                                                                                                                                                                                                                                                                                                                                                                                                                                                                 ;
+--------------------------------------------------------------------------------------------------------------------------------+-------------------------------------------------+-------------------------------------------------------------------------------------------------------------------------------------------------+----------------------------------------+-----------------------------------------+----------------------------------+----------------------------------+
; File Name with User-Entered Path                                                                                               ; File Type                                       ; File Name with Absolute Path                                                                                                                    ; Library                                ; IP Source                               ; Include Files                    ; MD5                              ;
+--------------------------------------------------------------------------------------------------------------------------------+-------------------------------------------------+-------------------------------------------------------------------------------------------------------------------------------------------------+----------------------------------------+-----------------------------------------+----------------------------------+----------------------------------+
; ip/pl_sys/pl_sys_clock_in.ip                                                                                                   ; User-Specified IP File                          ; /mnt/ssd2/Faruqi/ip/pl_sys/pl_sys_clock_in.ip                                                                                                   ;                                        ;                                         ;                                  ; d28106dc0ffd5d909858c44abbd71aa7 ;
; ip/pl_sys/pl_sys_clock_in/synth/pl_sys_clock_in.v                                                                              ; User-Specified Verilog HDL File                 ; /mnt/ssd2/Faruqi/ip/pl_sys/pl_sys_clock_in/synth/pl_sys_clock_in.v                                                                              ; pl_sys_clock_in                        ; ip/pl_sys/pl_sys_clock_in.ip            ;                                  ; 167f354a1761322a5ef7bff5021b77b3 ;
; ip/pl_sys/pl_sys_reset_in.ip                                                                                                   ; User-Specified IP File                          ; /mnt/ssd2/Faruqi/ip/pl_sys/pl_sys_reset_in.ip                                                                                                   ;                                        ;                                         ;                                  ; 2c14cf70fe52350ad27e89df43bbc0a3 ;
; ip/pl_sys/pl_sys_reset_in/synth/pl_sys_reset_in.v                                                                              ; User-Specified Verilog HDL File                 ; /mnt/ssd2/Faruqi/ip/pl_sys/pl_sys_reset_in/synth/pl_sys_reset_in.v                                                                              ; pl_sys_reset_in                        ; ip/pl_sys/pl_sys_reset_in.ip            ;                                  ; 513e5c3d3ab7cb5dcb481c1ea2746777 ;
; pl_sys.qsys                                                                                                                    ; User-Specified IP File                          ; /mnt/ssd2/Faruqi/pl_sys.qsys                                                                                                                    ;                                        ;                                         ;                                  ; 7506bcc36bb1b13aceb5d2ab5ebf0ea0 ;
; pl_sys/altera_reset_controller_1924/synth/altera_reset_controller.v                                                            ; User-Specified Verilog HDL File                 ; /mnt/ssd2/Faruqi/pl_sys/altera_reset_controller_1924/synth/altera_reset_controller.v                                                            ; altera_reset_controller_1924           ; pl_sys.qsys                             ;                                  ; e8fd52f1903c85f16085f2a56d26364b ;
; pl_sys/altera_reset_controller_1924/synth/altera_reset_synchronizer.v                                                          ; User-Specified Verilog HDL File                 ; /mnt/ssd2/Faruqi/pl_sys/altera_reset_controller_1924/synth/altera_reset_synchronizer.v                                                          ; altera_reset_controller_1924           ; pl_sys.qsys                             ;                                  ; e32adfda96a8565a642de2647bb67642 ;
; pl_sys/synth/pl_sys.v                                                                                                          ; User-Specified Verilog HDL File                 ; /mnt/ssd2/Faruqi/pl_sys/synth/pl_sys.v                                                                                                          ; pl_sys                                 ; pl_sys.qsys                             ;                                  ; e6978231293ed8b6bb53287100a2f78d ;
; ip/pl_sys/pl_sys_intel_vvp_adv_tpg_0.ip                                                                                        ; User-Specified IP File                          ; /mnt/ssd2/Faruqi/ip/pl_sys/pl_sys_intel_vvp_adv_tpg_0.ip                                                                                        ;                                        ;                                         ;                                  ; 285ca0fba61998407eee1710ed5cf7b2 ;
; ip/pl_sys/pl_sys_intel_vvp_adv_tpg_0/intel_vvp_reset_sync_2440/synth/src_hdl/intel_vvp_reset_sync.sv                           ; Encrypted Altera IP File                        ; /mnt/ssd2/Faruqi/ip/pl_sys/pl_sys_intel_vvp_adv_tpg_0/intel_vvp_reset_sync_2440/synth/src_hdl/intel_vvp_reset_sync.sv                           ; intel_vvp_reset_sync_2440              ; ip/pl_sys/pl_sys_intel_vvp_adv_tpg_0.ip ;                                  ; 71d41f990b77407da55ee52a0e98c6bc ;
; ip/pl_sys/pl_sys_intel_vvp_adv_tpg_0/intel_vvp_adv_tpg_scheduler_2451/synth/intel_mtm_common_pkg.sv                            ; Encrypted Altera IP File                        ; /mnt/ssd2/Faruqi/ip/pl_sys/pl_sys_intel_vvp_adv_tpg_0/intel_vvp_adv_tpg_scheduler_2451/synth/intel_mtm_common_pkg.sv                            ; intel_vvp_adv_tpg_scheduler_2451       ; ip/pl_sys/pl_sys_intel_vvp_adv_tpg_0.ip ;                                  ; dfe225cbcd9047f00afc67668d811a92 ;
; ip/pl_sys/pl_sys_intel_vvp_adv_tpg_0/intel_vvp_adv_tpg_scheduler_2451/synth/intel_vvp_common_pkg.sv                            ; Encrypted Altera IP File                        ; /mnt/ssd2/Faruqi/ip/pl_sys/pl_sys_intel_vvp_adv_tpg_0/intel_vvp_adv_tpg_scheduler_2451/synth/intel_vvp_common_pkg.sv                            ; intel_vvp_adv_tpg_scheduler_2451       ; ip/pl_sys/pl_sys_intel_vvp_adv_tpg_0.ip ;                                  ; 812d701cc8b38f96e3a65fdb0754e85e ;
; ip/pl_sys/pl_sys_intel_vvp_adv_tpg_0/intel_vvp_adv_tpg_scheduler_2451/synth/intel_vvp_tpg_pkg.sv                               ; Encrypted Altera IP File                        ; /mnt/ssd2/Faruqi/ip/pl_sys/pl_sys_intel_vvp_adv_tpg_0/intel_vvp_adv_tpg_scheduler_2451/synth/intel_vvp_tpg_pkg.sv                               ; intel_vvp_adv_tpg_scheduler_2451       ; ip/pl_sys/pl_sys_intel_vvp_adv_tpg_0.ip ;                                  ; fdc5cd747f0e31923972733d6ed6dfbb ;
; ip/pl_sys/pl_sys_intel_vvp_adv_tpg_0/intel_vvp_adv_tpg_scheduler_2451/synth/intel_vvp_adv_tpg_pkg.sv                           ; Encrypted Altera IP File                        ; /mnt/ssd2/Faruqi/ip/pl_sys/pl_sys_intel_vvp_adv_tpg_0/intel_vvp_adv_tpg_scheduler_2451/synth/intel_vvp_adv_tpg_pkg.sv                           ; intel_vvp_adv_tpg_scheduler_2451       ; ip/pl_sys/pl_sys_intel_vvp_adv_tpg_0.ip ;                                  ; 38e33fc89aafd28acc11e3b74f9bc6d1 ;
; ip/pl_sys/pl_sys_intel_vvp_adv_tpg_0/intel_vvp_adv_tpg_scheduler_2451/synth/intel_vvp_utility_pkg.sv                           ; Encrypted Altera IP File                        ; /mnt/ssd2/Faruqi/ip/pl_sys/pl_sys_intel_vvp_adv_tpg_0/intel_vvp_adv_tpg_scheduler_2451/synth/intel_vvp_utility_pkg.sv                           ; intel_vvp_adv_tpg_scheduler_2451       ; ip/pl_sys/pl_sys_intel_vvp_adv_tpg_0.ip ;                                  ; a000ebc1faadf9a518d292dcad02cdac ;
; ip/pl_sys/pl_sys_intel_vvp_adv_tpg_0/intel_vvp_adv_tpg_scheduler_2451/synth/intel_vvp_axi_pipeline_stage.sv                    ; Encrypted Altera IP File                        ; /mnt/ssd2/Faruqi/ip/pl_sys/pl_sys_intel_vvp_adv_tpg_0/intel_vvp_adv_tpg_scheduler_2451/synth/intel_vvp_axi_pipeline_stage.sv                    ; intel_vvp_adv_tpg_scheduler_2451       ; ip/pl_sys/pl_sys_intel_vvp_adv_tpg_0.ip ;                                  ; b07363e9c6804ae64bf12c382ed53770 ;
; ip/pl_sys/pl_sys_intel_vvp_adv_tpg_0/intel_vvp_adv_tpg_scheduler_2451/synth/intel_vvp_axi_master.sv                            ; Encrypted Altera IP File                        ; /mnt/ssd2/Faruqi/ip/pl_sys/pl_sys_intel_vvp_adv_tpg_0/intel_vvp_adv_tpg_scheduler_2451/synth/intel_vvp_axi_master.sv                            ; intel_vvp_adv_tpg_scheduler_2451       ; ip/pl_sys/pl_sys_intel_vvp_adv_tpg_0.ip ;                                  ; 93f5e39c77ea8ba5ac43c6dfcd78b475 ;
; ip/pl_sys/pl_sys_intel_vvp_adv_tpg_0/intel_vvp_adv_tpg_scheduler_2451/synth/intel_vvp_pipelined_mux.sv                         ; Encrypted Altera IP File                        ; /mnt/ssd2/Faruqi/ip/pl_sys/pl_sys_intel_vvp_adv_tpg_0/intel_vvp_adv_tpg_scheduler_2451/synth/intel_vvp_pipelined_mux.sv                         ; intel_vvp_adv_tpg_scheduler_2451       ; ip/pl_sys/pl_sys_intel_vvp_adv_tpg_0.ip ;                                  ; a36f7638512006ff16ebe3035700795a ;
; ip/pl_sys/pl_sys_intel_vvp_adv_tpg_0/intel_vvp_adv_tpg_scheduler_2451/synth/intel_vvp_common_slave_interface.sv                ; Encrypted Altera IP File                        ; /mnt/ssd2/Faruqi/ip/pl_sys/pl_sys_intel_vvp_adv_tpg_0/intel_vvp_adv_tpg_scheduler_2451/synth/intel_vvp_common_slave_interface.sv                ; intel_vvp_adv_tpg_scheduler_2451       ; ip/pl_sys/pl_sys_intel_vvp_adv_tpg_0.ip ;                                  ; b95fe7b1e4d4628945b867a00c938e88 ;
; ip/pl_sys/pl_sys_intel_vvp_adv_tpg_0/intel_vvp_adv_tpg_scheduler_2451/synth/src_hdl/intel_vvp_adv_tpg_scheduler.sv             ; Encrypted Altera IP File                        ; /mnt/ssd2/Faruqi/ip/pl_sys/pl_sys_intel_vvp_adv_tpg_0/intel_vvp_adv_tpg_scheduler_2451/synth/src_hdl/intel_vvp_adv_tpg_scheduler.sv             ; intel_vvp_adv_tpg_scheduler_2451       ; ip/pl_sys/pl_sys_intel_vvp_adv_tpg_0.ip ;                                  ; 66961fc75ca9354dec91ceb8b70e1072 ;
; ip/pl_sys/pl_sys_intel_vvp_adv_tpg_0/intel_vvp_adv_tpg_scheduler_2451/synth/src_hdl/intel_vvp_adv_tpg_scheduler_stopwatch.sv   ; Encrypted Altera IP File                        ; /mnt/ssd2/Faruqi/ip/pl_sys/pl_sys_intel_vvp_adv_tpg_0/intel_vvp_adv_tpg_scheduler_2451/synth/src_hdl/intel_vvp_adv_tpg_scheduler_stopwatch.sv   ; intel_vvp_adv_tpg_scheduler_2451       ; ip/pl_sys/pl_sys_intel_vvp_adv_tpg_0.ip ;                                  ; f1547345c8cdabec039dd016158c642d ;
; ip/pl_sys/pl_sys_intel_vvp_adv_tpg_0/intel_vvp_adv_tpg_scheduler_2451/synth/intel_vvp_mixer_pkg.sv                             ; Encrypted Altera IP File                        ; /mnt/ssd2/Faruqi/ip/pl_sys/pl_sys_intel_vvp_adv_tpg_0/intel_vvp_adv_tpg_scheduler_2451/synth/intel_vvp_mixer_pkg.sv                             ; intel_vvp_adv_tpg_scheduler_2451       ; ip/pl_sys/pl_sys_intel_vvp_adv_tpg_0.ip ;                                  ; dba88b71bf27a33323de2d70d329a6c2 ;
; ip/pl_sys/pl_sys_intel_vvp_adv_tpg_0/intel_vvp_adv_tpg_scheduler_2451/synth/src_hdl/intel_vvp_adv_tpg_scheduler.ocp            ; Encrypted Altera IP File                        ; /mnt/ssd2/Faruqi/ip/pl_sys/pl_sys_intel_vvp_adv_tpg_0/intel_vvp_adv_tpg_scheduler_2451/synth/src_hdl/intel_vvp_adv_tpg_scheduler.ocp            ;                                        ; ip/pl_sys/pl_sys_intel_vvp_adv_tpg_0.ip ;                                  ;                                  ;
; ip/pl_sys/pl_sys_intel_vvp_adv_tpg_0/intel_vvp_output_interface_bridge_2440/synth/intel_vvp_common_pkg.sv                      ; Encrypted Altera IP File                        ; /mnt/ssd2/Faruqi/ip/pl_sys/pl_sys_intel_vvp_adv_tpg_0/intel_vvp_output_interface_bridge_2440/synth/intel_vvp_common_pkg.sv                      ; intel_vvp_output_interface_bridge_2440 ; ip/pl_sys/pl_sys_intel_vvp_adv_tpg_0.ip ;                                  ; 812d701cc8b38f96e3a65fdb0754e85e ;
; ip/pl_sys/pl_sys_intel_vvp_adv_tpg_0/intel_vvp_output_interface_bridge_2440/synth/intel_vvp_axi_pipeline_stage.sv              ; Encrypted Altera IP File                        ; /mnt/ssd2/Faruqi/ip/pl_sys/pl_sys_intel_vvp_adv_tpg_0/intel_vvp_output_interface_bridge_2440/synth/intel_vvp_axi_pipeline_stage.sv              ; intel_vvp_output_interface_bridge_2440 ; ip/pl_sys/pl_sys_intel_vvp_adv_tpg_0.ip ;                                  ; b07363e9c6804ae64bf12c382ed53770 ;
; ip/pl_sys/pl_sys_intel_vvp_adv_tpg_0/intel_vvp_output_interface_bridge_2440/synth/intel_vvp_axi_master.sv                      ; Encrypted Altera IP File                        ; /mnt/ssd2/Faruqi/ip/pl_sys/pl_sys_intel_vvp_adv_tpg_0/intel_vvp_output_interface_bridge_2440/synth/intel_vvp_axi_master.sv                      ; intel_vvp_output_interface_bridge_2440 ; ip/pl_sys/pl_sys_intel_vvp_adv_tpg_0.ip ;                                  ; 93f5e39c77ea8ba5ac43c6dfcd78b475 ;
; ip/pl_sys/pl_sys_intel_vvp_adv_tpg_0/intel_vvp_output_interface_bridge_2440/synth/src_hdl/intel_vvp_output_interface_bridge.sv ; Encrypted Altera IP File                        ; /mnt/ssd2/Faruqi/ip/pl_sys/pl_sys_intel_vvp_adv_tpg_0/intel_vvp_output_interface_bridge_2440/synth/src_hdl/intel_vvp_output_interface_bridge.sv ; intel_vvp_output_interface_bridge_2440 ; ip/pl_sys/pl_sys_intel_vvp_adv_tpg_0.ip ;                                  ; 21c95317775905f4ae11ec295b964e69 ;
; ip/pl_sys/pl_sys_intel_vvp_adv_tpg_0/intel_vvp_tpg_bars_algo_comp_2451/synth/intel_vvp_common_pkg.sv                           ; Encrypted Altera IP File                        ; /mnt/ssd2/Faruqi/ip/pl_sys/pl_sys_intel_vvp_adv_tpg_0/intel_vvp_tpg_bars_algo_comp_2451/synth/intel_vvp_common_pkg.sv                           ; intel_vvp_tpg_bars_algo_comp_2451      ; ip/pl_sys/pl_sys_intel_vvp_adv_tpg_0.ip ;                                  ; 812d701cc8b38f96e3a65fdb0754e85e ;
; ip/pl_sys/pl_sys_intel_vvp_adv_tpg_0/intel_vvp_tpg_bars_algo_comp_2451/synth/intel_vvp_tpg_pkg.sv                              ; Encrypted Altera IP File                        ; /mnt/ssd2/Faruqi/ip/pl_sys/pl_sys_intel_vvp_adv_tpg_0/intel_vvp_tpg_bars_algo_comp_2451/synth/intel_vvp_tpg_pkg.sv                              ; intel_vvp_tpg_bars_algo_comp_2451      ; ip/pl_sys/pl_sys_intel_vvp_adv_tpg_0.ip ;                                  ; fdc5cd747f0e31923972733d6ed6dfbb ;
; ip/pl_sys/pl_sys_intel_vvp_adv_tpg_0/intel_vvp_tpg_bars_algo_comp_2451/synth/intel_vvp_axi_zero_pad.sv                         ; Encrypted Altera IP File                        ; /mnt/ssd2/Faruqi/ip/pl_sys/pl_sys_intel_vvp_adv_tpg_0/intel_vvp_tpg_bars_algo_comp_2451/synth/intel_vvp_axi_zero_pad.sv                         ; intel_vvp_tpg_bars_algo_comp_2451      ; ip/pl_sys/pl_sys_intel_vvp_adv_tpg_0.ip ;                                  ; 6e459a6edf651f5267d8b4b7b697acb4 ;
; ip/pl_sys/pl_sys_intel_vvp_adv_tpg_0/intel_vvp_tpg_bars_algo_comp_2451/synth/intel_vvp_axi_zero_strip.sv                       ; Encrypted Altera IP File                        ; /mnt/ssd2/Faruqi/ip/pl_sys/pl_sys_intel_vvp_adv_tpg_0/intel_vvp_tpg_bars_algo_comp_2451/synth/intel_vvp_axi_zero_strip.sv                       ; intel_vvp_tpg_bars_algo_comp_2451      ; ip/pl_sys/pl_sys_intel_vvp_adv_tpg_0.ip ;                                  ; 346b5e0c460c754a179aee89eb7e949a ;
; ip/pl_sys/pl_sys_intel_vvp_adv_tpg_0/intel_vvp_tpg_bars_algo_comp_2451/synth/intel_vvp_axi_pipeline_stage.sv                   ; Encrypted Altera IP File                        ; /mnt/ssd2/Faruqi/ip/pl_sys/pl_sys_intel_vvp_adv_tpg_0/intel_vvp_tpg_bars_algo_comp_2451/synth/intel_vvp_axi_pipeline_stage.sv                   ; intel_vvp_tpg_bars_algo_comp_2451      ; ip/pl_sys/pl_sys_intel_vvp_adv_tpg_0.ip ;                                  ; b07363e9c6804ae64bf12c382ed53770 ;
; ip/pl_sys/pl_sys_intel_vvp_adv_tpg_0/intel_vvp_tpg_bars_algo_comp_2451/synth/intel_vvp_axi_master.sv                           ; Encrypted Altera IP File                        ; /mnt/ssd2/Faruqi/ip/pl_sys/pl_sys_intel_vvp_adv_tpg_0/intel_vvp_tpg_bars_algo_comp_2451/synth/intel_vvp_axi_master.sv                           ; intel_vvp_tpg_bars_algo_comp_2451      ; ip/pl_sys/pl_sys_intel_vvp_adv_tpg_0.ip ;                                  ; 93f5e39c77ea8ba5ac43c6dfcd78b475 ;
; ip/pl_sys/pl_sys_intel_vvp_adv_tpg_0/intel_vvp_tpg_bars_algo_comp_2451/synth/src_hdl/intel_vvp_tpg_bars_algo_comp_lut.sv       ; Encrypted Altera IP File                        ; /mnt/ssd2/Faruqi/ip/pl_sys/pl_sys_intel_vvp_adv_tpg_0/intel_vvp_tpg_bars_algo_comp_2451/synth/src_hdl/intel_vvp_tpg_bars_algo_comp_lut.sv       ; intel_vvp_tpg_bars_algo_comp_2451      ; ip/pl_sys/pl_sys_intel_vvp_adv_tpg_0.ip ;                                  ; 21896a127fd1019aef63e6e40afc70f2 ;
; ip/pl_sys/pl_sys_intel_vvp_adv_tpg_0/intel_vvp_tpg_bars_algo_comp_2451/synth/src_hdl/intel_vvp_tpg_bars_algo_comp.sv           ; Encrypted Altera IP File                        ; /mnt/ssd2/Faruqi/ip/pl_sys/pl_sys_intel_vvp_adv_tpg_0/intel_vvp_tpg_bars_algo_comp_2451/synth/src_hdl/intel_vvp_tpg_bars_algo_comp.sv           ; intel_vvp_tpg_bars_algo_comp_2451      ; ip/pl_sys/pl_sys_intel_vvp_adv_tpg_0.ip ;                                  ; 95676c1e0b740594b935c523d339b72e ;
; ip/pl_sys/pl_sys_intel_vvp_adv_tpg_0/intel_vvp_tpg_bars_algo_comp_2451/synth/src_hdl/intel_vvp_tpg_bars_algo_comp.ocp          ; Encrypted Altera IP File                        ; /mnt/ssd2/Faruqi/ip/pl_sys/pl_sys_intel_vvp_adv_tpg_0/intel_vvp_tpg_bars_algo_comp_2451/synth/src_hdl/intel_vvp_tpg_bars_algo_comp.ocp          ;                                        ; ip/pl_sys/pl_sys_intel_vvp_adv_tpg_0.ip ;                                  ;                                  ;
; ip/pl_sys/pl_sys_intel_vvp_adv_tpg_0/intel_vvp_mixer_algo_comp_2451/synth/intel_mtm_common_pkg.sv                              ; Encrypted Altera IP File                        ; /mnt/ssd2/Faruqi/ip/pl_sys/pl_sys_intel_vvp_adv_tpg_0/intel_vvp_mixer_algo_comp_2451/synth/intel_mtm_common_pkg.sv                              ; intel_vvp_mixer_algo_comp_2451         ; ip/pl_sys/pl_sys_intel_vvp_adv_tpg_0.ip ;                                  ; dfe225cbcd9047f00afc67668d811a92 ;
; ip/pl_sys/pl_sys_intel_vvp_adv_tpg_0/intel_vvp_mixer_algo_comp_2451/synth/intel_vvp_common_pkg.sv                              ; Encrypted Altera IP File                        ; /mnt/ssd2/Faruqi/ip/pl_sys/pl_sys_intel_vvp_adv_tpg_0/intel_vvp_mixer_algo_comp_2451/synth/intel_vvp_common_pkg.sv                              ; intel_vvp_mixer_algo_comp_2451         ; ip/pl_sys/pl_sys_intel_vvp_adv_tpg_0.ip ;                                  ; 812d701cc8b38f96e3a65fdb0754e85e ;
; ip/pl_sys/pl_sys_intel_vvp_adv_tpg_0/intel_vvp_mixer_algo_comp_2451/synth/intel_vvp_mixer_pkg.sv                               ; Encrypted Altera IP File                        ; /mnt/ssd2/Faruqi/ip/pl_sys/pl_sys_intel_vvp_adv_tpg_0/intel_vvp_mixer_algo_comp_2451/synth/intel_vvp_mixer_pkg.sv                               ; intel_vvp_mixer_algo_comp_2451         ; ip/pl_sys/pl_sys_intel_vvp_adv_tpg_0.ip ;                                  ; dba88b71bf27a33323de2d70d329a6c2 ;
; ip/pl_sys/pl_sys_intel_vvp_adv_tpg_0/intel_vvp_mixer_algo_comp_2451/synth/intel_vvp_add_tree.sv                                ; Encrypted Altera IP File                        ; /mnt/ssd2/Faruqi/ip/pl_sys/pl_sys_intel_vvp_adv_tpg_0/intel_vvp_mixer_algo_comp_2451/synth/intel_vvp_add_tree.sv                                ; intel_vvp_mixer_algo_comp_2451         ; ip/pl_sys/pl_sys_intel_vvp_adv_tpg_0.ip ;                                  ; c26c1d909bed522b588029a989327639 ;
; ip/pl_sys/pl_sys_intel_vvp_adv_tpg_0/intel_vvp_mixer_algo_comp_2451/synth/intel_vvp_mult.sv                                    ; Encrypted Altera IP File                        ; /mnt/ssd2/Faruqi/ip/pl_sys/pl_sys_intel_vvp_adv_tpg_0/intel_vvp_mixer_algo_comp_2451/synth/intel_vvp_mult.sv                                    ; intel_vvp_mixer_algo_comp_2451         ; ip/pl_sys/pl_sys_intel_vvp_adv_tpg_0.ip ;                                  ; 98215664957f3eaa1c383da8757e9288 ;
; ip/pl_sys/pl_sys_intel_vvp_adv_tpg_0/intel_vvp_mixer_algo_comp_2451/synth/intel_vvp_2_mult_add.sv                              ; Encrypted Altera IP File                        ; /mnt/ssd2/Faruqi/ip/pl_sys/pl_sys_intel_vvp_adv_tpg_0/intel_vvp_mixer_algo_comp_2451/synth/intel_vvp_2_mult_add.sv                              ; intel_vvp_mixer_algo_comp_2451         ; ip/pl_sys/pl_sys_intel_vvp_adv_tpg_0.ip ;                                  ; 17ae1413a61715bf8cea9dbd2fada879 ;
; ip/pl_sys/pl_sys_intel_vvp_adv_tpg_0/intel_vvp_mixer_algo_comp_2451/synth/intel_vvp_3_mult_add.sv                              ; Encrypted Altera IP File                        ; /mnt/ssd2/Faruqi/ip/pl_sys/pl_sys_intel_vvp_adv_tpg_0/intel_vvp_mixer_algo_comp_2451/synth/intel_vvp_3_mult_add.sv                              ; intel_vvp_mixer_algo_comp_2451         ; ip/pl_sys/pl_sys_intel_vvp_adv_tpg_0.ip ;                                  ; f88639f7b043b3d27b28c74e026eaac6 ;
; ip/pl_sys/pl_sys_intel_vvp_adv_tpg_0/intel_vvp_mixer_algo_comp_2451/synth/intel_vvp_4_mult_add.sv                              ; Encrypted Altera IP File                        ; /mnt/ssd2/Faruqi/ip/pl_sys/pl_sys_intel_vvp_adv_tpg_0/intel_vvp_mixer_algo_comp_2451/synth/intel_vvp_4_mult_add.sv                              ; intel_vvp_mixer_algo_comp_2451         ; ip/pl_sys/pl_sys_intel_vvp_adv_tpg_0.ip ;                                  ; ae469f7f0e0f536bed1c707050ad6ee8 ;
; ip/pl_sys/pl_sys_intel_vvp_adv_tpg_0/intel_vvp_mixer_algo_comp_2451/synth/intel_vvp_mult_add.sv                                ; Encrypted Altera IP File                        ; /mnt/ssd2/Faruqi/ip/pl_sys/pl_sys_intel_vvp_adv_tpg_0/intel_vvp_mixer_algo_comp_2451/synth/intel_vvp_mult_add.sv                                ; intel_vvp_mixer_algo_comp_2451         ; ip/pl_sys/pl_sys_intel_vvp_adv_tpg_0.ip ;                                  ; 6c3d1779cfa72bfda6b98f18c2b6dd96 ;
; ip/pl_sys/pl_sys_intel_vvp_adv_tpg_0/intel_vvp_mixer_algo_comp_2451/synth/intel_vvp_round_sat.sv                               ; Encrypted Altera IP File                        ; /mnt/ssd2/Faruqi/ip/pl_sys/pl_sys_intel_vvp_adv_tpg_0/intel_vvp_mixer_algo_comp_2451/synth/intel_vvp_round_sat.sv                               ; intel_vvp_mixer_algo_comp_2451         ; ip/pl_sys/pl_sys_intel_vvp_adv_tpg_0.ip ;                                  ; 14574bc4a1b22a3a606fb287a3a4beb6 ;
; ip/pl_sys/pl_sys_intel_vvp_adv_tpg_0/intel_vvp_mixer_algo_comp_2451/synth/intel_vvp_shift_mux.sv                               ; Encrypted Altera IP File                        ; /mnt/ssd2/Faruqi/ip/pl_sys/pl_sys_intel_vvp_adv_tpg_0/intel_vvp_mixer_algo_comp_2451/synth/intel_vvp_shift_mux.sv                               ; intel_vvp_mixer_algo_comp_2451         ; ip/pl_sys/pl_sys_intel_vvp_adv_tpg_0.ip ;                                  ; e50a4b3308569313df9e87dc0ce02e1a ;
; ip/pl_sys/pl_sys_intel_vvp_adv_tpg_0/intel_vvp_mixer_algo_comp_2451/synth/intel_vvp_axi_zero_pad.sv                            ; Encrypted Altera IP File                        ; /mnt/ssd2/Faruqi/ip/pl_sys/pl_sys_intel_vvp_adv_tpg_0/intel_vvp_mixer_algo_comp_2451/synth/intel_vvp_axi_zero_pad.sv                            ; intel_vvp_mixer_algo_comp_2451         ; ip/pl_sys/pl_sys_intel_vvp_adv_tpg_0.ip ;                                  ; 6e459a6edf651f5267d8b4b7b697acb4 ;
; ip/pl_sys/pl_sys_intel_vvp_adv_tpg_0/intel_vvp_mixer_algo_comp_2451/synth/intel_vvp_axi_zero_strip.sv                          ; Encrypted Altera IP File                        ; /mnt/ssd2/Faruqi/ip/pl_sys/pl_sys_intel_vvp_adv_tpg_0/intel_vvp_mixer_algo_comp_2451/synth/intel_vvp_axi_zero_strip.sv                          ; intel_vvp_mixer_algo_comp_2451         ; ip/pl_sys/pl_sys_intel_vvp_adv_tpg_0.ip ;                                  ; 346b5e0c460c754a179aee89eb7e949a ;
; ip/pl_sys/pl_sys_intel_vvp_adv_tpg_0/intel_vvp_mixer_algo_comp_2451/synth/intel_vvp_axi_pipeline_stage.sv                      ; Encrypted Altera IP File                        ; /mnt/ssd2/Faruqi/ip/pl_sys/pl_sys_intel_vvp_adv_tpg_0/intel_vvp_mixer_algo_comp_2451/synth/intel_vvp_axi_pipeline_stage.sv                      ; intel_vvp_mixer_algo_comp_2451         ; ip/pl_sys/pl_sys_intel_vvp_adv_tpg_0.ip ;                                  ; b07363e9c6804ae64bf12c382ed53770 ;
; ip/pl_sys/pl_sys_intel_vvp_adv_tpg_0/intel_vvp_mixer_algo_comp_2451/synth/intel_vvp_axi_master.sv                              ; Encrypted Altera IP File                        ; /mnt/ssd2/Faruqi/ip/pl_sys/pl_sys_intel_vvp_adv_tpg_0/intel_vvp_mixer_algo_comp_2451/synth/intel_vvp_axi_master.sv                              ; intel_vvp_mixer_algo_comp_2451         ; ip/pl_sys/pl_sys_intel_vvp_adv_tpg_0.ip ;                                  ; 93f5e39c77ea8ba5ac43c6dfcd78b475 ;
; ip/pl_sys/pl_sys_intel_vvp_adv_tpg_0/intel_vvp_mixer_algo_comp_2451/synth/src_hdl/intel_vvp_mixer_algo_comp_align.sv           ; Encrypted Altera IP File                        ; /mnt/ssd2/Faruqi/ip/pl_sys/pl_sys_intel_vvp_adv_tpg_0/intel_vvp_mixer_algo_comp_2451/synth/src_hdl/intel_vvp_mixer_algo_comp_align.sv           ; intel_vvp_mixer_algo_comp_2451         ; ip/pl_sys/pl_sys_intel_vvp_adv_tpg_0.ip ;                                  ; 4b583477d99e0cf46d7628e80ab87316 ;
; ip/pl_sys/pl_sys_intel_vvp_adv_tpg_0/intel_vvp_mixer_algo_comp_2451/synth/src_hdl/intel_vvp_mixer_algo_comp_dp.sv              ; Encrypted Altera IP File                        ; /mnt/ssd2/Faruqi/ip/pl_sys/pl_sys_intel_vvp_adv_tpg_0/intel_vvp_mixer_algo_comp_2451/synth/src_hdl/intel_vvp_mixer_algo_comp_dp.sv              ; intel_vvp_mixer_algo_comp_2451         ; ip/pl_sys/pl_sys_intel_vvp_adv_tpg_0.ip ;                                  ; cc95fe52c7218d88d5cef92b6d487412 ;
; ip/pl_sys/pl_sys_intel_vvp_adv_tpg_0/intel_vvp_mixer_algo_comp_2451/synth/src_hdl/intel_vvp_mixer_algo_comp.sv                 ; Encrypted Altera IP File                        ; /mnt/ssd2/Faruqi/ip/pl_sys/pl_sys_intel_vvp_adv_tpg_0/intel_vvp_mixer_algo_comp_2451/synth/src_hdl/intel_vvp_mixer_algo_comp.sv                 ; intel_vvp_mixer_algo_comp_2451         ; ip/pl_sys/pl_sys_intel_vvp_adv_tpg_0.ip ;                                  ; 3f520f53e50c96f617c605a8cd6ad52a ;
; ip/pl_sys/pl_sys_intel_vvp_adv_tpg_0/intel_vvp_mixer_algo_comp_2451/synth/src_hdl/intel_vvp_mixer_algo_comp.ocp                ; Encrypted Altera IP File                        ; /mnt/ssd2/Faruqi/ip/pl_sys/pl_sys_intel_vvp_adv_tpg_0/intel_vvp_mixer_algo_comp_2451/synth/src_hdl/intel_vvp_mixer_algo_comp.ocp                ;                                        ; ip/pl_sys/pl_sys_intel_vvp_adv_tpg_0.ip ;                                  ;                                  ;
; ip/pl_sys/pl_sys_intel_vvp_adv_tpg_0/intel_vvp_adv_tpg_2451/synth/pl_sys_intel_vvp_adv_tpg_0_intel_vvp_adv_tpg_2451_7zqrhlq.v  ; User-Specified Verilog HDL File                 ; /mnt/ssd2/Faruqi/ip/pl_sys/pl_sys_intel_vvp_adv_tpg_0/intel_vvp_adv_tpg_2451/synth/pl_sys_intel_vvp_adv_tpg_0_intel_vvp_adv_tpg_2451_7zqrhlq.v  ; intel_vvp_adv_tpg_2451                 ; ip/pl_sys/pl_sys_intel_vvp_adv_tpg_0.ip ;                                  ; 580883a83e567dca0452325d355a72eb ;
; ip/pl_sys/pl_sys_intel_vvp_adv_tpg_0/synth/pl_sys_intel_vvp_adv_tpg_0.v                                                        ; User-Specified Verilog HDL File                 ; /mnt/ssd2/Faruqi/ip/pl_sys/pl_sys_intel_vvp_adv_tpg_0/synth/pl_sys_intel_vvp_adv_tpg_0.v                                                        ; pl_sys_intel_vvp_adv_tpg_0             ; ip/pl_sys/pl_sys_intel_vvp_adv_tpg_0.ip ;                                  ; 983b41776a3314cfa82b41065e26b8d9 ;
; ip/pl_sys/pl_sys_intel_vvp_dil_0.ip                                                                                            ; User-Specified IP File                          ; /mnt/ssd2/Faruqi/ip/pl_sys/pl_sys_intel_vvp_dil_0.ip                                                                                            ;                                        ;                                         ;                                  ; 017be595c4cd59e8f3c7d2bdea6ea083 ;
; ip/pl_sys/pl_sys_intel_vvp_dil_0/intel_vvp_reset_sync_2440/synth/src_hdl/intel_vvp_reset_sync.sv                               ; User-Specified SystemVerilog HDL File           ; /mnt/ssd2/Faruqi/ip/pl_sys/pl_sys_intel_vvp_dil_0/intel_vvp_reset_sync_2440/synth/src_hdl/intel_vvp_reset_sync.sv                               ; intel_vvp_reset_sync_2440              ; ip/pl_sys/pl_sys_intel_vvp_dil_0.ip     ;                                  ; 71d41f990b77407da55ee52a0e98c6bc ;
; ip/pl_sys/pl_sys_intel_vvp_dil_0/intel_vvp_input_interface_bridge_2440/synth/intel_vvp_common_pkg.sv                           ; Encrypted Altera IP File                        ; /mnt/ssd2/Faruqi/ip/pl_sys/pl_sys_intel_vvp_dil_0/intel_vvp_input_interface_bridge_2440/synth/intel_vvp_common_pkg.sv                           ; intel_vvp_input_interface_bridge_2440  ; ip/pl_sys/pl_sys_intel_vvp_dil_0.ip     ;                                  ; 812d701cc8b38f96e3a65fdb0754e85e ;
; ip/pl_sys/pl_sys_intel_vvp_dil_0/intel_vvp_input_interface_bridge_2440/synth/intel_vvp_axi_pipeline_stage.sv                   ; Encrypted Altera IP File                        ; /mnt/ssd2/Faruqi/ip/pl_sys/pl_sys_intel_vvp_dil_0/intel_vvp_input_interface_bridge_2440/synth/intel_vvp_axi_pipeline_stage.sv                   ; intel_vvp_input_interface_bridge_2440  ; ip/pl_sys/pl_sys_intel_vvp_dil_0.ip     ;                                  ; b07363e9c6804ae64bf12c382ed53770 ;
; ip/pl_sys/pl_sys_intel_vvp_dil_0/intel_vvp_input_interface_bridge_2440/synth/intel_vvp_axi_master.sv                           ; Encrypted Altera IP File                        ; /mnt/ssd2/Faruqi/ip/pl_sys/pl_sys_intel_vvp_dil_0/intel_vvp_input_interface_bridge_2440/synth/intel_vvp_axi_master.sv                           ; intel_vvp_input_interface_bridge_2440  ; ip/pl_sys/pl_sys_intel_vvp_dil_0.ip     ;                                  ; 93f5e39c77ea8ba5ac43c6dfcd78b475 ;
; ip/pl_sys/pl_sys_intel_vvp_dil_0/intel_vvp_input_interface_bridge_2440/synth/src_hdl/intel_vvp_input_interface_bridge.sv       ; Encrypted Altera IP File                        ; /mnt/ssd2/Faruqi/ip/pl_sys/pl_sys_intel_vvp_dil_0/intel_vvp_input_interface_bridge_2440/synth/src_hdl/intel_vvp_input_interface_bridge.sv       ; intel_vvp_input_interface_bridge_2440  ; ip/pl_sys/pl_sys_intel_vvp_dil_0.ip     ;                                  ; 62b3139ecae97d369a614264eaac2a8c ;
; ip/pl_sys/pl_sys_intel_vvp_dil_0/intel_vvp_pkt_mux_2450/synth/intel_mtm_common_pkg.sv                                          ; Encrypted Altera IP File                        ; /mnt/ssd2/Faruqi/ip/pl_sys/pl_sys_intel_vvp_dil_0/intel_vvp_pkt_mux_2450/synth/intel_mtm_common_pkg.sv                                          ; intel_vvp_pkt_mux_2450                 ; ip/pl_sys/pl_sys_intel_vvp_dil_0.ip     ;                                  ; dfe225cbcd9047f00afc67668d811a92 ;
; ip/pl_sys/pl_sys_intel_vvp_dil_0/intel_vvp_pkt_mux_2450/synth/intel_vvp_common_pkg.sv                                          ; Encrypted Altera IP File                        ; /mnt/ssd2/Faruqi/ip/pl_sys/pl_sys_intel_vvp_dil_0/intel_vvp_pkt_mux_2450/synth/intel_vvp_common_pkg.sv                                          ; intel_vvp_pkt_mux_2450                 ; ip/pl_sys/pl_sys_intel_vvp_dil_0.ip     ;                                  ; 812d701cc8b38f96e3a65fdb0754e85e ;
; ip/pl_sys/pl_sys_intel_vvp_dil_0/intel_vvp_pkt_mux_2450/synth/intel_vvp_utility_pkg.sv                                         ; Encrypted Altera IP File                        ; /mnt/ssd2/Faruqi/ip/pl_sys/pl_sys_intel_vvp_dil_0/intel_vvp_pkt_mux_2450/synth/intel_vvp_utility_pkg.sv                                         ; intel_vvp_pkt_mux_2450                 ; ip/pl_sys/pl_sys_intel_vvp_dil_0.ip     ;                                  ; a000ebc1faadf9a518d292dcad02cdac ;
; ip/pl_sys/pl_sys_intel_vvp_dil_0/intel_vvp_pkt_mux_2450/synth/intel_vvp_pipelined_mux.sv                                       ; Encrypted Altera IP File                        ; /mnt/ssd2/Faruqi/ip/pl_sys/pl_sys_intel_vvp_dil_0/intel_vvp_pkt_mux_2450/synth/intel_vvp_pipelined_mux.sv                                       ; intel_vvp_pkt_mux_2450                 ; ip/pl_sys/pl_sys_intel_vvp_dil_0.ip     ;                                  ; a36f7638512006ff16ebe3035700795a ;
; ip/pl_sys/pl_sys_intel_vvp_dil_0/intel_vvp_pkt_mux_2450/synth/intel_vvp_axi_pipeline_stage.sv                                  ; Encrypted Altera IP File                        ; /mnt/ssd2/Faruqi/ip/pl_sys/pl_sys_intel_vvp_dil_0/intel_vvp_pkt_mux_2450/synth/intel_vvp_axi_pipeline_stage.sv                                  ; intel_vvp_pkt_mux_2450                 ; ip/pl_sys/pl_sys_intel_vvp_dil_0.ip     ;                                  ; b07363e9c6804ae64bf12c382ed53770 ;
; ip/pl_sys/pl_sys_intel_vvp_dil_0/intel_vvp_pkt_mux_2450/synth/intel_vvp_axi_master.sv                                          ; Encrypted Altera IP File                        ; /mnt/ssd2/Faruqi/ip/pl_sys/pl_sys_intel_vvp_dil_0/intel_vvp_pkt_mux_2450/synth/intel_vvp_axi_master.sv                                          ; intel_vvp_pkt_mux_2450                 ; ip/pl_sys/pl_sys_intel_vvp_dil_0.ip     ;                                  ; 93f5e39c77ea8ba5ac43c6dfcd78b475 ;
; ip/pl_sys/pl_sys_intel_vvp_dil_0/intel_vvp_pkt_mux_2450/synth/src_hdl/intel_vvp_pkt_mux.sv                                     ; Encrypted Altera IP File                        ; /mnt/ssd2/Faruqi/ip/pl_sys/pl_sys_intel_vvp_dil_0/intel_vvp_pkt_mux_2450/synth/src_hdl/intel_vvp_pkt_mux.sv                                     ; intel_vvp_pkt_mux_2450                 ; ip/pl_sys/pl_sys_intel_vvp_dil_0.ip     ;                                  ; bcf1ade60a47f609031dc096cd9d7cf5 ;
; ip/pl_sys/pl_sys_intel_vvp_dil_0/intel_vvp_output_interface_bridge_2440/synth/intel_vvp_common_pkg.sv                          ; User-Specified SystemVerilog HDL File           ; /mnt/ssd2/Faruqi/ip/pl_sys/pl_sys_intel_vvp_dil_0/intel_vvp_output_interface_bridge_2440/synth/intel_vvp_common_pkg.sv                          ; intel_vvp_output_interface_bridge_2440 ; ip/pl_sys/pl_sys_intel_vvp_dil_0.ip     ;                                  ; 812d701cc8b38f96e3a65fdb0754e85e ;
; ip/pl_sys/pl_sys_intel_vvp_dil_0/intel_vvp_output_interface_bridge_2440/synth/intel_vvp_axi_pipeline_stage.sv                  ; User-Specified SystemVerilog HDL File           ; /mnt/ssd2/Faruqi/ip/pl_sys/pl_sys_intel_vvp_dil_0/intel_vvp_output_interface_bridge_2440/synth/intel_vvp_axi_pipeline_stage.sv                  ; intel_vvp_output_interface_bridge_2440 ; ip/pl_sys/pl_sys_intel_vvp_dil_0.ip     ;                                  ; b07363e9c6804ae64bf12c382ed53770 ;
; ip/pl_sys/pl_sys_intel_vvp_dil_0/intel_vvp_output_interface_bridge_2440/synth/intel_vvp_axi_master.sv                          ; User-Specified SystemVerilog HDL File           ; /mnt/ssd2/Faruqi/ip/pl_sys/pl_sys_intel_vvp_dil_0/intel_vvp_output_interface_bridge_2440/synth/intel_vvp_axi_master.sv                          ; intel_vvp_output_interface_bridge_2440 ; ip/pl_sys/pl_sys_intel_vvp_dil_0.ip     ;                                  ; 93f5e39c77ea8ba5ac43c6dfcd78b475 ;
; ip/pl_sys/pl_sys_intel_vvp_dil_0/intel_vvp_output_interface_bridge_2440/synth/src_hdl/intel_vvp_output_interface_bridge.sv     ; User-Specified SystemVerilog HDL File           ; /mnt/ssd2/Faruqi/ip/pl_sys/pl_sys_intel_vvp_dil_0/intel_vvp_output_interface_bridge_2440/synth/src_hdl/intel_vvp_output_interface_bridge.sv     ; intel_vvp_output_interface_bridge_2440 ; ip/pl_sys/pl_sys_intel_vvp_dil_0.ip     ;                                  ; 21c95317775905f4ae11ec295b964e69 ;
; ip/pl_sys/pl_sys_intel_vvp_dil_0/intel_vvp_pkt_duplicator_2450/synth/intel_mtm_common_pkg.sv                                   ; Encrypted Altera IP File                        ; /mnt/ssd2/Faruqi/ip/pl_sys/pl_sys_intel_vvp_dil_0/intel_vvp_pkt_duplicator_2450/synth/intel_mtm_common_pkg.sv                                   ; intel_vvp_pkt_duplicator_2450          ; ip/pl_sys/pl_sys_intel_vvp_dil_0.ip     ;                                  ; dfe225cbcd9047f00afc67668d811a92 ;
; ip/pl_sys/pl_sys_intel_vvp_dil_0/intel_vvp_pkt_duplicator_2450/synth/intel_vvp_common_pkg.sv                                   ; Encrypted Altera IP File                        ; /mnt/ssd2/Faruqi/ip/pl_sys/pl_sys_intel_vvp_dil_0/intel_vvp_pkt_duplicator_2450/synth/intel_vvp_common_pkg.sv                                   ; intel_vvp_pkt_duplicator_2450          ; ip/pl_sys/pl_sys_intel_vvp_dil_0.ip     ;                                  ; 812d701cc8b38f96e3a65fdb0754e85e ;
; ip/pl_sys/pl_sys_intel_vvp_dil_0/intel_vvp_pkt_duplicator_2450/synth/intel_vvp_utility_pkg.sv                                  ; Encrypted Altera IP File                        ; /mnt/ssd2/Faruqi/ip/pl_sys/pl_sys_intel_vvp_dil_0/intel_vvp_pkt_duplicator_2450/synth/intel_vvp_utility_pkg.sv                                  ; intel_vvp_pkt_duplicator_2450          ; ip/pl_sys/pl_sys_intel_vvp_dil_0.ip     ;                                  ; a000ebc1faadf9a518d292dcad02cdac ;
; ip/pl_sys/pl_sys_intel_vvp_dil_0/intel_vvp_pkt_duplicator_2450/synth/intel_vvp_axi_pipeline_stage.sv                           ; Encrypted Altera IP File                        ; /mnt/ssd2/Faruqi/ip/pl_sys/pl_sys_intel_vvp_dil_0/intel_vvp_pkt_duplicator_2450/synth/intel_vvp_axi_pipeline_stage.sv                           ; intel_vvp_pkt_duplicator_2450          ; ip/pl_sys/pl_sys_intel_vvp_dil_0.ip     ;                                  ; b07363e9c6804ae64bf12c382ed53770 ;
; ip/pl_sys/pl_sys_intel_vvp_dil_0/intel_vvp_pkt_duplicator_2450/synth/intel_vvp_axi_master.sv                                   ; Encrypted Altera IP File                        ; /mnt/ssd2/Faruqi/ip/pl_sys/pl_sys_intel_vvp_dil_0/intel_vvp_pkt_duplicator_2450/synth/intel_vvp_axi_master.sv                                   ; intel_vvp_pkt_duplicator_2450          ; ip/pl_sys/pl_sys_intel_vvp_dil_0.ip     ;                                  ; 93f5e39c77ea8ba5ac43c6dfcd78b475 ;
; ip/pl_sys/pl_sys_intel_vvp_dil_0/intel_vvp_pkt_duplicator_2450/synth/src_hdl/intel_vvp_pkt_duplicator.sv                       ; Encrypted Altera IP File                        ; /mnt/ssd2/Faruqi/ip/pl_sys/pl_sys_intel_vvp_dil_0/intel_vvp_pkt_duplicator_2450/synth/src_hdl/intel_vvp_pkt_duplicator.sv                       ; intel_vvp_pkt_duplicator_2450          ; ip/pl_sys/pl_sys_intel_vvp_dil_0.ip     ;                                  ; bb59f993371780ead3448be765e05fd7 ;
; ip/pl_sys/pl_sys_intel_vvp_dil_0/intel_vvp_dil_bob_algo_comp_2451/synth/intel_vvp_common_pkg.sv                                ; Encrypted Altera IP File                        ; /mnt/ssd2/Faruqi/ip/pl_sys/pl_sys_intel_vvp_dil_0/intel_vvp_dil_bob_algo_comp_2451/synth/intel_vvp_common_pkg.sv                                ; intel_vvp_dil_bob_algo_comp_2451       ; ip/pl_sys/pl_sys_intel_vvp_dil_0.ip     ;                                  ; 812d701cc8b38f96e3a65fdb0754e85e ;
; ip/pl_sys/pl_sys_intel_vvp_dil_0/intel_vvp_dil_bob_algo_comp_2451/synth/intel_vvp_axi_zero_pad.sv                              ; Encrypted Altera IP File                        ; /mnt/ssd2/Faruqi/ip/pl_sys/pl_sys_intel_vvp_dil_0/intel_vvp_dil_bob_algo_comp_2451/synth/intel_vvp_axi_zero_pad.sv                              ; intel_vvp_dil_bob_algo_comp_2451       ; ip/pl_sys/pl_sys_intel_vvp_dil_0.ip     ;                                  ; 6e459a6edf651f5267d8b4b7b697acb4 ;
; ip/pl_sys/pl_sys_intel_vvp_dil_0/intel_vvp_dil_bob_algo_comp_2451/synth/intel_vvp_axi_zero_strip.sv                            ; Encrypted Altera IP File                        ; /mnt/ssd2/Faruqi/ip/pl_sys/pl_sys_intel_vvp_dil_0/intel_vvp_dil_bob_algo_comp_2451/synth/intel_vvp_axi_zero_strip.sv                            ; intel_vvp_dil_bob_algo_comp_2451       ; ip/pl_sys/pl_sys_intel_vvp_dil_0.ip     ;                                  ; 346b5e0c460c754a179aee89eb7e949a ;
; ip/pl_sys/pl_sys_intel_vvp_dil_0/intel_vvp_dil_bob_algo_comp_2451/synth/intel_vvp_axi_pipeline_stage.sv                        ; Encrypted Altera IP File                        ; /mnt/ssd2/Faruqi/ip/pl_sys/pl_sys_intel_vvp_dil_0/intel_vvp_dil_bob_algo_comp_2451/synth/intel_vvp_axi_pipeline_stage.sv                        ; intel_vvp_dil_bob_algo_comp_2451       ; ip/pl_sys/pl_sys_intel_vvp_dil_0.ip     ;                                  ; b07363e9c6804ae64bf12c382ed53770 ;
; ip/pl_sys/pl_sys_intel_vvp_dil_0/intel_vvp_dil_bob_algo_comp_2451/synth/intel_vvp_axi_master.sv                                ; Encrypted Altera IP File                        ; /mnt/ssd2/Faruqi/ip/pl_sys/pl_sys_intel_vvp_dil_0/intel_vvp_dil_bob_algo_comp_2451/synth/intel_vvp_axi_master.sv                                ; intel_vvp_dil_bob_algo_comp_2451       ; ip/pl_sys/pl_sys_intel_vvp_dil_0.ip     ;                                  ; 93f5e39c77ea8ba5ac43c6dfcd78b475 ;
; ip/pl_sys/pl_sys_intel_vvp_dil_0/intel_vvp_dil_bob_algo_comp_2451/synth/intel_vvp_dil_common_pkg.sv                            ; Encrypted Altera IP File                        ; /mnt/ssd2/Faruqi/ip/pl_sys/pl_sys_intel_vvp_dil_0/intel_vvp_dil_bob_algo_comp_2451/synth/intel_vvp_dil_common_pkg.sv                            ; intel_vvp_dil_bob_algo_comp_2451       ; ip/pl_sys/pl_sys_intel_vvp_dil_0.ip     ;                                  ; 223e3f059f7e0028a09eed9b553be075 ;
; ip/pl_sys/pl_sys_intel_vvp_dil_0/intel_vvp_dil_bob_algo_comp_2451/synth/intel_vvp_dil_bob_pkg.sv                               ; Encrypted Altera IP File                        ; /mnt/ssd2/Faruqi/ip/pl_sys/pl_sys_intel_vvp_dil_0/intel_vvp_dil_bob_algo_comp_2451/synth/intel_vvp_dil_bob_pkg.sv                               ; intel_vvp_dil_bob_algo_comp_2451       ; ip/pl_sys/pl_sys_intel_vvp_dil_0.ip     ;                                  ; 04eb703dd11fa0c191b2544558d9ae15 ;
; ip/pl_sys/pl_sys_intel_vvp_dil_0/intel_vvp_dil_bob_algo_comp_2451/synth/src_hdl/intel_vvp_dil_bob_algo_comp.sv                 ; Encrypted Altera IP File                        ; /mnt/ssd2/Faruqi/ip/pl_sys/pl_sys_intel_vvp_dil_0/intel_vvp_dil_bob_algo_comp_2451/synth/src_hdl/intel_vvp_dil_bob_algo_comp.sv                 ; intel_vvp_dil_bob_algo_comp_2451       ; ip/pl_sys/pl_sys_intel_vvp_dil_0.ip     ;                                  ; 421976abb5e32748df42ac0fb194a530 ;
; ip/pl_sys/pl_sys_intel_vvp_dil_0/intel_vvp_dil_bob_algo_comp_2451/synth/src_hdl/intel_vvp_dil_bob_algo_comp.ocp                ; Encrypted Altera IP File                        ; /mnt/ssd2/Faruqi/ip/pl_sys/pl_sys_intel_vvp_dil_0/intel_vvp_dil_bob_algo_comp_2451/synth/src_hdl/intel_vvp_dil_bob_algo_comp.ocp                ;                                        ; ip/pl_sys/pl_sys_intel_vvp_dil_0.ip     ;                                  ;                                  ;
; ip/pl_sys/pl_sys_intel_vvp_dil_0/intel_vvp_dil_bob_scheduler_2451/synth/intel_mtm_common_pkg.sv                                ; Encrypted Altera IP File                        ; /mnt/ssd2/Faruqi/ip/pl_sys/pl_sys_intel_vvp_dil_0/intel_vvp_dil_bob_scheduler_2451/synth/intel_mtm_common_pkg.sv                                ; intel_vvp_dil_bob_scheduler_2451       ; ip/pl_sys/pl_sys_intel_vvp_dil_0.ip     ;                                  ; dfe225cbcd9047f00afc67668d811a92 ;
; ip/pl_sys/pl_sys_intel_vvp_dil_0/intel_vvp_dil_bob_scheduler_2451/synth/intel_vvp_common_pkg.sv                                ; Encrypted Altera IP File                        ; /mnt/ssd2/Faruqi/ip/pl_sys/pl_sys_intel_vvp_dil_0/intel_vvp_dil_bob_scheduler_2451/synth/intel_vvp_common_pkg.sv                                ; intel_vvp_dil_bob_scheduler_2451       ; ip/pl_sys/pl_sys_intel_vvp_dil_0.ip     ;                                  ; 812d701cc8b38f96e3a65fdb0754e85e ;
; ip/pl_sys/pl_sys_intel_vvp_dil_0/intel_vvp_dil_bob_scheduler_2451/synth/intel_vvp_pipelined_mux.sv                             ; Encrypted Altera IP File                        ; /mnt/ssd2/Faruqi/ip/pl_sys/pl_sys_intel_vvp_dil_0/intel_vvp_dil_bob_scheduler_2451/synth/intel_vvp_pipelined_mux.sv                             ; intel_vvp_dil_bob_scheduler_2451       ; ip/pl_sys/pl_sys_intel_vvp_dil_0.ip     ;                                  ; a36f7638512006ff16ebe3035700795a ;
; ip/pl_sys/pl_sys_intel_vvp_dil_0/intel_vvp_dil_bob_scheduler_2451/synth/intel_vvp_common_slave_interface.sv                    ; Encrypted Altera IP File                        ; /mnt/ssd2/Faruqi/ip/pl_sys/pl_sys_intel_vvp_dil_0/intel_vvp_dil_bob_scheduler_2451/synth/intel_vvp_common_slave_interface.sv                    ; intel_vvp_dil_bob_scheduler_2451       ; ip/pl_sys/pl_sys_intel_vvp_dil_0.ip     ;                                  ; b95fe7b1e4d4628945b867a00c938e88 ;
; ip/pl_sys/pl_sys_intel_vvp_dil_0/intel_vvp_dil_bob_scheduler_2451/synth/intel_vvp_axi_pipeline_stage.sv                        ; Encrypted Altera IP File                        ; /mnt/ssd2/Faruqi/ip/pl_sys/pl_sys_intel_vvp_dil_0/intel_vvp_dil_bob_scheduler_2451/synth/intel_vvp_axi_pipeline_stage.sv                        ; intel_vvp_dil_bob_scheduler_2451       ; ip/pl_sys/pl_sys_intel_vvp_dil_0.ip     ;                                  ; b07363e9c6804ae64bf12c382ed53770 ;
; ip/pl_sys/pl_sys_intel_vvp_dil_0/intel_vvp_dil_bob_scheduler_2451/synth/intel_vvp_axi_master.sv                                ; Encrypted Altera IP File                        ; /mnt/ssd2/Faruqi/ip/pl_sys/pl_sys_intel_vvp_dil_0/intel_vvp_dil_bob_scheduler_2451/synth/intel_vvp_axi_master.sv                                ; intel_vvp_dil_bob_scheduler_2451       ; ip/pl_sys/pl_sys_intel_vvp_dil_0.ip     ;                                  ; 93f5e39c77ea8ba5ac43c6dfcd78b475 ;
; ip/pl_sys/pl_sys_intel_vvp_dil_0/intel_vvp_dil_bob_scheduler_2451/synth/intel_vvp_dil_common_pkg.sv                            ; Encrypted Altera IP File                        ; /mnt/ssd2/Faruqi/ip/pl_sys/pl_sys_intel_vvp_dil_0/intel_vvp_dil_bob_scheduler_2451/synth/intel_vvp_dil_common_pkg.sv                            ; intel_vvp_dil_bob_scheduler_2451       ; ip/pl_sys/pl_sys_intel_vvp_dil_0.ip     ;                                  ; 223e3f059f7e0028a09eed9b553be075 ;
; ip/pl_sys/pl_sys_intel_vvp_dil_0/intel_vvp_dil_bob_scheduler_2451/synth/intel_vvp_dil_bob_pkg.sv                               ; Encrypted Altera IP File                        ; /mnt/ssd2/Faruqi/ip/pl_sys/pl_sys_intel_vvp_dil_0/intel_vvp_dil_bob_scheduler_2451/synth/intel_vvp_dil_bob_pkg.sv                               ; intel_vvp_dil_bob_scheduler_2451       ; ip/pl_sys/pl_sys_intel_vvp_dil_0.ip     ;                                  ; 04eb703dd11fa0c191b2544558d9ae15 ;
; ip/pl_sys/pl_sys_intel_vvp_dil_0/intel_vvp_dil_bob_scheduler_2451/synth/intel_vvp_utility_pkg.sv                               ; Encrypted Altera IP File                        ; /mnt/ssd2/Faruqi/ip/pl_sys/pl_sys_intel_vvp_dil_0/intel_vvp_dil_bob_scheduler_2451/synth/intel_vvp_utility_pkg.sv                               ; intel_vvp_dil_bob_scheduler_2451       ; ip/pl_sys/pl_sys_intel_vvp_dil_0.ip     ;                                  ; a000ebc1faadf9a518d292dcad02cdac ;
; ip/pl_sys/pl_sys_intel_vvp_dil_0/intel_vvp_dil_bob_scheduler_2451/synth/src_hdl/intel_vvp_dil_bob_scheduler.sv                 ; Encrypted Altera IP File                        ; /mnt/ssd2/Faruqi/ip/pl_sys/pl_sys_intel_vvp_dil_0/intel_vvp_dil_bob_scheduler_2451/synth/src_hdl/intel_vvp_dil_bob_scheduler.sv                 ; intel_vvp_dil_bob_scheduler_2451       ; ip/pl_sys/pl_sys_intel_vvp_dil_0.ip     ;                                  ; 89bafcf7ebbcfbfce990034fce93878e ;
; ip/pl_sys/pl_sys_intel_vvp_dil_0/intel_vvp_dil_bob_scheduler_2451/synth/src_hdl/intel_vvp_dil_bob_scheduler.ocp                ; Encrypted Altera IP File                        ; /mnt/ssd2/Faruqi/ip/pl_sys/pl_sys_intel_vvp_dil_0/intel_vvp_dil_bob_scheduler_2451/synth/src_hdl/intel_vvp_dil_bob_scheduler.ocp                ;                                        ; ip/pl_sys/pl_sys_intel_vvp_dil_0.ip     ;                                  ;                                  ;
; ip/pl_sys/pl_sys_intel_vvp_dil_0/intel_vvp_line_buffer_2440/synth/intel_mtm_common_pkg.sv                                      ; Encrypted Altera IP File                        ; /mnt/ssd2/Faruqi/ip/pl_sys/pl_sys_intel_vvp_dil_0/intel_vvp_line_buffer_2440/synth/intel_mtm_common_pkg.sv                                      ; intel_vvp_line_buffer_2440             ; ip/pl_sys/pl_sys_intel_vvp_dil_0.ip     ;                                  ; dfe225cbcd9047f00afc67668d811a92 ;
; ip/pl_sys/pl_sys_intel_vvp_dil_0/intel_vvp_line_buffer_2440/synth/intel_vvp_common_pkg.sv                                      ; Encrypted Altera IP File                        ; /mnt/ssd2/Faruqi/ip/pl_sys/pl_sys_intel_vvp_dil_0/intel_vvp_line_buffer_2440/synth/intel_vvp_common_pkg.sv                                      ; intel_vvp_line_buffer_2440             ; ip/pl_sys/pl_sys_intel_vvp_dil_0.ip     ;                                  ; 812d701cc8b38f96e3a65fdb0754e85e ;
; ip/pl_sys/pl_sys_intel_vvp_dil_0/intel_vvp_line_buffer_2440/synth/intel_vvp_utility_pkg.sv                                     ; Encrypted Altera IP File                        ; /mnt/ssd2/Faruqi/ip/pl_sys/pl_sys_intel_vvp_dil_0/intel_vvp_line_buffer_2440/synth/intel_vvp_utility_pkg.sv                                     ; intel_vvp_line_buffer_2440             ; ip/pl_sys/pl_sys_intel_vvp_dil_0.ip     ;                                  ; a000ebc1faadf9a518d292dcad02cdac ;
; ip/pl_sys/pl_sys_intel_vvp_dil_0/intel_vvp_line_buffer_2440/synth/intel_vvp_axi_pipeline_stage.sv                              ; Encrypted Altera IP File                        ; /mnt/ssd2/Faruqi/ip/pl_sys/pl_sys_intel_vvp_dil_0/intel_vvp_line_buffer_2440/synth/intel_vvp_axi_pipeline_stage.sv                              ; intel_vvp_line_buffer_2440             ; ip/pl_sys/pl_sys_intel_vvp_dil_0.ip     ;                                  ; b07363e9c6804ae64bf12c382ed53770 ;
; ip/pl_sys/pl_sys_intel_vvp_dil_0/intel_vvp_line_buffer_2440/synth/intel_vvp_axi_master.sv                                      ; Encrypted Altera IP File                        ; /mnt/ssd2/Faruqi/ip/pl_sys/pl_sys_intel_vvp_dil_0/intel_vvp_line_buffer_2440/synth/intel_vvp_axi_master.sv                                      ; intel_vvp_line_buffer_2440             ; ip/pl_sys/pl_sys_intel_vvp_dil_0.ip     ;                                  ; 93f5e39c77ea8ba5ac43c6dfcd78b475 ;
; ip/pl_sys/pl_sys_intel_vvp_dil_0/intel_vvp_line_buffer_2440/synth/intel_vvp_axi_zero_pad.sv                                    ; Encrypted Altera IP File                        ; /mnt/ssd2/Faruqi/ip/pl_sys/pl_sys_intel_vvp_dil_0/intel_vvp_line_buffer_2440/synth/intel_vvp_axi_zero_pad.sv                                    ; intel_vvp_line_buffer_2440             ; ip/pl_sys/pl_sys_intel_vvp_dil_0.ip     ;                                  ; 6e459a6edf651f5267d8b4b7b697acb4 ;
; ip/pl_sys/pl_sys_intel_vvp_dil_0/intel_vvp_line_buffer_2440/synth/intel_vvp_axi_zero_strip.sv                                  ; Encrypted Altera IP File                        ; /mnt/ssd2/Faruqi/ip/pl_sys/pl_sys_intel_vvp_dil_0/intel_vvp_line_buffer_2440/synth/intel_vvp_axi_zero_strip.sv                                  ; intel_vvp_line_buffer_2440             ; ip/pl_sys/pl_sys_intel_vvp_dil_0.ip     ;                                  ; 346b5e0c460c754a179aee89eb7e949a ;
; ip/pl_sys/pl_sys_intel_vvp_dil_0/intel_vvp_line_buffer_2440/synth/src_hdl/intel_vvp_line_buffer_no_resend.sv                   ; Encrypted Altera IP File                        ; /mnt/ssd2/Faruqi/ip/pl_sys/pl_sys_intel_vvp_dil_0/intel_vvp_line_buffer_2440/synth/src_hdl/intel_vvp_line_buffer_no_resend.sv                   ; intel_vvp_line_buffer_2440             ; ip/pl_sys/pl_sys_intel_vvp_dil_0.ip     ;                                  ; 5e4c21042ba852c49da4f28e175a4f88 ;
; ip/pl_sys/pl_sys_intel_vvp_dil_0/intel_vvp_line_buffer_2440/synth/src_hdl/intel_vvp_line_buffer_resend.sv                      ; Encrypted Altera IP File                        ; /mnt/ssd2/Faruqi/ip/pl_sys/pl_sys_intel_vvp_dil_0/intel_vvp_line_buffer_2440/synth/src_hdl/intel_vvp_line_buffer_resend.sv                      ; intel_vvp_line_buffer_2440             ; ip/pl_sys/pl_sys_intel_vvp_dil_0.ip     ;                                  ; 2631946f810237a8943b3c7ebeaea485 ;
; ip/pl_sys/pl_sys_intel_vvp_dil_0/intel_vvp_line_buffer_2440/synth/src_hdl/intel_vvp_line_buffer_ram.sv                         ; Encrypted Altera IP File                        ; /mnt/ssd2/Faruqi/ip/pl_sys/pl_sys_intel_vvp_dil_0/intel_vvp_line_buffer_2440/synth/src_hdl/intel_vvp_line_buffer_ram.sv                         ; intel_vvp_line_buffer_2440             ; ip/pl_sys/pl_sys_intel_vvp_dil_0.ip     ;                                  ; 288e5fc2a748fd98e633ba1deabbd469 ;
; ip/pl_sys/pl_sys_intel_vvp_dil_0/intel_vvp_line_buffer_2440/synth/src_hdl/intel_vvp_line_buffer_cmd_mngr.sv                    ; Encrypted Altera IP File                        ; /mnt/ssd2/Faruqi/ip/pl_sys/pl_sys_intel_vvp_dil_0/intel_vvp_line_buffer_2440/synth/src_hdl/intel_vvp_line_buffer_cmd_mngr.sv                    ; intel_vvp_line_buffer_2440             ; ip/pl_sys/pl_sys_intel_vvp_dil_0.ip     ;                                  ; 8b56f2a13a2ba9a54a9fb1332e3c6a20 ;
; ip/pl_sys/pl_sys_intel_vvp_dil_0/intel_vvp_line_buffer_2440/synth/src_hdl/intel_vvp_line_buffer.sv                             ; Encrypted Altera IP File                        ; /mnt/ssd2/Faruqi/ip/pl_sys/pl_sys_intel_vvp_dil_0/intel_vvp_line_buffer_2440/synth/src_hdl/intel_vvp_line_buffer.sv                             ; intel_vvp_line_buffer_2440             ; ip/pl_sys/pl_sys_intel_vvp_dil_0.ip     ;                                  ; 8dd56af7537c5fdcb00f66e17af71374 ;
; ip/pl_sys/pl_sys_intel_vvp_dil_0/intel_vvp_dil_2451/synth/pl_sys_intel_vvp_dil_0_intel_vvp_dil_2451_zskkody.v                  ; User-Specified Verilog HDL File                 ; /mnt/ssd2/Faruqi/ip/pl_sys/pl_sys_intel_vvp_dil_0/intel_vvp_dil_2451/synth/pl_sys_intel_vvp_dil_0_intel_vvp_dil_2451_zskkody.v                  ; intel_vvp_dil_2451                     ; ip/pl_sys/pl_sys_intel_vvp_dil_0.ip     ;                                  ; 6cef0bae60d577fc34d8fe64432078ec ;
; ip/pl_sys/pl_sys_intel_vvp_dil_0/synth/pl_sys_intel_vvp_dil_0.v                                                                ; User-Specified Verilog HDL File                 ; /mnt/ssd2/Faruqi/ip/pl_sys/pl_sys_intel_vvp_dil_0/synth/pl_sys_intel_vvp_dil_0.v                                                                ; pl_sys_intel_vvp_dil_0                 ; ip/pl_sys/pl_sys_intel_vvp_dil_0.ip     ;                                  ; 151feac4cfcf092f883073b641119e3c ;
; top.v                                                                                                                          ; User-Specified Verilog HDL File                 ; /mnt/ssd2/Faruqi/top.v                                                                                                                          ;                                        ;                                         ;                                  ; d6530a2a8b055ae54d00858e86311bc4 ;
; /mnt/ssd2/Quartus_Setup_Installation/quartus/libraries/megafunctions/altera_syncram.tdf                                        ; Megafunction                                    ; /mnt/ssd2/Quartus_Setup_Installation/quartus/libraries/megafunctions/altera_syncram.tdf                                                         ; altera_work                            ;                                         ;                                  ; 12b545893c688d9c78d2ce59771b522c ;
; /mnt/ssd2/Faruqi/tmp-clearbox/example_proj/579880/altera_syncram_e02n1.tdf                                                     ; Auto-Generated Megafunction                     ; /mnt/ssd2/Faruqi/tmp-clearbox/example_proj/579880/altera_syncram_e02n1.tdf                                                                      ;                                        ;                                         ;                                  ; 3de0f2d38a388f01ea966cda6a624b12 ;
; /mnt/ssd2/Faruqi/tmp-clearbox/example_proj/579880/altsyncram_psuc1.tdf                                                         ; Auto-Generated Megafunction                     ; /mnt/ssd2/Faruqi/tmp-clearbox/example_proj/579880/altsyncram_psuc1.tdf                                                                          ;                                        ;                                         ;                                  ; 431687a0d9310ee40b410a7907cebf68 ;
; /mnt/ssd2/Quartus_Setup_Installation/quartus/libraries/megafunctions/altera_ocp_endpoint.vhd                                   ; Encrypted Megafunction                          ; /mnt/ssd2/Quartus_Setup_Installation/quartus/libraries/megafunctions/altera_ocp_endpoint.vhd                                                    ; altera_sld                             ;                                         ;                                  ;                                  ;
; /mnt/ssd2/Quartus_Setup_Installation/quartus/libraries/megafunctions/altera_fabric_endpoint.vhd                                ; Encrypted Megafunction                          ; /mnt/ssd2/Quartus_Setup_Installation/quartus/libraries/megafunctions/altera_fabric_endpoint.vhd                                                 ; altera_work                            ;                                         ;                                  ;                                  ;
; pl_sys/altera_reset_controller_1924/synth/altera_reset_controller.sdc                                                          ; User-Specified Synopsys Design Constraints File ; pl_sys/altera_reset_controller_1924/synth/altera_reset_controller.sdc                                                                           ;                                        ; pl_sys.qsys                             ; 6fe5e7ad5fc8693577ba0723514b2aa1 ;                                  ;
+--------------------------------------------------------------------------------------------------------------------------------+-------------------------------------------------+-------------------------------------------------------------------------------------------------------------------------------------------------+----------------------------------------+-----------------------------------------+----------------------------------+----------------------------------+


+--------------------------------------------------------------------------------------------------------------------------------------------------------------------------------------------------------------+
; Synthesis IP Cores Summary                                                                                                                                                                                   ;
+-------------------+-------------------------+--------------+------------+-------------------------+---------+--------------+--------------+------------------------+-----------------------------------------+
; Vendor            ; IP Name                 ; Product Name ; Product ID ; IP Core Name            ; Version ; Release Date ; License Type ; Entity Instance        ; IP Include File                         ;
+-------------------+-------------------------+--------------+------------+-------------------------+---------+--------------+--------------+------------------------+-----------------------------------------+
; N/A               ; <Platform Designer>     ; N/A          ; N/A        ; QsysPrimePro            ; 25.1.1  ; N/A          ; N/A          ; u0                     ; pl_sys.qsys                             ;
; Intel Corporation ; intel_vvp_dil           ; N/A          ; N/A        ; intel_vvp_dil           ; 24.5.1  ; N/A          ; N/A          ; u0|intel_vvp_dil_0     ; ip/pl_sys/pl_sys_intel_vvp_dil_0.ip     ;
; Intel Corporation ; intel_vvp_adv_tpg       ; N/A          ; N/A        ; intel_vvp_adv_tpg       ; 24.5.1  ; N/A          ; N/A          ; u0|intel_vvp_adv_tpg_0 ; ip/pl_sys/pl_sys_intel_vvp_adv_tpg_0.ip ;
; Intel Corporation ; altera_reset_controller ; N/A          ; N/A        ; altera_reset_controller ; 19.2.4  ; N/A          ; N/A          ; u0|rst_controller      ; pl_sys.qsys                             ;
; Intel Corporation ; <Platform Designer>     ; N/A          ; N/A        ; QsysPrimePro            ; 25.1.1  ; N/A          ; N/A          ; u0|clock_in            ; ip/pl_sys/pl_sys_clock_in.ip            ;
; Intel Corporation ; <Platform Designer>     ; N/A          ; N/A        ; QsysPrimePro            ; 25.1.1  ; N/A          ; N/A          ; u0|reset_in            ; ip/pl_sys/pl_sys_reset_in.ip            ;
+-------------------+-------------------------+--------------+------------+-------------------------+---------+--------------+--------------+------------------------+-----------------------------------------+


+--------------------------------------------------------------------------------------------+
; Synthesis Partition Summary                                                                ;
+----------------+----------------+---------+--------------+-------+-------------------------+
; Partition Name ; Hierarchy Path ; Type    ; Preservation ; Empty ; Partition Database File ;
+----------------+----------------+---------+--------------+-------+-------------------------+
; root_partition ; |              ; Default ;              ;       ;                         ;
+----------------+----------------+---------+--------------+-------+-------------------------+


+--------------------------------------------------------------------------------------------------------+
; Source Assignments for User Entity altera_reset_controller Instance: u0|rst_controller                 ;
+-------------------+-------+------+-------------------------------------+-------------------------------+
; Assignment        ; Value ; From ; To                                  ; Source Location               ;
+-------------------+-------+------+-------------------------------------+-------------------------------+
; PRESERVE_REGISTER ; ON    ; -    ; altera_reset_synchronizer_int_chain ; altera_reset_controller.v:140 ;
+-------------------+-------+------+-------------------------------------+-------------------------------+
All Instances:
u0|rst_controller



+-----------------------------------------------------------------------------------------------------------------+
; Source Assignments for User Entity altera_reset_synchronizer Instance: u0|rst_controller|alt_rst_sync_uq1       ;
+---------------------------+-------+------+-------------------------------------+--------------------------------+
; Assignment                ; Value ; From ; To                                  ; Source Location                ;
+---------------------------+-------+------+-------------------------------------+--------------------------------+
; SUPPRESS_DA_RULE_INTERNAL ; R101  ; -    ; reset_in                            ; altera_reset_synchronizer.v:29 ;
; PRESERVE_REGISTER         ; ON    ; -    ; altera_reset_synchronizer_int_chain ; altera_reset_synchronizer.v:47 ;
+---------------------------+-------+------+-------------------------------------+--------------------------------+
All Instances:
u0|rst_controller|alt_rst_sync_uq1



+-----------------------------------------------------------------------------------------------------------------+
; Source Assignments for User Entity altera_reset_synchronizer_1 Instance: u0|rst_controller|alt_rst_req_sync_uq1 ;
+---------------------------+-------+------+-------------------------------------+--------------------------------+
; Assignment                ; Value ; From ; To                                  ; Source Location                ;
+---------------------------+-------+------+-------------------------------------+--------------------------------+
; SUPPRESS_DA_RULE_INTERNAL ; R101  ; -    ; reset_in                            ; altera_reset_synchronizer.v:29 ;
; PRESERVE_REGISTER         ; ON    ; -    ; altera_reset_synchronizer_int_chain ; altera_reset_synchronizer.v:47 ;
+---------------------------+-------+------+-------------------------------------+--------------------------------+
All Instances:
u0|rst_controller|alt_rst_req_sync_uq1



+----------------------------------------------------------------------------------------+
; Parameter Settings for User Entity altera_reset_controller Instance: u0|rst_controller ;
+---------------------------+-------+----------------------------------------------------+
; Parameter Name            ; Value ; Type                                               ;
+---------------------------+-------+----------------------------------------------------+
; ADAPT_RESET_REQUEST       ; 0     ; Signed Integer                                     ;
; MIN_RST_ASSERTION_TIME    ; 3     ; Signed Integer                                     ;
; NUM_RESET_INPUTS          ; 1     ; Signed Integer                                     ;
; OUTPUT_RESET_SYNC_EDGES   ; both  ; String                                             ;
; RESET_REQUEST_PRESENT     ; 0     ; Signed Integer                                     ;
; RESET_REQ_EARLY_DSRT_TIME ; 1     ; Signed Integer                                     ;
; RESET_REQ_WAIT_TIME       ; 1     ; Signed Integer                                     ;
; SYNC_DEPTH                ; 2     ; Signed Integer                                     ;
; USE_RESET_REQUEST_IN0     ; 0     ; Signed Integer                                     ;
; USE_RESET_REQUEST_IN1     ; 0     ; Signed Integer                                     ;
; USE_RESET_REQUEST_IN10    ; 0     ; Signed Integer                                     ;
; USE_RESET_REQUEST_IN11    ; 0     ; Signed Integer                                     ;
; USE_RESET_REQUEST_IN12    ; 0     ; Signed Integer                                     ;
; USE_RESET_REQUEST_IN13    ; 0     ; Signed Integer                                     ;
; USE_RESET_REQUEST_IN14    ; 0     ; Signed Integer                                     ;
; USE_RESET_REQUEST_IN15    ; 0     ; Signed Integer                                     ;
; USE_RESET_REQUEST_IN2     ; 0     ; Signed Integer                                     ;
; USE_RESET_REQUEST_IN3     ; 0     ; Signed Integer                                     ;
; USE_RESET_REQUEST_IN4     ; 0     ; Signed Integer                                     ;
; USE_RESET_REQUEST_IN5     ; 0     ; Signed Integer                                     ;
; USE_RESET_REQUEST_IN6     ; 0     ; Signed Integer                                     ;
; USE_RESET_REQUEST_IN7     ; 0     ; Signed Integer                                     ;
; USE_RESET_REQUEST_IN8     ; 0     ; Signed Integer                                     ;
; USE_RESET_REQUEST_IN9     ; 0     ; Signed Integer                                     ;
+---------------------------+-------+----------------------------------------------------+
All Instances:
u0|rst_controller



+-----------------------------------------------------------------------------------------------------------------------------------+
; Parameter Settings for User Entity pl_sys_intel_vvp_dil_0_intel_vvp_dil_2451_zskkody Instance: u0|intel_vvp_dil_0|intel_vvp_dil_0 ;
+------------------------+-------+--------------------------------------------------------------------------------------------------+
; Parameter Name         ; Value ; Type                                                                                             ;
+------------------------+-------+--------------------------------------------------------------------------------------------------+
; BPS                    ; 8     ; Signed Integer                                                                                   ;
; CLOCKS_ARE_SEPARATE    ; 1     ; Signed Integer                                                                                   ;
; ENABLE_DEBUG           ; 0     ; Signed Integer                                                                                   ;
; FIFO                   ; 0     ; Signed Integer                                                                                   ;
; MAX_WIDTH              ; 2048  ; Signed Integer                                                                                   ;
; NUMBER_OF_COLOR_PLANES ; 3     ; Signed Integer                                                                                   ;
; PIPELINE_READY         ; 0     ; Signed Integer                                                                                   ;
; PIXELS_IN_PARALLEL     ; 1     ; Signed Integer                                                                                   ;
; P_AV_MM_ADDR_WIDTH     ; 32    ; Signed Integer                                                                                   ;
; P_AV_MM_DATA_WIDTH     ; 32    ; Signed Integer                                                                                   ;
; READ_BURST_TARGET      ; 32    ; Signed Integer                                                                                   ;
; RUNTIME_CONTROL        ; 0     ; Signed Integer                                                                                   ;
; WRITE_BURST_TARGET     ; 32    ; Signed Integer                                                                                   ;
+------------------------+-------+--------------------------------------------------------------------------------------------------+
All Instances:
u0|intel_vvp_dil_0|intel_vvp_dil_0



+-----------------------------------------------------------------------------------------------------------+
; Parameter Settings for User Entity altera_reset_synchronizer Instance: u0|rst_controller|alt_rst_sync_uq1 ;
+----------------+-------+----------------------------------------------------------------------------------+
; Parameter Name ; Value ; Type                                                                             ;
+----------------+-------+----------------------------------------------------------------------------------+
; ASYNC_RESET    ; 0     ; Unsigned Binary                                                                  ;
; DEPTH          ; 2     ; Signed Integer                                                                   ;
+----------------+-------+----------------------------------------------------------------------------------+
All Instances:
u0|rst_controller|alt_rst_sync_uq1



+-----------------------------------------------------------------------------------------------------------------+
; Parameter Settings for User Entity altera_reset_synchronizer_1 Instance: u0|rst_controller|alt_rst_req_sync_uq1 ;
+----------------+-------+----------------------------------------------------------------------------------------+
; Parameter Name ; Value ; Type                                                                                   ;
+----------------+-------+----------------------------------------------------------------------------------------+
; ASYNC_RESET    ; 0     ; Signed Integer                                                                         ;
; DEPTH          ; 2     ; Signed Integer                                                                         ;
+----------------+-------+----------------------------------------------------------------------------------------+
All Instances:
u0|rst_controller|alt_rst_req_sync_uq1



Top root causes of logic optimization that have been identified during sweep. For more details and filtering options, ensure that you have compiled with the "Enable RTL Analysis Debug Mode " setting turned on under Assignments->Settings->Compiler Settings, then go to the " Root Causes Tab " in the " Sweep Hints Viewer " tool in the " RTL Analyzer ".
+-------------------------------------------------------------------------------------------------------------------------------------------------------------------+
; Top Causes of Logic Optimized Away During Sweep                                                                                                                   ;
+----------------------------------------------------------------------------------------------------------+------------------+---------------+---------------------+
; Root Object Path                                                                                         ; Root Object Type ; Root Reason   ; Swept Objects Count ;
+----------------------------------------------------------------------------------------------------------+------------------+---------------+---------------------+
; u0|intel_vvp_dil_0|intel_vvp_dil_0|scheduler|axi_st_cmd_buff_tdata[21]                                   ; OUTPUT_PORT      ; stuck at 0    ; 17                  ;
; u0|intel_vvp_adv_tpg_0|intel_vvp_adv_tpg_0|core_inst_1|pip_gen[0].col_gen[0].bar_lut|output_colour[3]    ; OUTPUT_PORT      ; stuck at 0    ; 16                  ;
; u0|intel_vvp_adv_tpg_0|intel_vvp_adv_tpg_0|core_inst_1|pip_gen[0].col_gen[1].bar_lut|output_colour[3]    ; OUTPUT_PORT      ; stuck at 0    ; 16                  ;
; u0|intel_vvp_adv_tpg_0|intel_vvp_adv_tpg_0|core_inst_1|pip_gen[0].col_gen[2].bar_lut|output_colour[3]    ; OUTPUT_PORT      ; stuck at 0    ; 16                  ;
; u0|intel_vvp_adv_tpg_0|intel_vvp_adv_tpg_0|out_bridge|ccd_master_inst|din_user[2]                        ; INPUT_INST_PORT  ; stuck at 0    ; 15                  ;
; u0|intel_vvp_adv_tpg_0|intel_vvp_adv_tpg_0|out_bridge|axi_st_data_in_tuser[1]                            ; INPUT_PORT       ; has no fanout ; 13                  ;
; u0|intel_vvp_adv_tpg_0|intel_vvp_adv_tpg_0|core_inst_0|pip_gen[0].col_gen[0].bar_lut|output_colour[3]    ; OUTPUT_PORT      ; stuck at 0    ; 13                  ;
; u0|intel_vvp_adv_tpg_0|intel_vvp_adv_tpg_0|core_inst_0|pip_gen[0].col_gen[1].bar_lut|output_colour[3]    ; OUTPUT_PORT      ; stuck at 0    ; 13                  ;
; u0|intel_vvp_adv_tpg_0|intel_vvp_adv_tpg_0|core_inst_0|pip_gen[0].col_gen[2].bar_lut|output_colour[3]    ; OUTPUT_PORT      ; stuck at 0    ; 13                  ;
; u0|intel_vvp_adv_tpg_0|intel_vvp_adv_tpg_0|scheduler|mixer_cmd_gen[0].mixer_cmd_master_inst|din_data[39] ; INPUT_INST_PORT  ; stuck at 0    ; 12                  ;
+----------------------------------------------------------------------------------------------------------+------------------+---------------+---------------------+
Table limited at 10 items. To change the number of top root causes reported, set the "Number of Top Root Causes Reported in Synthesis Report " option under Assignments->Settings->Compiler Settings->Advanced Settings (Synthesis)


+-------------------------------------------------------------------------------------------------------------------------------------------------------------------------------------------------------------------------------------------------------------------------------------------------------------------------------------------------------------------------------------------------------------------------------------------------------------------+
; Partition "root_partition" Resource Utilization by Entity                                                                                                                                                                                                                                                                                                                                                                                                         ;
+---------------------------------------------------------------------------+---------------------+---------------------------+-------------------+------------+------+--------------+--------+-----------+----------------------------------------------------------------------------------------------------------------------------------------------------+-----------------------------------------------------------+----------------------------------------+
; Compilation Hierarchy Node                                                ; Combinational ALUTs ; Dedicated Logic Registers ; Block Memory Bits ; DSP Blocks ; Pins ; Virtual Pins ; IOPLLs ; Max Depth ; Full Hierarchy Name                                                                                                                                ; Entity Name                                               ; Library Name                           ;
+---------------------------------------------------------------------------+---------------------+---------------------------+-------------------+------------+------+--------------+--------+-----------+----------------------------------------------------------------------------------------------------------------------------------------------------+-----------------------------------------------------------+----------------------------------------+
; |                                                                         ; 954 (1)             ; 1269 (0)                  ; 98304             ; 3          ; 32   ; 0            ; 0 (0)  ; 6.0 (5.0) ; |                                                                                                                                                  ; top                                                       ; altera_work                            ;
;    |u0|                                                                   ; 953 (0)             ; 1269 (0)                  ; 98304             ; 3          ; 0    ; 0            ; 0 (0)  ; 6.0 (0.0) ; u0                                                                                                                                                 ; pl_sys                                                    ; pl_sys                                 ;
;       |intel_vvp_adv_tpg_0|                                               ; 492 (0)             ; 648 (0)                   ; 0                 ; 3          ; 0    ; 0            ; 0 (0)  ; 6.0 (0.0) ; u0|intel_vvp_adv_tpg_0                                                                                                                             ; pl_sys_intel_vvp_adv_tpg_0                                ; pl_sys_intel_vvp_adv_tpg_0             ;
;          |intel_vvp_adv_tpg_0|                                            ; 492 (0)             ; 648 (0)                   ; 0                 ; 3          ; 0    ; 0            ; 0 (0)  ; 6.0 (0.0) ; u0|intel_vvp_adv_tpg_0|intel_vvp_adv_tpg_0                                                                                                         ; pl_sys_intel_vvp_adv_tpg_0_intel_vvp_adv_tpg_2451_7zqrhlq ; intel_vvp_adv_tpg_2451                 ;
;             |core_inst_0|                                                 ; 56 (52)             ; 57 (57)                   ; 0                 ; 0          ; 0    ; 0            ; 0 (0)  ; 5.0 (5.0) ; u0|intel_vvp_adv_tpg_0|intel_vvp_adv_tpg_0|core_inst_0                                                                                             ; intel_vvp_tpg_bars_algo_comp                              ; intel_vvp_tpg_bars_algo_comp_2451      ;
;                |dout_master_inst|                                         ; 1 (1)               ; 0 (0)                     ; 0                 ; 0          ; 0    ; 0            ; 0 (0)  ; 5.0 (5.0) ; u0|intel_vvp_adv_tpg_0|intel_vvp_adv_tpg_0|core_inst_0|dout_master_inst                                                                            ; intel_vvp_axi_master                                      ; intel_vvp_tpg_bars_algo_comp_2451      ;
;                |pip_gen[0].col_gen[0].bar_lut|                            ; 1 (1)               ; 0 (0)                     ; 0                 ; 0          ; 0    ; 0            ; 0 (0)  ; 1.0 (1.0) ; u0|intel_vvp_adv_tpg_0|intel_vvp_adv_tpg_0|core_inst_0|pip_gen[0].col_gen[0].bar_lut                                                               ; intel_vvp_tpg_bars_algo_comp_lut                          ; intel_vvp_tpg_bars_algo_comp_2451      ;
;                |pip_gen[0].col_gen[1].bar_lut|                            ; 1 (1)               ; 0 (0)                     ; 0                 ; 0          ; 0    ; 0            ; 0 (0)  ; 1.0 (1.0) ; u0|intel_vvp_adv_tpg_0|intel_vvp_adv_tpg_0|core_inst_0|pip_gen[0].col_gen[1].bar_lut                                                               ; intel_vvp_tpg_bars_algo_comp_lut                          ; intel_vvp_tpg_bars_algo_comp_2451      ;
;                |pip_gen[0].col_gen[2].bar_lut|                            ; 1 (1)               ; 0 (0)                     ; 0                 ; 0          ; 0    ; 0            ; 0 (0)  ; 1.0 (1.0) ; u0|intel_vvp_adv_tpg_0|intel_vvp_adv_tpg_0|core_inst_0|pip_gen[0].col_gen[2].bar_lut                                                               ; intel_vvp_tpg_bars_algo_comp_lut                          ; intel_vvp_tpg_bars_algo_comp_2451      ;
;             |core_inst_1|                                                 ; 73 (58)             ; 72 (72)                   ; 0                 ; 0          ; 0    ; 0            ; 0 (0)  ; 6.0 (6.0) ; u0|intel_vvp_adv_tpg_0|intel_vvp_adv_tpg_0|core_inst_1                                                                                             ; intel_vvp_tpg_bars_algo_comp                              ; intel_vvp_tpg_bars_algo_comp_2451      ;
;                |dout_master_inst|                                         ; 2 (2)               ; 0 (0)                     ; 0                 ; 0          ; 0    ; 0            ; 0 (0)  ; 5.0 (5.0) ; u0|intel_vvp_adv_tpg_0|intel_vvp_adv_tpg_0|core_inst_1|dout_master_inst                                                                            ; intel_vvp_axi_master                                      ; intel_vvp_tpg_bars_algo_comp_2451      ;
;                |pip_gen[0].col_gen[0].bar_lut|                            ; 7 (7)               ; 0 (0)                     ; 0                 ; 0          ; 0    ; 0            ; 0 (0)  ; 1.0 (1.0) ; u0|intel_vvp_adv_tpg_0|intel_vvp_adv_tpg_0|core_inst_1|pip_gen[0].col_gen[0].bar_lut                                                               ; intel_vvp_tpg_bars_algo_comp_lut                          ; intel_vvp_tpg_bars_algo_comp_2451      ;
;                |pip_gen[0].col_gen[1].bar_lut|                            ; 3 (3)               ; 0 (0)                     ; 0                 ; 0          ; 0    ; 0            ; 0 (0)  ; 1.0 (1.0) ; u0|intel_vvp_adv_tpg_0|intel_vvp_adv_tpg_0|core_inst_1|pip_gen[0].col_gen[1].bar_lut                                                               ; intel_vvp_tpg_bars_algo_comp_lut                          ; intel_vvp_tpg_bars_algo_comp_2451      ;
;                |pip_gen[0].col_gen[2].bar_lut|                            ; 3 (3)               ; 0 (0)                     ; 0                 ; 0          ; 0    ; 0            ; 0 (0)  ; 1.0 (1.0) ; u0|intel_vvp_adv_tpg_0|intel_vvp_adv_tpg_0|core_inst_1|pip_gen[0].col_gen[2].bar_lut                                                               ; intel_vvp_tpg_bars_algo_comp_lut                          ; intel_vvp_tpg_bars_algo_comp_2451      ;
;             |main_rst_bridge|                                             ; 0 (0)               ; 3 (3)                     ; 0                 ; 0          ; 0    ; 0            ; 0 (0)  ; 3.0 (3.0) ; u0|intel_vvp_adv_tpg_0|intel_vvp_adv_tpg_0|main_rst_bridge                                                                                         ; intel_vvp_reset_sync                                      ; intel_vvp_reset_sync_2440              ;
;             |mixer_inst_0|                                                ; 171 (0)             ; 292 (0)                   ; 0                 ; 3          ; 0    ; 0            ; 0 (0)  ; 6.0 (0.0) ; u0|intel_vvp_adv_tpg_0|intel_vvp_adv_tpg_0|mixer_inst_0                                                                                            ; intel_vvp_mixer_algo_comp                                 ; intel_vvp_mixer_algo_comp_2451         ;
;                |dout_master_inst|                                         ; 1 (1)               ; 0 (0)                     ; 0                 ; 0          ; 0    ; 0            ; 0 (0)  ; 6.0 (6.0) ; u0|intel_vvp_adv_tpg_0|intel_vvp_adv_tpg_0|mixer_inst_0|dout_master_inst                                                                           ; intel_vvp_axi_master                                      ; intel_vvp_mixer_algo_comp_2451         ;
;                |dp_inst|                                                  ; 170 (83)            ; 292 (37)                  ; 0                 ; 3          ; 0    ; 0            ; 0 (0)  ; 5.0 (5.0) ; u0|intel_vvp_adv_tpg_0|intel_vvp_adv_tpg_0|mixer_inst_0|dp_inst                                                                                    ; intel_vvp_mixer_algo_comp_dp                              ; intel_vvp_mixer_algo_comp_2451         ;
;                   |blended_pixel_gen[0].blended_col_gen[0].mult_add_inst| ; 21 (0)              ; 77 (0)                    ; 0                 ; 1          ; 0    ; 0            ; 0 (0)  ; 1.7 (0.0) ; u0|intel_vvp_adv_tpg_0|intel_vvp_adv_tpg_0|mixer_inst_0|dp_inst|blended_pixel_gen[0].blended_col_gen[0].mult_add_inst                              ; intel_vvp_mult_add                                        ; intel_vvp_mixer_algo_comp_2451         ;
;                      |partial_gen[0].mult_2_inst|                         ; 21 (21)             ; 77 (77)                   ; 0                 ; 1          ; 0    ; 0            ; 0 (0)  ; 1.7 (1.7) ; u0|intel_vvp_adv_tpg_0|intel_vvp_adv_tpg_0|mixer_inst_0|dp_inst|blended_pixel_gen[0].blended_col_gen[0].mult_add_inst|partial_gen[0].mult_2_inst   ; intel_vvp_2_mult_add                                      ; intel_vvp_mixer_algo_comp_2451         ;
;                   |blended_pixel_gen[0].blended_col_gen[0].round_inst|    ; 8 (8)               ; 8 (8)                     ; 0                 ; 0          ; 0    ; 0            ; 0 (0)  ; 1.7 (1.7) ; u0|intel_vvp_adv_tpg_0|intel_vvp_adv_tpg_0|mixer_inst_0|dp_inst|blended_pixel_gen[0].blended_col_gen[0].round_inst                                 ; intel_vvp_round_sat                                       ; intel_vvp_mixer_algo_comp_2451         ;
;                   |blended_pixel_gen[0].blended_col_gen[1].mult_add_inst| ; 21 (0)              ; 77 (0)                    ; 0                 ; 1          ; 0    ; 0            ; 0 (0)  ; 1.7 (0.0) ; u0|intel_vvp_adv_tpg_0|intel_vvp_adv_tpg_0|mixer_inst_0|dp_inst|blended_pixel_gen[0].blended_col_gen[1].mult_add_inst                              ; intel_vvp_mult_add                                        ; intel_vvp_mixer_algo_comp_2451         ;
;                      |partial_gen[0].mult_2_inst|                         ; 21 (21)             ; 77 (77)                   ; 0                 ; 1          ; 0    ; 0            ; 0 (0)  ; 1.7 (1.7) ; u0|intel_vvp_adv_tpg_0|intel_vvp_adv_tpg_0|mixer_inst_0|dp_inst|blended_pixel_gen[0].blended_col_gen[1].mult_add_inst|partial_gen[0].mult_2_inst   ; intel_vvp_2_mult_add                                      ; intel_vvp_mixer_algo_comp_2451         ;
;                   |blended_pixel_gen[0].blended_col_gen[1].round_inst|    ; 8 (8)               ; 8 (8)                     ; 0                 ; 0          ; 0    ; 0            ; 0 (0)  ; 1.7 (1.7) ; u0|intel_vvp_adv_tpg_0|intel_vvp_adv_tpg_0|mixer_inst_0|dp_inst|blended_pixel_gen[0].blended_col_gen[1].round_inst                                 ; intel_vvp_round_sat                                       ; intel_vvp_mixer_algo_comp_2451         ;
;                   |blended_pixel_gen[0].blended_col_gen[2].mult_add_inst| ; 21 (0)              ; 77 (0)                    ; 0                 ; 1          ; 0    ; 0            ; 0 (0)  ; 1.7 (0.0) ; u0|intel_vvp_adv_tpg_0|intel_vvp_adv_tpg_0|mixer_inst_0|dp_inst|blended_pixel_gen[0].blended_col_gen[2].mult_add_inst                              ; intel_vvp_mult_add                                        ; intel_vvp_mixer_algo_comp_2451         ;
;                      |partial_gen[0].mult_2_inst|                         ; 21 (21)             ; 77 (77)                   ; 0                 ; 1          ; 0    ; 0            ; 0 (0)  ; 1.7 (1.7) ; u0|intel_vvp_adv_tpg_0|intel_vvp_adv_tpg_0|mixer_inst_0|dp_inst|blended_pixel_gen[0].blended_col_gen[2].mult_add_inst|partial_gen[0].mult_2_inst   ; intel_vvp_2_mult_add                                      ; intel_vvp_mixer_algo_comp_2451         ;
;                   |blended_pixel_gen[0].blended_col_gen[2].round_inst|    ; 8 (8)               ; 8 (8)                     ; 0                 ; 0          ; 0    ; 0            ; 0 (0)  ; 1.7 (1.7) ; u0|intel_vvp_adv_tpg_0|intel_vvp_adv_tpg_0|mixer_inst_0|dp_inst|blended_pixel_gen[0].blended_col_gen[2].round_inst                                 ; intel_vvp_round_sat                                       ; intel_vvp_mixer_algo_comp_2451         ;
;             |out_bridge|                                                  ; 10 (7)              ; 30 (30)                   ; 0                 ; 0          ; 0    ; 0            ; 0 (0)  ; 5.0 (5.0) ; u0|intel_vvp_adv_tpg_0|intel_vvp_adv_tpg_0|out_bridge                                                                                              ; intel_vvp_output_interface_bridge                         ; intel_vvp_output_interface_bridge_2440 ;
;                |ccd_master_inst|                                          ; 3 (3)               ; 0 (0)                     ; 0                 ; 0          ; 0    ; 0            ; 0 (0)  ; 4.0 (4.0) ; u0|intel_vvp_adv_tpg_0|intel_vvp_adv_tpg_0|out_bridge|ccd_master_inst                                                                              ; intel_vvp_axi_master                                      ; intel_vvp_output_interface_bridge_2440 ;
;             |scheduler|                                                   ; 182 (168)           ; 194 (151)                 ; 0                 ; 0          ; 0    ; 0            ; 0 (0)  ; 6.0 (6.0) ; u0|intel_vvp_adv_tpg_0|intel_vvp_adv_tpg_0|scheduler                                                                                               ; intel_vvp_adv_tpg_scheduler                               ; intel_vvp_adv_tpg_scheduler_2451       ;
;                |mixer_cmd_gen[0].mixer_cmd_master_inst|                   ; 4 (0)               ; 4 (0)                     ; 0                 ; 0          ; 0    ; 0            ; 0 (0)  ; 3.0 (0.0) ; u0|intel_vvp_adv_tpg_0|intel_vvp_adv_tpg_0|scheduler|mixer_cmd_gen[0].mixer_cmd_master_inst                                                        ; intel_vvp_axi_master                                      ; intel_vvp_adv_tpg_scheduler_2451       ;
;                   |pipe_bridge_inst|                                      ; 4 (4)               ; 4 (4)                     ; 0                 ; 0          ; 0    ; 0            ; 0 (0)  ; 3.0 (3.0) ; u0|intel_vvp_adv_tpg_0|intel_vvp_adv_tpg_0|scheduler|mixer_cmd_gen[0].mixer_cmd_master_inst|pipe_bridge_inst                                       ; intel_vvp_axi_pipeline_stage                              ; intel_vvp_adv_tpg_scheduler_2451       ;
;                |tpg_core_cmd_gen[0].core_cmd_master_inst|                 ; 5 (0)               ; 6 (0)                     ; 0                 ; 0          ; 0    ; 0            ; 0 (0)  ; 2.0 (0.0) ; u0|intel_vvp_adv_tpg_0|intel_vvp_adv_tpg_0|scheduler|tpg_core_cmd_gen[0].core_cmd_master_inst                                                      ; intel_vvp_axi_master                                      ; intel_vvp_adv_tpg_scheduler_2451       ;
;                   |pipe_bridge_inst|                                      ; 5 (5)               ; 6 (6)                     ; 0                 ; 0          ; 0    ; 0            ; 0 (0)  ; 2.0 (2.0) ; u0|intel_vvp_adv_tpg_0|intel_vvp_adv_tpg_0|scheduler|tpg_core_cmd_gen[0].core_cmd_master_inst|pipe_bridge_inst                                     ; intel_vvp_axi_pipeline_stage                              ; intel_vvp_adv_tpg_scheduler_2451       ;
;                |tpg_core_cmd_gen[1].core_cmd_master_inst|                 ; 5 (0)               ; 33 (0)                    ; 0                 ; 0          ; 0    ; 0            ; 0 (0)  ; 3.0 (0.0) ; u0|intel_vvp_adv_tpg_0|intel_vvp_adv_tpg_0|scheduler|tpg_core_cmd_gen[1].core_cmd_master_inst                                                      ; intel_vvp_axi_master                                      ; intel_vvp_adv_tpg_scheduler_2451       ;
;                   |pipe_bridge_inst|                                      ; 5 (5)               ; 33 (33)                   ; 0                 ; 0          ; 0    ; 0            ; 0 (0)  ; 3.0 (3.0) ; u0|intel_vvp_adv_tpg_0|intel_vvp_adv_tpg_0|scheduler|tpg_core_cmd_gen[1].core_cmd_master_inst|pipe_bridge_inst                                     ; intel_vvp_axi_pipeline_stage                              ; intel_vvp_adv_tpg_scheduler_2451       ;
;       |intel_vvp_dil_0|                                                   ; 461 (0)             ; 618 (0)                   ; 98304             ; 0          ; 0    ; 0            ; 0 (0)  ; 6.0 (0.0) ; u0|intel_vvp_dil_0                                                                                                                                 ; pl_sys_intel_vvp_dil_0                                    ; pl_sys_intel_vvp_dil_0                 ;
;          |intel_vvp_dil_0|                                                ; 461 (0)             ; 618 (0)                   ; 98304             ; 0          ; 0    ; 0            ; 0 (0)  ; 6.0 (0.0) ; u0|intel_vvp_dil_0|intel_vvp_dil_0                                                                                                                 ; pl_sys_intel_vvp_dil_0_intel_vvp_dil_2451_zskkody         ; intel_vvp_dil_2451                     ;
;             |algo_comp|                                                   ; 93 (93)             ; 86 (86)                   ; 0                 ; 0          ; 0    ; 0            ; 0 (0)  ; 4.0 (4.0) ; u0|intel_vvp_dil_0|intel_vvp_dil_0|algo_comp                                                                                                       ; intel_vvp_dil_bob_algo_comp                               ; intel_vvp_dil_bob_algo_comp_2451       ;
;             |duplicator|                                                  ; 6 (4)               ; 56 (56)                   ; 0                 ; 0          ; 0    ; 0            ; 0 (0)  ; 5.0 (5.0) ; u0|intel_vvp_dil_0|intel_vvp_dil_0|duplicator                                                                                                      ; intel_vvp_pkt_duplicator                                  ; intel_vvp_pkt_duplicator_2450          ;
;                |output_gen[0].ccd_master_inst|                            ; 1 (1)               ; 0 (0)                     ; 0                 ; 0          ; 0    ; 0            ; 0 (0)  ; 5.0 (5.0) ; u0|intel_vvp_dil_0|intel_vvp_dil_0|duplicator|output_gen[0].ccd_master_inst                                                                        ; intel_vvp_axi_master                                      ; intel_vvp_pkt_duplicator_2450          ;
;                |output_gen[1].ccd_master_inst|                            ; 1 (1)               ; 0 (0)                     ; 0                 ; 0          ; 0    ; 0            ; 0 (0)  ; 2.0 (2.0) ; u0|intel_vvp_dil_0|intel_vvp_dil_0|duplicator|output_gen[1].ccd_master_inst                                                                        ; intel_vvp_axi_master                                      ; intel_vvp_pkt_duplicator_2450          ;
;             |iib|                                                         ; 15 (13)             ; 50 (50)                   ; 0                 ; 0          ; 0    ; 0            ; 0 (0)  ; 6.0 (6.0) ; u0|intel_vvp_dil_0|intel_vvp_dil_0|iib                                                                                                             ; intel_vvp_input_interface_bridge                          ; intel_vvp_input_interface_bridge_2440  ;
;                |ctrl_master_inst|                                         ; 1 (1)               ; 0 (0)                     ; 0                 ; 0          ; 0    ; 0            ; 0 (0)  ; 6.0 (6.0) ; u0|intel_vvp_dil_0|intel_vvp_dil_0|iib|ctrl_master_inst                                                                                            ; intel_vvp_axi_master                                      ; intel_vvp_input_interface_bridge_2440  ;
;                |data_master_inst|                                         ; 1 (1)               ; 0 (0)                     ; 0                 ; 0          ; 0    ; 0            ; 0 (0)  ; 3.0 (3.0) ; u0|intel_vvp_dil_0|intel_vvp_dil_0|iib|data_master_inst                                                                                            ; intel_vvp_axi_master                                      ; intel_vvp_input_interface_bridge_2440  ;
;             |line_buffer|                                                 ; 163 (0)             ; 201 (0)                   ; 98304             ; 0          ; 0    ; 0            ; 0 (0)  ; 4.0 (0.0) ; u0|intel_vvp_dil_0|intel_vvp_dil_0|line_buffer                                                                                                     ; intel_vvp_line_buffer                                     ; intel_vvp_line_buffer_2440             ;
;                |dout_master_inst|                                         ; 1 (1)               ; 0 (0)                     ; 0                 ; 0          ; 0    ; 0            ; 0 (0)  ; 4.0 (4.0) ; u0|intel_vvp_dil_0|intel_vvp_dil_0|line_buffer|dout_master_inst                                                                                    ; intel_vvp_axi_master                                      ; intel_vvp_line_buffer_2440             ;
;                |resend_inst|                                              ; 162 (117)           ; 201 (89)                  ; 98304             ; 0          ; 0    ; 0            ; 0 (0)  ; 4.0 (4.0) ; u0|intel_vvp_dil_0|intel_vvp_dil_0|line_buffer|resend_inst                                                                                         ; intel_vvp_line_buffer_resend                              ; intel_vvp_line_buffer_2440             ;
;                   |line_buffer_l0_ram_inst|                               ; 23 (23)             ; 50 (50)                   ; 49152             ; 0          ; 0    ; 0            ; 0 (0)  ; 2.0 (2.0) ; u0|intel_vvp_dil_0|intel_vvp_dil_0|line_buffer|resend_inst|line_buffer_l0_ram_inst                                                                 ; intel_vvp_line_buffer_ram                                 ; intel_vvp_line_buffer_2440             ;
;                      |ram_gen[0].line_buffer_l0_ram_inst|                 ; 0 (0)               ; 0 (0)                     ; 20480             ; 0          ; 0    ; 0            ; 0 (0)  ; 0.0 (0.0) ; u0|intel_vvp_dil_0|intel_vvp_dil_0|line_buffer|resend_inst|line_buffer_l0_ram_inst|ram_gen[0].line_buffer_l0_ram_inst                              ; altera_syncram                                            ; altera_work                            ;
;                         |auto_generated|                                  ; 0 (0)               ; 0 (0)                     ; 20480             ; 0          ; 0    ; 0            ; 0 (0)  ; 0.0 (0.0) ; u0|intel_vvp_dil_0|intel_vvp_dil_0|line_buffer|resend_inst|line_buffer_l0_ram_inst|ram_gen[0].line_buffer_l0_ram_inst|auto_generated               ; altera_syncram_e02n1                                      ; altera_work                            ;
;                            |altsyncram1|                                  ; 0 (0)               ; 0 (0)                     ; 20480             ; 0          ; 0    ; 0            ; 0 (0)  ; 0.0 (0.0) ; u0|intel_vvp_dil_0|intel_vvp_dil_0|line_buffer|resend_inst|line_buffer_l0_ram_inst|ram_gen[0].line_buffer_l0_ram_inst|auto_generated|altsyncram1   ; altsyncram_psuc1                                          ; altera_work                            ;
;                      |ram_gen[1].line_buffer_l0_ram_inst|                 ; 0 (0)               ; 0 (0)                     ; 20480             ; 0          ; 0    ; 0            ; 0 (0)  ; 0.0 (0.0) ; u0|intel_vvp_dil_0|intel_vvp_dil_0|line_buffer|resend_inst|line_buffer_l0_ram_inst|ram_gen[1].line_buffer_l0_ram_inst                              ; altera_syncram                                            ; altera_work                            ;
;                         |auto_generated|                                  ; 0 (0)               ; 0 (0)                     ; 20480             ; 0          ; 0    ; 0            ; 0 (0)  ; 0.0 (0.0) ; u0|intel_vvp_dil_0|intel_vvp_dil_0|line_buffer|resend_inst|line_buffer_l0_ram_inst|ram_gen[1].line_buffer_l0_ram_inst|auto_generated               ; altera_syncram_e02n1                                      ; altera_work                            ;
;                            |altsyncram1|                                  ; 0 (0)               ; 0 (0)                     ; 20480             ; 0          ; 0    ; 0            ; 0 (0)  ; 0.0 (0.0) ; u0|intel_vvp_dil_0|intel_vvp_dil_0|line_buffer|resend_inst|line_buffer_l0_ram_inst|ram_gen[1].line_buffer_l0_ram_inst|auto_generated|altsyncram1   ; altsyncram_psuc1                                          ; altera_work                            ;
;                      |ram_gen[2].line_buffer_l0_ram_inst|                 ; 0 (0)               ; 0 (0)                     ; 8192              ; 0          ; 0    ; 0            ; 0 (0)  ; 0.0 (0.0) ; u0|intel_vvp_dil_0|intel_vvp_dil_0|line_buffer|resend_inst|line_buffer_l0_ram_inst|ram_gen[2].line_buffer_l0_ram_inst                              ; altera_syncram                                            ; altera_work                            ;
;                         |auto_generated|                                  ; 0 (0)               ; 0 (0)                     ; 8192              ; 0          ; 0    ; 0            ; 0 (0)  ; 0.0 (0.0) ; u0|intel_vvp_dil_0|intel_vvp_dil_0|line_buffer|resend_inst|line_buffer_l0_ram_inst|ram_gen[2].line_buffer_l0_ram_inst|auto_generated               ; altera_syncram_e02n1                                      ; altera_work                            ;
;                            |altsyncram1|                                  ; 0 (0)               ; 0 (0)                     ; 8192              ; 0          ; 0    ; 0            ; 0 (0)  ; 0.0 (0.0) ; u0|intel_vvp_dil_0|intel_vvp_dil_0|line_buffer|resend_inst|line_buffer_l0_ram_inst|ram_gen[2].line_buffer_l0_ram_inst|auto_generated|altsyncram1   ; altsyncram_psuc1                                          ; altera_work                            ;
;                   |line_buffer_main_ram_inst|                             ; 22 (22)             ; 62 (62)                   ; 49152             ; 0          ; 0    ; 0            ; 0 (0)  ; 2.0 (2.0) ; u0|intel_vvp_dil_0|intel_vvp_dil_0|line_buffer|resend_inst|line_buffer_main_ram_inst                                                               ; intel_vvp_line_buffer_ram                                 ; intel_vvp_line_buffer_2440             ;
;                      |ram_gen[0].line_buffer_l0_ram_inst|                 ; 0 (0)               ; 0 (0)                     ; 20480             ; 0          ; 0    ; 0            ; 0 (0)  ; 0.0 (0.0) ; u0|intel_vvp_dil_0|intel_vvp_dil_0|line_buffer|resend_inst|line_buffer_main_ram_inst|ram_gen[0].line_buffer_l0_ram_inst                            ; altera_syncram                                            ; altera_work                            ;
;                         |auto_generated|                                  ; 0 (0)               ; 0 (0)                     ; 20480             ; 0          ; 0    ; 0            ; 0 (0)  ; 0.0 (0.0) ; u0|intel_vvp_dil_0|intel_vvp_dil_0|line_buffer|resend_inst|line_buffer_main_ram_inst|ram_gen[0].line_buffer_l0_ram_inst|auto_generated             ; altera_syncram_e02n1                                      ; altera_work                            ;
;                            |altsyncram1|                                  ; 0 (0)               ; 0 (0)                     ; 20480             ; 0          ; 0    ; 0            ; 0 (0)  ; 0.0 (0.0) ; u0|intel_vvp_dil_0|intel_vvp_dil_0|line_buffer|resend_inst|line_buffer_main_ram_inst|ram_gen[0].line_buffer_l0_ram_inst|auto_generated|altsyncram1 ; altsyncram_psuc1                                          ; altera_work                            ;
;                      |ram_gen[1].line_buffer_l0_ram_inst|                 ; 0 (0)               ; 0 (0)                     ; 20480             ; 0          ; 0    ; 0            ; 0 (0)  ; 0.0 (0.0) ; u0|intel_vvp_dil_0|intel_vvp_dil_0|line_buffer|resend_inst|line_buffer_main_ram_inst|ram_gen[1].line_buffer_l0_ram_inst                            ; altera_syncram                                            ; altera_work                            ;
;                         |auto_generated|                                  ; 0 (0)               ; 0 (0)                     ; 20480             ; 0          ; 0    ; 0            ; 0 (0)  ; 0.0 (0.0) ; u0|intel_vvp_dil_0|intel_vvp_dil_0|line_buffer|resend_inst|line_buffer_main_ram_inst|ram_gen[1].line_buffer_l0_ram_inst|auto_generated             ; altera_syncram_e02n1                                      ; altera_work                            ;
;                            |altsyncram1|                                  ; 0 (0)               ; 0 (0)                     ; 20480             ; 0          ; 0    ; 0            ; 0 (0)  ; 0.0 (0.0) ; u0|intel_vvp_dil_0|intel_vvp_dil_0|line_buffer|resend_inst|line_buffer_main_ram_inst|ram_gen[1].line_buffer_l0_ram_inst|auto_generated|altsyncram1 ; altsyncram_psuc1                                          ; altera_work                            ;
;                      |ram_gen[2].line_buffer_l0_ram_inst|                 ; 0 (0)               ; 0 (0)                     ; 8192              ; 0          ; 0    ; 0            ; 0 (0)  ; 0.0 (0.0) ; u0|intel_vvp_dil_0|intel_vvp_dil_0|line_buffer|resend_inst|line_buffer_main_ram_inst|ram_gen[2].line_buffer_l0_ram_inst                            ; altera_syncram                                            ; altera_work                            ;
;                         |auto_generated|                                  ; 0 (0)               ; 0 (0)                     ; 8192              ; 0          ; 0    ; 0            ; 0 (0)  ; 0.0 (0.0) ; u0|intel_vvp_dil_0|intel_vvp_dil_0|line_buffer|resend_inst|line_buffer_main_ram_inst|ram_gen[2].line_buffer_l0_ram_inst|auto_generated             ; altera_syncram_e02n1                                      ; altera_work                            ;
;                            |altsyncram1|                                  ; 0 (0)               ; 0 (0)                     ; 8192              ; 0          ; 0    ; 0            ; 0 (0)  ; 0.0 (0.0) ; u0|intel_vvp_dil_0|intel_vvp_dil_0|line_buffer|resend_inst|line_buffer_main_ram_inst|ram_gen[2].line_buffer_l0_ram_inst|auto_generated|altsyncram1 ; altsyncram_psuc1                                          ; altera_work                            ;
;             |main_rst_bridge|                                             ; 0 (0)               ; 3 (3)                     ; 0                 ; 0          ; 0    ; 0            ; 0 (0)  ; 4.0 (4.0) ; u0|intel_vvp_dil_0|intel_vvp_dil_0|main_rst_bridge                                                                                                 ; intel_vvp_reset_sync                                      ; intel_vvp_reset_sync_2440              ;
;             |mux|                                                         ; 9 (7)               ; 31 (4)                    ; 0                 ; 0          ; 0    ; 0            ; 0 (0)  ; 5.0 (5.0) ; u0|intel_vvp_dil_0|intel_vvp_dil_0|mux                                                                                                             ; intel_vvp_pkt_mux                                         ; intel_vvp_pkt_mux_2450                 ;
;                |data_master_inst|                                         ; 1 (1)               ; 0 (0)                     ; 0                 ; 0          ; 0    ; 0            ; 0 (0)  ; 3.0 (3.0) ; u0|intel_vvp_dil_0|intel_vvp_dil_0|mux|data_master_inst                                                                                            ; intel_vvp_axi_master                                      ; intel_vvp_pkt_mux_2450                 ;
;                |data_mux_inst|                                            ; 0 (0)               ; 24 (24)                   ; 0                 ; 0          ; 0    ; 0            ; 0 (0)  ; 0.0 (0.0) ; u0|intel_vvp_dil_0|intel_vvp_dil_0|mux|data_mux_inst                                                                                               ; intel_vvp_pipelined_mux                                   ; intel_vvp_pkt_mux_2450                 ;
;                |last_mux_inst|                                            ; 0 (0)               ; 1 (1)                     ; 0                 ; 0          ; 0    ; 0            ; 0 (0)  ; 1.0 (1.0) ; u0|intel_vvp_dil_0|intel_vvp_dil_0|mux|last_mux_inst                                                                                               ; intel_vvp_pipelined_mux                                   ; intel_vvp_pkt_mux_2450                 ;
;                |user_mux_inst|                                            ; 0 (0)               ; 1 (1)                     ; 0                 ; 0          ; 0    ; 0            ; 0 (0)  ; 0.0 (0.0) ; u0|intel_vvp_dil_0|intel_vvp_dil_0|mux|user_mux_inst                                                                                               ; intel_vvp_pipelined_mux                                   ; intel_vvp_pkt_mux_2450                 ;
;                |valid_mux_inst|                                           ; 1 (1)               ; 1 (1)                     ; 0                 ; 0          ; 0    ; 0            ; 0 (0)  ; 5.0 (5.0) ; u0|intel_vvp_dil_0|intel_vvp_dil_0|mux|valid_mux_inst                                                                                              ; intel_vvp_pipelined_mux                                   ; intel_vvp_pkt_mux_2450                 ;
;             |oib|                                                         ; 37 (36)             ; 30 (30)                   ; 0                 ; 0          ; 0    ; 0            ; 0 (0)  ; 5.0 (5.0) ; u0|intel_vvp_dil_0|intel_vvp_dil_0|oib                                                                                                             ; intel_vvp_output_interface_bridge                         ; intel_vvp_output_interface_bridge_2440 ;
;                |ccd_master_inst|                                          ; 1 (1)               ; 0 (0)                     ; 0                 ; 0          ; 0    ; 0            ; 0 (0)  ; 2.0 (2.0) ; u0|intel_vvp_dil_0|intel_vvp_dil_0|oib|ccd_master_inst                                                                                             ; intel_vvp_axi_master                                      ; intel_vvp_output_interface_bridge_2440 ;
;             |scheduler|                                                   ; 138 (137)           ; 161 (161)                 ; 0                 ; 0          ; 0    ; 0            ; 0 (0)  ; 6.0 (6.0) ; u0|intel_vvp_dil_0|intel_vvp_dil_0|scheduler                                                                                                       ; intel_vvp_dil_bob_scheduler                               ; intel_vvp_dil_bob_scheduler_2451       ;
;                |axi_out|                                                  ; 1 (1)               ; 0 (0)                     ; 0                 ; 0          ; 0    ; 0            ; 0 (0)  ; 6.0 (6.0) ; u0|intel_vvp_dil_0|intel_vvp_dil_0|scheduler|axi_out                                                                                               ; intel_vvp_axi_master                                      ; intel_vvp_dil_bob_scheduler_2451       ;
;       |rst_controller|                                                    ; 0 (0)               ; 3 (0)                     ; 0                 ; 0          ; 0    ; 0            ; 0 (0)  ; 0.0 (0.0) ; u0|rst_controller                                                                                                                                  ; altera_reset_controller                                   ; altera_reset_controller_1924           ;
;          |alt_rst_sync_uq1|                                               ; 0 (0)               ; 3 (3)                     ; 0                 ; 0          ; 0    ; 0            ; 0 (0)  ; 0.0 (0.0) ; u0|rst_controller|alt_rst_sync_uq1                                                                                                                 ; altera_reset_synchronizer                                 ; altera_reset_controller_1924           ;
+---------------------------------------------------------------------------+---------------------+---------------------------+-------------------+------------+------+--------------+--------+-----------+----------------------------------------------------------------------------------------------------------------------------------------------------+-----------------------------------------------------------+----------------------------------------+
Note: For table entries with two numbers listed, the numbers in parentheses indicate the number of resources of the given type used by the specific entity alone. The numbers listed outside of parentheses indicate the total resources of the given type used by the specific entity and all of its sub-entities in the hierarchy.


+------------------------------------------------------------------------------------------------------------------------------------+
; State Machine - Summary                                                                                                            ;
+------------------------------------------------------------------------+------------------+------------+----------------+----------+
; Name                                                                   ; Number of States ; Using aclr ; Encoding Style ; Safeness ;
+------------------------------------------------------------------------+------------------+------------+----------------+----------+
; u0|intel_vvp_dil_0|intel_vvp_dil_0|line_buffer|resend_inst|read_state  ; 9                ; No         ; One-Hot        ; Not Safe ;
; u0|intel_vvp_dil_0|intel_vvp_dil_0|line_buffer|resend_inst|write_state ; 6                ; No         ; One-Hot        ; Not Safe ;
; u0|intel_vvp_adv_tpg_0|intel_vvp_adv_tpg_0|mixer_inst_0|dp_inst|state  ; 7                ; No         ; One-Hot        ; Not Safe ;
; u0|intel_vvp_dil_0|intel_vvp_dil_0|scheduler|state                     ; 44               ; No         ; One-Hot        ; Not Safe ;
; u0|intel_vvp_dil_0|intel_vvp_dil_0|algo_comp|state                     ; 3                ; No         ; One-Hot        ; Not Safe ;
; u0|intel_vvp_dil_0|intel_vvp_dil_0|duplicator|state                    ; 2                ; No         ; One-Hot        ; Not Safe ;
; u0|intel_vvp_dil_0|intel_vvp_dil_0|mux|state                           ; 2                ; No         ; One-Hot        ; Not Safe ;
; u0|intel_vvp_adv_tpg_0|intel_vvp_adv_tpg_0|core_inst_1|state           ; 5                ; No         ; One-Hot        ; Not Safe ;
; u0|intel_vvp_adv_tpg_0|intel_vvp_adv_tpg_0|core_inst_0|state           ; 5                ; No         ; One-Hot        ; Not Safe ;
; u0|intel_vvp_adv_tpg_0|intel_vvp_adv_tpg_0|scheduler|state             ; 11               ; No         ; One-Hot        ; Not Safe ;
+------------------------------------------------------------------------+------------------+------------+----------------+----------+


Encoding Type:  One-Hot
+----------------------------------------------------------------------------------------------------------------------------------------------------------------------------------------------------------------------------------------------------------------+
; State Machine - u0|intel_vvp_dil_0|intel_vvp_dil_0|line_buffer|resend_inst|read_state                                                                                                                                                                          ;
+----------------------------+---------------------------+----------------------------+---------------------+---------------------------+------------------------+------------------------+-----------------------+----------------------+-----------------------+
; Name                       ; read_state.READ_SEND_RESP ; read_state.READ_CHECK_RESP ; read_state.READ_RUN ; read_state.READ_WAIT_DATA ; read_state.READ_INIT_1 ; read_state.READ_INIT_0 ; read_state.READ_RESET ; read_state.READ_IDLE ; read_state.READ_FLUSH ;
+----------------------------+---------------------------+----------------------------+---------------------+---------------------------+------------------------+------------------------+-----------------------+----------------------+-----------------------+
; read_state.READ_IDLE       ; 0                         ; 0                          ; 0                   ; 0                         ; 0                      ; 0                      ; 0                     ; 0                    ; 0                     ;
; read_state.READ_RESET      ; 0                         ; 0                          ; 0                   ; 0                         ; 0                      ; 0                      ; 1                     ; 1                    ; 0                     ;
; read_state.READ_INIT_0     ; 0                         ; 0                          ; 0                   ; 0                         ; 0                      ; 1                      ; 0                     ; 1                    ; 0                     ;
; read_state.READ_INIT_1     ; 0                         ; 0                          ; 0                   ; 0                         ; 1                      ; 0                      ; 0                     ; 1                    ; 0                     ;
; read_state.READ_WAIT_DATA  ; 0                         ; 0                          ; 0                   ; 1                         ; 0                      ; 0                      ; 0                     ; 1                    ; 0                     ;
; read_state.READ_RUN        ; 0                         ; 0                          ; 1                   ; 0                         ; 0                      ; 0                      ; 0                     ; 1                    ; 0                     ;
; read_state.READ_CHECK_RESP ; 0                         ; 1                          ; 0                   ; 0                         ; 0                      ; 0                      ; 0                     ; 1                    ; 0                     ;
; read_state.READ_SEND_RESP  ; 1                         ; 0                          ; 0                   ; 0                         ; 0                      ; 0                      ; 0                     ; 1                    ; 0                     ;
; read_state.READ_FLUSH      ; 0                         ; 0                          ; 0                   ; 0                         ; 0                      ; 0                      ; 0                     ; 1                    ; 1                     ;
+----------------------------+---------------------------+----------------------------+---------------------+---------------------------+------------------------+------------------------+-----------------------+----------------------+-----------------------+


Encoding Type:  One-Hot
+---------------------------------------------------------------------------------------------------------------------------------------------------------------------------------------------+
; State Machine - u0|intel_vvp_dil_0|intel_vvp_dil_0|line_buffer|resend_inst|write_state                                                                                                      ;
+------------------------------+------------------------+-----------------------+------------------------------+--------------------------+--------------------------+------------------------+
; Name                         ; write_state.WRITE_DONE ; write_state.WRITE_RUN ; write_state.WRITE_WAIT_SPACE ; write_state.WRITE_INIT_1 ; write_state.WRITE_INIT_0 ; write_state.WRITE_IDLE ;
+------------------------------+------------------------+-----------------------+------------------------------+--------------------------+--------------------------+------------------------+
; write_state.WRITE_IDLE       ; 0                      ; 0                     ; 0                            ; 0                        ; 0                        ; 0                      ;
; write_state.WRITE_INIT_0     ; 0                      ; 0                     ; 0                            ; 0                        ; 1                        ; 1                      ;
; write_state.WRITE_INIT_1     ; 0                      ; 0                     ; 0                            ; 1                        ; 0                        ; 1                      ;
; write_state.WRITE_WAIT_SPACE ; 0                      ; 0                     ; 1                            ; 0                        ; 0                        ; 1                      ;
; write_state.WRITE_RUN        ; 0                      ; 1                     ; 0                            ; 0                        ; 0                        ; 1                      ;
; write_state.WRITE_DONE       ; 1                      ; 0                     ; 0                            ; 0                        ; 0                        ; 1                      ;
+------------------------------+------------------------+-----------------------+------------------------------+--------------------------+--------------------------+------------------------+


Encoding Type:  One-Hot
+---------------------------------------------------------------------------------------------------------------------+
; State Machine - u0|intel_vvp_adv_tpg_0|intel_vvp_adv_tpg_0|mixer_inst_0|dp_inst|state                               ;
+----------------+------------+-------------+--------------+---------------+------------+----------------+------------+
; Name           ; state.DONE ; state.FLUSH ; state.OFFSET ; state.OVERLAY ; state.INIT ; state.POSTLUDE ; state.IDLE ;
+----------------+------------+-------------+--------------+---------------+------------+----------------+------------+
; state.IDLE     ; 0          ; 0           ; 0            ; 0             ; 0          ; 0              ; 0          ;
; state.POSTLUDE ; 0          ; 0           ; 0            ; 0             ; 0          ; 1              ; 1          ;
; state.INIT     ; 0          ; 0           ; 0            ; 0             ; 1          ; 0              ; 1          ;
; state.OVERLAY  ; 0          ; 0           ; 0            ; 1             ; 0          ; 0              ; 1          ;
; state.OFFSET   ; 0          ; 0           ; 1            ; 0             ; 0          ; 0              ; 1          ;
; state.FLUSH    ; 0          ; 1           ; 0            ; 0             ; 0          ; 0              ; 1          ;
; state.DONE     ; 1          ; 0           ; 0            ; 0             ; 0          ; 0              ; 1          ;
+----------------+------------+-------------+--------------+---------------+------------+----------------+------------+


Encoding Type:  One-Hot
+------------------------------------------------------------------------------------------------------------------------------------------------------------------------------------------------------------------------------------------------------------------------------------------------------------------------------------------------------------------------------------------------------------------------------------------------------------------------------------------------------------------------------------------------------------------------------------------------------------------------------------------------------------------------------------------------------------------------------------------------------------------------------------------------------------------------------------------------------------------------------------------------------------------------------------------------------------------------------------------------------------------------------------------------------------------------------------------------------------------------------------------------------------------------------------------------------------------------------------------------------------------------------------------------------------------------------------------------------------------------------+
; State Machine - u0|intel_vvp_dil_0|intel_vvp_dil_0|scheduler|state                                                                                                                                                                                                                                                                                                                                                                                                                                                                                                                                                                                                                                                                                                                                                                                                                                                                                                                                                                                                                                                                                                                                                                                                                                                                                                           ;
+-----------------------------------------+-----------------------------------------+----------------------------+------------------------------------+-----------------------+-----------------------------------+-------------------------+----------------+------------------+--------------------------------------+--------------------------------------+---------------------------------------+---------------------------------------+-----------------------------------+--------------------------------+----------------------------+--------------------------+--------------------------+----------------------+-------------------------------------+-------------------------------------+---------------------------------+---------------------------------+------------------------------------+-----------------------------+--------------------+---------------------------+--------------------------------------+---------------------------+---------------------+-------------------------------+------------------+-------------------------------+--------------------+--------------------------+--------------------------+------------------------+-----------------------------+----------------------+---------------------+------------------+---------------------------+--------------------------+---------------------------+------------+
; Name                                    ; state.EAT_DATA_WAIT_FOR_CTRL_OUT_TREADY ; state.EAT_DATA_PACKET_EXIT ; state.CHECK_FOR_LAST_LINE_OF_FIELD ; state.EAT_DATA_PACKET ; state.CHECK_FOR_NEW_LINE_OF_FIELD ; state.CTRL_PKT_IIP_SEEN ; state.EVAL_PKT ; state.IDLE_DELAY ; state.END_WAIT_FOR_CTRL_OUT_TREADY_2 ; state.END_WAIT_FOR_CTRL_OUT_TREADY_1 ; state.LOOP_WAIT_FOR_CTRL_OUT_TREADY_2 ; state.LOOP_WAIT_FOR_CTRL_OUT_TREADY_1 ; state.WAIT_FOR_CTRL_OUT_TREADY_F1 ; state.WAIT_FOR_CTRL_OUT_TREADY ; state.CTRL_PKT_DRIVE_OTHER ; state.CTRL_PKT_DRIVE_EOF ; state.CTRL_PKT_DRIVE_IIP ; state.END_CMD_ALGO_2 ; state.END_CMD_MUX_FROM_DUPE_FIELD_2 ; state.END_CMD_MUX_FROM_DUPE_FIELD_1 ; state.CMD_MUX_FROM_DUPE_FIELD_2 ; state.CMD_MUX_FROM_DUPE_FIELD_1 ; state.INIT_CMD_MUX_FROM_DUPE_FIELD ; state.CMD_DUPE_TO_MUX_FRAME ; state.INC_LINE_CNT ; state.INIT_INC_LINE_COUNT ; state.INIT_LINE_COUNT_AND_WIDTH_INFO ; state.END_CMD_BUFF_SEND_2 ; state.CMD_BUFF_SEND ; state.SOF_SEEN_READ_REGISTERS ; state.CMD_ALGO_2 ; state.CMD_MUX_FROM_DUPE_FRAME ; state.CMD_DUPE_EAT ; state.CMD_DUPE_LINE_BUFF ; state.INT_CMD_DUPE_FIELD ; state.CMD_BUFF_RECEIVE ; state.INIT_CMD_BUFF_RECEIVE ; state.END_CMD_ALGO_1 ; state.INIT_CMD_ALGO ; state.CMD_ALGO_1 ; state.END_CMD_BUFF_SEND_1 ; state.INIT_CMD_BUFF_SEND ; state.CMD_BUFF_SEND_SHIFT ; state.IDLE ;
+-----------------------------------------+-----------------------------------------+----------------------------+------------------------------------+-----------------------+-----------------------------------+-------------------------+----------------+------------------+--------------------------------------+--------------------------------------+---------------------------------------+---------------------------------------+-----------------------------------+--------------------------------+----------------------------+--------------------------+--------------------------+----------------------+-------------------------------------+-------------------------------------+---------------------------------+---------------------------------+------------------------------------+-----------------------------+--------------------+---------------------------+--------------------------------------+---------------------------+---------------------+-------------------------------+------------------+-------------------------------+--------------------+--------------------------+--------------------------+------------------------+-----------------------------+----------------------+---------------------+------------------+---------------------------+--------------------------+---------------------------+------------+
; state.IDLE                              ; 0                                       ; 0                          ; 0                                  ; 0                     ; 0                                 ; 0                       ; 0              ; 0                ; 0                                    ; 0                                    ; 0                                     ; 0                                     ; 0                                 ; 0                              ; 0                          ; 0                        ; 0                        ; 0                    ; 0                                   ; 0                                   ; 0                               ; 0                               ; 0                                  ; 0                           ; 0                  ; 0                         ; 0                                    ; 0                         ; 0                   ; 0                             ; 0                ; 0                             ; 0                  ; 0                        ; 0                        ; 0                      ; 0                           ; 0                    ; 0                   ; 0                ; 0                         ; 0                        ; 0                         ; 0          ;
; state.CMD_BUFF_SEND_SHIFT               ; 0                                       ; 0                          ; 0                                  ; 0                     ; 0                                 ; 0                       ; 0              ; 0                ; 0                                    ; 0                                    ; 0                                     ; 0                                     ; 0                                 ; 0                              ; 0                          ; 0                        ; 0                        ; 0                    ; 0                                   ; 0                                   ; 0                               ; 0                               ; 0                                  ; 0                           ; 0                  ; 0                         ; 0                                    ; 0                         ; 0                   ; 0                             ; 0                ; 0                             ; 0                  ; 0                        ; 0                        ; 0                      ; 0                           ; 0                    ; 0                   ; 0                ; 0                         ; 0                        ; 1                         ; 1          ;
; state.INIT_CMD_BUFF_SEND                ; 0                                       ; 0                          ; 0                                  ; 0                     ; 0                                 ; 0                       ; 0              ; 0                ; 0                                    ; 0                                    ; 0                                     ; 0                                     ; 0                                 ; 0                              ; 0                          ; 0                        ; 0                        ; 0                    ; 0                                   ; 0                                   ; 0                               ; 0                               ; 0                                  ; 0                           ; 0                  ; 0                         ; 0                                    ; 0                         ; 0                   ; 0                             ; 0                ; 0                             ; 0                  ; 0                        ; 0                        ; 0                      ; 0                           ; 0                    ; 0                   ; 0                ; 0                         ; 1                        ; 0                         ; 1          ;
; state.END_CMD_BUFF_SEND_1               ; 0                                       ; 0                          ; 0                                  ; 0                     ; 0                                 ; 0                       ; 0              ; 0                ; 0                                    ; 0                                    ; 0                                     ; 0                                     ; 0                                 ; 0                              ; 0                          ; 0                        ; 0                        ; 0                    ; 0                                   ; 0                                   ; 0                               ; 0                               ; 0                                  ; 0                           ; 0                  ; 0                         ; 0                                    ; 0                         ; 0                   ; 0                             ; 0                ; 0                             ; 0                  ; 0                        ; 0                        ; 0                      ; 0                           ; 0                    ; 0                   ; 0                ; 1                         ; 0                        ; 0                         ; 1          ;
; state.CMD_ALGO_1                        ; 0                                       ; 0                          ; 0                                  ; 0                     ; 0                                 ; 0                       ; 0              ; 0                ; 0                                    ; 0                                    ; 0                                     ; 0                                     ; 0                                 ; 0                              ; 0                          ; 0                        ; 0                        ; 0                    ; 0                                   ; 0                                   ; 0                               ; 0                               ; 0                                  ; 0                           ; 0                  ; 0                         ; 0                                    ; 0                         ; 0                   ; 0                             ; 0                ; 0                             ; 0                  ; 0                        ; 0                        ; 0                      ; 0                           ; 0                    ; 0                   ; 1                ; 0                         ; 0                        ; 0                         ; 1          ;
; state.INIT_CMD_ALGO                     ; 0                                       ; 0                          ; 0                                  ; 0                     ; 0                                 ; 0                       ; 0              ; 0                ; 0                                    ; 0                                    ; 0                                     ; 0                                     ; 0                                 ; 0                              ; 0                          ; 0                        ; 0                        ; 0                    ; 0                                   ; 0                                   ; 0                               ; 0                               ; 0                                  ; 0                           ; 0                  ; 0                         ; 0                                    ; 0                         ; 0                   ; 0                             ; 0                ; 0                             ; 0                  ; 0                        ; 0                        ; 0                      ; 0                           ; 0                    ; 1                   ; 0                ; 0                         ; 0                        ; 0                         ; 1          ;
; state.END_CMD_ALGO_1                    ; 0                                       ; 0                          ; 0                                  ; 0                     ; 0                                 ; 0                       ; 0              ; 0                ; 0                                    ; 0                                    ; 0                                     ; 0                                     ; 0                                 ; 0                              ; 0                          ; 0                        ; 0                        ; 0                    ; 0                                   ; 0                                   ; 0                               ; 0                               ; 0                                  ; 0                           ; 0                  ; 0                         ; 0                                    ; 0                         ; 0                   ; 0                             ; 0                ; 0                             ; 0                  ; 0                        ; 0                        ; 0                      ; 0                           ; 1                    ; 0                   ; 0                ; 0                         ; 0                        ; 0                         ; 1          ;
; state.INIT_CMD_BUFF_RECEIVE             ; 0                                       ; 0                          ; 0                                  ; 0                     ; 0                                 ; 0                       ; 0              ; 0                ; 0                                    ; 0                                    ; 0                                     ; 0                                     ; 0                                 ; 0                              ; 0                          ; 0                        ; 0                        ; 0                    ; 0                                   ; 0                                   ; 0                               ; 0                               ; 0                                  ; 0                           ; 0                  ; 0                         ; 0                                    ; 0                         ; 0                   ; 0                             ; 0                ; 0                             ; 0                  ; 0                        ; 0                        ; 0                      ; 1                           ; 0                    ; 0                   ; 0                ; 0                         ; 0                        ; 0                         ; 1          ;
; state.CMD_BUFF_RECEIVE                  ; 0                                       ; 0                          ; 0                                  ; 0                     ; 0                                 ; 0                       ; 0              ; 0                ; 0                                    ; 0                                    ; 0                                     ; 0                                     ; 0                                 ; 0                              ; 0                          ; 0                        ; 0                        ; 0                    ; 0                                   ; 0                                   ; 0                               ; 0                               ; 0                                  ; 0                           ; 0                  ; 0                         ; 0                                    ; 0                         ; 0                   ; 0                             ; 0                ; 0                             ; 0                  ; 0                        ; 0                        ; 1                      ; 0                           ; 0                    ; 0                   ; 0                ; 0                         ; 0                        ; 0                         ; 1          ;
; state.INT_CMD_DUPE_FIELD                ; 0                                       ; 0                          ; 0                                  ; 0                     ; 0                                 ; 0                       ; 0              ; 0                ; 0                                    ; 0                                    ; 0                                     ; 0                                     ; 0                                 ; 0                              ; 0                          ; 0                        ; 0                        ; 0                    ; 0                                   ; 0                                   ; 0                               ; 0                               ; 0                                  ; 0                           ; 0                  ; 0                         ; 0                                    ; 0                         ; 0                   ; 0                             ; 0                ; 0                             ; 0                  ; 0                        ; 1                        ; 0                      ; 0                           ; 0                    ; 0                   ; 0                ; 0                         ; 0                        ; 0                         ; 1          ;
; state.CMD_DUPE_LINE_BUFF                ; 0                                       ; 0                          ; 0                                  ; 0                     ; 0                                 ; 0                       ; 0              ; 0                ; 0                                    ; 0                                    ; 0                                     ; 0                                     ; 0                                 ; 0                              ; 0                          ; 0                        ; 0                        ; 0                    ; 0                                   ; 0                                   ; 0                               ; 0                               ; 0                                  ; 0                           ; 0                  ; 0                         ; 0                                    ; 0                         ; 0                   ; 0                             ; 0                ; 0                             ; 0                  ; 1                        ; 0                        ; 0                      ; 0                           ; 0                    ; 0                   ; 0                ; 0                         ; 0                        ; 0                         ; 1          ;
; state.CMD_DUPE_EAT                      ; 0                                       ; 0                          ; 0                                  ; 0                     ; 0                                 ; 0                       ; 0              ; 0                ; 0                                    ; 0                                    ; 0                                     ; 0                                     ; 0                                 ; 0                              ; 0                          ; 0                        ; 0                        ; 0                    ; 0                                   ; 0                                   ; 0                               ; 0                               ; 0                                  ; 0                           ; 0                  ; 0                         ; 0                                    ; 0                         ; 0                   ; 0                             ; 0                ; 0                             ; 1                  ; 0                        ; 0                        ; 0                      ; 0                           ; 0                    ; 0                   ; 0                ; 0                         ; 0                        ; 0                         ; 1          ;
; state.CMD_MUX_FROM_DUPE_FRAME           ; 0                                       ; 0                          ; 0                                  ; 0                     ; 0                                 ; 0                       ; 0              ; 0                ; 0                                    ; 0                                    ; 0                                     ; 0                                     ; 0                                 ; 0                              ; 0                          ; 0                        ; 0                        ; 0                    ; 0                                   ; 0                                   ; 0                               ; 0                               ; 0                                  ; 0                           ; 0                  ; 0                         ; 0                                    ; 0                         ; 0                   ; 0                             ; 0                ; 1                             ; 0                  ; 0                        ; 0                        ; 0                      ; 0                           ; 0                    ; 0                   ; 0                ; 0                         ; 0                        ; 0                         ; 1          ;
; state.CMD_ALGO_2                        ; 0                                       ; 0                          ; 0                                  ; 0                     ; 0                                 ; 0                       ; 0              ; 0                ; 0                                    ; 0                                    ; 0                                     ; 0                                     ; 0                                 ; 0                              ; 0                          ; 0                        ; 0                        ; 0                    ; 0                                   ; 0                                   ; 0                               ; 0                               ; 0                                  ; 0                           ; 0                  ; 0                         ; 0                                    ; 0                         ; 0                   ; 0                             ; 1                ; 0                             ; 0                  ; 0                        ; 0                        ; 0                      ; 0                           ; 0                    ; 0                   ; 0                ; 0                         ; 0                        ; 0                         ; 1          ;
; state.SOF_SEEN_READ_REGISTERS           ; 0                                       ; 0                          ; 0                                  ; 0                     ; 0                                 ; 0                       ; 0              ; 0                ; 0                                    ; 0                                    ; 0                                     ; 0                                     ; 0                                 ; 0                              ; 0                          ; 0                        ; 0                        ; 0                    ; 0                                   ; 0                                   ; 0                               ; 0                               ; 0                                  ; 0                           ; 0                  ; 0                         ; 0                                    ; 0                         ; 0                   ; 1                             ; 0                ; 0                             ; 0                  ; 0                        ; 0                        ; 0                      ; 0                           ; 0                    ; 0                   ; 0                ; 0                         ; 0                        ; 0                         ; 1          ;
; state.CMD_BUFF_SEND                     ; 0                                       ; 0                          ; 0                                  ; 0                     ; 0                                 ; 0                       ; 0              ; 0                ; 0                                    ; 0                                    ; 0                                     ; 0                                     ; 0                                 ; 0                              ; 0                          ; 0                        ; 0                        ; 0                    ; 0                                   ; 0                                   ; 0                               ; 0                               ; 0                                  ; 0                           ; 0                  ; 0                         ; 0                                    ; 0                         ; 1                   ; 0                             ; 0                ; 0                             ; 0                  ; 0                        ; 0                        ; 0                      ; 0                           ; 0                    ; 0                   ; 0                ; 0                         ; 0                        ; 0                         ; 1          ;
; state.END_CMD_BUFF_SEND_2               ; 0                                       ; 0                          ; 0                                  ; 0                     ; 0                                 ; 0                       ; 0              ; 0                ; 0                                    ; 0                                    ; 0                                     ; 0                                     ; 0                                 ; 0                              ; 0                          ; 0                        ; 0                        ; 0                    ; 0                                   ; 0                                   ; 0                               ; 0                               ; 0                                  ; 0                           ; 0                  ; 0                         ; 0                                    ; 1                         ; 0                   ; 0                             ; 0                ; 0                             ; 0                  ; 0                        ; 0                        ; 0                      ; 0                           ; 0                    ; 0                   ; 0                ; 0                         ; 0                        ; 0                         ; 1          ;
; state.INIT_LINE_COUNT_AND_WIDTH_INFO    ; 0                                       ; 0                          ; 0                                  ; 0                     ; 0                                 ; 0                       ; 0              ; 0                ; 0                                    ; 0                                    ; 0                                     ; 0                                     ; 0                                 ; 0                              ; 0                          ; 0                        ; 0                        ; 0                    ; 0                                   ; 0                                   ; 0                               ; 0                               ; 0                                  ; 0                           ; 0                  ; 0                         ; 1                                    ; 0                         ; 0                   ; 0                             ; 0                ; 0                             ; 0                  ; 0                        ; 0                        ; 0                      ; 0                           ; 0                    ; 0                   ; 0                ; 0                         ; 0                        ; 0                         ; 1          ;
; state.INIT_INC_LINE_COUNT               ; 0                                       ; 0                          ; 0                                  ; 0                     ; 0                                 ; 0                       ; 0              ; 0                ; 0                                    ; 0                                    ; 0                                     ; 0                                     ; 0                                 ; 0                              ; 0                          ; 0                        ; 0                        ; 0                    ; 0                                   ; 0                                   ; 0                               ; 0                               ; 0                                  ; 0                           ; 0                  ; 1                         ; 0                                    ; 0                         ; 0                   ; 0                             ; 0                ; 0                             ; 0                  ; 0                        ; 0                        ; 0                      ; 0                           ; 0                    ; 0                   ; 0                ; 0                         ; 0                        ; 0                         ; 1          ;
; state.INC_LINE_CNT                      ; 0                                       ; 0                          ; 0                                  ; 0                     ; 0                                 ; 0                       ; 0              ; 0                ; 0                                    ; 0                                    ; 0                                     ; 0                                     ; 0                                 ; 0                              ; 0                          ; 0                        ; 0                        ; 0                    ; 0                                   ; 0                                   ; 0                               ; 0                               ; 0                                  ; 0                           ; 1                  ; 0                         ; 0                                    ; 0                         ; 0                   ; 0                             ; 0                ; 0                             ; 0                  ; 0                        ; 0                        ; 0                      ; 0                           ; 0                    ; 0                   ; 0                ; 0                         ; 0                        ; 0                         ; 1          ;
; state.CMD_DUPE_TO_MUX_FRAME             ; 0                                       ; 0                          ; 0                                  ; 0                     ; 0                                 ; 0                       ; 0              ; 0                ; 0                                    ; 0                                    ; 0                                     ; 0                                     ; 0                                 ; 0                              ; 0                          ; 0                        ; 0                        ; 0                    ; 0                                   ; 0                                   ; 0                               ; 0                               ; 0                                  ; 1                           ; 0                  ; 0                         ; 0                                    ; 0                         ; 0                   ; 0                             ; 0                ; 0                             ; 0                  ; 0                        ; 0                        ; 0                      ; 0                           ; 0                    ; 0                   ; 0                ; 0                         ; 0                        ; 0                         ; 1          ;
; state.INIT_CMD_MUX_FROM_DUPE_FIELD      ; 0                                       ; 0                          ; 0                                  ; 0                     ; 0                                 ; 0                       ; 0              ; 0                ; 0                                    ; 0                                    ; 0                                     ; 0                                     ; 0                                 ; 0                              ; 0                          ; 0                        ; 0                        ; 0                    ; 0                                   ; 0                                   ; 0                               ; 0                               ; 1                                  ; 0                           ; 0                  ; 0                         ; 0                                    ; 0                         ; 0                   ; 0                             ; 0                ; 0                             ; 0                  ; 0                        ; 0                        ; 0                      ; 0                           ; 0                    ; 0                   ; 0                ; 0                         ; 0                        ; 0                         ; 1          ;
; state.CMD_MUX_FROM_DUPE_FIELD_1         ; 0                                       ; 0                          ; 0                                  ; 0                     ; 0                                 ; 0                       ; 0              ; 0                ; 0                                    ; 0                                    ; 0                                     ; 0                                     ; 0                                 ; 0                              ; 0                          ; 0                        ; 0                        ; 0                    ; 0                                   ; 0                                   ; 0                               ; 1                               ; 0                                  ; 0                           ; 0                  ; 0                         ; 0                                    ; 0                         ; 0                   ; 0                             ; 0                ; 0                             ; 0                  ; 0                        ; 0                        ; 0                      ; 0                           ; 0                    ; 0                   ; 0                ; 0                         ; 0                        ; 0                         ; 1          ;
; state.CMD_MUX_FROM_DUPE_FIELD_2         ; 0                                       ; 0                          ; 0                                  ; 0                     ; 0                                 ; 0                       ; 0              ; 0                ; 0                                    ; 0                                    ; 0                                     ; 0                                     ; 0                                 ; 0                              ; 0                          ; 0                        ; 0                        ; 0                    ; 0                                   ; 0                                   ; 1                               ; 0                               ; 0                                  ; 0                           ; 0                  ; 0                         ; 0                                    ; 0                         ; 0                   ; 0                             ; 0                ; 0                             ; 0                  ; 0                        ; 0                        ; 0                      ; 0                           ; 0                    ; 0                   ; 0                ; 0                         ; 0                        ; 0                         ; 1          ;
; state.END_CMD_MUX_FROM_DUPE_FIELD_1     ; 0                                       ; 0                          ; 0                                  ; 0                     ; 0                                 ; 0                       ; 0              ; 0                ; 0                                    ; 0                                    ; 0                                     ; 0                                     ; 0                                 ; 0                              ; 0                          ; 0                        ; 0                        ; 0                    ; 0                                   ; 1                                   ; 0                               ; 0                               ; 0                                  ; 0                           ; 0                  ; 0                         ; 0                                    ; 0                         ; 0                   ; 0                             ; 0                ; 0                             ; 0                  ; 0                        ; 0                        ; 0                      ; 0                           ; 0                    ; 0                   ; 0                ; 0                         ; 0                        ; 0                         ; 1          ;
; state.END_CMD_MUX_FROM_DUPE_FIELD_2     ; 0                                       ; 0                          ; 0                                  ; 0                     ; 0                                 ; 0                       ; 0              ; 0                ; 0                                    ; 0                                    ; 0                                     ; 0                                     ; 0                                 ; 0                              ; 0                          ; 0                        ; 0                        ; 0                    ; 1                                   ; 0                                   ; 0                               ; 0                               ; 0                                  ; 0                           ; 0                  ; 0                         ; 0                                    ; 0                         ; 0                   ; 0                             ; 0                ; 0                             ; 0                  ; 0                        ; 0                        ; 0                      ; 0                           ; 0                    ; 0                   ; 0                ; 0                         ; 0                        ; 0                         ; 1          ;
; state.END_CMD_ALGO_2                    ; 0                                       ; 0                          ; 0                                  ; 0                     ; 0                                 ; 0                       ; 0              ; 0                ; 0                                    ; 0                                    ; 0                                     ; 0                                     ; 0                                 ; 0                              ; 0                          ; 0                        ; 0                        ; 1                    ; 0                                   ; 0                                   ; 0                               ; 0                               ; 0                                  ; 0                           ; 0                  ; 0                         ; 0                                    ; 0                         ; 0                   ; 0                             ; 0                ; 0                             ; 0                  ; 0                        ; 0                        ; 0                      ; 0                           ; 0                    ; 0                   ; 0                ; 0                         ; 0                        ; 0                         ; 1          ;
; state.CTRL_PKT_DRIVE_IIP                ; 0                                       ; 0                          ; 0                                  ; 0                     ; 0                                 ; 0                       ; 0              ; 0                ; 0                                    ; 0                                    ; 0                                     ; 0                                     ; 0                                 ; 0                              ; 0                          ; 0                        ; 1                        ; 0                    ; 0                                   ; 0                                   ; 0                               ; 0                               ; 0                                  ; 0                           ; 0                  ; 0                         ; 0                                    ; 0                         ; 0                   ; 0                             ; 0                ; 0                             ; 0                  ; 0                        ; 0                        ; 0                      ; 0                           ; 0                    ; 0                   ; 0                ; 0                         ; 0                        ; 0                         ; 1          ;
; state.CTRL_PKT_DRIVE_EOF                ; 0                                       ; 0                          ; 0                                  ; 0                     ; 0                                 ; 0                       ; 0              ; 0                ; 0                                    ; 0                                    ; 0                                     ; 0                                     ; 0                                 ; 0                              ; 0                          ; 1                        ; 0                        ; 0                    ; 0                                   ; 0                                   ; 0                               ; 0                               ; 0                                  ; 0                           ; 0                  ; 0                         ; 0                                    ; 0                         ; 0                   ; 0                             ; 0                ; 0                             ; 0                  ; 0                        ; 0                        ; 0                      ; 0                           ; 0                    ; 0                   ; 0                ; 0                         ; 0                        ; 0                         ; 1          ;
; state.CTRL_PKT_DRIVE_OTHER              ; 0                                       ; 0                          ; 0                                  ; 0                     ; 0                                 ; 0                       ; 0              ; 0                ; 0                                    ; 0                                    ; 0                                     ; 0                                     ; 0                                 ; 0                              ; 1                          ; 0                        ; 0                        ; 0                    ; 0                                   ; 0                                   ; 0                               ; 0                               ; 0                                  ; 0                           ; 0                  ; 0                         ; 0                                    ; 0                         ; 0                   ; 0                             ; 0                ; 0                             ; 0                  ; 0                        ; 0                        ; 0                      ; 0                           ; 0                    ; 0                   ; 0                ; 0                         ; 0                        ; 0                         ; 1          ;
; state.WAIT_FOR_CTRL_OUT_TREADY          ; 0                                       ; 0                          ; 0                                  ; 0                     ; 0                                 ; 0                       ; 0              ; 0                ; 0                                    ; 0                                    ; 0                                     ; 0                                     ; 0                                 ; 1                              ; 0                          ; 0                        ; 0                        ; 0                    ; 0                                   ; 0                                   ; 0                               ; 0                               ; 0                                  ; 0                           ; 0                  ; 0                         ; 0                                    ; 0                         ; 0                   ; 0                             ; 0                ; 0                             ; 0                  ; 0                        ; 0                        ; 0                      ; 0                           ; 0                    ; 0                   ; 0                ; 0                         ; 0                        ; 0                         ; 1          ;
; state.WAIT_FOR_CTRL_OUT_TREADY_F1       ; 0                                       ; 0                          ; 0                                  ; 0                     ; 0                                 ; 0                       ; 0              ; 0                ; 0                                    ; 0                                    ; 0                                     ; 0                                     ; 1                                 ; 0                              ; 0                          ; 0                        ; 0                        ; 0                    ; 0                                   ; 0                                   ; 0                               ; 0                               ; 0                                  ; 0                           ; 0                  ; 0                         ; 0                                    ; 0                         ; 0                   ; 0                             ; 0                ; 0                             ; 0                  ; 0                        ; 0                        ; 0                      ; 0                           ; 0                    ; 0                   ; 0                ; 0                         ; 0                        ; 0                         ; 1          ;
; state.LOOP_WAIT_FOR_CTRL_OUT_TREADY_1   ; 0                                       ; 0                          ; 0                                  ; 0                     ; 0                                 ; 0                       ; 0              ; 0                ; 0                                    ; 0                                    ; 0                                     ; 1                                     ; 0                                 ; 0                              ; 0                          ; 0                        ; 0                        ; 0                    ; 0                                   ; 0                                   ; 0                               ; 0                               ; 0                                  ; 0                           ; 0                  ; 0                         ; 0                                    ; 0                         ; 0                   ; 0                             ; 0                ; 0                             ; 0                  ; 0                        ; 0                        ; 0                      ; 0                           ; 0                    ; 0                   ; 0                ; 0                         ; 0                        ; 0                         ; 1          ;
; state.LOOP_WAIT_FOR_CTRL_OUT_TREADY_2   ; 0                                       ; 0                          ; 0                                  ; 0                     ; 0                                 ; 0                       ; 0              ; 0                ; 0                                    ; 0                                    ; 1                                     ; 0                                     ; 0                                 ; 0                              ; 0                          ; 0                        ; 0                        ; 0                    ; 0                                   ; 0                                   ; 0                               ; 0                               ; 0                                  ; 0                           ; 0                  ; 0                         ; 0                                    ; 0                         ; 0                   ; 0                             ; 0                ; 0                             ; 0                  ; 0                        ; 0                        ; 0                      ; 0                           ; 0                    ; 0                   ; 0                ; 0                         ; 0                        ; 0                         ; 1          ;
; state.END_WAIT_FOR_CTRL_OUT_TREADY_1    ; 0                                       ; 0                          ; 0                                  ; 0                     ; 0                                 ; 0                       ; 0              ; 0                ; 0                                    ; 1                                    ; 0                                     ; 0                                     ; 0                                 ; 0                              ; 0                          ; 0                        ; 0                        ; 0                    ; 0                                   ; 0                                   ; 0                               ; 0                               ; 0                                  ; 0                           ; 0                  ; 0                         ; 0                                    ; 0                         ; 0                   ; 0                             ; 0                ; 0                             ; 0                  ; 0                        ; 0                        ; 0                      ; 0                           ; 0                    ; 0                   ; 0                ; 0                         ; 0                        ; 0                         ; 1          ;
; state.END_WAIT_FOR_CTRL_OUT_TREADY_2    ; 0                                       ; 0                          ; 0                                  ; 0                     ; 0                                 ; 0                       ; 0              ; 0                ; 1                                    ; 0                                    ; 0                                     ; 0                                     ; 0                                 ; 0                              ; 0                          ; 0                        ; 0                        ; 0                    ; 0                                   ; 0                                   ; 0                               ; 0                               ; 0                                  ; 0                           ; 0                  ; 0                         ; 0                                    ; 0                         ; 0                   ; 0                             ; 0                ; 0                             ; 0                  ; 0                        ; 0                        ; 0                      ; 0                           ; 0                    ; 0                   ; 0                ; 0                         ; 0                        ; 0                         ; 1          ;
; state.IDLE_DELAY                        ; 0                                       ; 0                          ; 0                                  ; 0                     ; 0                                 ; 0                       ; 0              ; 1                ; 0                                    ; 0                                    ; 0                                     ; 0                                     ; 0                                 ; 0                              ; 0                          ; 0                        ; 0                        ; 0                    ; 0                                   ; 0                                   ; 0                               ; 0                               ; 0                                  ; 0                           ; 0                  ; 0                         ; 0                                    ; 0                         ; 0                   ; 0                             ; 0                ; 0                             ; 0                  ; 0                        ; 0                        ; 0                      ; 0                           ; 0                    ; 0                   ; 0                ; 0                         ; 0                        ; 0                         ; 1          ;
; state.EVAL_PKT                          ; 0                                       ; 0                          ; 0                                  ; 0                     ; 0                                 ; 0                       ; 1              ; 0                ; 0                                    ; 0                                    ; 0                                     ; 0                                     ; 0                                 ; 0                              ; 0                          ; 0                        ; 0                        ; 0                    ; 0                                   ; 0                                   ; 0                               ; 0                               ; 0                                  ; 0                           ; 0                  ; 0                         ; 0                                    ; 0                         ; 0                   ; 0                             ; 0                ; 0                             ; 0                  ; 0                        ; 0                        ; 0                      ; 0                           ; 0                    ; 0                   ; 0                ; 0                         ; 0                        ; 0                         ; 1          ;
; state.CTRL_PKT_IIP_SEEN                 ; 0                                       ; 0                          ; 0                                  ; 0                     ; 0                                 ; 1                       ; 0              ; 0                ; 0                                    ; 0                                    ; 0                                     ; 0                                     ; 0                                 ; 0                              ; 0                          ; 0                        ; 0                        ; 0                    ; 0                                   ; 0                                   ; 0                               ; 0                               ; 0                                  ; 0                           ; 0                  ; 0                         ; 0                                    ; 0                         ; 0                   ; 0                             ; 0                ; 0                             ; 0                  ; 0                        ; 0                        ; 0                      ; 0                           ; 0                    ; 0                   ; 0                ; 0                         ; 0                        ; 0                         ; 1          ;
; state.CHECK_FOR_NEW_LINE_OF_FIELD       ; 0                                       ; 0                          ; 0                                  ; 0                     ; 1                                 ; 0                       ; 0              ; 0                ; 0                                    ; 0                                    ; 0                                     ; 0                                     ; 0                                 ; 0                              ; 0                          ; 0                        ; 0                        ; 0                    ; 0                                   ; 0                                   ; 0                               ; 0                               ; 0                                  ; 0                           ; 0                  ; 0                         ; 0                                    ; 0                         ; 0                   ; 0                             ; 0                ; 0                             ; 0                  ; 0                        ; 0                        ; 0                      ; 0                           ; 0                    ; 0                   ; 0                ; 0                         ; 0                        ; 0                         ; 1          ;
; state.EAT_DATA_PACKET                   ; 0                                       ; 0                          ; 0                                  ; 1                     ; 0                                 ; 0                       ; 0              ; 0                ; 0                                    ; 0                                    ; 0                                     ; 0                                     ; 0                                 ; 0                              ; 0                          ; 0                        ; 0                        ; 0                    ; 0                                   ; 0                                   ; 0                               ; 0                               ; 0                                  ; 0                           ; 0                  ; 0                         ; 0                                    ; 0                         ; 0                   ; 0                             ; 0                ; 0                             ; 0                  ; 0                        ; 0                        ; 0                      ; 0                           ; 0                    ; 0                   ; 0                ; 0                         ; 0                        ; 0                         ; 1          ;
; state.CHECK_FOR_LAST_LINE_OF_FIELD      ; 0                                       ; 0                          ; 1                                  ; 0                     ; 0                                 ; 0                       ; 0              ; 0                ; 0                                    ; 0                                    ; 0                                     ; 0                                     ; 0                                 ; 0                              ; 0                          ; 0                        ; 0                        ; 0                    ; 0                                   ; 0                                   ; 0                               ; 0                               ; 0                                  ; 0                           ; 0                  ; 0                         ; 0                                    ; 0                         ; 0                   ; 0                             ; 0                ; 0                             ; 0                  ; 0                        ; 0                        ; 0                      ; 0                           ; 0                    ; 0                   ; 0                ; 0                         ; 0                        ; 0                         ; 1          ;
; state.EAT_DATA_PACKET_EXIT              ; 0                                       ; 1                          ; 0                                  ; 0                     ; 0                                 ; 0                       ; 0              ; 0                ; 0                                    ; 0                                    ; 0                                     ; 0                                     ; 0                                 ; 0                              ; 0                          ; 0                        ; 0                        ; 0                    ; 0                                   ; 0                                   ; 0                               ; 0                               ; 0                                  ; 0                           ; 0                  ; 0                         ; 0                                    ; 0                         ; 0                   ; 0                             ; 0                ; 0                             ; 0                  ; 0                        ; 0                        ; 0                      ; 0                           ; 0                    ; 0                   ; 0                ; 0                         ; 0                        ; 0                         ; 1          ;
; state.EAT_DATA_WAIT_FOR_CTRL_OUT_TREADY ; 1                                       ; 0                          ; 0                                  ; 0                     ; 0                                 ; 0                       ; 0              ; 0                ; 0                                    ; 0                                    ; 0                                     ; 0                                     ; 0                                 ; 0                              ; 0                          ; 0                        ; 0                        ; 0                    ; 0                                   ; 0                                   ; 0                               ; 0                               ; 0                                  ; 0                           ; 0                  ; 0                         ; 0                                    ; 0                         ; 0                   ; 0                             ; 0                ; 0                             ; 0                  ; 0                        ; 0                        ; 0                      ; 0                           ; 0                    ; 0                   ; 0                ; 0                         ; 0                        ; 0                         ; 1          ;
+-----------------------------------------+-----------------------------------------+----------------------------+------------------------------------+-----------------------+-----------------------------------+-------------------------+----------------+------------------+--------------------------------------+--------------------------------------+---------------------------------------+---------------------------------------+-----------------------------------+--------------------------------+----------------------------+--------------------------+--------------------------+----------------------+-------------------------------------+-------------------------------------+---------------------------------+---------------------------------+------------------------------------+-----------------------------+--------------------+---------------------------+--------------------------------------+---------------------------+---------------------+-------------------------------+------------------+-------------------------------+--------------------+--------------------------+--------------------------+------------------------+-----------------------------+----------------------+---------------------+------------------+---------------------------+--------------------------+---------------------------+------------+


Encoding Type:  One-Hot
+--------------------------------------------------------------------+
; State Machine - u0|intel_vvp_dil_0|intel_vvp_dil_0|algo_comp|state ;
+-----------------+-----------------+-------------+------------------+
; Name            ; state.IDLE_ALGO ; state.FLUSH ; state.RUN        ;
+-----------------+-----------------+-------------+------------------+
; state.IDLE_ALGO ; 0               ; 0           ; 0                ;
; state.RUN       ; 1               ; 0           ; 1                ;
; state.FLUSH     ; 1               ; 1           ; 0                ;
+-----------------+-----------------+-------------+------------------+


Encoding Type:  One-Hot
+---------------------------------------------------------------------+
; State Machine - u0|intel_vvp_dil_0|intel_vvp_dil_0|duplicator|state ;
+------------+--------------------------------------------------------+
; Name       ; state.RUN                                              ;
+------------+--------------------------------------------------------+
; state.IDLE ; 0                                                      ;
; state.RUN  ; 1                                                      ;
+------------+--------------------------------------------------------+


Encoding Type:  One-Hot
+--------------------------------------------------------------+
; State Machine - u0|intel_vvp_dil_0|intel_vvp_dil_0|mux|state ;
+------------+-------------------------------------------------+
; Name       ; state.RUN                                       ;
+------------+-------------------------------------------------+
; state.IDLE ; 0                                               ;
; state.RUN  ; 1                                               ;
+------------+-------------------------------------------------+


Encoding Type:  One-Hot
+--------------------------------------------------------------------------------+
; State Machine - u0|intel_vvp_adv_tpg_0|intel_vvp_adv_tpg_0|core_inst_1|state   ;
+-------------+-------------+-------------+-------------+------------+-----------+
; Name        ; state.INIT3 ; state.INIT2 ; state.INIT1 ; state.IDLE ; state.RUN ;
+-------------+-------------+-------------+-------------+------------+-----------+
; state.IDLE  ; 0           ; 0           ; 0           ; 0          ; 0         ;
; state.INIT1 ; 0           ; 0           ; 1           ; 1          ; 0         ;
; state.INIT2 ; 0           ; 1           ; 0           ; 1          ; 0         ;
; state.INIT3 ; 1           ; 0           ; 0           ; 1          ; 0         ;
; state.RUN   ; 0           ; 0           ; 0           ; 1          ; 1         ;
+-------------+-------------+-------------+-------------+------------+-----------+


Encoding Type:  One-Hot
+--------------------------------------------------------------------------------+
; State Machine - u0|intel_vvp_adv_tpg_0|intel_vvp_adv_tpg_0|core_inst_0|state   ;
+-------------+-------------+-------------+-------------+------------+-----------+
; Name        ; state.INIT3 ; state.INIT2 ; state.INIT1 ; state.IDLE ; state.RUN ;
+-------------+-------------+-------------+-------------+------------+-----------+
; state.IDLE  ; 0           ; 0           ; 0           ; 0          ; 0         ;
; state.INIT1 ; 0           ; 0           ; 1           ; 1          ; 0         ;
; state.INIT2 ; 0           ; 1           ; 0           ; 1          ; 0         ;
; state.INIT3 ; 1           ; 0           ; 0           ; 1          ; 0         ;
; state.RUN   ; 0           ; 0           ; 0           ; 1          ; 1         ;
+-------------+-------------+-------------+-------------+------------+-----------+


Encoding Type:  One-Hot
+--------------------------------------------------------------------------------------------------------------------------------------------------------------------------------------------------------------------------------------------------------------+
; State Machine - u0|intel_vvp_adv_tpg_0|intel_vvp_adv_tpg_0|scheduler|state                                                                                                                                                                                   ;
+---------------------------+----------------------+----------------------+------------------------+----------------+------------+----------------+------------------------+--------------------------+---------------------------+---------------+------------+
; Name                      ; state.SEND_MIXER_CMD ; state.SEND_LINE_CTRL ; state.SEND_TPG_RUN_CMD ; state.SEND_EOF ; state.DONE ; state.SEND_SOF ; state.CHECK_FRAME_DONE ; state.SEND_TPG_SETUP_CMD ; state.PROCESS_REGMAP_INFO ; state.STOPPED ; state.IDLE ;
+---------------------------+----------------------+----------------------+------------------------+----------------+------------+----------------+------------------------+--------------------------+---------------------------+---------------+------------+
; state.IDLE                ; 0                    ; 0                    ; 0                      ; 0              ; 0          ; 0              ; 0                      ; 0                        ; 0                         ; 0             ; 0          ;
; state.STOPPED             ; 0                    ; 0                    ; 0                      ; 0              ; 0          ; 0              ; 0                      ; 0                        ; 0                         ; 1             ; 1          ;
; state.PROCESS_REGMAP_INFO ; 0                    ; 0                    ; 0                      ; 0              ; 0          ; 0              ; 0                      ; 0                        ; 1                         ; 0             ; 1          ;
; state.SEND_TPG_SETUP_CMD  ; 0                    ; 0                    ; 0                      ; 0              ; 0          ; 0              ; 0                      ; 1                        ; 0                         ; 0             ; 1          ;
; state.CHECK_FRAME_DONE    ; 0                    ; 0                    ; 0                      ; 0              ; 0          ; 0              ; 1                      ; 0                        ; 0                         ; 0             ; 1          ;
; state.SEND_SOF            ; 0                    ; 0                    ; 0                      ; 0              ; 0          ; 1              ; 0                      ; 0                        ; 0                         ; 0             ; 1          ;
; state.DONE                ; 0                    ; 0                    ; 0                      ; 0              ; 1          ; 0              ; 0                      ; 0                        ; 0                         ; 0             ; 1          ;
; state.SEND_EOF            ; 0                    ; 0                    ; 0                      ; 1              ; 0          ; 0              ; 0                      ; 0                        ; 0                         ; 0             ; 1          ;
; state.SEND_TPG_RUN_CMD    ; 0                    ; 0                    ; 1                      ; 0              ; 0          ; 0              ; 0                      ; 0                        ; 0                         ; 0             ; 1          ;
; state.SEND_LINE_CTRL      ; 0                    ; 1                    ; 0                      ; 0              ; 0          ; 0              ; 0                      ; 0                        ; 0                         ; 0             ; 1          ;
; state.SEND_MIXER_CMD      ; 1                    ; 0                    ; 0                      ; 0              ; 0          ; 0              ; 0                      ; 0                        ; 0                         ; 0             ; 1          ;
+---------------------------+----------------------+----------------------+------------------------+----------------+------------+----------------+------------------------+--------------------------+---------------------------+---------------+------------+


+-----------------------------------------------------------------------------------------------------------------------------------------------------------------------------------------------------------------------------------------------------------------------------------------------------------------------------------------------------------------------------------+
; Registers Protected by Synthesis                                                                                                                                                                                                                                                                                                                                                  ;
+--------------------------------------------------------------------------------------------------------------------------------------------------------------------------------------+------------------------------------------------------------------+--------------------------------------------+----------------------------------------------------------------------------+
; Register Name                                                                                                                                                                        ; Protected by Synthesis Attribute or Preserve Register Assignment ; Not to be Touched by Netlist Optimizations ; Cannot be Retimed (Protected by Synthesis Attribute or Quartus Assignment) ;
+--------------------------------------------------------------------------------------------------------------------------------------------------------------------------------------+------------------------------------------------------------------+--------------------------------------------+----------------------------------------------------------------------------+
; u0|intel_vvp_adv_tpg_0|intel_vvp_adv_tpg_0|mixer_inst_0|dp_inst|blended_pixel_gen[0].blended_col_gen[0].mult_add_inst|partial_gen[0].mult_2_inst|add_0[8]                            ; yes                                                              ; yes                                        ; yes                                                                        ;
; u0|intel_vvp_adv_tpg_0|intel_vvp_adv_tpg_0|mixer_inst_0|dp_inst|blended_pixel_gen[0].blended_col_gen[0].mult_add_inst|partial_gen[0].mult_2_inst|add_0[7]                            ; yes                                                              ; yes                                        ; yes                                                                        ;
; u0|intel_vvp_dil_0|intel_vvp_dil_0|line_buffer|resend_inst|line_buffer_l0_ram_inst|write_address[0][0]                                                                               ; yes                                                              ; yes                                        ; yes                                                                        ;
; u0|intel_vvp_dil_0|intel_vvp_dil_0|line_buffer|resend_inst|line_buffer_l0_ram_inst|write_address[0][1]                                                                               ; yes                                                              ; yes                                        ; yes                                                                        ;
; u0|intel_vvp_dil_0|intel_vvp_dil_0|line_buffer|resend_inst|line_buffer_l0_ram_inst|write_address[0][2]                                                                               ; yes                                                              ; yes                                        ; yes                                                                        ;
; u0|intel_vvp_dil_0|intel_vvp_dil_0|line_buffer|resend_inst|line_buffer_l0_ram_inst|write_address[0][3]                                                                               ; yes                                                              ; yes                                        ; yes                                                                        ;
; u0|intel_vvp_dil_0|intel_vvp_dil_0|line_buffer|resend_inst|line_buffer_l0_ram_inst|write_address[0][4]                                                                               ; yes                                                              ; yes                                        ; yes                                                                        ;
; u0|intel_vvp_dil_0|intel_vvp_dil_0|line_buffer|resend_inst|line_buffer_l0_ram_inst|write_address[0][5]                                                                               ; yes                                                              ; yes                                        ; yes                                                                        ;
; u0|intel_vvp_dil_0|intel_vvp_dil_0|line_buffer|resend_inst|line_buffer_l0_ram_inst|write_address[0][6]                                                                               ; yes                                                              ; yes                                        ; yes                                                                        ;
; u0|intel_vvp_dil_0|intel_vvp_dil_0|line_buffer|resend_inst|line_buffer_l0_ram_inst|write_address[0][7]                                                                               ; yes                                                              ; yes                                        ; yes                                                                        ;
; u0|intel_vvp_dil_0|intel_vvp_dil_0|line_buffer|resend_inst|line_buffer_l0_ram_inst|write_address[0][8]                                                                               ; yes                                                              ; yes                                        ; yes                                                                        ;
; u0|intel_vvp_dil_0|intel_vvp_dil_0|line_buffer|resend_inst|line_buffer_l0_ram_inst|write_address[0][9]                                                                               ; yes                                                              ; yes                                        ; yes                                                                        ;
; u0|intel_vvp_dil_0|intel_vvp_dil_0|line_buffer|resend_inst|line_buffer_l0_ram_inst|write_address[0][10]                                                                              ; yes                                                              ; yes                                        ; yes                                                                        ;
; u0|intel_vvp_dil_0|intel_vvp_dil_0|line_buffer|resend_inst|line_buffer_l0_ram_inst|read_address[0][0]                                                                                ; yes                                                              ; yes                                        ; yes                                                                        ;
; u0|intel_vvp_dil_0|intel_vvp_dil_0|line_buffer|resend_inst|line_buffer_l0_ram_inst|read_address[0][1]                                                                                ; yes                                                              ; yes                                        ; yes                                                                        ;
; u0|intel_vvp_dil_0|intel_vvp_dil_0|line_buffer|resend_inst|line_buffer_l0_ram_inst|read_address[0][2]                                                                                ; yes                                                              ; yes                                        ; yes                                                                        ;
; u0|intel_vvp_dil_0|intel_vvp_dil_0|line_buffer|resend_inst|line_buffer_l0_ram_inst|read_address[0][3]                                                                                ; yes                                                              ; yes                                        ; yes                                                                        ;
; u0|intel_vvp_dil_0|intel_vvp_dil_0|line_buffer|resend_inst|line_buffer_l0_ram_inst|read_address[0][4]                                                                                ; yes                                                              ; yes                                        ; yes                                                                        ;
; u0|intel_vvp_dil_0|intel_vvp_dil_0|line_buffer|resend_inst|line_buffer_l0_ram_inst|read_address[0][5]                                                                                ; yes                                                              ; yes                                        ; yes                                                                        ;
; u0|intel_vvp_dil_0|intel_vvp_dil_0|line_buffer|resend_inst|line_buffer_l0_ram_inst|read_address[0][6]                                                                                ; yes                                                              ; yes                                        ; yes                                                                        ;
; u0|intel_vvp_dil_0|intel_vvp_dil_0|line_buffer|resend_inst|line_buffer_l0_ram_inst|read_address[0][7]                                                                                ; yes                                                              ; yes                                        ; yes                                                                        ;
; u0|intel_vvp_dil_0|intel_vvp_dil_0|line_buffer|resend_inst|line_buffer_l0_ram_inst|read_address[0][8]                                                                                ; yes                                                              ; yes                                        ; yes                                                                        ;
; u0|intel_vvp_dil_0|intel_vvp_dil_0|line_buffer|resend_inst|line_buffer_l0_ram_inst|read_address[0][9]                                                                                ; yes                                                              ; yes                                        ; yes                                                                        ;
; u0|intel_vvp_dil_0|intel_vvp_dil_0|line_buffer|resend_inst|line_buffer_l0_ram_inst|read_address[0][10]                                                                               ; yes                                                              ; yes                                        ; yes                                                                        ;
; u0|intel_vvp_dil_0|intel_vvp_dil_0|line_buffer|resend_inst|line_buffer_main_ram_inst|write_enable_pipe_copy[0]                                                                       ; yes                                                              ; yes                                        ; yes                                                                        ;
; u0|intel_vvp_dil_0|intel_vvp_dil_0|line_buffer|resend_inst|line_buffer_main_ram_inst|write_address_pipe[0][0]                                                                        ; yes                                                              ; yes                                        ; yes                                                                        ;
; u0|intel_vvp_dil_0|intel_vvp_dil_0|line_buffer|resend_inst|line_buffer_main_ram_inst|write_address_pipe[0][1]                                                                        ; yes                                                              ; yes                                        ; yes                                                                        ;
; u0|intel_vvp_dil_0|intel_vvp_dil_0|line_buffer|resend_inst|line_buffer_main_ram_inst|write_address_pipe[0][2]                                                                        ; yes                                                              ; yes                                        ; yes                                                                        ;
; u0|intel_vvp_dil_0|intel_vvp_dil_0|line_buffer|resend_inst|line_buffer_main_ram_inst|write_address_pipe[0][3]                                                                        ; yes                                                              ; yes                                        ; yes                                                                        ;
; u0|intel_vvp_dil_0|intel_vvp_dil_0|line_buffer|resend_inst|line_buffer_main_ram_inst|write_address_pipe[0][4]                                                                        ; yes                                                              ; yes                                        ; yes                                                                        ;
; u0|intel_vvp_dil_0|intel_vvp_dil_0|line_buffer|resend_inst|line_buffer_main_ram_inst|write_address_pipe[0][5]                                                                        ; yes                                                              ; yes                                        ; yes                                                                        ;
; u0|intel_vvp_dil_0|intel_vvp_dil_0|line_buffer|resend_inst|line_buffer_main_ram_inst|write_address_pipe[0][6]                                                                        ; yes                                                              ; yes                                        ; yes                                                                        ;
; u0|intel_vvp_dil_0|intel_vvp_dil_0|line_buffer|resend_inst|line_buffer_main_ram_inst|write_address_pipe[0][7]                                                                        ; yes                                                              ; yes                                        ; yes                                                                        ;
; u0|intel_vvp_dil_0|intel_vvp_dil_0|line_buffer|resend_inst|line_buffer_main_ram_inst|write_address_pipe[0][8]                                                                        ; yes                                                              ; yes                                        ; yes                                                                        ;
; u0|intel_vvp_dil_0|intel_vvp_dil_0|line_buffer|resend_inst|line_buffer_main_ram_inst|write_address_pipe[0][9]                                                                        ; yes                                                              ; yes                                        ; yes                                                                        ;
; u0|intel_vvp_dil_0|intel_vvp_dil_0|line_buffer|resend_inst|line_buffer_main_ram_inst|write_address_pipe[0][10]                                                                       ; yes                                                              ; yes                                        ; yes                                                                        ;
; u0|intel_vvp_dil_0|intel_vvp_dil_0|line_buffer|resend_inst|line_buffer_main_ram_inst|read_address[0][0]                                                                              ; yes                                                              ; yes                                        ; yes                                                                        ;
; u0|intel_vvp_dil_0|intel_vvp_dil_0|line_buffer|resend_inst|line_buffer_main_ram_inst|read_address[0][1]                                                                              ; yes                                                              ; yes                                        ; yes                                                                        ;
; u0|intel_vvp_dil_0|intel_vvp_dil_0|line_buffer|resend_inst|line_buffer_main_ram_inst|read_address[0][2]                                                                              ; yes                                                              ; yes                                        ; yes                                                                        ;
; u0|intel_vvp_dil_0|intel_vvp_dil_0|line_buffer|resend_inst|line_buffer_main_ram_inst|read_address[0][3]                                                                              ; yes                                                              ; yes                                        ; yes                                                                        ;
; u0|intel_vvp_dil_0|intel_vvp_dil_0|line_buffer|resend_inst|line_buffer_main_ram_inst|read_address[0][4]                                                                              ; yes                                                              ; yes                                        ; yes                                                                        ;
; u0|intel_vvp_dil_0|intel_vvp_dil_0|line_buffer|resend_inst|line_buffer_main_ram_inst|read_address[0][5]                                                                              ; yes                                                              ; yes                                        ; yes                                                                        ;
; u0|intel_vvp_dil_0|intel_vvp_dil_0|line_buffer|resend_inst|line_buffer_main_ram_inst|read_address[0][6]                                                                              ; yes                                                              ; yes                                        ; yes                                                                        ;
; u0|intel_vvp_dil_0|intel_vvp_dil_0|line_buffer|resend_inst|line_buffer_main_ram_inst|read_address[0][7]                                                                              ; yes                                                              ; yes                                        ; yes                                                                        ;
; u0|intel_vvp_dil_0|intel_vvp_dil_0|line_buffer|resend_inst|line_buffer_main_ram_inst|read_address[0][8]                                                                              ; yes                                                              ; yes                                        ; yes                                                                        ;
; u0|intel_vvp_dil_0|intel_vvp_dil_0|line_buffer|resend_inst|line_buffer_main_ram_inst|read_address[0][9]                                                                              ; yes                                                              ; yes                                        ; yes                                                                        ;
; u0|intel_vvp_dil_0|intel_vvp_dil_0|line_buffer|resend_inst|line_buffer_main_ram_inst|read_address[0][10]                                                                             ; yes                                                              ; yes                                        ; yes                                                                        ;
; u0|intel_vvp_adv_tpg_0|intel_vvp_adv_tpg_0|mixer_inst_0|dp_inst|blended_pixel_gen[0].blended_col_gen[0].mult_add_inst|partial_gen[0].mult_2_inst|add_0[9]                            ; yes                                                              ; yes                                        ; yes                                                                        ;
; u0|intel_vvp_adv_tpg_0|intel_vvp_adv_tpg_0|mixer_inst_0|dp_inst|blended_pixel_gen[0].blended_col_gen[0].mult_add_inst|partial_gen[0].mult_2_inst|add_0[10]                           ; yes                                                              ; yes                                        ; yes                                                                        ;
; u0|intel_vvp_adv_tpg_0|intel_vvp_adv_tpg_0|mixer_inst_0|dp_inst|blended_pixel_gen[0].blended_col_gen[0].mult_add_inst|partial_gen[0].mult_2_inst|add_0[11]                           ; yes                                                              ; yes                                        ; yes                                                                        ;
; u0|intel_vvp_adv_tpg_0|intel_vvp_adv_tpg_0|mixer_inst_0|dp_inst|blended_pixel_gen[0].blended_col_gen[0].mult_add_inst|partial_gen[0].mult_2_inst|add_0[12]                           ; yes                                                              ; yes                                        ; yes                                                                        ;
; u0|intel_vvp_adv_tpg_0|intel_vvp_adv_tpg_0|mixer_inst_0|dp_inst|blended_pixel_gen[0].blended_col_gen[0].mult_add_inst|partial_gen[0].mult_2_inst|add_0[13]                           ; yes                                                              ; yes                                        ; yes                                                                        ;
; u0|intel_vvp_adv_tpg_0|intel_vvp_adv_tpg_0|mixer_inst_0|dp_inst|blended_pixel_gen[0].blended_col_gen[0].mult_add_inst|partial_gen[0].mult_2_inst|add_0[14]                           ; yes                                                              ; yes                                        ; yes                                                                        ;
; u0|intel_vvp_adv_tpg_0|intel_vvp_adv_tpg_0|mixer_inst_0|dp_inst|blended_pixel_gen[0].blended_col_gen[0].mult_add_inst|partial_gen[0].mult_2_inst|add_0[15]                           ; yes                                                              ; yes                                        ; yes                                                                        ;
; u0|intel_vvp_adv_tpg_0|intel_vvp_adv_tpg_0|mixer_inst_0|dp_inst|blended_pixel_gen[0].blended_col_gen[1].mult_add_inst|partial_gen[0].mult_2_inst|add_0[8]                            ; yes                                                              ; yes                                        ; yes                                                                        ;
; u0|intel_vvp_adv_tpg_0|intel_vvp_adv_tpg_0|mixer_inst_0|dp_inst|blended_pixel_gen[0].blended_col_gen[1].mult_add_inst|partial_gen[0].mult_2_inst|add_0[7]                            ; yes                                                              ; yes                                        ; yes                                                                        ;
; u0|intel_vvp_adv_tpg_0|intel_vvp_adv_tpg_0|mixer_inst_0|dp_inst|blended_pixel_gen[0].blended_col_gen[1].mult_add_inst|partial_gen[0].mult_2_inst|add_0[9]                            ; yes                                                              ; yes                                        ; yes                                                                        ;
; u0|intel_vvp_adv_tpg_0|intel_vvp_adv_tpg_0|mixer_inst_0|dp_inst|blended_pixel_gen[0].blended_col_gen[1].mult_add_inst|partial_gen[0].mult_2_inst|add_0[10]                           ; yes                                                              ; yes                                        ; yes                                                                        ;
; u0|intel_vvp_adv_tpg_0|intel_vvp_adv_tpg_0|mixer_inst_0|dp_inst|blended_pixel_gen[0].blended_col_gen[1].mult_add_inst|partial_gen[0].mult_2_inst|add_0[11]                           ; yes                                                              ; yes                                        ; yes                                                                        ;
; u0|intel_vvp_adv_tpg_0|intel_vvp_adv_tpg_0|mixer_inst_0|dp_inst|blended_pixel_gen[0].blended_col_gen[1].mult_add_inst|partial_gen[0].mult_2_inst|add_0[12]                           ; yes                                                              ; yes                                        ; yes                                                                        ;
; u0|intel_vvp_adv_tpg_0|intel_vvp_adv_tpg_0|mixer_inst_0|dp_inst|blended_pixel_gen[0].blended_col_gen[1].mult_add_inst|partial_gen[0].mult_2_inst|add_0[13]                           ; yes                                                              ; yes                                        ; yes                                                                        ;
; u0|intel_vvp_adv_tpg_0|intel_vvp_adv_tpg_0|mixer_inst_0|dp_inst|blended_pixel_gen[0].blended_col_gen[1].mult_add_inst|partial_gen[0].mult_2_inst|add_0[14]                           ; yes                                                              ; yes                                        ; yes                                                                        ;
; u0|intel_vvp_adv_tpg_0|intel_vvp_adv_tpg_0|mixer_inst_0|dp_inst|blended_pixel_gen[0].blended_col_gen[1].mult_add_inst|partial_gen[0].mult_2_inst|add_0[15]                           ; yes                                                              ; yes                                        ; yes                                                                        ;
; u0|rst_controller|alt_rst_sync_uq1|altera_reset_synchronizer_int_chain[0]                                                                                                            ; yes                                                              ; yes                                        ; yes                                                                        ;
; u0|intel_vvp_dil_0|intel_vvp_dil_0|line_buffer|resend_inst|line_buffer_main_ram_inst|write_address[0][0]                                                                             ; yes                                                              ; yes                                        ; yes                                                                        ;
; u0|intel_vvp_dil_0|intel_vvp_dil_0|line_buffer|resend_inst|line_buffer_main_ram_inst|write_address[0][1]                                                                             ; yes                                                              ; yes                                        ; yes                                                                        ;
; u0|intel_vvp_dil_0|intel_vvp_dil_0|line_buffer|resend_inst|line_buffer_main_ram_inst|write_address[0][2]                                                                             ; yes                                                              ; yes                                        ; yes                                                                        ;
; u0|intel_vvp_dil_0|intel_vvp_dil_0|line_buffer|resend_inst|line_buffer_main_ram_inst|write_address[0][3]                                                                             ; yes                                                              ; yes                                        ; yes                                                                        ;
; u0|intel_vvp_dil_0|intel_vvp_dil_0|line_buffer|resend_inst|line_buffer_main_ram_inst|write_address[0][4]                                                                             ; yes                                                              ; yes                                        ; yes                                                                        ;
; u0|intel_vvp_dil_0|intel_vvp_dil_0|line_buffer|resend_inst|line_buffer_main_ram_inst|write_address[0][5]                                                                             ; yes                                                              ; yes                                        ; yes                                                                        ;
; u0|intel_vvp_dil_0|intel_vvp_dil_0|line_buffer|resend_inst|line_buffer_main_ram_inst|write_address[0][6]                                                                             ; yes                                                              ; yes                                        ; yes                                                                        ;
; u0|intel_vvp_dil_0|intel_vvp_dil_0|line_buffer|resend_inst|line_buffer_main_ram_inst|write_address[0][7]                                                                             ; yes                                                              ; yes                                        ; yes                                                                        ;
; u0|intel_vvp_dil_0|intel_vvp_dil_0|line_buffer|resend_inst|line_buffer_main_ram_inst|write_address[0][8]                                                                             ; yes                                                              ; yes                                        ; yes                                                                        ;
; u0|intel_vvp_dil_0|intel_vvp_dil_0|line_buffer|resend_inst|line_buffer_main_ram_inst|write_address[0][9]                                                                             ; yes                                                              ; yes                                        ; yes                                                                        ;
; u0|intel_vvp_dil_0|intel_vvp_dil_0|line_buffer|resend_inst|line_buffer_main_ram_inst|write_address[0][10]                                                                            ; yes                                                              ; yes                                        ; yes                                                                        ;
; u0|rst_controller|alt_rst_sync_uq1|altera_reset_synchronizer_int_chain[1]                                                                                                            ; yes                                                              ; yes                                        ; yes                                                                        ;
; u0|intel_vvp_adv_tpg_0|intel_vvp_adv_tpg_0|mixer_inst_0|dp_inst|blended_pixel_gen[0].blended_col_gen[0].mult_add_inst|partial_gen[0].mult_2_inst|x_input_delay[1].x_delay_line[1][0] ; yes                                                              ; yes                                        ; yes                                                                        ;
; u0|intel_vvp_adv_tpg_0|intel_vvp_adv_tpg_0|mixer_inst_0|dp_inst|blended_pixel_gen[0].blended_col_gen[0].mult_add_inst|partial_gen[0].mult_2_inst|x_input_delay[1].x_delay_line[1][1] ; yes                                                              ; yes                                        ; yes                                                                        ;
; u0|intel_vvp_adv_tpg_0|intel_vvp_adv_tpg_0|mixer_inst_0|dp_inst|blended_pixel_gen[0].blended_col_gen[0].mult_add_inst|partial_gen[0].mult_2_inst|x_input_delay[1].x_delay_line[1][2] ; yes                                                              ; yes                                        ; yes                                                                        ;
; u0|intel_vvp_adv_tpg_0|intel_vvp_adv_tpg_0|mixer_inst_0|dp_inst|blended_pixel_gen[0].blended_col_gen[0].mult_add_inst|partial_gen[0].mult_2_inst|x_input_delay[1].x_delay_line[1][3] ; yes                                                              ; yes                                        ; yes                                                                        ;
; u0|intel_vvp_adv_tpg_0|intel_vvp_adv_tpg_0|mixer_inst_0|dp_inst|blended_pixel_gen[0].blended_col_gen[0].mult_add_inst|partial_gen[0].mult_2_inst|x_input_delay[1].x_delay_line[1][4] ; yes                                                              ; yes                                        ; yes                                                                        ;
; u0|intel_vvp_adv_tpg_0|intel_vvp_adv_tpg_0|mixer_inst_0|dp_inst|blended_pixel_gen[0].blended_col_gen[0].mult_add_inst|partial_gen[0].mult_2_inst|x_input_delay[1].x_delay_line[1][5] ; yes                                                              ; yes                                        ; yes                                                                        ;
; u0|intel_vvp_adv_tpg_0|intel_vvp_adv_tpg_0|mixer_inst_0|dp_inst|blended_pixel_gen[0].blended_col_gen[0].mult_add_inst|partial_gen[0].mult_2_inst|x_input_delay[1].x_delay_line[1][6] ; yes                                                              ; yes                                        ; yes                                                                        ;
; u0|intel_vvp_adv_tpg_0|intel_vvp_adv_tpg_0|mixer_inst_0|dp_inst|blended_pixel_gen[0].blended_col_gen[0].mult_add_inst|partial_gen[0].mult_2_inst|x_input_delay[1].x_delay_line[1][7] ; yes                                                              ; yes                                        ; yes                                                                        ;
; u0|intel_vvp_adv_tpg_0|intel_vvp_adv_tpg_0|mixer_inst_0|dp_inst|blended_pixel_gen[0].blended_col_gen[0].mult_add_inst|partial_gen[0].mult_2_inst|y_input_delay[1].y_delay_line[1][0] ; yes                                                              ; yes                                        ; yes                                                                        ;
; u0|intel_vvp_adv_tpg_0|intel_vvp_adv_tpg_0|mixer_inst_0|dp_inst|blended_pixel_gen[0].blended_col_gen[0].mult_add_inst|partial_gen[0].mult_2_inst|y_input_delay[1].y_delay_line[1][1] ; yes                                                              ; yes                                        ; yes                                                                        ;
; u0|intel_vvp_adv_tpg_0|intel_vvp_adv_tpg_0|mixer_inst_0|dp_inst|blended_pixel_gen[0].blended_col_gen[0].mult_add_inst|partial_gen[0].mult_2_inst|y_input_delay[1].y_delay_line[1][2] ; yes                                                              ; yes                                        ; yes                                                                        ;
; u0|intel_vvp_adv_tpg_0|intel_vvp_adv_tpg_0|mixer_inst_0|dp_inst|blended_pixel_gen[0].blended_col_gen[0].mult_add_inst|partial_gen[0].mult_2_inst|y_input_delay[1].y_delay_line[1][3] ; yes                                                              ; yes                                        ; yes                                                                        ;
; u0|intel_vvp_adv_tpg_0|intel_vvp_adv_tpg_0|mixer_inst_0|dp_inst|blended_pixel_gen[0].blended_col_gen[0].mult_add_inst|partial_gen[0].mult_2_inst|y_input_delay[1].y_delay_line[1][4] ; yes                                                              ; yes                                        ; yes                                                                        ;
; u0|intel_vvp_adv_tpg_0|intel_vvp_adv_tpg_0|mixer_inst_0|dp_inst|blended_pixel_gen[0].blended_col_gen[0].mult_add_inst|partial_gen[0].mult_2_inst|y_input_delay[1].y_delay_line[1][5] ; yes                                                              ; yes                                        ; yes                                                                        ;
; u0|intel_vvp_adv_tpg_0|intel_vvp_adv_tpg_0|mixer_inst_0|dp_inst|blended_pixel_gen[0].blended_col_gen[0].mult_add_inst|partial_gen[0].mult_2_inst|y_input_delay[1].y_delay_line[1][6] ; yes                                                              ; yes                                        ; yes                                                                        ;
; u0|intel_vvp_adv_tpg_0|intel_vvp_adv_tpg_0|mixer_inst_0|dp_inst|blended_pixel_gen[0].blended_col_gen[0].mult_add_inst|partial_gen[0].mult_2_inst|y_input_delay[1].y_delay_line[1][7] ; yes                                                              ; yes                                        ; yes                                                                        ;
; u0|intel_vvp_adv_tpg_0|intel_vvp_adv_tpg_0|mixer_inst_0|dp_inst|blended_pixel_gen[0].blended_col_gen[0].mult_add_inst|partial_gen[0].mult_2_inst|y_input_delay[1].y_delay_line[1][8] ; yes                                                              ; yes                                        ; yes                                                                        ;
; u0|intel_vvp_adv_tpg_0|intel_vvp_adv_tpg_0|mixer_inst_0|dp_inst|blended_pixel_gen[0].blended_col_gen[0].mult_add_inst|partial_gen[0].mult_2_inst|x_input_delay[0].x_delay_line[1][0] ; yes                                                              ; yes                                        ; yes                                                                        ;
; u0|intel_vvp_adv_tpg_0|intel_vvp_adv_tpg_0|mixer_inst_0|dp_inst|blended_pixel_gen[0].blended_col_gen[0].mult_add_inst|partial_gen[0].mult_2_inst|x_input_delay[0].x_delay_line[1][1] ; yes                                                              ; yes                                        ; yes                                                                        ;
; u0|intel_vvp_adv_tpg_0|intel_vvp_adv_tpg_0|mixer_inst_0|dp_inst|blended_pixel_gen[0].blended_col_gen[0].mult_add_inst|partial_gen[0].mult_2_inst|x_input_delay[0].x_delay_line[1][2] ; yes                                                              ; yes                                        ; yes                                                                        ;
; u0|intel_vvp_adv_tpg_0|intel_vvp_adv_tpg_0|mixer_inst_0|dp_inst|blended_pixel_gen[0].blended_col_gen[0].mult_add_inst|partial_gen[0].mult_2_inst|x_input_delay[0].x_delay_line[1][3] ; yes                                                              ; yes                                        ; yes                                                                        ;
; u0|intel_vvp_adv_tpg_0|intel_vvp_adv_tpg_0|mixer_inst_0|dp_inst|blended_pixel_gen[0].blended_col_gen[0].mult_add_inst|partial_gen[0].mult_2_inst|x_input_delay[0].x_delay_line[1][4] ; yes                                                              ; yes                                        ; yes                                                                        ;
; u0|intel_vvp_adv_tpg_0|intel_vvp_adv_tpg_0|mixer_inst_0|dp_inst|blended_pixel_gen[0].blended_col_gen[0].mult_add_inst|partial_gen[0].mult_2_inst|x_input_delay[0].x_delay_line[1][5] ; yes                                                              ; yes                                        ; yes                                                                        ;
; u0|intel_vvp_adv_tpg_0|intel_vvp_adv_tpg_0|mixer_inst_0|dp_inst|blended_pixel_gen[0].blended_col_gen[0].mult_add_inst|partial_gen[0].mult_2_inst|x_input_delay[0].x_delay_line[1][6] ; yes                                                              ; yes                                        ; yes                                                                        ;
; Total number of protected registers is 289                                                                                                                                           ;                                                                  ;                                            ;                                                                            ;
+--------------------------------------------------------------------------------------------------------------------------------------------------------------------------------------+------------------------------------------------------------------+--------------------------------------------+----------------------------------------------------------------------------+
Table truncated at 100 items. To change the number of protected registers reported, set the "Number of Protected Registers Reported in Synthesis Report" option.


+-------------------------------------------------------------------------------------------------------------------------------------------------------------------------------------------------------------------------------------------------------------------------------------------------------------------------------+
; Registers Removed During Synthesis                                                                                                                                                                                                                                                                                            ;
+----------------------------------------------------------------------------------------------------------------------------------------------------------------+--------------------------------------------------------------------------------------------------------------------------------------------------+-----------+
; Node name                                                                                                                                                      ; Reason for Removal                                                                                                                               ; Node Type ;
+----------------------------------------------------------------------------------------------------------------------------------------------------------------+--------------------------------------------------------------------------------------------------------------------------------------------------+-----------+
; u0|intel_vvp_dil_0|intel_vvp_dil_0|scheduler|algo_op_code[0]                                                                                                   ; Stuck at VCC due to stuck port data_in                                                                                                           ; Register  ;
; u0|intel_vvp_adv_tpg_0|intel_vvp_adv_tpg_0|scheduler|tpg_core_cmd_gen[1].core_cmd_master_inst|pipe_bridge_inst|axi_st_dout_tdata[68]                           ; Lost fanout                                                                                                                                      ; Register  ;
; u0|intel_vvp_adv_tpg_0|intel_vvp_adv_tpg_0|scheduler|tpg_core_cmd_gen[1].core_cmd_master_inst|pipe_bridge_inst|tdata_reg[68]                                   ; Lost fanout                                                                                                                                      ; Register  ;
; u0|intel_vvp_adv_tpg_0|intel_vvp_adv_tpg_0|scheduler|tpg_core_cmd_gen[1].tpg_cmd_data[68]                                                                      ; Lost fanout                                                                                                                                      ; Register  ;
; u0|intel_vvp_adv_tpg_0|intel_vvp_adv_tpg_0|scheduler|tpg_core_cmd_gen[0].tpg_cmd_data[0,2..3]                                                                  ; Stuck at GND due to stuck port data_in                                                                                                           ; Register  ;
; u0|intel_vvp_adv_tpg_0|intel_vvp_adv_tpg_0|scheduler|tpg_core_cmd_gen[0].core_cmd_master_inst|pipe_bridge_inst|tdata_reg[0,2..3]                               ; Stuck at GND due to stuck port data_in                                                                                                           ; Register  ;
; u0|intel_vvp_adv_tpg_0|intel_vvp_adv_tpg_0|scheduler|tpg_core_cmd_gen[0].core_cmd_master_inst|pipe_bridge_inst|axi_st_dout_tdata[0,2..3]                       ; Stuck at GND due to stuck port data_in                                                                                                           ; Register  ;
; u0|intel_vvp_adv_tpg_0|intel_vvp_adv_tpg_0|scheduler|frame_interlace_nibble[3]                                                                                 ; Stuck at VCC due to stuck port data_in                                                                                                           ; Register  ;
; u0|intel_vvp_adv_tpg_0|intel_vvp_adv_tpg_0|mixer_inst_0|dp_inst|blended_pixel_gen[0].blended_col_gen[0].mult_add_inst|partial_gen[0].mult_2_inst|add_0[16..17] ; Lost fanout                                                                                                                                      ; Register  ;
; u0|intel_vvp_adv_tpg_0|intel_vvp_adv_tpg_0|mixer_inst_0|dp_inst|blended_pixel_gen[0].blended_col_gen[1].mult_add_inst|partial_gen[0].mult_2_inst|add_0[16..17] ; Lost fanout                                                                                                                                      ; Register  ;
; u0|intel_vvp_adv_tpg_0|intel_vvp_adv_tpg_0|mixer_inst_0|dp_inst|blended_pixel_gen[0].blended_col_gen[2].mult_add_inst|partial_gen[0].mult_2_inst|add_0[16..17] ; Lost fanout                                                                                                                                      ; Register  ;
; u0|intel_vvp_adv_tpg_0|intel_vvp_adv_tpg_0|scheduler|tpg_core_cmd_gen[0].tpg_cmd_data[4..17,22..32]                                                            ; Merged with u0|intel_vvp_adv_tpg_0|intel_vvp_adv_tpg_0|scheduler|tpg_core_cmd_gen[0].tpg_cmd_data[33]                                            ; Register  ;
; u0|intel_vvp_adv_tpg_0|intel_vvp_adv_tpg_0|scheduler|tpg_core_cmd_gen[0].tpg_cmd_data[1]                                                                       ; Merged with u0|intel_vvp_adv_tpg_0|intel_vvp_adv_tpg_0|scheduler|tpg_core_cmd_gen[0].tpg_cmd_data[33]                                            ; Register  ;
; u0|intel_vvp_adv_tpg_0|intel_vvp_adv_tpg_0|scheduler|tpg_core_cmd_gen[1].tpg_cmd_data[4..17,22..32]                                                            ; Merged with u0|intel_vvp_adv_tpg_0|intel_vvp_adv_tpg_0|scheduler|tpg_core_cmd_gen[1].tpg_cmd_data[33]                                            ; Register  ;
; u0|intel_vvp_adv_tpg_0|intel_vvp_adv_tpg_0|scheduler|tpg_core_cmd_gen[1].tpg_cmd_data[0,2]                                                                     ; Merged with u0|intel_vvp_adv_tpg_0|intel_vvp_adv_tpg_0|scheduler|tpg_core_cmd_gen[1].tpg_cmd_data[3]                                             ; Register  ;
; u0|intel_vvp_adv_tpg_0|intel_vvp_adv_tpg_0|mixer_inst_0|dp_inst|alpha_str[0..6]                                                                                ; Merged with u0|intel_vvp_adv_tpg_0|intel_vvp_adv_tpg_0|mixer_inst_0|dp_inst|alpha_str[7]                                                         ; Register  ;
; u0|intel_vvp_adv_tpg_0|intel_vvp_adv_tpg_0|scheduler|tpg_core_cmd_gen[0].core_cmd_master_inst|pipe_bridge_inst|dout_valid_dup                                  ; Merged with u0|intel_vvp_adv_tpg_0|intel_vvp_adv_tpg_0|scheduler|tpg_core_cmd_gen[0].core_cmd_master_inst|pipe_bridge_inst|axi_st_dout_tvalid    ; Register  ;
; u0|intel_vvp_adv_tpg_0|intel_vvp_adv_tpg_0|scheduler|tpg_core_cmd_gen[0].core_cmd_master_inst|pipe_bridge_inst|axi_st_din_tready                               ; Merged with u0|intel_vvp_adv_tpg_0|intel_vvp_adv_tpg_0|scheduler|tpg_core_cmd_gen[0].core_cmd_master_inst|pipe_bridge_inst|din_ready_dup         ; Register  ;
; u0|intel_vvp_adv_tpg_0|intel_vvp_adv_tpg_0|scheduler|tpg_core_cmd_gen[1].core_cmd_master_inst|pipe_bridge_inst|dout_valid_dup                                  ; Merged with u0|intel_vvp_adv_tpg_0|intel_vvp_adv_tpg_0|scheduler|tpg_core_cmd_gen[1].core_cmd_master_inst|pipe_bridge_inst|axi_st_dout_tvalid    ; Register  ;
; u0|intel_vvp_adv_tpg_0|intel_vvp_adv_tpg_0|scheduler|tpg_core_cmd_gen[1].core_cmd_master_inst|pipe_bridge_inst|axi_st_din_tready                               ; Merged with u0|intel_vvp_adv_tpg_0|intel_vvp_adv_tpg_0|scheduler|tpg_core_cmd_gen[1].core_cmd_master_inst|pipe_bridge_inst|din_ready_dup         ; Register  ;
; u0|intel_vvp_adv_tpg_0|intel_vvp_adv_tpg_0|scheduler|mixer_cmd_gen[0].mixer_cmd_master_inst|pipe_bridge_inst|dout_valid_dup                                    ; Merged with u0|intel_vvp_adv_tpg_0|intel_vvp_adv_tpg_0|scheduler|mixer_cmd_gen[0].mixer_cmd_master_inst|pipe_bridge_inst|axi_st_dout_tvalid      ; Register  ;
; u0|intel_vvp_adv_tpg_0|intel_vvp_adv_tpg_0|scheduler|mixer_cmd_gen[0].mixer_cmd_master_inst|pipe_bridge_inst|axi_st_din_tready                                 ; Merged with u0|intel_vvp_adv_tpg_0|intel_vvp_adv_tpg_0|scheduler|mixer_cmd_gen[0].mixer_cmd_master_inst|pipe_bridge_inst|din_ready_dup           ; Register  ;
; u0|intel_vvp_adv_tpg_0|intel_vvp_adv_tpg_0|scheduler|tpg_core_cmd_gen[0].core_cmd_master_inst|pipe_bridge_inst|tdata_reg[4..17,22..32]                         ; Merged with u0|intel_vvp_adv_tpg_0|intel_vvp_adv_tpg_0|scheduler|tpg_core_cmd_gen[0].core_cmd_master_inst|pipe_bridge_inst|tdata_reg[33]         ; Register  ;
; u0|intel_vvp_adv_tpg_0|intel_vvp_adv_tpg_0|scheduler|tpg_core_cmd_gen[0].core_cmd_master_inst|pipe_bridge_inst|tdata_reg[1]                                    ; Merged with u0|intel_vvp_adv_tpg_0|intel_vvp_adv_tpg_0|scheduler|tpg_core_cmd_gen[0].core_cmd_master_inst|pipe_bridge_inst|tdata_reg[33]         ; Register  ;
; u0|intel_vvp_adv_tpg_0|intel_vvp_adv_tpg_0|scheduler|tpg_core_cmd_gen[1].core_cmd_master_inst|pipe_bridge_inst|tdata_reg[4..17,22..32]                         ; Merged with u0|intel_vvp_adv_tpg_0|intel_vvp_adv_tpg_0|scheduler|tpg_core_cmd_gen[1].core_cmd_master_inst|pipe_bridge_inst|tdata_reg[33]         ; Register  ;
; u0|intel_vvp_adv_tpg_0|intel_vvp_adv_tpg_0|scheduler|tpg_core_cmd_gen[1].core_cmd_master_inst|pipe_bridge_inst|tdata_reg[0,2]                                  ; Merged with u0|intel_vvp_adv_tpg_0|intel_vvp_adv_tpg_0|scheduler|tpg_core_cmd_gen[1].core_cmd_master_inst|pipe_bridge_inst|tdata_reg[3]          ; Register  ;
; u0|intel_vvp_adv_tpg_0|intel_vvp_adv_tpg_0|scheduler|tpg_core_cmd_gen[1].core_cmd_master_inst|pipe_bridge_inst|axi_st_dout_tdata[2..3]                         ; Merged with u0|intel_vvp_adv_tpg_0|intel_vvp_adv_tpg_0|scheduler|tpg_core_cmd_gen[1].core_cmd_master_inst|pipe_bridge_inst|axi_st_dout_tdata[0]  ; Register  ;
; u0|intel_vvp_adv_tpg_0|intel_vvp_adv_tpg_0|scheduler|tpg_core_cmd_gen[1].core_cmd_master_inst|pipe_bridge_inst|axi_st_dout_tdata[4..9,11..17,22..33]           ; Merged with u0|intel_vvp_adv_tpg_0|intel_vvp_adv_tpg_0|scheduler|tpg_core_cmd_gen[1].core_cmd_master_inst|pipe_bridge_inst|axi_st_dout_tdata[10] ; Register  ;
; u0|intel_vvp_adv_tpg_0|intel_vvp_adv_tpg_0|scheduler|tpg_core_cmd_gen[0].core_cmd_master_inst|pipe_bridge_inst|axi_st_dout_tdata[4..9,11..17,22..33]           ; Merged with u0|intel_vvp_adv_tpg_0|intel_vvp_adv_tpg_0|scheduler|tpg_core_cmd_gen[0].core_cmd_master_inst|pipe_bridge_inst|axi_st_dout_tdata[10] ; Register  ;
; u0|intel_vvp_adv_tpg_0|intel_vvp_adv_tpg_0|scheduler|ctrl_out_gen.internal_ctrl_data[3][0]                                                                     ; Merged with u0|intel_vvp_adv_tpg_0|intel_vvp_adv_tpg_0|scheduler|ctrl_out_gen.internal_ctrl_data[2][10]                                          ; Register  ;
; u0|intel_vvp_adv_tpg_0|intel_vvp_adv_tpg_0|scheduler|ctrl_out_gen.internal_ctrl_data[2][3..4]                                                                  ; Merged with u0|intel_vvp_adv_tpg_0|intel_vvp_adv_tpg_0|scheduler|ctrl_out_gen.internal_ctrl_data[2][10]                                          ; Register  ;
; u0|intel_vvp_adv_tpg_0|intel_vvp_adv_tpg_0|scheduler|ctrl_out_gen.internal_ctrl_data[2][7..9]                                                                  ; Merged with u0|intel_vvp_adv_tpg_0|intel_vvp_adv_tpg_0|scheduler|ctrl_out_gen.internal_ctrl_data[2][10]                                          ; Register  ;
; u0|intel_vvp_adv_tpg_0|intel_vvp_adv_tpg_0|scheduler|ctrl_out_gen.internal_ctrl_data[2][11..13]                                                                ; Merged with u0|intel_vvp_adv_tpg_0|intel_vvp_adv_tpg_0|scheduler|ctrl_out_gen.internal_ctrl_data[2][10]                                          ; Register  ;
; u0|intel_vvp_adv_tpg_0|intel_vvp_adv_tpg_0|scheduler|ctrl_out_gen.internal_ctrl_data[2][1..2]                                                                  ; Merged with u0|intel_vvp_adv_tpg_0|intel_vvp_adv_tpg_0|scheduler|ctrl_out_gen.internal_ctrl_data[2][0]                                           ; Register  ;
; u0|intel_vvp_adv_tpg_0|intel_vvp_adv_tpg_0|scheduler|ctrl_out_gen.internal_ctrl_data[2][5..6]                                                                  ; Merged with u0|intel_vvp_adv_tpg_0|intel_vvp_adv_tpg_0|scheduler|ctrl_out_gen.internal_ctrl_data[2][0]                                           ; Register  ;
; u0|intel_vvp_adv_tpg_0|intel_vvp_adv_tpg_0|scheduler|ctrl_out_gen.internal_ctrl_data[2][15]                                                                    ; Merged with u0|intel_vvp_adv_tpg_0|intel_vvp_adv_tpg_0|scheduler|ctrl_out_gen.internal_ctrl_data[2][14]                                          ; Register  ;
; u0|intel_vvp_adv_tpg_0|intel_vvp_adv_tpg_0|scheduler|ctrl_out_gen.internal_ctrl_data[3][3..4]                                                                  ; Merged with u0|intel_vvp_adv_tpg_0|intel_vvp_adv_tpg_0|scheduler|ctrl_out_gen.internal_ctrl_data[3][10]                                          ; Register  ;
; u0|intel_vvp_adv_tpg_0|intel_vvp_adv_tpg_0|scheduler|ctrl_out_gen.internal_ctrl_data[3][7..9]                                                                  ; Merged with u0|intel_vvp_adv_tpg_0|intel_vvp_adv_tpg_0|scheduler|ctrl_out_gen.internal_ctrl_data[3][10]                                          ; Register  ;
; u0|intel_vvp_adv_tpg_0|intel_vvp_adv_tpg_0|scheduler|ctrl_out_gen.internal_ctrl_data[3][11..15]                                                                ; Merged with u0|intel_vvp_adv_tpg_0|intel_vvp_adv_tpg_0|scheduler|ctrl_out_gen.internal_ctrl_data[3][10]                                          ; Register  ;
; u0|intel_vvp_adv_tpg_0|intel_vvp_adv_tpg_0|scheduler|ctrl_out_gen.internal_ctrl_data[3][1..2]                                                                  ; Merged with u0|intel_vvp_adv_tpg_0|intel_vvp_adv_tpg_0|scheduler|ctrl_out_gen.internal_ctrl_data[3][0]                                           ; Register  ;
; u0|intel_vvp_adv_tpg_0|intel_vvp_adv_tpg_0|scheduler|ctrl_out_gen.internal_ctrl_data[3][5..6]                                                                  ; Merged with u0|intel_vvp_adv_tpg_0|intel_vvp_adv_tpg_0|scheduler|ctrl_out_gen.internal_ctrl_data[3][0]                                           ; Register  ;
; u0|intel_vvp_adv_tpg_0|intel_vvp_adv_tpg_0|core_inst_1|bar_type_str[1]                                                                                         ; Merged with u0|intel_vvp_adv_tpg_0|intel_vvp_adv_tpg_0|core_inst_1|bar_type_str[0]                                                               ; Register  ;
; u0|intel_vvp_adv_tpg_0|intel_vvp_adv_tpg_0|core_inst_0|bar_type_str[1]                                                                                         ; Merged with u0|intel_vvp_adv_tpg_0|intel_vvp_adv_tpg_0|core_inst_0|bar_type_str[0]                                                               ; Register  ;
; u0|intel_vvp_adv_tpg_0|intel_vvp_adv_tpg_0|core_inst_0|cmd_bar_width[0..10]                                                                                    ; Stuck at GND due to stuck port data_in                                                                                                           ; Register  ;
; u0|intel_vvp_adv_tpg_0|intel_vvp_adv_tpg_0|core_inst_0|cmd_bar_remainder[1..2]                                                                                 ; Stuck at GND due to stuck port data_in                                                                                                           ; Register  ;
; u0|intel_vvp_adv_tpg_0|intel_vvp_adv_tpg_0|core_inst_1|cmd_bar_width[0..10]                                                                                    ; Stuck at GND due to stuck port data_in                                                                                                           ; Register  ;
; u0|intel_vvp_adv_tpg_0|intel_vvp_adv_tpg_0|core_inst_1|cmd_bar_remainder[1..2]                                                                                 ; Stuck at GND due to stuck port data_in                                                                                                           ; Register  ;
; u0|intel_vvp_adv_tpg_0|intel_vvp_adv_tpg_0|mixer_inst_0|dp_inst|inv_alpha_str[0..7]                                                                            ; Stuck at GND due to stuck port data_in                                                                                                           ; Register  ;
; u0|intel_vvp_adv_tpg_0|intel_vvp_adv_tpg_0|scheduler|tpg_core_cmd_gen[1].tpg_cmd_data[3]                                                                       ; Stuck at GND due to stuck port data_in                                                                                                           ; Register  ;
; u0|intel_vvp_adv_tpg_0|intel_vvp_adv_tpg_0|scheduler|ctrl_out_gen.internal_ctrl_data[3][10]                                                                    ; Stuck at GND due to stuck port data_in                                                                                                           ; Register  ;
; u0|intel_vvp_adv_tpg_0|intel_vvp_adv_tpg_0|scheduler|ctrl_out_gen.internal_ctrl_data[2][14]                                                                    ; Stuck at GND due to stuck port data_in                                                                                                           ; Register  ;
; u0|intel_vvp_dil_0|intel_vvp_dil_0|scheduler|iip_beat_counter[2]                                                                                               ; Stuck at GND due to stuck port data_in                                                                                                           ; Register  ;
; u0|intel_vvp_adv_tpg_0|intel_vvp_adv_tpg_0|mixer_inst_0|dp_inst|alpha_str[7]                                                                                   ; Stuck at GND due to stuck port data_in                                                                                                           ; Register  ;
; u0|intel_vvp_adv_tpg_0|intel_vvp_adv_tpg_0|scheduler|tpg_core_cmd_gen[1].core_cmd_master_inst|pipe_bridge_inst|tdata_reg[3]                                    ; Stuck at GND due to stuck port data_in                                                                                                           ; Register  ;
; u0|intel_vvp_adv_tpg_0|intel_vvp_adv_tpg_0|scheduler|tpg_core_cmd_gen[1].core_cmd_master_inst|pipe_bridge_inst|axi_st_dout_tdata[0]                            ; Stuck at GND due to stuck port data_in                                                                                                           ; Register  ;
; u0|intel_vvp_adv_tpg_0|intel_vvp_adv_tpg_0|core_inst_0|cmd_bar_remainder[0]                                                                                    ; Merged with u0|intel_vvp_adv_tpg_0|intel_vvp_adv_tpg_0|core_inst_0|cmd_bar_width[11]                                                             ; Register  ;
; u0|intel_vvp_adv_tpg_0|intel_vvp_adv_tpg_0|core_inst_0|cmd_width_too_small                                                                                     ; Merged with u0|intel_vvp_adv_tpg_0|intel_vvp_adv_tpg_0|core_inst_0|cmd_bar_width[11]                                                             ; Register  ;
; u0|intel_vvp_adv_tpg_0|intel_vvp_adv_tpg_0|core_inst_0|bar_width_str[1..10]                                                                                    ; Merged with u0|intel_vvp_adv_tpg_0|intel_vvp_adv_tpg_0|core_inst_0|bar_width_str[0]                                                              ; Register  ;
; u0|intel_vvp_adv_tpg_0|intel_vvp_adv_tpg_0|core_inst_1|cmd_bar_remainder[0]                                                                                    ; Merged with u0|intel_vvp_adv_tpg_0|intel_vvp_adv_tpg_0|core_inst_1|cmd_bar_width[11]                                                             ; Register  ;
; u0|intel_vvp_adv_tpg_0|intel_vvp_adv_tpg_0|core_inst_1|cmd_width_too_small                                                                                     ; Merged with u0|intel_vvp_adv_tpg_0|intel_vvp_adv_tpg_0|core_inst_1|cmd_bar_width[11]                                                             ; Register  ;
; u0|intel_vvp_adv_tpg_0|intel_vvp_adv_tpg_0|core_inst_1|bar_width_str[1..10]                                                                                    ; Merged with u0|intel_vvp_adv_tpg_0|intel_vvp_adv_tpg_0|core_inst_1|bar_width_str[0]                                                              ; Register  ;
; u0|intel_vvp_adv_tpg_0|intel_vvp_adv_tpg_0|core_inst_0|bar_width_str[11]                                                                                       ; Stuck at GND due to stuck port data_in                                                                                                           ; Register  ;
; u0|intel_vvp_adv_tpg_0|intel_vvp_adv_tpg_0|core_inst_1|bar_width_str[11]                                                                                       ; Stuck at GND due to stuck port data_in                                                                                                           ; Register  ;
; u0|intel_vvp_adv_tpg_0|intel_vvp_adv_tpg_0|core_inst_0|next_bar_width[12]                                                                                      ; Stuck at GND due to stuck port data_in                                                                                                           ; Register  ;
; u0|intel_vvp_adv_tpg_0|intel_vvp_adv_tpg_0|core_inst_1|next_bar_width[12]                                                                                      ; Stuck at GND due to stuck port data_in                                                                                                           ; Register  ;
; u0|intel_vvp_adv_tpg_0|intel_vvp_adv_tpg_0|scheduler|tpg_core_cmd_gen[1].tpg_cmd_data[33]                                                                      ; Merged with u0|intel_vvp_adv_tpg_0|intel_vvp_adv_tpg_0|scheduler|tpg_core_cmd_gen[1].tpg_cmd_data[1]                                             ; Register  ;
; u0|intel_vvp_adv_tpg_0|intel_vvp_adv_tpg_0|core_inst_1|next_bar_width[2..10]                                                                                   ; Merged with u0|intel_vvp_adv_tpg_0|intel_vvp_adv_tpg_0|core_inst_1|next_bar_width[1]                                                             ; Register  ;
; u0|intel_vvp_adv_tpg_0|intel_vvp_adv_tpg_0|core_inst_0|next_bar_width[2..10]                                                                                   ; Merged with u0|intel_vvp_adv_tpg_0|intel_vvp_adv_tpg_0|core_inst_0|next_bar_width[1]                                                             ; Register  ;
; u0|intel_vvp_adv_tpg_0|intel_vvp_adv_tpg_0|scheduler|tpg_core_cmd_gen[1].core_cmd_master_inst|pipe_bridge_inst|tdata_reg[33]                                   ; Merged with u0|intel_vvp_adv_tpg_0|intel_vvp_adv_tpg_0|scheduler|tpg_core_cmd_gen[1].core_cmd_master_inst|pipe_bridge_inst|tdata_reg[1]          ; Register  ;
; u0|intel_vvp_adv_tpg_0|intel_vvp_adv_tpg_0|scheduler|state.STOPPED                                                                                             ; Lost fanout                                                                                                                                      ; Register  ;
; u0|intel_vvp_dil_0|intel_vvp_dil_0|line_buffer|resend_inst|read_state~0                                                                                        ; Lost fanout                                                                                                                                      ; Register  ;
; u0|intel_vvp_dil_0|intel_vvp_dil_0|line_buffer|resend_inst|read_state~1                                                                                        ; Lost fanout                                                                                                                                      ; Register  ;
; u0|intel_vvp_dil_0|intel_vvp_dil_0|line_buffer|resend_inst|read_state~2                                                                                        ; Lost fanout                                                                                                                                      ; Register  ;
; u0|intel_vvp_dil_0|intel_vvp_dil_0|line_buffer|resend_inst|write_state~0                                                                                       ; Lost fanout                                                                                                                                      ; Register  ;
; u0|intel_vvp_dil_0|intel_vvp_dil_0|line_buffer|resend_inst|write_state~1                                                                                       ; Lost fanout                                                                                                                                      ; Register  ;
; u0|intel_vvp_dil_0|intel_vvp_dil_0|line_buffer|resend_inst|write_state~2                                                                                       ; Lost fanout                                                                                                                                      ; Register  ;
; u0|intel_vvp_adv_tpg_0|intel_vvp_adv_tpg_0|mixer_inst_0|dp_inst|state~0                                                                                        ; Lost fanout                                                                                                                                      ; Register  ;
; u0|intel_vvp_adv_tpg_0|intel_vvp_adv_tpg_0|mixer_inst_0|dp_inst|state~1                                                                                        ; Lost fanout                                                                                                                                      ; Register  ;
; u0|intel_vvp_adv_tpg_0|intel_vvp_adv_tpg_0|mixer_inst_0|dp_inst|state~2                                                                                        ; Lost fanout                                                                                                                                      ; Register  ;
; u0|intel_vvp_dil_0|intel_vvp_dil_0|scheduler|state~0                                                                                                           ; Lost fanout                                                                                                                                      ; Register  ;
; u0|intel_vvp_dil_0|intel_vvp_dil_0|scheduler|state~1                                                                                                           ; Lost fanout                                                                                                                                      ; Register  ;
; u0|intel_vvp_dil_0|intel_vvp_dil_0|scheduler|state~2                                                                                                           ; Lost fanout                                                                                                                                      ; Register  ;
; u0|intel_vvp_dil_0|intel_vvp_dil_0|scheduler|state~3                                                                                                           ; Lost fanout                                                                                                                                      ; Register  ;
; u0|intel_vvp_dil_0|intel_vvp_dil_0|scheduler|state~4                                                                                                           ; Lost fanout                                                                                                                                      ; Register  ;
; u0|intel_vvp_dil_0|intel_vvp_dil_0|scheduler|state~5                                                                                                           ; Lost fanout                                                                                                                                      ; Register  ;
; u0|intel_vvp_dil_0|intel_vvp_dil_0|duplicator|state~1                                                                                                          ; Lost fanout                                                                                                                                      ; Register  ;
; u0|intel_vvp_dil_0|intel_vvp_dil_0|mux|state~1                                                                                                                 ; Lost fanout                                                                                                                                      ; Register  ;
; u0|intel_vvp_adv_tpg_0|intel_vvp_adv_tpg_0|core_inst_1|state~0                                                                                                 ; Lost fanout                                                                                                                                      ; Register  ;
; u0|intel_vvp_adv_tpg_0|intel_vvp_adv_tpg_0|core_inst_1|state~1                                                                                                 ; Lost fanout                                                                                                                                      ; Register  ;
; u0|intel_vvp_adv_tpg_0|intel_vvp_adv_tpg_0|core_inst_0|state~0                                                                                                 ; Lost fanout                                                                                                                                      ; Register  ;
; u0|intel_vvp_adv_tpg_0|intel_vvp_adv_tpg_0|core_inst_0|state~1                                                                                                 ; Lost fanout                                                                                                                                      ; Register  ;
; u0|intel_vvp_adv_tpg_0|intel_vvp_adv_tpg_0|scheduler|state~0                                                                                                   ; Lost fanout                                                                                                                                      ; Register  ;
; u0|intel_vvp_adv_tpg_0|intel_vvp_adv_tpg_0|scheduler|state~1                                                                                                   ; Lost fanout                                                                                                                                      ; Register  ;
; u0|intel_vvp_adv_tpg_0|intel_vvp_adv_tpg_0|scheduler|state~2                                                                                                   ; Lost fanout                                                                                                                                      ; Register  ;
; u0|intel_vvp_adv_tpg_0|intel_vvp_adv_tpg_0|scheduler|state~3                                                                                                   ; Lost fanout                                                                                                                                      ; Register  ;
; u0|intel_vvp_dil_0|intel_vvp_dil_0|scheduler|state.SOF_SEEN_READ_REGISTERS                                                                                     ; Stuck at GND due to stuck port data_in                                                                                                           ; Register  ;
; u0|intel_vvp_dil_0|intel_vvp_dil_0|line_buffer|resend_inst|read_state.READ_SEND_RESP                                                                           ; Stuck at GND due to stuck port data_in                                                                                                           ; Register  ;
; u0|intel_vvp_adv_tpg_0|intel_vvp_adv_tpg_0|scheduler|state.PROCESS_REGMAP_INFO                                                                                 ; Stuck at GND due to stuck port data_in                                                                                                           ; Register  ;
; u0|intel_vvp_adv_tpg_0|intel_vvp_adv_tpg_0|scheduler|tpg_core_cmd_gen[0].core_cmd_master_inst|pipe_bridge_inst|axi_st_dout_tdata[10]                           ; Merged with u0|intel_vvp_adv_tpg_0|intel_vvp_adv_tpg_0|scheduler|tpg_core_cmd_gen[0].core_cmd_master_inst|pipe_bridge_inst|axi_st_dout_tdata[1]  ; Register  ;
; u0|intel_vvp_adv_tpg_0|intel_vvp_adv_tpg_0|scheduler|layer_line_num[0][14]                                                                                     ; Lost fanout                                                                                                                                      ; Register  ;
; u0|intel_vvp_adv_tpg_0|intel_vvp_adv_tpg_0|scheduler|line_num[0..15]                                                                                           ; Lost fanout                                                                                                                                      ; Register  ;
; u0|intel_vvp_adv_tpg_0|intel_vvp_adv_tpg_0|core_inst_0|bar_type_str[0]                                                                                         ; Stuck at GND due to stuck port data_in                                                                                                           ; Register  ;
; u0|intel_vvp_adv_tpg_0|intel_vvp_adv_tpg_0|core_inst_0|colour_region                                                                                           ; Lost fanout                                                                                                                                      ; Register  ;
; u0|intel_vvp_adv_tpg_0|intel_vvp_adv_tpg_0|core_inst_0|grey_region                                                                                             ; Lost fanout                                                                                                                                      ; Register  ;
; u0|intel_vvp_adv_tpg_0|intel_vvp_adv_tpg_0|scheduler|tpg_core_cmd_gen[0].core_cmd_master_inst|pipe_bridge_inst|axi_st_dout_tdata[36..49]                       ; Lost fanout                                                                                                                                      ; Register  ;
; u0|intel_vvp_adv_tpg_0|intel_vvp_adv_tpg_0|scheduler|tpg_core_cmd_gen[0].core_cmd_master_inst|pipe_bridge_inst|tdata_reg[36..49]                               ; Lost fanout                                                                                                                                      ; Register  ;
; u0|intel_vvp_adv_tpg_0|intel_vvp_adv_tpg_0|scheduler|tpg_core_cmd_gen[0].tpg_cmd_data[36..49]                                                                  ; Lost fanout                                                                                                                                      ; Register  ;
; u0|intel_vvp_adv_tpg_0|intel_vvp_adv_tpg_0|core_inst_0|bar_type_resolved[0..1]                                                                                 ; Stuck at GND due to stuck port data_in                                                                                                           ; Register  ;
; u0|intel_vvp_adv_tpg_0|intel_vvp_adv_tpg_0|core_inst_0|pure_data_out[4,12,20]                                                                                  ; Stuck at VCC due to stuck port data_in                                                                                                           ; Register  ;
; u0|intel_vvp_adv_tpg_0|intel_vvp_adv_tpg_0|core_inst_0|pure_data_out[0..1,6,8..9,14,16..17,22]                                                                 ; Stuck at GND due to stuck port data_in                                                                                                           ; Register  ;
; u0|intel_vvp_adv_tpg_0|intel_vvp_adv_tpg_0|core_inst_1|bar_remainder[2]                                                                                        ; Stuck at GND due to stuck port data_in                                                                                                           ; Register  ;
; u0|intel_vvp_adv_tpg_0|intel_vvp_adv_tpg_0|core_inst_0|bar_remainder[2]                                                                                        ; Stuck at GND due to stuck port data_in                                                                                                           ; Register  ;
; Total Number of Removed Nodes = 418                                                                                                                            ;                                                                                                                                                  ;           ;
+----------------------------------------------------------------------------------------------------------------------------------------------------------------+--------------------------------------------------------------------------------------------------------------------------------------------------+-----------+


+-----------------------------------------------------------------------------------------------------------------------------------------------------------------------------------------------------------------------------------------------------------------------------------------------------------------------------------+
; Removed Registers Triggering Further Register Optimizations                                                                                                                                                                                                                                                                       ;
+--------------------------------------------------------------------------------------------------------------------------------------+----------------------------------------+-----------+---------------------------------------------------------------------------------------------------------------------------------------+
; Node name                                                                                                                            ; Reason for Removal                     ; Node Type ; Nodes Removed due to This Node                                                                                                        ;
+--------------------------------------------------------------------------------------------------------------------------------------+----------------------------------------+-----------+---------------------------------------------------------------------------------------------------------------------------------------+
; u0|intel_vvp_adv_tpg_0|intel_vvp_adv_tpg_0|scheduler|tpg_core_cmd_gen[0].tpg_cmd_data[3]                                             ; Stuck at GND due to stuck port data_in ; Register  ; u0|intel_vvp_adv_tpg_0|intel_vvp_adv_tpg_0|scheduler|tpg_core_cmd_gen[0].core_cmd_master_inst|pipe_bridge_inst|axi_st_dout_tdata[3],  ;
;                                                                                                                                      ;                                        ;           ; u0|intel_vvp_adv_tpg_0|intel_vvp_adv_tpg_0|core_inst_0|bar_width_str[11],                                                             ;
;                                                                                                                                      ;                                        ;           ; u0|intel_vvp_adv_tpg_0|intel_vvp_adv_tpg_0|core_inst_0|bar_type_str[0],                                                               ;
;                                                                                                                                      ;                                        ;           ; u0|intel_vvp_adv_tpg_0|intel_vvp_adv_tpg_0|core_inst_0|colour_region,                                                                 ;
;                                                                                                                                      ;                                        ;           ; u0|intel_vvp_adv_tpg_0|intel_vvp_adv_tpg_0|core_inst_0|grey_region,                                                                   ;
;                                                                                                                                      ;                                        ;           ; u0|intel_vvp_adv_tpg_0|intel_vvp_adv_tpg_0|scheduler|tpg_core_cmd_gen[0].core_cmd_master_inst|pipe_bridge_inst|axi_st_dout_tdata[48], ;
;                                                                                                                                      ;                                        ;           ; u0|intel_vvp_adv_tpg_0|intel_vvp_adv_tpg_0|scheduler|tpg_core_cmd_gen[0].core_cmd_master_inst|pipe_bridge_inst|axi_st_dout_tdata[49], ;
;                                                                                                                                      ;                                        ;           ; u0|intel_vvp_adv_tpg_0|intel_vvp_adv_tpg_0|scheduler|tpg_core_cmd_gen[0].core_cmd_master_inst|pipe_bridge_inst|axi_st_dout_tdata[47], ;
;                                                                                                                                      ;                                        ;           ; u0|intel_vvp_adv_tpg_0|intel_vvp_adv_tpg_0|scheduler|tpg_core_cmd_gen[0].core_cmd_master_inst|pipe_bridge_inst|tdata_reg[48],         ;
;                                                                                                                                      ;                                        ;           ; u0|intel_vvp_adv_tpg_0|intel_vvp_adv_tpg_0|scheduler|tpg_core_cmd_gen[0].core_cmd_master_inst|pipe_bridge_inst|tdata_reg[49],         ;
;                                                                                                                                      ;                                        ;           ; u0|intel_vvp_adv_tpg_0|intel_vvp_adv_tpg_0|scheduler|tpg_core_cmd_gen[0].core_cmd_master_inst|pipe_bridge_inst|axi_st_dout_tdata[46], ;
;                                                                                                                                      ;                                        ;           ; u0|intel_vvp_adv_tpg_0|intel_vvp_adv_tpg_0|scheduler|tpg_core_cmd_gen[0].tpg_cmd_data[48],                                            ;
;                                                                                                                                      ;                                        ;           ; u0|intel_vvp_adv_tpg_0|intel_vvp_adv_tpg_0|scheduler|tpg_core_cmd_gen[0].tpg_cmd_data[49],                                            ;
;                                                                                                                                      ;                                        ;           ; u0|intel_vvp_adv_tpg_0|intel_vvp_adv_tpg_0|scheduler|tpg_core_cmd_gen[0].core_cmd_master_inst|pipe_bridge_inst|tdata_reg[47],         ;
;                                                                                                                                      ;                                        ;           ; u0|intel_vvp_adv_tpg_0|intel_vvp_adv_tpg_0|scheduler|tpg_core_cmd_gen[0].tpg_cmd_data[47],                                            ;
;                                                                                                                                      ;                                        ;           ; u0|intel_vvp_adv_tpg_0|intel_vvp_adv_tpg_0|scheduler|tpg_core_cmd_gen[0].core_cmd_master_inst|pipe_bridge_inst|tdata_reg[46],         ;
;                                                                                                                                      ;                                        ;           ; u0|intel_vvp_adv_tpg_0|intel_vvp_adv_tpg_0|scheduler|tpg_core_cmd_gen[0].tpg_cmd_data[46],                                            ;
;                                                                                                                                      ;                                        ;           ; u0|intel_vvp_adv_tpg_0|intel_vvp_adv_tpg_0|core_inst_0|bar_type_resolved[0],                                                          ;
;                                                                                                                                      ;                                        ;           ; u0|intel_vvp_adv_tpg_0|intel_vvp_adv_tpg_0|core_inst_0|bar_type_resolved[1],                                                          ;
;                                                                                                                                      ;                                        ;           ; u0|intel_vvp_adv_tpg_0|intel_vvp_adv_tpg_0|core_inst_0|pure_data_out[20],                                                             ;
;                                                                                                                                      ;                                        ;           ; u0|intel_vvp_adv_tpg_0|intel_vvp_adv_tpg_0|core_inst_0|pure_data_out[0],                                                              ;
;                                                                                                                                      ;                                        ;           ; u0|intel_vvp_adv_tpg_0|intel_vvp_adv_tpg_0|core_inst_0|pure_data_out[1],                                                              ;
;                                                                                                                                      ;                                        ;           ; u0|intel_vvp_adv_tpg_0|intel_vvp_adv_tpg_0|core_inst_0|pure_data_out[4],                                                              ;
;                                                                                                                                      ;                                        ;           ; u0|intel_vvp_adv_tpg_0|intel_vvp_adv_tpg_0|core_inst_0|pure_data_out[6],                                                              ;
;                                                                                                                                      ;                                        ;           ; u0|intel_vvp_adv_tpg_0|intel_vvp_adv_tpg_0|core_inst_0|pure_data_out[8],                                                              ;
;                                                                                                                                      ;                                        ;           ; u0|intel_vvp_adv_tpg_0|intel_vvp_adv_tpg_0|core_inst_0|pure_data_out[9],                                                              ;
;                                                                                                                                      ;                                        ;           ; u0|intel_vvp_adv_tpg_0|intel_vvp_adv_tpg_0|core_inst_0|pure_data_out[12],                                                             ;
;                                                                                                                                      ;                                        ;           ; u0|intel_vvp_adv_tpg_0|intel_vvp_adv_tpg_0|core_inst_0|pure_data_out[14],                                                             ;
;                                                                                                                                      ;                                        ;           ; u0|intel_vvp_adv_tpg_0|intel_vvp_adv_tpg_0|core_inst_0|pure_data_out[16],                                                             ;
;                                                                                                                                      ;                                        ;           ; u0|intel_vvp_adv_tpg_0|intel_vvp_adv_tpg_0|core_inst_0|pure_data_out[17],                                                             ;
;                                                                                                                                      ;                                        ;           ; u0|intel_vvp_adv_tpg_0|intel_vvp_adv_tpg_0|core_inst_0|pure_data_out[22],                                                             ;
;                                                                                                                                      ;                                        ;           ; u0|intel_vvp_adv_tpg_0|intel_vvp_adv_tpg_0|core_inst_0|bar_remainder[2]                                                               ;
; u0|intel_vvp_adv_tpg_0|intel_vvp_adv_tpg_0|scheduler|line_num[14]                                                                    ; Lost fanout                            ; Register  ; u0|intel_vvp_adv_tpg_0|intel_vvp_adv_tpg_0|scheduler|line_num[12],                                                                    ;
;                                                                                                                                      ;                                        ;           ; u0|intel_vvp_adv_tpg_0|intel_vvp_adv_tpg_0|scheduler|line_num[13],                                                                    ;
;                                                                                                                                      ;                                        ;           ; u0|intel_vvp_adv_tpg_0|intel_vvp_adv_tpg_0|scheduler|line_num[11],                                                                    ;
;                                                                                                                                      ;                                        ;           ; u0|intel_vvp_adv_tpg_0|intel_vvp_adv_tpg_0|scheduler|line_num[10]                                                                     ;
; u0|intel_vvp_adv_tpg_0|intel_vvp_adv_tpg_0|scheduler|tpg_core_cmd_gen[0].core_cmd_master_inst|pipe_bridge_inst|axi_st_dout_tdata[37] ; Lost fanout                            ; Register  ; u0|intel_vvp_adv_tpg_0|intel_vvp_adv_tpg_0|scheduler|tpg_core_cmd_gen[0].core_cmd_master_inst|pipe_bridge_inst|tdata_reg[37],         ;
;                                                                                                                                      ;                                        ;           ; u0|intel_vvp_adv_tpg_0|intel_vvp_adv_tpg_0|scheduler|tpg_core_cmd_gen[0].tpg_cmd_data[37],                                            ;
;                                                                                                                                      ;                                        ;           ; u0|intel_vvp_adv_tpg_0|intel_vvp_adv_tpg_0|scheduler|line_num[1]                                                                      ;
; u0|intel_vvp_adv_tpg_0|intel_vvp_adv_tpg_0|scheduler|tpg_core_cmd_gen[0].core_cmd_master_inst|pipe_bridge_inst|axi_st_dout_tdata[36] ; Lost fanout                            ; Register  ; u0|intel_vvp_adv_tpg_0|intel_vvp_adv_tpg_0|scheduler|tpg_core_cmd_gen[0].core_cmd_master_inst|pipe_bridge_inst|tdata_reg[36],         ;
;                                                                                                                                      ;                                        ;           ; u0|intel_vvp_adv_tpg_0|intel_vvp_adv_tpg_0|scheduler|tpg_core_cmd_gen[0].tpg_cmd_data[36],                                            ;
;                                                                                                                                      ;                                        ;           ; u0|intel_vvp_adv_tpg_0|intel_vvp_adv_tpg_0|scheduler|line_num[0]                                                                      ;
; u0|intel_vvp_adv_tpg_0|intel_vvp_adv_tpg_0|scheduler|tpg_core_cmd_gen[0].core_cmd_master_inst|pipe_bridge_inst|axi_st_dout_tdata[38] ; Lost fanout                            ; Register  ; u0|intel_vvp_adv_tpg_0|intel_vvp_adv_tpg_0|scheduler|tpg_core_cmd_gen[0].core_cmd_master_inst|pipe_bridge_inst|tdata_reg[38],         ;
;                                                                                                                                      ;                                        ;           ; u0|intel_vvp_adv_tpg_0|intel_vvp_adv_tpg_0|scheduler|tpg_core_cmd_gen[0].tpg_cmd_data[38],                                            ;
;                                                                                                                                      ;                                        ;           ; u0|intel_vvp_adv_tpg_0|intel_vvp_adv_tpg_0|scheduler|line_num[2]                                                                      ;
; u0|intel_vvp_adv_tpg_0|intel_vvp_adv_tpg_0|scheduler|tpg_core_cmd_gen[0].core_cmd_master_inst|pipe_bridge_inst|axi_st_dout_tdata[39] ; Lost fanout                            ; Register  ; u0|intel_vvp_adv_tpg_0|intel_vvp_adv_tpg_0|scheduler|tpg_core_cmd_gen[0].core_cmd_master_inst|pipe_bridge_inst|tdata_reg[39],         ;
;                                                                                                                                      ;                                        ;           ; u0|intel_vvp_adv_tpg_0|intel_vvp_adv_tpg_0|scheduler|tpg_core_cmd_gen[0].tpg_cmd_data[39],                                            ;
;                                                                                                                                      ;                                        ;           ; u0|intel_vvp_adv_tpg_0|intel_vvp_adv_tpg_0|scheduler|line_num[3]                                                                      ;
; u0|intel_vvp_adv_tpg_0|intel_vvp_adv_tpg_0|scheduler|tpg_core_cmd_gen[0].core_cmd_master_inst|pipe_bridge_inst|axi_st_dout_tdata[40] ; Lost fanout                            ; Register  ; u0|intel_vvp_adv_tpg_0|intel_vvp_adv_tpg_0|scheduler|tpg_core_cmd_gen[0].core_cmd_master_inst|pipe_bridge_inst|tdata_reg[40],         ;
;                                                                                                                                      ;                                        ;           ; u0|intel_vvp_adv_tpg_0|intel_vvp_adv_tpg_0|scheduler|tpg_core_cmd_gen[0].tpg_cmd_data[40],                                            ;
;                                                                                                                                      ;                                        ;           ; u0|intel_vvp_adv_tpg_0|intel_vvp_adv_tpg_0|scheduler|line_num[4]                                                                      ;
; u0|intel_vvp_adv_tpg_0|intel_vvp_adv_tpg_0|scheduler|tpg_core_cmd_gen[0].core_cmd_master_inst|pipe_bridge_inst|axi_st_dout_tdata[41] ; Lost fanout                            ; Register  ; u0|intel_vvp_adv_tpg_0|intel_vvp_adv_tpg_0|scheduler|tpg_core_cmd_gen[0].core_cmd_master_inst|pipe_bridge_inst|tdata_reg[41],         ;
;                                                                                                                                      ;                                        ;           ; u0|intel_vvp_adv_tpg_0|intel_vvp_adv_tpg_0|scheduler|tpg_core_cmd_gen[0].tpg_cmd_data[41],                                            ;
;                                                                                                                                      ;                                        ;           ; u0|intel_vvp_adv_tpg_0|intel_vvp_adv_tpg_0|scheduler|line_num[5]                                                                      ;
; u0|intel_vvp_adv_tpg_0|intel_vvp_adv_tpg_0|scheduler|tpg_core_cmd_gen[0].core_cmd_master_inst|pipe_bridge_inst|axi_st_dout_tdata[42] ; Lost fanout                            ; Register  ; u0|intel_vvp_adv_tpg_0|intel_vvp_adv_tpg_0|scheduler|tpg_core_cmd_gen[0].core_cmd_master_inst|pipe_bridge_inst|tdata_reg[42],         ;
;                                                                                                                                      ;                                        ;           ; u0|intel_vvp_adv_tpg_0|intel_vvp_adv_tpg_0|scheduler|tpg_core_cmd_gen[0].tpg_cmd_data[42],                                            ;
;                                                                                                                                      ;                                        ;           ; u0|intel_vvp_adv_tpg_0|intel_vvp_adv_tpg_0|scheduler|line_num[6]                                                                      ;
; u0|intel_vvp_adv_tpg_0|intel_vvp_adv_tpg_0|scheduler|tpg_core_cmd_gen[0].core_cmd_master_inst|pipe_bridge_inst|axi_st_dout_tdata[43] ; Lost fanout                            ; Register  ; u0|intel_vvp_adv_tpg_0|intel_vvp_adv_tpg_0|scheduler|tpg_core_cmd_gen[0].core_cmd_master_inst|pipe_bridge_inst|tdata_reg[43],         ;
;                                                                                                                                      ;                                        ;           ; u0|intel_vvp_adv_tpg_0|intel_vvp_adv_tpg_0|scheduler|tpg_core_cmd_gen[0].tpg_cmd_data[43],                                            ;
;                                                                                                                                      ;                                        ;           ; u0|intel_vvp_adv_tpg_0|intel_vvp_adv_tpg_0|scheduler|line_num[7]                                                                      ;
; u0|intel_vvp_adv_tpg_0|intel_vvp_adv_tpg_0|scheduler|tpg_core_cmd_gen[0].core_cmd_master_inst|pipe_bridge_inst|axi_st_dout_tdata[44] ; Lost fanout                            ; Register  ; u0|intel_vvp_adv_tpg_0|intel_vvp_adv_tpg_0|scheduler|tpg_core_cmd_gen[0].core_cmd_master_inst|pipe_bridge_inst|tdata_reg[44],         ;
;                                                                                                                                      ;                                        ;           ; u0|intel_vvp_adv_tpg_0|intel_vvp_adv_tpg_0|scheduler|tpg_core_cmd_gen[0].tpg_cmd_data[44],                                            ;
;                                                                                                                                      ;                                        ;           ; u0|intel_vvp_adv_tpg_0|intel_vvp_adv_tpg_0|scheduler|line_num[8]                                                                      ;
; u0|intel_vvp_adv_tpg_0|intel_vvp_adv_tpg_0|scheduler|tpg_core_cmd_gen[0].core_cmd_master_inst|pipe_bridge_inst|axi_st_dout_tdata[45] ; Lost fanout                            ; Register  ; u0|intel_vvp_adv_tpg_0|intel_vvp_adv_tpg_0|scheduler|tpg_core_cmd_gen[0].core_cmd_master_inst|pipe_bridge_inst|tdata_reg[45],         ;
;                                                                                                                                      ;                                        ;           ; u0|intel_vvp_adv_tpg_0|intel_vvp_adv_tpg_0|scheduler|tpg_core_cmd_gen[0].tpg_cmd_data[45],                                            ;
;                                                                                                                                      ;                                        ;           ; u0|intel_vvp_adv_tpg_0|intel_vvp_adv_tpg_0|scheduler|line_num[9]                                                                      ;
; u0|intel_vvp_adv_tpg_0|intel_vvp_adv_tpg_0|scheduler|tpg_core_cmd_gen[1].tpg_cmd_data[3]                                             ; Stuck at GND due to stuck port data_in ; Register  ; u0|intel_vvp_adv_tpg_0|intel_vvp_adv_tpg_0|scheduler|tpg_core_cmd_gen[1].core_cmd_master_inst|pipe_bridge_inst|axi_st_dout_tdata[0],  ;
;                                                                                                                                      ;                                        ;           ; u0|intel_vvp_adv_tpg_0|intel_vvp_adv_tpg_0|core_inst_1|bar_width_str[11]                                                              ;
; u0|intel_vvp_adv_tpg_0|intel_vvp_adv_tpg_0|scheduler|tpg_core_cmd_gen[1].core_cmd_master_inst|pipe_bridge_inst|axi_st_dout_tdata[68] ; Lost fanout                            ; Register  ; u0|intel_vvp_adv_tpg_0|intel_vvp_adv_tpg_0|scheduler|tpg_core_cmd_gen[1].core_cmd_master_inst|pipe_bridge_inst|tdata_reg[68],         ;
;                                                                                                                                      ;                                        ;           ; u0|intel_vvp_adv_tpg_0|intel_vvp_adv_tpg_0|scheduler|tpg_core_cmd_gen[1].tpg_cmd_data[68]                                             ;
; u0|intel_vvp_adv_tpg_0|intel_vvp_adv_tpg_0|mixer_inst_0|dp_inst|alpha_str[7]                                                         ; Stuck at GND due to stuck port data_in ; Register  ; u0|intel_vvp_adv_tpg_0|intel_vvp_adv_tpg_0|mixer_inst_0|dp_inst|inv_alpha_str[0]                                                      ;
; u0|intel_vvp_adv_tpg_0|intel_vvp_adv_tpg_0|scheduler|ctrl_out_gen.internal_ctrl_data[3][10]                                          ; Stuck at GND due to stuck port data_in ; Register  ; u0|intel_vvp_adv_tpg_0|intel_vvp_adv_tpg_0|scheduler|ctrl_out_gen.internal_ctrl_data[2][14]                                           ;
; u0|intel_vvp_adv_tpg_0|intel_vvp_adv_tpg_0|core_inst_1|cmd_bar_remainder[2]                                                          ; Stuck at GND due to stuck port data_in ; Register  ; u0|intel_vvp_adv_tpg_0|intel_vvp_adv_tpg_0|core_inst_1|bar_remainder[2]                                                               ;
; u0|intel_vvp_adv_tpg_0|intel_vvp_adv_tpg_0|scheduler|tpg_core_cmd_gen[0].tpg_cmd_data[0]                                             ; Stuck at GND due to stuck port data_in ; Register  ; u0|intel_vvp_adv_tpg_0|intel_vvp_adv_tpg_0|scheduler|tpg_core_cmd_gen[0].core_cmd_master_inst|pipe_bridge_inst|axi_st_dout_tdata[0]   ;
; u0|intel_vvp_adv_tpg_0|intel_vvp_adv_tpg_0|scheduler|tpg_core_cmd_gen[0].tpg_cmd_data[2]                                             ; Stuck at GND due to stuck port data_in ; Register  ; u0|intel_vvp_adv_tpg_0|intel_vvp_adv_tpg_0|scheduler|tpg_core_cmd_gen[0].core_cmd_master_inst|pipe_bridge_inst|axi_st_dout_tdata[2]   ;
+--------------------------------------------------------------------------------------------------------------------------------------+----------------------------------------+-----------+---------------------------------------------------------------------------------------------------------------------------------------+


+------------------------------------------------------------+
; General Register Statistics for Partition "root_partition" ;
+----------------------------------------------+-------------+
; Statistic                                    ; Value       ;
+----------------------------------------------+-------------+
; Total registers                              ; 1269        ;
; Number of registers using Synchronous Clear  ; 318         ;
; Number of registers using Synchronous Load   ; 247         ;
; Number of registers using Asynchronous Clear ; 0           ;
; Number of registers using Asynchronous Load  ; 0           ;
; Number of registers using Clock Enable       ; 967         ;
; Number of registers using Preset             ; 0           ;
+----------------------------------------------+-------------+


+---------------------------------------------------------------------------------------------------------------------------------------------------------------------------------------------------------------------------------------+
; Multiplexer Restructuring Statistics (Restructuring Performed)                                                                                                                                                                        ;
+--------------------+-----------+---------------+----------------------+------------------------+------------+-----------------------------------------------------------------------------------------------+-------------------------+
; Multiplexer Inputs ; Bus Width ; Baseline Area ; Area if Restructured ; Saving if Restructured ; Registered ; Example Multiplexer Output                                                                    ; Restructuring Performed ;
+--------------------+-----------+---------------+----------------------+------------------------+------------+-----------------------------------------------------------------------------------------------+-------------------------+
; 3:1                ; 14 bits   ; 28 LEs        ; 0 LEs                ; 28 LEs                 ; Yes        ; u0|intel_vvp_adv_tpg_0|intel_vvp_adv_tpg_0|scheduler|tpg_core_cmd_gen[1].tpg_cmd_data[37]     ; Yes                     ;
; 3:1                ; 12 bits   ; 24 LEs        ; 12 LEs               ; 12 LEs                 ; Yes        ; u0|intel_vvp_adv_tpg_0|intel_vvp_adv_tpg_0|core_inst_1|bar_pixel_count[0][1]                  ; Yes                     ;
; 3:1                ; 12 bits   ; 24 LEs        ; 12 LEs               ; 12 LEs                 ; Yes        ; u0|intel_vvp_adv_tpg_0|intel_vvp_adv_tpg_0|core_inst_0|bar_pixel_count[0][5]                  ; Yes                     ;
; 3:1                ; 11 bits   ; 22 LEs        ; 0 LEs                ; 22 LEs                 ; Yes        ; u0|intel_vvp_dil_0|intel_vvp_dil_0|line_buffer|resend_inst|read_pointer[2]                    ; Yes                     ;
; 3:1                ; 16 bits   ; 32 LEs        ; 0 LEs                ; 32 LEs                 ; Yes        ; u0|intel_vvp_dil_0|intel_vvp_dil_0|scheduler|iip_packet_received0.intlace_nibble[3]           ; Yes                     ;
; 3:1                ; 15 bits   ; 30 LEs        ; 15 LEs               ; 15 LEs                 ; Yes        ; u0|intel_vvp_adv_tpg_0|intel_vvp_adv_tpg_0|mixer_inst_0|dp_inst|offset_count[4]               ; Yes                     ;
; 3:1                ; 13 bits   ; 26 LEs        ; 13 LEs               ; 13 LEs                 ; Yes        ; u0|intel_vvp_adv_tpg_0|intel_vvp_adv_tpg_0|core_inst_1|pixel_count[9]                         ; Yes                     ;
; 3:1                ; 2 bits    ; 4 LEs         ; 2 LEs                ; 2 LEs                  ; Yes        ; u0|intel_vvp_adv_tpg_0|intel_vvp_adv_tpg_0|core_inst_1|pixel_count[0]                         ; Yes                     ;
; 3:1                ; 13 bits   ; 26 LEs        ; 13 LEs               ; 13 LEs                 ; Yes        ; u0|intel_vvp_adv_tpg_0|intel_vvp_adv_tpg_0|core_inst_0|pixel_count[5]                         ; Yes                     ;
; 3:1                ; 2 bits    ; 4 LEs         ; 2 LEs                ; 2 LEs                  ; Yes        ; u0|intel_vvp_adv_tpg_0|intel_vvp_adv_tpg_0|core_inst_0|pixel_count[14]                        ; Yes                     ;
; 3:1                ; 14 bits   ; 28 LEs        ; 14 LEs               ; 14 LEs                 ; Yes        ; u0|intel_vvp_adv_tpg_0|intel_vvp_adv_tpg_0|scheduler|line_counter[0]                          ; Yes                     ;
; 3:1                ; 16 bits   ; 32 LEs        ; 0 LEs                ; 32 LEs                 ; Yes        ; u0|intel_vvp_adv_tpg_0|intel_vvp_adv_tpg_0|scheduler|line_num[2]                              ; Yes                     ;
; 3:1                ; 16 bits   ; 32 LEs        ; 0 LEs                ; 32 LEs                 ; Yes        ; u0|intel_vvp_dil_0|intel_vvp_dil_0|scheduler|iip_packet_received1.width[12]                   ; Yes                     ;
; 3:1                ; 16 bits   ; 32 LEs        ; 0 LEs                ; 32 LEs                 ; Yes        ; u0|intel_vvp_dil_0|intel_vvp_dil_0|scheduler|iip_packet_received2.height[0]                   ; Yes                     ;
; 3:1                ; 16 bits   ; 32 LEs        ; 0 LEs                ; 32 LEs                 ; Yes        ; u0|intel_vvp_dil_0|intel_vvp_dil_0|scheduler|iip_packet_received3.bps[3]                      ; Yes                     ;
; 3:1                ; 12 bits   ; 24 LEs        ; 0 LEs                ; 24 LEs                 ; Yes        ; u0|intel_vvp_dil_0|intel_vvp_dil_0|line_buffer|resend_inst|write_pointer[9]                   ; Yes                     ;
; 3:1                ; 29 bits   ; 58 LEs        ; 29 LEs               ; 29 LEs                 ; Yes        ; u0|intel_vvp_adv_tpg_0|intel_vvp_adv_tpg_0|scheduler|mixer_cmd_gen[0].layer_bottom_counter[5] ; Yes                     ;
; 3:1                ; 15 bits   ; 30 LEs        ; 0 LEs                ; 30 LEs                 ; Yes        ; u0|intel_vvp_adv_tpg_0|intel_vvp_adv_tpg_0|scheduler|layer_line_num[0][12]                    ; Yes                     ;
; 3:1                ; 2 bits    ; 4 LEs         ; 2 LEs                ; 2 LEs                  ; Yes        ; u0|intel_vvp_adv_tpg_0|intel_vvp_adv_tpg_0|scheduler|ctrl_out_gen.internal_ctrl_data[0][5]    ; Yes                     ;
; 3:1                ; 2 bits    ; 4 LEs         ; 2 LEs                ; 2 LEs                  ; Yes        ; u0|intel_vvp_adv_tpg_0|intel_vvp_adv_tpg_0|scheduler|ctrl_out_gen.internal_ctrl_data[0][0]    ; Yes                     ;
; 3:1                ; 4 bits    ; 8 LEs         ; 4 LEs                ; 4 LEs                  ; Yes        ; u0|intel_vvp_adv_tpg_0|intel_vvp_adv_tpg_0|scheduler|ctrl_out_gen.internal_ctrl_data[0][4]    ; Yes                     ;
; 3:1                ; 2 bits    ; 4 LEs         ; 2 LEs                ; 2 LEs                  ; Yes        ; u0|intel_vvp_adv_tpg_0|intel_vvp_adv_tpg_0|scheduler|ctrl_out_gen.internal_ctrl_data[2][10]   ; Yes                     ;
; 4:1                ; 2 bits    ; 4 LEs         ; 4 LEs                ; 0 LEs                  ; Yes        ; u0|intel_vvp_adv_tpg_0|intel_vvp_adv_tpg_0|core_inst_1|pure_data_out[1]                       ; Yes                     ;
; 4:1                ; 2 bits    ; 4 LEs         ; 4 LEs                ; 0 LEs                  ; Yes        ; u0|intel_vvp_adv_tpg_0|intel_vvp_adv_tpg_0|core_inst_0|pure_data_out[0]                       ; Yes                     ;
; 3:1                ; 2 bits    ; 4 LEs         ; 2 LEs                ; 2 LEs                  ; Yes        ; u0|intel_vvp_adv_tpg_0|intel_vvp_adv_tpg_0|core_inst_1|bar_index[2]                           ; Yes                     ;
; 3:1                ; 2 bits    ; 4 LEs         ; 2 LEs                ; 2 LEs                  ; Yes        ; u0|intel_vvp_adv_tpg_0|intel_vvp_adv_tpg_0|core_inst_0|bar_index[1]                           ; Yes                     ;
; 3:1                ; 3 bits    ; 6 LEs         ; 3 LEs                ; 3 LEs                  ; Yes        ; u0|intel_vvp_adv_tpg_0|intel_vvp_adv_tpg_0|core_inst_1|bar_remainder[2]                       ; Yes                     ;
; 3:1                ; 3 bits    ; 6 LEs         ; 3 LEs                ; 3 LEs                  ; Yes        ; u0|intel_vvp_adv_tpg_0|intel_vvp_adv_tpg_0|core_inst_0|bar_remainder_gt_zero                  ; Yes                     ;
; 4:1                ; 16 bits   ; 32 LEs        ; 0 LEs                ; 32 LEs                 ; Yes        ; u0|intel_vvp_adv_tpg_0|intel_vvp_adv_tpg_0|scheduler|frame_count[0]                           ; Yes                     ;
; 4:1                ; 8 bits    ; 16 LEs        ; 0 LEs                ; 16 LEs                 ; Yes        ; u0|intel_vvp_adv_tpg_0|intel_vvp_adv_tpg_0|scheduler|ctrl_out_gen.internal_ctrl_data[0][9]    ; Yes                     ;
; 4:1                ; 14 bits   ; 28 LEs        ; 28 LEs               ; 0 LEs                  ; Yes        ; u0|intel_vvp_adv_tpg_0|intel_vvp_adv_tpg_0|scheduler|ctrl_out_gen.internal_ctrl_data[1][3]    ; Yes                     ;
; 4:1                ; 2 bits    ; 4 LEs         ; 2 LEs                ; 2 LEs                  ; Yes        ; u0|intel_vvp_adv_tpg_0|intel_vvp_adv_tpg_0|scheduler|ctrl_out_gen.internal_ctrl_data[1][15]   ; Yes                     ;
; 4:1                ; 2 bits    ; 4 LEs         ; 2 LEs                ; 2 LEs                  ; Yes        ; u0|intel_vvp_dil_0|intel_vvp_dil_0|algo_comp|user_pipeline[0][0]                              ; Yes                     ;
; 3:1                ; 24 bits   ; 48 LEs        ; 48 LEs               ; 0 LEs                  ; Yes        ; u0|intel_vvp_dil_0|intel_vvp_dil_0|algo_comp|combined_data_out[9]                             ; Yes                     ;
; 5:1                ; 2 bits    ; 6 LEs         ; 2 LEs                ; 4 LEs                  ; Yes        ; u0|intel_vvp_dil_0|intel_vvp_dil_0|iib|passing_ctrl                                           ; Yes                     ;
; 5:1                ; 3 bits    ; 9 LEs         ; 3 LEs                ; 6 LEs                  ; Yes        ; u0|intel_vvp_dil_0|intel_vvp_dil_0|scheduler|line_count[14]                                   ; Yes                     ;
; 5:1                ; 14 bits   ; 42 LEs        ; 0 LEs                ; 42 LEs                 ; Yes        ; u0|intel_vvp_dil_0|intel_vvp_dil_0|scheduler|line_count[11]                                   ; Yes                     ;
; 7:1                ; 11 bits   ; 44 LEs        ; 44 LEs               ; 0 LEs                  ; Yes        ; u0|intel_vvp_dil_0|intel_vvp_dil_0|oib|ccd_data[12]                                           ; Yes                     ;
; 8:1                ; 2 bits    ; 10 LEs        ; 10 LEs               ; 0 LEs                  ; Yes        ; u0|intel_vvp_dil_0|intel_vvp_dil_0|oib|ccd_data[7]                                            ; Yes                     ;
; 7:1                ; 2 bits    ; 8 LEs         ; 4 LEs                ; 4 LEs                  ; Yes        ; u0|intel_vvp_dil_0|intel_vvp_dil_0|scheduler|iip_beat_counter[0]                              ; Yes                     ;
; 7:1                ; 3 bits    ; 12 LEs        ; 6 LEs                ; 6 LEs                  ; No         ; u0|intel_vvp_dil_0|intel_vvp_dil_0|algo_comp|i16                                              ; Yes                     ;
; 10:1               ; 3 bits    ; 18 LEs        ; 9 LEs                ; 9 LEs                  ; No         ; u0|intel_vvp_dil_0|intel_vvp_dil_0|line_buffer|resend_inst|i155                               ; Yes                     ;
; 12:1               ; 3 bits    ; 24 LEs        ; 9 LEs                ; 15 LEs                 ; No         ; u0|intel_vvp_dil_0|intel_vvp_dil_0|line_buffer|resend_inst|i161                               ; Yes                     ;
; 15:1               ; 6 bits    ; 60 LEs        ; 24 LEs               ; 36 LEs                 ; No         ; u0|intel_vvp_adv_tpg_0|intel_vvp_adv_tpg_0|scheduler|i109                                     ; Yes                     ;
; 16:1               ; 2 bits    ; 20 LEs        ; 4 LEs                ; 16 LEs                 ; No         ; u0|intel_vvp_adv_tpg_0|intel_vvp_adv_tpg_0|mixer_inst_0|dp_inst|i89                           ; Yes                     ;
; 16:1               ; 2 bits    ; 20 LEs        ; 6 LEs                ; 14 LEs                 ; No         ; u0|intel_vvp_adv_tpg_0|intel_vvp_adv_tpg_0|mixer_inst_0|dp_inst|i93                           ; Yes                     ;
; 16:1               ; 2 bits    ; 20 LEs        ; 4 LEs                ; 16 LEs                 ; No         ; u0|intel_vvp_adv_tpg_0|intel_vvp_adv_tpg_0|scheduler|i108                                     ; Yes                     ;
; 17:1               ; 2 bits    ; 22 LEs        ; 4 LEs                ; 18 LEs                 ; No         ; u0|intel_vvp_adv_tpg_0|intel_vvp_adv_tpg_0|mixer_inst_0|dp_inst|i90                           ; Yes                     ;
+--------------------+-----------+---------------+----------------------+------------------------+------------+-----------------------------------------------------------------------------------------------+-------------------------+


+----------------------------------------------------------------------------------------------------------------------------------------------------------------------------------------------------------------------------+
; Multiplier Implementation Report                                                                                                                                                                                           ;
+---------------------------------------------------------------------------------------------------------------------------------------------------------+---------------+---------------+----------------+--------+--------+
; Multiplier Name                                                                                                                                         ; Input A Width ; Input B Width ; Output O Width ; Target ; Reason ;
+---------------------------------------------------------------------------------------------------------------------------------------------------------+---------------+---------------+----------------+--------+--------+
; u0|intel_vvp_adv_tpg_0|intel_vvp_adv_tpg_0|mixer_inst_0|dp_inst|blended_pixel_gen[0].blended_col_gen[2].mult_add_inst|partial_gen[0].mult_2_inst|mult_1 ; 8             ; 9             ; 17             ; dsp    ; auto   ;
; u0|intel_vvp_adv_tpg_0|intel_vvp_adv_tpg_0|mixer_inst_0|dp_inst|blended_pixel_gen[0].blended_col_gen[2].mult_add_inst|partial_gen[0].mult_2_inst|mult_0 ; 8             ; 9             ; 17             ; dsp    ; auto   ;
; u0|intel_vvp_adv_tpg_0|intel_vvp_adv_tpg_0|mixer_inst_0|dp_inst|blended_pixel_gen[0].blended_col_gen[1].mult_add_inst|partial_gen[0].mult_2_inst|mult_1 ; 8             ; 9             ; 17             ; dsp    ; auto   ;
; u0|intel_vvp_adv_tpg_0|intel_vvp_adv_tpg_0|mixer_inst_0|dp_inst|blended_pixel_gen[0].blended_col_gen[1].mult_add_inst|partial_gen[0].mult_2_inst|mult_0 ; 8             ; 9             ; 17             ; dsp    ; auto   ;
; u0|intel_vvp_adv_tpg_0|intel_vvp_adv_tpg_0|mixer_inst_0|dp_inst|blended_pixel_gen[0].blended_col_gen[0].mult_add_inst|partial_gen[0].mult_2_inst|mult_1 ; 8             ; 9             ; 17             ; dsp    ; auto   ;
; u0|intel_vvp_adv_tpg_0|intel_vvp_adv_tpg_0|mixer_inst_0|dp_inst|blended_pixel_gen[0].blended_col_gen[0].mult_add_inst|partial_gen[0].mult_2_inst|mult_0 ; 8             ; 9             ; 17             ; dsp    ; auto   ;
+---------------------------------------------------------------------------------------------------------------------------------------------------------+---------------+---------------+----------------+--------+--------+


+------------------------------------------------------------------+
; Post-Synthesis Netlist Statistics for Partition "root_partition" ;
+------------------------+-----------------------------------------+
; Type                   ; Count                                   ;
+------------------------+-----------------------------------------+
; boundary_port          ; 32                                      ;
; cyclone10gx_ff         ; 1269                                    ;
;     ENA                ; 550                                     ;
;     ENA SCLR           ; 181                                     ;
;     ENA SCLR SLD       ; 22                                      ;
;     ENA SLD            ; 214                                     ;
;     SCLR               ; 115                                     ;
;     SLD                ; 11                                      ;
;     plain              ; 176                                     ;
; cyclone10gx_lcell_comb ; 954                                     ;
;     arith              ; 334                                     ;
;         0 data inputs  ; 5                                       ;
;         1 data inputs  ; 264                                     ;
;         2 data inputs  ; 35                                      ;
;         3 data inputs  ; 30                                      ;
;     extend             ; 9                                       ;
;         7 data inputs  ; 9                                       ;
;     normal             ; 589                                     ;
;         0 data inputs  ; 64                                      ;
;         1 data inputs  ; 9                                       ;
;         2 data inputs  ; 70                                      ;
;         3 data inputs  ; 100                                     ;
;         4 data inputs  ; 80                                      ;
;         5 data inputs  ; 102                                     ;
;         6 data inputs  ; 164                                     ;
;     shared             ; 22                                      ;
;         2 data inputs  ; 22                                      ;
; cyclone10gx_mac        ; 3                                       ;
; cyclone10gx_ram_block  ; 48                                      ;
;                        ;                                         ;
; Number of carry chains ; 31                                      ;
; Max carry chain length ; 17                                      ;
;                        ;                                         ;
; Max LUT depth          ; 6.00                                    ;
; Average LUT depth      ; 1.66                                    ;
+------------------------+-----------------------------------------+


+-----------------------------------------------------------------+
; Synthesis Resource Usage Summary for Partition "root_partition" ;
+---------------------------------------------+-------------------+
; Resource                                    ; Usage             ;
+---------------------------------------------+-------------------+
; Estimate of Logic utilization (ALMs needed) ; 736               ;
;                                             ;                   ;
; Combinational ALUT usage for logic          ; 954               ;
;     -- 7 input functions                    ; 9                 ;
;     -- 6 input functions                    ; 164               ;
;     -- 5 input functions                    ; 102               ;
;     -- 4 input functions                    ; 80                ;
;     -- <=3 input functions                  ; 599               ;
;                                             ;                   ;
; Dedicated logic registers                   ; 1269              ;
;                                             ;                   ;
; I/O pins                                    ; 32                ;
; Total MLAB memory bits                      ; 0                 ;
; Total block memory bits                     ; 98304             ;
;                                             ;                   ;
; Total DSP Blocks                            ; 3                 ;
;     -- [A] Total Fixed Point DSP Blocks     ; 3                 ;
;     -- [B] Total Floating Point DSP Blocks  ; 0                 ;
;                                             ;                   ;
; Maximum fan-out node                        ; clk               ;
; Maximum fan-out                             ; 1317              ;
; Total fan-out                               ; 8720              ;
; Average fan-out                             ; 3.78              ;
+---------------------------------------------+-------------------+


+-------------------------------------------------------------------------------------------------------------------------------------------------------------------------------------------------------------------------------------------------------------------------------------------------------------------------------------------------------------------------------------------------------------------------+
; Synthesis RAM Summary for Partition "root_partition"                                                                                                                                                                                                                                                                                                                                                                    ;
+---------------------------------------------------------------------------------------------------------------------------------------------------------------+------+------------------+--------------+--------------+--------------+--------------+--------------+-----------------------------+-----------------------------+-----------------------------+-----------------------------+---------------------+------+
; Name                                                                                                                                                          ; Type ; Mode             ; Port A Depth ; Port A Width ; Port B Depth ; Port B Width ; Logical Size ; Implementation Port A Depth ; Implementation Port A Width ; Implementation Port B Depth ; Implementation Port B Width ; Implementation Bits ; MIF  ;
+---------------------------------------------------------------------------------------------------------------------------------------------------------------+------+------------------+--------------+--------------+--------------+--------------+--------------+-----------------------------+-----------------------------+-----------------------------+-----------------------------+---------------------+------+
; u0|intel_vvp_dil_0|intel_vvp_dil_0|line_buffer|resend_inst|line_buffer_l0_ram_inst|ram_gen[0].line_buffer_l0_ram_inst|auto_generated|altsyncram1|ALTSYNCRAM   ; AUTO ; Simple Dual Port ; 2048         ; 10           ; 2048         ; 10           ; 20480        ; 2048                        ; 10                          ; 2048                        ; 10                          ; 20480               ; None ;
; u0|intel_vvp_dil_0|intel_vvp_dil_0|line_buffer|resend_inst|line_buffer_l0_ram_inst|ram_gen[1].line_buffer_l0_ram_inst|auto_generated|altsyncram1|ALTSYNCRAM   ; AUTO ; Simple Dual Port ; 2048         ; 10           ; 2048         ; 10           ; 20480        ; 2048                        ; 10                          ; 2048                        ; 10                          ; 20480               ; None ;
; u0|intel_vvp_dil_0|intel_vvp_dil_0|line_buffer|resend_inst|line_buffer_l0_ram_inst|ram_gen[2].line_buffer_l0_ram_inst|auto_generated|altsyncram1|ALTSYNCRAM   ; AUTO ; Simple Dual Port ; 2048         ; 10           ; 2048         ; 10           ; 20480        ; 2048                        ; 4                           ; 2048                        ; 4                           ; 8192                ; None ;
; u0|intel_vvp_dil_0|intel_vvp_dil_0|line_buffer|resend_inst|line_buffer_main_ram_inst|ram_gen[0].line_buffer_l0_ram_inst|auto_generated|altsyncram1|ALTSYNCRAM ; AUTO ; Simple Dual Port ; 2048         ; 10           ; 2048         ; 10           ; 20480        ; 2048                        ; 10                          ; 2048                        ; 10                          ; 20480               ; None ;
; u0|intel_vvp_dil_0|intel_vvp_dil_0|line_buffer|resend_inst|line_buffer_main_ram_inst|ram_gen[1].line_buffer_l0_ram_inst|auto_generated|altsyncram1|ALTSYNCRAM ; AUTO ; Simple Dual Port ; 2048         ; 10           ; 2048         ; 10           ; 20480        ; 2048                        ; 10                          ; 2048                        ; 10                          ; 20480               ; None ;
; u0|intel_vvp_dil_0|intel_vvp_dil_0|line_buffer|resend_inst|line_buffer_main_ram_inst|ram_gen[2].line_buffer_l0_ram_inst|auto_generated|altsyncram1|ALTSYNCRAM ; AUTO ; Simple Dual Port ; 2048         ; 10           ; 2048         ; 10           ; 20480        ; 2048                        ; 4                           ; 2048                        ; 4                           ; 8192                ; None ;
+---------------------------------------------------------------------------------------------------------------------------------------------------------------+------+------------------+--------------+--------------+--------------+--------------+--------------+-----------------------------+-----------------------------+-----------------------------+-----------------------------+---------------------+------+
Note: Logical size represents the size at the time of creation, implementation bits is the size at the end of synthesis. If the number of implementation bits is smaller, some slices have optimized away because they have become redundant.


+------------------------------------------------------------------+
; Synthesis DSP Block Usage Summary for Partition "root_partition" ;
+---------------------------------+--------------------------------+
; Statistic                       ; Number Used                    ;
+---------------------------------+--------------------------------+
; Sum of Two 18x18                ; 3                              ;
; Total number of DSP blocks      ; 3                              ;
; Fixed Point Unsigned Multiplier ; 6                              ;
+---------------------------------+--------------------------------+
Note: DSP block merging and most register packing occurs during the fitter.


+--------------------------------------------------------------------------------------------------------------+
; Warnings for top.v                                                                                           ;
+-------------+----------+-------+-----------------------------------------------------------------------------+
; Message ID  ; Severity ; Count ; Sample Warning                                                              ;
+-------------+----------+-------+-----------------------------------------------------------------------------+
; 13024:13410 ; Warning  ; 1     ; Output pins are stuck at VCC or GND : Pin "m_axis_tuser[2]" is stuck at GND ;
+-------------+----------+-------+-----------------------------------------------------------------------------+


+-------------------------------------------------------------------------------------------------------------------------------------------------------------------+
; Warnings for ip/pl_sys/pl_sys_intel_vvp_adv_tpg_0/intel_vvp_adv_tpg_scheduler_2451/synth/src_hdl/intel_vvp_adv_tpg_scheduler.sv                                   ;
+------------+----------+-------+-----------------------------------------------------------------------------------------------------------------------------------+
; Message ID ; Severity ; Count ; Sample Warning                                                                                                                    ;
+------------+----------+-------+-----------------------------------------------------------------------------------------------------------------------------------+
; 13469      ; Warning  ; 2     ; Verilog HDL assignment warning at intel_vvp_adv_tpg_scheduler.sv(2208): truncated value with size 16 to match size of target (14) ;
;     13469  ;          ;       ; Verilog HDL assignment warning at intel_vvp_adv_tpg_scheduler.sv(2208): truncated value with size 16 to match size of target (14) ;
;     13469  ;          ;       ; Verilog HDL assignment warning at intel_vvp_adv_tpg_scheduler.sv(2208): truncated value with size 16 to match size of target (15) ;
+------------+----------+-------+-----------------------------------------------------------------------------------------------------------------------------------+


+---------------------------------------------------------------------------------------------------------------------------------------------------------------------------------------------------------------------------------------------------------------------------------------------------------+
; General Warnings                                                                                                                                                                                                                                                                                        ;
+--------------------------+----------+-------+-----------------------------------------------------------------------------------------------------------------------------------------------------------------------------------------------------------------------------------------------------------+
; Message ID               ; Severity ; Count ; Sample Warning                                                                                                                                                                                                                                            ;
+--------------------------+----------+-------+-----------------------------------------------------------------------------------------------------------------------------------------------------------------------------------------------------------------------------------------------------------+
; 23195:23196              ; Warning  ; 1     ; Intel FPGA IP Evaluation Mode feature is turned on for the following cores: : "IP-VVP" will use the Intel FPGA IP Evaluation Mode feature.                                                                                                                ;
; 265069                   ; Warning  ; 1     ; Megafunction that supports Intel FPGA IP Evaluation Mode feature will stop functioning in 1 hour after device is programmed                                                                                                                               ;
; 265072:265073:265074     ; Warning  ; 5     ; Messages from megafunction that supports Intel FPGA IP Evaluation Mode feature : Messages from megafunction that supports Intel FPGA IP Evaluation Mode feature IP-VVP : The Video&Vision Processing functions will be disabled after time-out is reached ;
;     265072:265073:265074 ;          ;       ; Messages from megafunction that supports Intel FPGA IP Evaluation Mode feature : Messages from megafunction that supports Intel FPGA IP Evaluation Mode feature IP-VVP : The Video&Vision Processing functions will be disabled after time-out is reached ;
;     265072:265073:265074 ;          ;       ; Messages from megafunction that supports Intel FPGA IP Evaluation Mode feature : Messages from megafunction that supports Intel FPGA IP Evaluation Mode feature IP-VVP : The Video&Vision Processing functions will be disabled after time-out is reached ;
;     265072:265073:265074 ;          ;       ; Messages from megafunction that supports Intel FPGA IP Evaluation Mode feature : Messages from megafunction that supports Intel FPGA IP Evaluation Mode feature IP-VVP : The Video&Vision Processing functions will be disabled after time-out is reached ;
;     265072:265073:265074 ;          ;       ; Messages from megafunction that supports Intel FPGA IP Evaluation Mode feature : Messages from megafunction that supports Intel FPGA IP Evaluation Mode feature IP-VVP : The Video&Vision Processing functions will be disabled after time-out is reached ;
;     265072:265073:265074 ;          ;       ; Messages from megafunction that supports Intel FPGA IP Evaluation Mode feature : Messages from megafunction that supports Intel FPGA IP Evaluation Mode feature IP-VVP : The Video&Vision Processing functions will be disabled after time-out is reached ;
+--------------------------+----------+-------+-----------------------------------------------------------------------------------------------------------------------------------------------------------------------------------------------------------------------------------------------------------+


+--------------------+
; Synthesis Messages ;
+--------------------+
Info: *******************************************************************
Info: Running Quartus Prime Synthesis
    Info: Version 25.1.1 Build 125 07/31/2025 Patches 1.31 SC Pro Edition
    Info: Processing started: Wed Apr 29 17:57:35 2026
    Info: System process ID: 579880
Info: Command: quartus_syn --read_settings_files=on --write_settings_files=off example_proj -c example_proj
Info: qis_default_flow_script.tcl version: #1
Info: Initializing Synthesis...
Info: Project = "example_proj"
Info: Revision = "example_proj"
Info (21958): Initialized Quartus Message Database
Info: Analyzing source files
Info (18237): File "/mnt/ssd2/Faruqi/ip/pl_sys/pl_sys_intel_vvp_dil_0/intel_vvp_reset_sync_2440/synth/src_hdl/intel_vvp_reset_sync.sv" is a duplicate of already analyzed file "/mnt/ssd2/Faruqi/ip/pl_sys/pl_sys_intel_vvp_adv_tpg_0/intel_vvp_reset_sync_2440/synth/src_hdl/intel_vvp_reset_sync.sv" (same filename, same library name and same md5 digest). Skipping analysis of this file.
Info (18237): File "/mnt/ssd2/Faruqi/ip/pl_sys/pl_sys_intel_vvp_dil_0/intel_vvp_output_interface_bridge_2440/synth/intel_vvp_common_pkg.sv" is a duplicate of already analyzed file "/mnt/ssd2/Faruqi/ip/pl_sys/pl_sys_intel_vvp_adv_tpg_0/intel_vvp_output_interface_bridge_2440/synth/intel_vvp_common_pkg.sv" (same filename, same library name and same md5 digest). Skipping analysis of this file.
Info (18237): File "/mnt/ssd2/Faruqi/ip/pl_sys/pl_sys_intel_vvp_dil_0/intel_vvp_output_interface_bridge_2440/synth/intel_vvp_axi_pipeline_stage.sv" is a duplicate of already analyzed file "/mnt/ssd2/Faruqi/ip/pl_sys/pl_sys_intel_vvp_adv_tpg_0/intel_vvp_output_interface_bridge_2440/synth/intel_vvp_axi_pipeline_stage.sv" (same filename, same library name and same md5 digest). Skipping analysis of this file.
Info (18237): File "/mnt/ssd2/Faruqi/ip/pl_sys/pl_sys_intel_vvp_dil_0/intel_vvp_output_interface_bridge_2440/synth/intel_vvp_axi_master.sv" is a duplicate of already analyzed file "/mnt/ssd2/Faruqi/ip/pl_sys/pl_sys_intel_vvp_adv_tpg_0/intel_vvp_output_interface_bridge_2440/synth/intel_vvp_axi_master.sv" (same filename, same library name and same md5 digest). Skipping analysis of this file.
Info (18237): File "/mnt/ssd2/Faruqi/ip/pl_sys/pl_sys_intel_vvp_dil_0/intel_vvp_output_interface_bridge_2440/synth/src_hdl/intel_vvp_output_interface_bridge.sv" is a duplicate of already analyzed file "/mnt/ssd2/Faruqi/ip/pl_sys/pl_sys_intel_vvp_adv_tpg_0/intel_vvp_output_interface_bridge_2440/synth/src_hdl/intel_vvp_output_interface_bridge.sv" (same filename, same library name and same md5 digest). Skipping analysis of this file.
Info: Elaborating from top-level entity "top"
Info (18235): Library search order is as follows: "pl_sys_clock_in; pl_sys_reset_in; altera_reset_controller_1924; pl_sys; intel_vvp_reset_sync_2440; intel_vvp_adv_tpg_scheduler_2451; intel_vvp_output_interface_bridge_2440; intel_vvp_tpg_bars_algo_comp_2451; intel_vvp_mixer_algo_comp_2451; intel_vvp_adv_tpg_2451; pl_sys_intel_vvp_adv_tpg_0; intel_vvp_input_interface_bridge_2440; intel_vvp_pkt_mux_2450; intel_vvp_pkt_duplicator_2450; intel_vvp_dil_bob_algo_comp_2451; intel_vvp_dil_bob_scheduler_2451; intel_vvp_line_buffer_2440; intel_vvp_dil_2451; pl_sys_intel_vvp_dil_0". Quartus will look for undefined design units in your libraries in that order. To modify the ordering, please specify a semi-colon separated library list using the assignment LIBRARY_SEARCH_ORDER.
Info (22567): Verilog HDL info at intel_vvp_adv_tpg_scheduler.sv(2208): extracting RAM for identifier 'sigtap_secs' File: /mnt/ssd2/Faruqi/ip/pl_sys/pl_sys_intel_vvp_adv_tpg_0/intel_vvp_adv_tpg_scheduler_2451/synth/src_hdl/intel_vvp_adv_tpg_scheduler.sv Line: 2208
Info (22567): Verilog HDL info at intel_vvp_adv_tpg_scheduler.sv(2208): extracting RAM for identifier 'sigtap_frames' File: /mnt/ssd2/Faruqi/ip/pl_sys/pl_sys_intel_vvp_adv_tpg_0/intel_vvp_adv_tpg_scheduler_2451/synth/src_hdl/intel_vvp_adv_tpg_scheduler.sv Line: 2208
Warning (13469): Verilog HDL assignment warning at intel_vvp_adv_tpg_scheduler.sv(2208): truncated value with size 16 to match size of target (14) File: /mnt/ssd2/Faruqi/ip/pl_sys/pl_sys_intel_vvp_adv_tpg_0/intel_vvp_adv_tpg_scheduler_2451/synth/src_hdl/intel_vvp_adv_tpg_scheduler.sv Line: 2208
Warning (13469): Verilog HDL assignment warning at intel_vvp_adv_tpg_scheduler.sv(2208): truncated value with size 16 to match size of target (15) File: /mnt/ssd2/Faruqi/ip/pl_sys/pl_sys_intel_vvp_adv_tpg_0/intel_vvp_adv_tpg_scheduler_2451/synth/src_hdl/intel_vvp_adv_tpg_scheduler.sv Line: 2208
Info (22567): Verilog HDL info at intel_vvp_dil_bob_scheduler.sv(1251): extracting RAM for identifier 'ctrl_reg_in' File: /mnt/ssd2/Faruqi/ip/pl_sys/pl_sys_intel_vvp_dil_0/intel_vvp_dil_bob_scheduler_2451/synth/src_hdl/intel_vvp_dil_bob_scheduler.sv Line: 1251
Info: Found 103 design entities
Info: There are 98 partitions after elaboration.
Info (19337): VHDL info at altera_ocp_endpoint.vhd(122): executing entity "altera_ocp_endpoint(sld_ocp_timeout=3600,sld_ocp_soft_timeout=0,sld_ocp_ip_info="01101010111101110000000011101110")(1,32)" with architecture "rtl" File: /mnt/ssd2/Quartus_Setup_Installation/quartus/libraries/megafunctions/altera_ocp_endpoint.vhd Line: 122
Info (19337): VHDL info at altera_fabric_endpoint.vhd(126): executing entity "altera_fabric_endpoint(send_width=2,receive_width=1,settings="{fabric ocp dir agent sld_ocp_timeout 3600 sld_ocp_soft_timeout 0 sld_ocp_ip_info {01101010111101110000000011101110} type_name 0 instance_name 0 psig 89ac057a}")(1,159)" with architecture "rtl" File: /mnt/ssd2/Quartus_Setup_Installation/quartus/libraries/megafunctions/altera_fabric_endpoint.vhd Line: 126
Warning (23195): Intel FPGA IP Evaluation Mode feature is turned on for the following cores:
    Warning (23196): "IP-VVP" will use the Intel FPGA IP Evaluation Mode feature.
Warning (265072): Messages from megafunction that supports Intel FPGA IP Evaluation Mode feature
    Warning (265073): Messages from megafunction that supports Intel FPGA IP Evaluation Mode feature IP-VVP
        Warning (265074): The Video&Vision Processing functions will be disabled after time-out is reached
        Warning (265074): The Video&Vision Processing functions will be disabled after time-out is reached
        Warning (265074): The Video&Vision Processing functions will be disabled after time-out is reached
        Warning (265074): The Video&Vision Processing functions will be disabled after time-out is reached
        Warning (265074): The Video&Vision Processing functions will be disabled after time-out is reached
Warning (265069): Megafunction that supports Intel FPGA IP Evaluation Mode feature will stop functioning in 1 hour after device is programmed
Info (265071): Evaluation period of megafunction that supports Intel FPGA IP Evaluation Mode feature can be extended indefinitely by using tethered operation
Info: DA report generation in native DNI mode
Info (21615): Running Design Assistant Rules for snapshot 'partitioned'
Info: No waiver waived any violations
Info (22360): Design Assistant Results: 3 of 3 enabled rules passed, and 0 rules was disabled, in snapshot 'partitioned'
Info (21622): Design Assistant Results: 0 of 3 Low severity rules issued violations in snapshot 'partitioned'
Info: Synthesizing partition "root_partition"
Warning (13024): Output pins are stuck at VCC or GND
    Warning (13410): Pin "m_axis_tuser[2]" is stuck at GND File: /mnt/ssd2/Faruqi/top.v Line: 10
Info (17049): 97 registers lost all their fanouts during netlist optimizations.
Info (21057): Implemented 1689 device resources after synthesis - the final resource count might be different
    Info (21058): Implemented 3 input pins
    Info (21059): Implemented 29 output pins
    Info (21061): Implemented 1606 logic cells
    Info (21064): Implemented 48 RAM segments
    Info (21062): Implemented 3 DSP elements
Info: Successfully synthesized partition
Info: Saving post-synthesis snapshots for 1 partition(s)
Info: Quartus Prime Synthesis was successful. 0 errors, 2 warnings
    Info: Peak virtual memory: 1964 megabytes
    Info: Processing ended: Wed Apr 29 17:58:07 2026
    Info: Elapsed time: 00:00:32
    Info: System process ID: 579880


