Fitter Plan Stage Report for example_proj
Wed Apr 29 17:58:37 2026
Quartus Prime Version 25.1.1 Build 125 07/31/2025 Patches 1.31 SC Pro Edition


---------------------
; Table of Contents ;
---------------------
  1. Legal Notice
  2. Fitter Device Options
  3. Operating Settings and Conditions
  4. Pin-Out File
  5. Input Pins
  6. Output Pins
  7. I/O Bank Usage
  8. Detailed I/O Block Info
  9. All Package Pins
 10. I/O Assignment Warnings
 11. Control Signals
 12. Global & Other Fast Signals Summary
 13. Global & Other Fast Signals Details
 14. Fixed Point DSP Register Packing Summary
 15. Fixed Point DSP Register Packing Details
 16. Plan Messages



----------------
; Legal Notice ;
----------------
Copyright (C) 2025  Altera Corporation. All rights reserved.
Your use of Altera Corporation's design tools, logic functions 
and other software and tools, and any partner logic 
functions, and any output files from any of the foregoing 
(including device programming or simulation files), and any 
associated documentation or information are expressly subject 
to the terms and conditions of the Altera Program License 
Subscription Agreement, the Altera Quartus Prime License Agreement,
the Altera IP License Agreement, or other applicable license
agreement, including, without limitation, that your use is for
the sole purpose of programming logic devices manufactured by
Altera and sold by Altera or its authorized distributors.  Please
refer to the Altera Software License Subscription Agreements 
on the Quartus Prime software download page.



+------------------------------------------------------------------------------------------------+
; Fitter Device Options                                                                          ;
+------------------------------------------------------------------+-----------------------------+
; Option                                                           ; Setting                     ;
+------------------------------------------------------------------+-----------------------------+
; Enable device-wide reset (DEV_CLRn)                              ; Off                         ;
; Enable device-wide output enable (DEV_OE)                        ; Off                         ;
; Enable INIT_DONE output                                          ; Off                         ;
; Configuration scheme                                             ; Passive Serial              ;
; Enable Error Detection CRC_ERROR pin                             ; Off                         ;
; Enable CvP_CONFDONE pin                                          ; Off                         ;
; Enable open drain on CRC_ERROR pin                               ; On                          ;
; Enable open drain on CvP_CONFDONE pin                            ; On                          ;
; Enable open drain on INIT_DONE pin                               ; On                          ;
; Enable open drain on Partial Reconfiguration pins                ; Off                         ;
; Enable open drain on nCEO pin                                    ; On                          ;
; Enable Partial Reconfiguration pins                              ; Off                         ;
; Enable input tri-state on active configuration pins in user mode ; Off                         ;
; Enable internal scrubbing                                        ; Off                         ;
; Active Serial clock source                                       ; 100 MHz Internal Oscillator ;
; Configuration clock source                                       ; Internal Oscillator         ;
; Configuration via Protocol                                       ; Off                         ;
; Configuration Voltage Level                                      ; Auto                        ;
; Force Configuration Voltage Level                                ; Off                         ;
; Enable nCEO output                                               ; Off                         ;
; Data[7..1]                                                       ; Unreserved                  ;
; Data[0]                                                          ; As input tri-stated         ;
; Data[31..16]                                                     ; Unreserved                  ;
; Data[15..8]                                                      ; Unreserved                  ;
+------------------------------------------------------------------+-----------------------------+


+------------------------------------+
; Operating Settings and Conditions  ;
+---------------------------+--------+
; Setting                   ; Value  ;
+---------------------------+--------+
; Nominal Core Voltage      ; 0.9V   ;
; Low Junction Temperature  ; 0 °C   ;
; High Junction Temperature ; 100 °C ;
+---------------------------+--------+


+--------------+
; Pin-Out File ;
+--------------+
The pin-out file can be found in /mnt/ssd2/Faruqi/output_files/example_proj.pin.


+----------------------------------------------------------------------------------------------------------------------------------------------------------------------------------------------------------------------------------------------------------------------------+
; Input Pins                                                                                                                                                                                                                                                                 ;
+---------------+-------+----------+--------------+--------------+--------------+-----------------------+--------------------+--------+----------------+----------+--------------+--------------+-------------+---------------------------+----------------------+-----------+
; Name          ; Pin # ; I/O Bank ; X coordinate ; Y coordinate ; Z coordinate ; Combinational Fan-Out ; Registered Fan-Out ; Global ; Input Register ; Bus Hold ; Weak Pull Up ; I/O Standard ; Termination ; Termination Control Block ; Location assigned by ; Slew Rate ;
+---------------+-------+----------+--------------+--------------+--------------+-----------------------+--------------------+--------+----------------+----------+--------------+--------------+-------------+---------------------------+----------------------+-----------+
; clk           ; L3    ; 3A       ; 102          ; 6            ; 46           ; 1137                  ; 0                  ; yes    ; no             ; no       ; Off          ; 1.8-V        ; Off         ; --                        ; Fitter               ; no        ;
; m_axis_tready ; T4    ; 3A       ; 102          ; 6            ; 31           ; 6                     ; 0                  ; no     ; no             ; no       ; Off          ; 1.8-V        ; Off         ; --                        ; Fitter               ; no        ;
; reset         ; R4    ; 3A       ; 102          ; 7            ; 31           ; 1                     ; 0                  ; no     ; no             ; no       ; Off          ; 1.8-V        ; Off         ; --                        ; Fitter               ; no        ;
+---------------+-------+----------+--------------+--------------+--------------+-----------------------+--------------------+--------+----------------+----------+--------------+--------------+-------------+---------------------------+----------------------+-----------+


+---------------------------------------------------------------------------------------------------------------------------------------------------------------------------------------------------------------------------------------------------------------------------------------------------------------------------------------------------------------------------------------------------------------------------------+
; Output Pins                                                                                                                                                                                                                                                                                                                                                                                                                     ;
+------------------+-------+----------+--------------+--------------+--------------+-----------------+------------------------+-----------+------------+---------------+----------+--------------+--------------+------------------+-----------------------------------+---------------------------+----------------------------+-----------------------------+----------------------+----------------------+---------------------+
; Name             ; Pin # ; I/O Bank ; X coordinate ; Y coordinate ; Z coordinate ; Output Register ; Output Enable Register ; Slew Rate ; Open Drain ; TRI Primitive ; Bus Hold ; Weak Pull Up ; I/O Standard ; Current Strength ; Termination                       ; Termination Control Block ; Output Buffer Pre-emphasis ; Voltage Output Differential ; Location assigned by ; Output Enable Source ; Output Enable Group ;
+------------------+-------+----------+--------------+--------------+--------------+-----------------+------------------------+-----------+------------+---------------+----------+--------------+--------------+------------------+-----------------------------------+---------------------------+----------------------------+-----------------------------+----------------------+----------------------+---------------------+
; m_axis_tdata[0]  ; M5    ; 3A       ; 102          ; 6            ; 61           ; no              ; no                     ; 1         ; no         ; no            ; no       ; Off          ; 1.8-V        ; Default          ; Series 50 Ohm without Calibration ; --                        ; no                         ; no                          ; Fitter               ; -                    ; -                   ;
; m_axis_tdata[10] ; H1    ; 3A       ; 102          ; 13           ; 46           ; no              ; no                     ; 1         ; no         ; no            ; no       ; Off          ; 1.8-V        ; Default          ; Series 50 Ohm without Calibration ; --                        ; no                         ; no                          ; Fitter               ; -                    ; -                   ;
; m_axis_tdata[11] ; K4    ; 3A       ; 102          ; 17           ; 61           ; no              ; no                     ; 1         ; no         ; no            ; no       ; Off          ; 1.8-V        ; Default          ; Series 50 Ohm without Calibration ; --                        ; no                         ; no                          ; Fitter               ; -                    ; -                   ;
; m_axis_tdata[12] ; N3    ; 3A       ; 102          ; 11           ; 31           ; no              ; no                     ; 1         ; no         ; no            ; no       ; Off          ; 1.8-V        ; Default          ; Series 50 Ohm without Calibration ; --                        ; no                         ; no                          ; Fitter               ; -                    ; -                   ;
; m_axis_tdata[13] ; U3    ; 3A       ; 102          ; 14           ; 31           ; no              ; no                     ; 1         ; no         ; no            ; no       ; Off          ; 1.8-V        ; Default          ; Series 50 Ohm without Calibration ; --                        ; no                         ; no                          ; Fitter               ; -                    ; -                   ;
; m_axis_tdata[14] ; G1    ; 3A       ; 102          ; 12           ; 46           ; no              ; no                     ; 1         ; no         ; no            ; no       ; Off          ; 1.8-V        ; Default          ; Series 50 Ohm without Calibration ; --                        ; no                         ; no                          ; Fitter               ; -                    ; -                   ;
; m_axis_tdata[15] ; R1    ; 3A       ; 102          ; 10           ; 16           ; no              ; no                     ; 1         ; no         ; no            ; no       ; Off          ; 1.8-V        ; Default          ; Series 50 Ohm without Calibration ; --                        ; no                         ; no                          ; Fitter               ; -                    ; -                   ;
; m_axis_tdata[16] ; H3    ; 3A       ; 102          ; 9            ; 61           ; no              ; no                     ; 1         ; no         ; no            ; no       ; Off          ; 1.8-V        ; Default          ; Series 50 Ohm without Calibration ; --                        ; no                         ; no                          ; Fitter               ; -                    ; -                   ;
; m_axis_tdata[17] ; H5    ; 3A       ; 102          ; 14           ; 61           ; no              ; no                     ; 1         ; no         ; no            ; no       ; Off          ; 1.8-V        ; Default          ; Series 50 Ohm without Calibration ; --                        ; no                         ; no                          ; Fitter               ; -                    ; -                   ;
; m_axis_tdata[18] ; R2    ; 3A       ; 102          ; 11           ; 16           ; no              ; no                     ; 1         ; no         ; no            ; no       ; Off          ; 1.8-V        ; Default          ; Series 50 Ohm without Calibration ; --                        ; no                         ; no                          ; Fitter               ; -                    ; -                   ;
; m_axis_tdata[19] ; K1    ; 3A       ; 102          ; 10           ; 46           ; no              ; no                     ; 1         ; no         ; no            ; no       ; Off          ; 1.8-V        ; Default          ; Series 50 Ohm without Calibration ; --                        ; no                         ; no                          ; Fitter               ; -                    ; -                   ;
; m_axis_tdata[1]  ; M4    ; 3A       ; 102          ; 11           ; 61           ; no              ; no                     ; 1         ; no         ; no            ; no       ; Off          ; 1.8-V        ; Default          ; Series 50 Ohm without Calibration ; --                        ; no                         ; no                          ; Fitter               ; -                    ; -                   ;
; m_axis_tdata[20] ; U4    ; 3A       ; 102          ; 8            ; 31           ; no              ; no                     ; 1         ; no         ; no            ; no       ; Off          ; 1.8-V        ; Default          ; Series 50 Ohm without Calibration ; --                        ; no                         ; no                          ; Fitter               ; -                    ; -                   ;
; m_axis_tdata[21] ; P3    ; 3A       ; 102          ; 12           ; 31           ; no              ; no                     ; 1         ; no         ; no            ; no       ; Off          ; 1.8-V        ; Default          ; Series 50 Ohm without Calibration ; --                        ; no                         ; no                          ; Fitter               ; -                    ; -                   ;
; m_axis_tdata[22] ; L2    ; 3A       ; 102          ; 11           ; 46           ; no              ; no                     ; 1         ; no         ; no            ; no       ; Off          ; 1.8-V        ; Default          ; Series 50 Ohm without Calibration ; --                        ; no                         ; no                          ; Fitter               ; -                    ; -                   ;
; m_axis_tdata[23] ; N5    ; 3A       ; 102          ; 7            ; 61           ; no              ; no                     ; 1         ; no         ; no            ; no       ; Off          ; 1.8-V        ; Default          ; Series 50 Ohm without Calibration ; --                        ; no                         ; no                          ; Fitter               ; -                    ; -                   ;
; m_axis_tdata[2]  ; J2    ; 3A       ; 102          ; 14           ; 46           ; no              ; no                     ; 1         ; no         ; no            ; no       ; Off          ; 1.8-V        ; Default          ; Series 50 Ohm without Calibration ; --                        ; no                         ; no                          ; Fitter               ; -                    ; -                   ;
; m_axis_tdata[3]  ; H6    ; 3A       ; 102          ; 15           ; 61           ; no              ; no                     ; 1         ; no         ; no            ; no       ; Off          ; 1.8-V        ; Default          ; Series 50 Ohm without Calibration ; --                        ; no                         ; no                          ; Fitter               ; -                    ; -                   ;
; m_axis_tdata[4]  ; U5    ; 3A       ; 102          ; 9            ; 31           ; no              ; no                     ; 1         ; no         ; no            ; no       ; Off          ; 1.8-V        ; Default          ; Series 50 Ohm without Calibration ; --                        ; no                         ; no                          ; Fitter               ; -                    ; -                   ;
; m_axis_tdata[5]  ; T1    ; 3A       ; 102          ; 16           ; 16           ; no              ; no                     ; 1         ; no         ; no            ; no       ; Off          ; 1.8-V        ; Default          ; Series 50 Ohm without Calibration ; --                        ; no                         ; no                          ; Fitter               ; -                    ; -                   ;
; m_axis_tdata[6]  ; V1    ; 3A       ; 102          ; 14           ; 16           ; no              ; no                     ; 1         ; no         ; no            ; no       ; Off          ; 1.8-V        ; Default          ; Series 50 Ohm without Calibration ; --                        ; no                         ; no                          ; Fitter               ; -                    ; -                   ;
; m_axis_tdata[7]  ; N1    ; 3A       ; 102          ; 12           ; 16           ; no              ; no                     ; 1         ; no         ; no            ; no       ; Off          ; 1.8-V        ; Default          ; Series 50 Ohm without Calibration ; --                        ; no                         ; no                          ; Fitter               ; -                    ; -                   ;
; m_axis_tdata[8]  ; U1    ; 3A       ; 102          ; 15           ; 16           ; no              ; no                     ; 1         ; no         ; no            ; no       ; Off          ; 1.8-V        ; Default          ; Series 50 Ohm without Calibration ; --                        ; no                         ; no                          ; Fitter               ; -                    ; -                   ;
; m_axis_tdata[9]  ; H2    ; 3A       ; 102          ; 16           ; 46           ; no              ; no                     ; 1         ; no         ; no            ; no       ; Off          ; 1.8-V        ; Default          ; Series 50 Ohm without Calibration ; --                        ; no                         ; no                          ; Fitter               ; -                    ; -                   ;
; m_axis_tlast     ; T2    ; 3A       ; 102          ; 17           ; 16           ; no              ; no                     ; 1         ; no         ; no            ; no       ; Off          ; 1.8-V        ; Default          ; Series 50 Ohm without Calibration ; --                        ; no                         ; no                          ; Fitter               ; -                    ; -                   ;
; m_axis_tuser[0]  ; J4    ; 3A       ; 102          ; 16           ; 61           ; no              ; no                     ; 1         ; no         ; no            ; no       ; Off          ; 1.8-V        ; Default          ; Series 50 Ohm without Calibration ; --                        ; no                         ; no                          ; Fitter               ; -                    ; -                   ;
; m_axis_tuser[1]  ; T3    ; 3A       ; 102          ; 15           ; 31           ; no              ; no                     ; 1         ; no         ; no            ; no       ; Off          ; 1.8-V        ; Default          ; Series 50 Ohm without Calibration ; --                        ; no                         ; no                          ; Fitter               ; -                    ; -                   ;
; m_axis_tuser[2]  ; K2    ; 3A       ; 102          ; 15           ; 46           ; no              ; no                     ; 1         ; no         ; no            ; no       ; Off          ; 1.8-V        ; Default          ; Series 50 Ohm without Calibration ; --                        ; no                         ; no                          ; Fitter               ; -                    ; -                   ;
; m_axis_tvalid    ; M1    ; 3A       ; 102          ; 9            ; 46           ; no              ; no                     ; 1         ; no         ; no            ; no       ; Off          ; 1.8-V        ; Default          ; Series 50 Ohm without Calibration ; --                        ; no                         ; no                          ; Fitter               ; -                    ; -                   ;
+------------------+-------+----------+--------------+--------------+--------------+-----------------+------------------------+-----------+------------+---------------+----------+--------------+--------------+------------------+-----------------------------------+---------------------------+----------------------------+-----------------------------+----------------------+----------------------+---------------------+


+------------------------------------------------------------+
; I/O Bank Usage                                             ;
+----------+------------------+---------------+--------------+
; I/O Bank ; Usage            ; VCCIO Voltage ; VREF Voltage ;
+----------+------------------+---------------+--------------+
; 1F       ; 0 / 0 ( -- )     ; --            ; --           ;
; 1E       ; 0 / 0 ( -- )     ; --            ; --           ;
; 1D       ; 0 / 20 ( 0 % )   ; --            ; --           ;
; 1C       ; 0 / 28 ( 0 % )   ; --            ; --           ;
; 2L       ; 0 / 48 ( 0 % )   ; 1.8V          ; --           ;
; 2K       ; 0 / 48 ( 0 % )   ; 1.8V          ; --           ;
; 2J       ; 0 / 48 ( 0 % )   ; 1.8V          ; --           ;
; 2A       ; 1 / 48 ( 2 % )   ; 1.8V          ; --           ;
; 3A       ; 32 / 44 ( 73 % ) ; 1.8V          ; --           ;
+----------+------------------+---------------+--------------+


+-------------------------------------------------------------------------+
; Detailed I/O Block Info                                                 ;
+----------+------------+-------+------------------+----------------------+
; I/O Bank ; Pin Index  ; Pin # ; Assignment       ; Location assigned by ;
+----------+------------+-------+------------------+----------------------+
; 2A       ;            ;       ;                  ;                      ;
;     --   ; 47         ; AE5   ;                  ;                      ;
;     --   ; 46         ; AE4   ;                  ;                      ;
;     --   ; 45         ; AD9   ;                  ;                      ;
;     --   ; 44         ; AE9   ;                  ;                      ;
;     --   ; 43         ; AD7   ;                  ;                      ;
;     --   ; 42         ; AE7   ;                  ;                      ;
;     --   ; 41         ; AF4   ;                  ;                      ;
;     --   ; 40         ; AF3   ;                  ;                      ;
;     --   ; 39         ; AE6   ;                  ;                      ;
;     --   ; 38         ; AF6   ;                  ;                      ;
;     --   ; 37         ; AF8   ;                  ;                      ;
;     --   ; 36         ; AF7   ;                  ;                      ;
;     --   ; 35         ; AC8   ;                  ;                      ;
;     --   ; 34         ; AD8   ;                  ;                      ;
;     --   ; 33         ; AC10  ;                  ;                      ;
;     --   ; 32         ; AD10  ;                  ;                      ;
;     --   ; 31         ; AB6   ;                  ;                      ;
;     --   ; 30         ; AB5   ;                  ;                      ;
;     --   ; 29         ; AC7   ;                  ;                      ;
;     --   ; 28         ; AC6   ;                  ;                      ;
;     --   ; 27         ; AB10  ;                  ;                      ;
;     --   ; 26         ; AB9   ;                  ;                      ;
;     --   ; 25         ; AC5   ;                  ;                      ;
;     --   ; 24         ; AD5   ;                  ;                      ;
;     --   ; 23         ; Y14   ;                  ;                      ;
;     --   ; 22         ; AA14  ;                  ;                      ;
;     --   ; 21         ; AD13  ;                  ;                      ;
;     --   ; 20         ; AD12  ;                  ;                      ;
;     --   ; 19         ; W15   ;                  ;                      ;
;     --   ; 18         ; Y15   ;                  ;                      ;
;     --   ; 17         ; AB14  ;                  ;                      ;
;     --   ; 16         ; AB13  ;                  ;                      ;
;     --   ; 15         ; AB11  ;                  ;                      ;
;     --   ; 14         ; AC11  ;                  ;                      ;
;     --   ; 13         ; AC13  ;                  ;                      ;
;     --   ; 12         ; AC12  ;                  ;                      ;
;     --   ; 11         ; AA9   ;                  ;                      ;
;     --   ; 10         ; AB8   ;                  ;                      ;
;     --   ; 9          ; W9    ;                  ;                      ;
;     --   ; 8          ; W8    ;                  ;                      ;
;     --   ; 7          ; AA13  ;                  ;                      ;
;     --   ; 6          ; AA12  ;                  ;                      ;
;     --   ; 5          ; AA8   ;                  ;                      ;
;     --   ; 4          ; AA7   ;                  ;                      ;
;     --   ; 3          ; W10   ;                  ;                      ;
;     --   ; 2          ; Y9    ;                  ;                      ;
;     --   ; 1          ; AA11  ;                  ;                      ;
;     --   ; 0          ; Y10   ;                  ;                      ;
; 2J       ;            ;       ;                  ;                      ;
;     --   ; 47         ; W18   ;                  ;                      ;
;     --   ; 46         ; W19   ;                  ;                      ;
;     --   ; 45         ; Y21   ;                  ;                      ;
;     --   ; 44         ; AA21  ;                  ;                      ;
;     --   ; 43         ; Y19   ;                  ;                      ;
;     --   ; 42         ; Y20   ;                  ;                      ;
;     --   ; 41         ; W17   ;                  ;                      ;
;     --   ; 40         ; Y17   ;                  ;                      ;
;     --   ; 39         ; AA17  ;                  ;                      ;
;     --   ; 38         ; AB16  ;                  ;                      ;
;     --   ; 37         ; Y16   ;                  ;                      ;
;     --   ; 36         ; AA16  ;                  ;                      ;
;     --   ; 35         ; AB20  ;                  ;                      ;
;     --   ; 34         ; AB21  ;                  ;                      ;
;     --   ; 33         ; AC20  ;                  ;                      ;
;     --   ; 32         ; AC21  ;                  ;                      ;
;     --   ; 31         ; AA18  ;                  ;                      ;
;     --   ; 30         ; AB18  ;                  ;                      ;
;     --   ; 29         ; AA19  ;                  ;                      ;
;     --   ; 28         ; AB19  ;                  ;                      ;
;     --   ; 27         ; AD19  ;                  ;                      ;
;     --   ; 26         ; AD20  ;                  ;                      ;
;     --   ; 25         ; AC18  ;                  ;                      ;
;     --   ; 24         ; AD18  ;                  ;                      ;
;     --   ; 23         ; AE19  ;                  ;                      ;
;     --   ; 22         ; AF19  ;                  ;                      ;
;     --   ; 21         ; AB15  ;                  ;                      ;
;     --   ; 20         ; AC15  ;                  ;                      ;
;     --   ; 19         ; AF17  ;                  ;                      ;
;     --   ; 18         ; AF18  ;                  ;                      ;
;     --   ; 17         ; AD17  ;                  ;                      ;
;     --   ; 16         ; AE17  ;                  ;                      ;
;     --   ; 15         ; AC16  ;                  ;                      ;
;     --   ; 14         ; AC17  ;                  ;                      ;
;     --   ; 13         ; AE16  ;                  ;                      ;
;     --   ; 12         ; AF16  ;                  ;                      ;
;     --   ; 11         ; AE10  ;                  ;                      ;
;     --   ; 10         ; AF9   ;                  ;                      ;
;     --   ; 9          ; AF12  ;                  ;                      ;
;     --   ; 8          ; AF11  ;                  ;                      ;
;     --   ; 7          ; AE15  ;                  ;                      ;
;     --   ; 6          ; AE14  ;                  ;                      ;
;     --   ; 5          ; AD15  ;                  ;                      ;
;     --   ; 4          ; AD14  ;                  ;                      ;
;     --   ; 3          ; AE12  ;                  ;                      ;
;     --   ; 2          ; AE11  ;                  ;                      ;
;     --   ; 1          ; AF13  ;                  ;                      ;
;     --   ; 0          ; AF14  ;                  ;                      ;
; 2K       ;            ;       ;                  ;                      ;
;     --   ; 47         ; H18   ;                  ;                      ;
;     --   ; 46         ; G18   ;                  ;                      ;
;     --   ; 45         ; F16   ;                  ;                      ;
;     --   ; 44         ; E16   ;                  ;                      ;
;     --   ; 43         ; F17   ;                  ;                      ;
;     --   ; 42         ; E17   ;                  ;                      ;
;     --   ; 41         ; G19   ;                  ;                      ;
;     --   ; 40         ; G20   ;                  ;                      ;
;     --   ; 39         ; F18   ;                  ;                      ;
;     --   ; 38         ; F19   ;                  ;                      ;
;     --   ; 37         ; E14   ;                  ;                      ;
;     --   ; 36         ; E15   ;                  ;                      ;
;     --   ; 35         ; C20   ;                  ;                      ;
;     --   ; 34         ; C21   ;                  ;                      ;
;     --   ; 33         ; E19   ;                  ;                      ;
;     --   ; 32         ; D19   ;                  ;                      ;
;     --   ; 31         ; D17   ;                  ;                      ;
;     --   ; 30         ; D18   ;                  ;                      ;
;     --   ; 29         ; E20   ;                  ;                      ;
;     --   ; 28         ; D20   ;                  ;                      ;
;     --   ; 27         ; F21   ;                  ;                      ;
;     --   ; 26         ; E21   ;                  ;                      ;
;     --   ; 25         ; C18   ;                  ;                      ;
;     --   ; 24         ; B18   ;                  ;                      ;
;     --   ; 23         ; C16   ;                  ;                      ;
;     --   ; 22         ; C17   ;                  ;                      ;
;     --   ; 21         ; D14   ;                  ;                      ;
;     --   ; 20         ; D15   ;                  ;                      ;
;     --   ; 19         ; B16   ;                  ;                      ;
;     --   ; 18         ; A16   ;                  ;                      ;
;     --   ; 17         ; A17   ;                  ;                      ;
;     --   ; 16         ; A18   ;                  ;                      ;
;     --   ; 15         ; C15   ;                  ;                      ;
;     --   ; 14         ; B15   ;                  ;                      ;
;     --   ; 13         ; B19   ;                  ;                      ;
;     --   ; 12         ; A19   ;                  ;                      ;
;     --   ; 11         ; D13   ;                  ;                      ;
;     --   ; 10         ; D12   ;                  ;                      ;
;     --   ; 9          ; C13   ;                  ;                      ;
;     --   ; 8          ; B13   ;                  ;                      ;
;     --   ; 7          ; B14   ;                  ;                      ;
;     --   ; 6          ; A14   ;                  ;                      ;
;     --   ; 5          ; A13   ;                  ;                      ;
;     --   ; 4          ; A12   ;                  ;                      ;
;     --   ; 3          ; C12   ;                  ;                      ;
;     --   ; 2          ; C11   ;                  ;                      ;
;     --   ; 1          ; B11   ;                  ;                      ;
;     --   ; 0          ; A11   ;                  ;                      ;
; 2L       ;            ;       ;                  ;                      ;
;     --   ; 47         ; E5    ;                  ;                      ;
;     --   ; 46         ; E4    ;                  ;                      ;
;     --   ; 45         ; D5    ;                  ;                      ;
;     --   ; 44         ; D4    ;                  ;                      ;
;     --   ; 43         ; E7    ;                  ;                      ;
;     --   ; 42         ; E6    ;                  ;                      ;
;     --   ; 41         ; F4    ;                  ;                      ;
;     --   ; 40         ; F3    ;                  ;                      ;
;     --   ; 39         ; G5    ;                  ;                      ;
;     --   ; 38         ; G4    ;                  ;                      ;
;     --   ; 37         ; F8    ;                  ;                      ;
;     --   ; 36         ; F7    ;                  ;                      ;
;     --   ; 35         ; E9    ;                  ;                      ;
;     --   ; 34         ; D9    ;                  ;                      ;
;     --   ; 33         ; E11   ;                  ;                      ;
;     --   ; 32         ; E10   ;                  ;                      ;
;     --   ; 31         ; C8    ;                  ;                      ;
;     --   ; 30         ; C7    ;                  ;                      ;
;     --   ; 29         ; D8    ;                  ;                      ;
;     --   ; 28         ; D7    ;                  ;                      ;
;     --   ; 27         ; D10   ;                  ;                      ;
;     --   ; 26         ; C10   ;                  ;                      ;
;     --   ; 25         ; C6    ;                  ;                      ;
;     --   ; 24         ; C5    ;                  ;                      ;
;     --   ; 23         ; B6    ;                  ;                      ;
;     --   ; 22         ; A6    ;                  ;                      ;
;     --   ; 21         ; B5    ;                  ;                      ;
;     --   ; 20         ; A4    ;                  ;                      ;
;     --   ; 19         ; B8    ;                  ;                      ;
;     --   ; 18         ; A7    ;                  ;                      ;
;     --   ; 17         ; B10   ;                  ;                      ;
;     --   ; 16         ; B9    ;                  ;                      ;
;     --   ; 15         ; B4    ;                  ;                      ;
;     --   ; 14         ; B3    ;                  ;                      ;
;     --   ; 13         ; A9    ;                  ;                      ;
;     --   ; 12         ; A8    ;                  ;                      ;
;     --   ; 11         ; D3    ;                  ;                      ;
;     --   ; 10         ; D2    ;                  ;                      ;
;     --   ; 9          ; C3    ;                  ;                      ;
;     --   ; 8          ; C2    ;                  ;                      ;
;     --   ; 7          ; C1    ;                  ;                      ;
;     --   ; 6          ; B1    ;                  ;                      ;
;     --   ; 5          ; A3    ;                  ;                      ;
;     --   ; 4          ; A2    ;                  ;                      ;
;     --   ; 3          ; E2    ;                  ;                      ;
;     --   ; 2          ; E1    ;                  ;                      ;
;     --   ; 1          ; F2    ;                  ;                      ;
;     --   ; 0          ; F1    ;                  ;                      ;
; 3A       ;            ;       ;                  ;                      ;
;     --   ; 47         ; K4    ; m_axis_tdata[11] ; Fitter               ;
;     --   ; 46         ; J4    ; m_axis_tuser[0]  ; Fitter               ;
;     --   ; 45         ; H6    ; m_axis_tdata[3]  ; Fitter               ;
;     --   ; 44         ; H5    ; m_axis_tdata[17] ; Fitter               ;
;     --   ; 43         ; K5    ;                  ;                      ;
;     --   ; 42         ; J5    ;                  ;                      ;
;     --   ; 41         ; M4    ; m_axis_tdata[1]  ; Fitter               ;
;     --   ; 40         ; L4    ;                  ;                      ;
;     --   ; 39         ; H3    ; m_axis_tdata[16] ; Fitter               ;
;     --   ; 38         ; G3    ;                  ;                      ;
;     --   ; 37         ; N5    ; m_axis_tdata[23] ; Fitter               ;
;     --   ; 36         ; M5    ; m_axis_tdata[0]  ; Fitter               ;
;     --   ; 35         ; J3    ;                  ;                      ;
;     --   ; 34         ; H2    ; m_axis_tdata[9]  ; Fitter               ;
;     --   ; 33         ; K2    ; m_axis_tuser[2]  ; Fitter               ;
;     --   ; 32         ; J2    ; m_axis_tdata[2]  ; Fitter               ;
;     --   ; 31         ; H1    ; m_axis_tdata[10] ; Fitter               ;
;     --   ; 30         ; G1    ; m_axis_tdata[14] ; Fitter               ;
;     --   ; 29         ; L2    ; m_axis_tdata[22] ; Fitter               ;
;     --   ; 28         ; K1    ; m_axis_tdata[19] ; Fitter               ;
;     --   ; 27         ; M1    ; m_axis_tvalid    ; Fitter               ;
;     --   ; 26         ; L1    ;                  ;                      ;
;     --   ; 25         ; M3    ;                  ;                      ;
;     --   ; 24         ; L3    ; clk              ; Fitter               ;
;     --   ; 23         ; P5    ;                  ;                      ;
;     --   ; 22         ; R5    ;                  ;                      ;
;     --   ; 21         ; T3    ; m_axis_tuser[1]  ; Fitter               ;
;     --   ; 20         ; U3    ; m_axis_tdata[13] ; Fitter               ;
;     --   ; 19         ; P4    ;                  ;                      ;
;     --   ; 18         ; P3    ; m_axis_tdata[21] ; Fitter               ;
;     --   ; 17         ; N3    ; m_axis_tdata[12] ; Fitter               ;
;     --   ; 16         ; N2    ;                  ;                      ;
;     --   ; 15         ; U5    ; m_axis_tdata[4]  ; Fitter               ;
;     --   ; 14         ; U4    ; m_axis_tdata[20] ; Fitter               ;
;     --   ; 13         ; R4    ; reset            ; Fitter               ;
;     --   ; 12         ; T4    ; m_axis_tready    ; Fitter               ;
;     --   ; 11         ; T2    ; m_axis_tlast     ; Fitter               ;
;     --   ; 10         ; T1    ; m_axis_tdata[5]  ; Fitter               ;
;     --   ; 9          ; U1    ; m_axis_tdata[8]  ; Fitter               ;
;     --   ; 8          ; V1    ; m_axis_tdata[6]  ; Fitter               ;
;     --   ; 7          ; P2    ;                  ;                      ;
;     --   ; 6          ; N1    ; m_axis_tdata[7]  ; Fitter               ;
;     --   ; 5          ; R2    ; m_axis_tdata[18] ; Fitter               ;
;     --   ; 4          ; R1    ; m_axis_tdata[15] ; Fitter               ;
;     --   ; 3          ;       ;                  ;                      ;
;     --   ; 2          ;       ;                  ;                      ;
;     --   ; 1          ;       ;                  ;                      ;
;     --   ; 0          ;       ;                  ;                      ;
; 3B       ;            ;       ;                  ;                      ;
;     --   ; 47         ;       ;                  ;                      ;
;     --   ; 46         ;       ;                  ;                      ;
;     --   ; 45         ;       ;                  ;                      ;
;     --   ; 44         ;       ;                  ;                      ;
;     --   ; 43         ;       ;                  ;                      ;
;     --   ; 42         ;       ;                  ;                      ;
;     --   ; 41         ;       ;                  ;                      ;
;     --   ; 40         ;       ;                  ;                      ;
;     --   ; 39         ;       ;                  ;                      ;
;     --   ; 38         ;       ;                  ;                      ;
;     --   ; 37         ;       ;                  ;                      ;
;     --   ; 36         ;       ;                  ;                      ;
;     --   ; 35         ;       ;                  ;                      ;
;     --   ; 34         ;       ;                  ;                      ;
;     --   ; 33         ;       ;                  ;                      ;
;     --   ; 32         ;       ;                  ;                      ;
;     --   ; 31         ;       ;                  ;                      ;
;     --   ; 30         ;       ;                  ;                      ;
;     --   ; 29         ;       ;                  ;                      ;
;     --   ; 28         ;       ;                  ;                      ;
;     --   ; 27         ;       ;                  ;                      ;
;     --   ; 26         ;       ;                  ;                      ;
;     --   ; 25         ;       ;                  ;                      ;
;     --   ; 24         ;       ;                  ;                      ;
;     --   ; 23         ;       ;                  ;                      ;
;     --   ; 22         ;       ;                  ;                      ;
;     --   ; 21         ;       ;                  ;                      ;
;     --   ; 20         ;       ;                  ;                      ;
;     --   ; 19         ;       ;                  ;                      ;
;     --   ; 18         ;       ;                  ;                      ;
;     --   ; 17         ;       ;                  ;                      ;
;     --   ; 16         ;       ;                  ;                      ;
;     --   ; 15         ;       ;                  ;                      ;
;     --   ; 14         ;       ;                  ;                      ;
;     --   ; 13         ;       ;                  ;                      ;
;     --   ; 12         ;       ;                  ;                      ;
;     --   ; 11         ;       ;                  ;                      ;
;     --   ; 10         ;       ;                  ;                      ;
;     --   ; 9          ;       ;                  ;                      ;
;     --   ; 8          ;       ;                  ;                      ;
;     --   ; 7          ;       ;                  ;                      ;
;     --   ; 6          ;       ;                  ;                      ;
;     --   ; 5          ;       ;                  ;                      ;
;     --   ; 4          ;       ;                  ;                      ;
;     --   ; 3          ;       ;                  ;                      ;
;     --   ; 2          ;       ;                  ;                      ;
;     --   ; 1          ;       ;                  ;                      ;
;     --   ; 0          ;       ;                  ;                      ;
; 3C       ;            ;       ;                  ;                      ;
;     --   ; 47         ;       ;                  ;                      ;
;     --   ; 46         ;       ;                  ;                      ;
;     --   ; 45         ;       ;                  ;                      ;
;     --   ; 44         ;       ;                  ;                      ;
;     --   ; 43         ;       ;                  ;                      ;
;     --   ; 42         ;       ;                  ;                      ;
;     --   ; 41         ;       ;                  ;                      ;
;     --   ; 40         ;       ;                  ;                      ;
;     --   ; 39         ;       ;                  ;                      ;
;     --   ; 38         ;       ;                  ;                      ;
;     --   ; 37         ;       ;                  ;                      ;
;     --   ; 36         ;       ;                  ;                      ;
;     --   ; 35         ;       ;                  ;                      ;
;     --   ; 34         ;       ;                  ;                      ;
;     --   ; 33         ;       ;                  ;                      ;
;     --   ; 32         ;       ;                  ;                      ;
;     --   ; 31         ;       ;                  ;                      ;
;     --   ; 30         ;       ;                  ;                      ;
;     --   ; 29         ;       ;                  ;                      ;
;     --   ; 28         ;       ;                  ;                      ;
;     --   ; 27         ;       ;                  ;                      ;
;     --   ; 26         ;       ;                  ;                      ;
;     --   ; 25         ;       ;                  ;                      ;
;     --   ; 24         ;       ;                  ;                      ;
;     --   ; 23         ;       ;                  ;                      ;
;     --   ; 22         ;       ;                  ;                      ;
;     --   ; 21         ;       ;                  ;                      ;
;     --   ; 20         ;       ;                  ;                      ;
;     --   ; 19         ;       ;                  ;                      ;
;     --   ; 18         ;       ;                  ;                      ;
;     --   ; 17         ;       ;                  ;                      ;
;     --   ; 16         ;       ;                  ;                      ;
;     --   ; 15         ;       ;                  ;                      ;
;     --   ; 14         ;       ;                  ;                      ;
;     --   ; 13         ;       ;                  ;                      ;
;     --   ; 12         ;       ;                  ;                      ;
;     --   ; 11         ;       ;                  ;                      ;
;     --   ; 10         ;       ;                  ;                      ;
;     --   ; 9          ;       ;                  ;                      ;
;     --   ; 8          ;       ;                  ;                      ;
;     --   ; 7          ;       ;                  ;                      ;
;     --   ; 6          ;       ;                  ;                      ;
;     --   ; 5          ;       ;                  ;                      ;
;     --   ; 4          ;       ;                  ;                      ;
;     --   ; 3          ;       ;                  ;                      ;
;     --   ; 2          ;       ;                  ;                      ;
;     --   ; 1          ;       ;                  ;                      ;
;     --   ; 0          ;       ;                  ;                      ;
; 3D       ;            ;       ;                  ;                      ;
;     --   ; 47         ;       ;                  ;                      ;
;     --   ; 46         ;       ;                  ;                      ;
;     --   ; 45         ;       ;                  ;                      ;
;     --   ; 44         ;       ;                  ;                      ;
;     --   ; 43         ;       ;                  ;                      ;
;     --   ; 42         ;       ;                  ;                      ;
;     --   ; 41         ;       ;                  ;                      ;
;     --   ; 40         ;       ;                  ;                      ;
;     --   ; 39         ;       ;                  ;                      ;
;     --   ; 38         ;       ;                  ;                      ;
;     --   ; 37         ;       ;                  ;                      ;
;     --   ; 36         ;       ;                  ;                      ;
;     --   ; 35         ;       ;                  ;                      ;
;     --   ; 34         ;       ;                  ;                      ;
;     --   ; 33         ;       ;                  ;                      ;
;     --   ; 32         ;       ;                  ;                      ;
;     --   ; 31         ;       ;                  ;                      ;
;     --   ; 30         ;       ;                  ;                      ;
;     --   ; 29         ;       ;                  ;                      ;
;     --   ; 28         ;       ;                  ;                      ;
;     --   ; 27         ;       ;                  ;                      ;
;     --   ; 26         ;       ;                  ;                      ;
;     --   ; 25         ;       ;                  ;                      ;
;     --   ; 24         ;       ;                  ;                      ;
;     --   ; 23         ;       ;                  ;                      ;
;     --   ; 22         ;       ;                  ;                      ;
;     --   ; 21         ;       ;                  ;                      ;
;     --   ; 20         ;       ;                  ;                      ;
;     --   ; 19         ;       ;                  ;                      ;
;     --   ; 18         ;       ;                  ;                      ;
;     --   ; 17         ;       ;                  ;                      ;
;     --   ; 16         ;       ;                  ;                      ;
;     --   ; 15         ;       ;                  ;                      ;
;     --   ; 14         ;       ;                  ;                      ;
;     --   ; 13         ;       ;                  ;                      ;
;     --   ; 12         ;       ;                  ;                      ;
;     --   ; 11         ;       ;                  ;                      ;
;     --   ; 10         ;       ;                  ;                      ;
;     --   ; 9          ;       ;                  ;                      ;
;     --   ; 8          ;       ;                  ;                      ;
;     --   ; 7          ;       ;                  ;                      ;
;     --   ; 6          ;       ;                  ;                      ;
;     --   ; 5          ;       ;                  ;                      ;
;     --   ; 4          ;       ;                  ;                      ;
;     --   ; 3          ;       ;                  ;                      ;
;     --   ; 2          ;       ;                  ;                      ;
;     --   ; 1          ;       ;                  ;                      ;
;     --   ; 0          ;       ;                  ;                      ;
+----------+------------+-------+------------------+----------------------+


+------------------------------------------------------------------------------------------------------------------------------------------------------------------------+
; All Package Pins                                                                                                                                                       ;
+----------+------------+----------+---------------------------------+--------+--------------+----------------+--------------+-----------------+----------+--------------+
; Location ; Pad Number ; I/O Bank ; Pin Name/Usage                  ; Dir.   ; I/O Standard ; Voltage        ; I/O Type     ; User Assignment ; Bus Hold ; Weak Pull Up ;
+----------+------------+----------+---------------------------------+--------+--------------+----------------+--------------+-----------------+----------+--------------+
; A2       ; 155        ; 2L       ; RESERVED_INPUT_WITH_WEAK_PULLUP ;        ;              ; 1.8V           ; --           ;                 ; no       ; On           ;
; A3       ; 154        ; 2L       ; RESERVED_INPUT_WITH_WEAK_PULLUP ;        ;              ; 1.8V           ; --           ;                 ; no       ; On           ;
; A4       ; 139        ; 2L       ; RESERVED_INPUT_WITH_WEAK_PULLUP ;        ;              ; 1.8V           ; --           ;                 ; no       ; On           ;
; A5       ;            ;          ; GND                             ; gnd    ;              ;                ; --           ;                 ; --       ; --           ;
; A6       ; 137        ; 2L       ; RESERVED_INPUT_WITH_WEAK_PULLUP ;        ;              ; 1.8V           ; --           ;                 ; no       ; On           ;
; A7       ; 141        ; 2L       ; RESERVED_INPUT_WITH_WEAK_PULLUP ;        ;              ; 1.8V           ; --           ;                 ; no       ; On           ;
; A8       ; 147        ; 2L       ; RESERVED_INPUT_WITH_WEAK_PULLUP ;        ;              ; 1.8V           ; --           ;                 ; no       ; On           ;
; A9       ; 146        ; 2L       ; RESERVED_INPUT_WITH_WEAK_PULLUP ;        ;              ; 1.8V           ; --           ;                 ; no       ; On           ;
; A10      ;            ;          ; GND                             ; gnd    ;              ;                ; --           ;                 ; --       ; --           ;
; A11      ; 207        ; 2K       ; RESERVED_INPUT_WITH_WEAK_PULLUP ;        ;              ; 1.8V           ; --           ;                 ; no       ; On           ;
; A12      ; 203        ; 2K       ; RESERVED_INPUT_WITH_WEAK_PULLUP ;        ;              ; 1.8V           ; --           ;                 ; no       ; On           ;
; A13      ; 202        ; 2K       ; RESERVED_INPUT_WITH_WEAK_PULLUP ;        ;              ; 1.8V           ; --           ;                 ; no       ; On           ;
; A14      ; 201        ; 2K       ; RESERVED_INPUT_WITH_WEAK_PULLUP ;        ;              ; 1.8V           ; --           ;                 ; no       ; On           ;
; A15      ;            ;          ; GND                             ; gnd    ;              ;                ; --           ;                 ; --       ; --           ;
; A16      ; 189        ; 2K       ; RESERVED_INPUT_WITH_WEAK_PULLUP ;        ;              ; 1.8V           ; --           ;                 ; no       ; On           ;
; A17      ; 190        ; 2K       ; RESERVED_INPUT_WITH_WEAK_PULLUP ;        ;              ; 1.8V           ; --           ;                 ; no       ; On           ;
; A18      ; 191        ; 2K       ; RESERVED_INPUT_WITH_WEAK_PULLUP ;        ;              ; 1.8V           ; --           ;                 ; no       ; On           ;
; A19      ; 195        ; 2K       ; RESERVED_INPUT_WITH_WEAK_PULLUP ;        ;              ; 1.8V           ; --           ;                 ; no       ; On           ;
; A20      ;            ;          ; GND                             ; gnd    ;              ;                ; --           ;                 ; --       ; --           ;
; A21      ;            ;          ; GND                             ;        ;              ;                ; --           ;                 ; --       ; --           ;
; A22      ;            ;          ; GND                             ; gnd    ;              ;                ; --           ;                 ; --       ; --           ;
; A23      ;            ;          ; GND                             ; gnd    ;              ;                ; --           ;                 ; --       ; --           ;
; A24      ;            ;          ; GND                             ; gnd    ;              ;                ; --           ;                 ; --       ; --           ;
; A25      ;            ;          ; GND                             ; gnd    ;              ;                ; --           ;                 ; --       ; --           ;
; AA1      ; 497        ; CSS      ; #TDO                            ; output ;              ;                ; --           ;                 ; --       ; --           ;
; AA2      ; 504        ; CSS      ; ^MSEL2                          ; input  ;              ;                ; --           ;                 ; --       ; --           ;
; AA3      ; 503        ; CSS      ; ^MSEL1                          ; input  ;              ;                ; --           ;                 ; --       ; --           ;
; AA4      ; 510        ; CSS      ; ^nCE                            ;        ;              ;                ; --           ;                 ; --       ; --           ;
; AA5      ;            ;          ; GND                             ; gnd    ;              ;                ; --           ;                 ; --       ; --           ;
; AA6      ; 499        ; CSS      ; #TRST                           ; input  ;              ;                ; --           ;                 ; --       ; --           ;
; AA7      ; 299        ; 2A       ; RESERVED_INPUT_WITH_WEAK_PULLUP ;        ;              ; 1.8V           ; --           ;                 ; no       ; On           ;
; AA8      ; 298        ; 2A       ; RESERVED_INPUT_WITH_WEAK_PULLUP ;        ;              ; 1.8V           ; --           ;                 ; no       ; On           ;
; AA9      ; 292        ; 2A       ; RESERVED_INPUT_WITH_WEAK_PULLUP ;        ;              ; 1.8V           ; --           ;                 ; no       ; On           ;
; AA10     ;            ;          ; GND                             ; gnd    ;              ;                ; --           ;                 ; --       ; --           ;
; AA11     ; 302        ; 2A       ; RESERVED_INPUT_WITH_WEAK_PULLUP ;        ;              ; 1.8V           ; --           ;                 ; no       ; On           ;
; AA12     ; 297        ; 2A       ; RESERVED_INPUT_WITH_WEAK_PULLUP ;        ;              ; 1.8V           ; --           ;                 ; no       ; On           ;
; AA13     ; 296        ; 2A       ; RESERVED_INPUT_WITH_WEAK_PULLUP ;        ;              ; 1.8V           ; --           ;                 ; no       ; On           ;
; AA14     ; 281        ; 2A       ; RESERVED_INPUT_WITH_WEAK_PULLUP ;        ;              ; 1.8V           ; --           ;                 ; no       ; On           ;
; AA15     ;            ; 2A       ; VCCIO2A                         ; power  ;              ; 1.8V           ; --           ;                 ; --       ; --           ;
; AA16     ; 219        ; 2J       ; RESERVED_INPUT_WITH_WEAK_PULLUP ;        ;              ; 1.8V           ; --           ;                 ; no       ; On           ;
; AA17     ; 216        ; 2J       ; RESERVED_INPUT_WITH_WEAK_PULLUP ;        ;              ; 1.8V           ; --           ;                 ; no       ; On           ;
; AA18     ; 224        ; 2J       ; RESERVED_INPUT_WITH_WEAK_PULLUP ;        ;              ; 1.8V           ; --           ;                 ; no       ; On           ;
; AA19     ; 226        ; 2J       ; RESERVED_INPUT_WITH_WEAK_PULLUP ;        ;              ; 1.8V           ; --           ;                 ; no       ; On           ;
; AA20     ;            ;          ; GND                             ; gnd    ;              ;                ; --           ;                 ; --       ; --           ;
; AA21     ; 211        ; 2J       ; RESERVED_INPUT_WITH_WEAK_PULLUP ;        ;              ; 1.8V           ; --           ;                 ; no       ; On           ;
; AA22     ;            ;          ; GND                             ; gnd    ;              ;                ; --           ;                 ; --       ; --           ;
; AA23     ;            ;          ; GND                             ; gnd    ;              ;                ; --           ;                 ; --       ; --           ;
; AA24     ;            ;          ; GND                             ; gnd    ;              ;                ; --           ;                 ; --       ; --           ;
; AA25     ; 98         ; 1C       ; GXB_NC                          ;        ;              ;                ; --           ;                 ; --       ; --           ;
; AA26     ; 99         ; 1C       ; GXB_NC                          ;        ;              ;                ; --           ;                 ; --       ; --           ;
; AB1      ; 507        ; CSS      ; ^CONF_DONE                      ; bidir  ;              ;                ; --           ;                 ; --       ; --           ;
; AB2      ;            ;          ; GND                             ; gnd    ;              ;                ; --           ;                 ; --       ; --           ;
; AB3      ; 517        ; CSS      ; ^AS_DATA3                       ;        ;              ;                ; Weak Pull Up ;                 ; --       ; On           ;
; AB4      ; 513        ; CSS      ; ^nCSO2                          ;        ;              ;                ; Weak Pull Up ;                 ; --       ; On           ;
; AB5      ; 273        ; 2A       ; RESERVED_INPUT_WITH_WEAK_PULLUP ;        ;              ; 1.8V           ; --           ;                 ; no       ; On           ;
; AB6      ; 272        ; 2A       ; RESERVED_INPUT_WITH_WEAK_PULLUP ;        ;              ; 1.8V           ; --           ;                 ; no       ; On           ;
; AB7      ;            ;          ; GND                             ; gnd    ;              ;                ; --           ;                 ; --       ; --           ;
; AB8      ; 293        ; 2A       ; RESERVED_INPUT_WITH_WEAK_PULLUP ;        ;              ; 1.8V           ; --           ;                 ; no       ; On           ;
; AB9      ; 277        ; 2A       ; RESERVED_INPUT_WITH_WEAK_PULLUP ;        ;              ; 1.8V           ; --           ;                 ; no       ; On           ;
; AB10     ; 276        ; 2A       ; RESERVED_INPUT_WITH_WEAK_PULLUP ;        ;              ; 1.8V           ; --           ;                 ; no       ; On           ;
; AB11     ; 288        ; 2A       ; RESERVED_INPUT_WITH_WEAK_PULLUP ;        ;              ; 1.8V           ; --           ;                 ; no       ; On           ;
; AB12     ;            ; 2A       ; VCCIO2A                         ; power  ;              ; 1.8V           ; --           ;                 ; --       ; --           ;
; AB13     ; 287        ; 2A       ; RESERVED_INPUT_WITH_WEAK_PULLUP ;        ;              ; 1.8V           ; --           ;                 ; no       ; On           ;
; AB14     ; 286        ; 2A       ; RESERVED_INPUT_WITH_WEAK_PULLUP ;        ;              ; 1.8V           ; --           ;                 ; no       ; On           ;
; AB15     ; 234        ; 2J       ; RESERVED_INPUT_WITH_WEAK_PULLUP ;        ;              ; 1.8V           ; --           ;                 ; no       ; On           ;
; AB16     ; 217        ; 2J       ; RESERVED_INPUT_WITH_WEAK_PULLUP ;        ;              ; 1.8V           ; --           ;                 ; no       ; On           ;
; AB17     ;            ; 2J       ; VCCIO2J                         ; power  ;              ; 1.8V           ; --           ;                 ; --       ; --           ;
; AB18     ; 225        ; 2J       ; RESERVED_INPUT_WITH_WEAK_PULLUP ;        ;              ; 1.8V           ; --           ;                 ; no       ; On           ;
; AB19     ; 227        ; 2J       ; RESERVED_INPUT_WITH_WEAK_PULLUP ;        ;              ; 1.8V           ; --           ;                 ; no       ; On           ;
; AB20     ; 220        ; 2J       ; RESERVED_INPUT_WITH_WEAK_PULLUP ;        ;              ; 1.8V           ; --           ;                 ; no       ; On           ;
; AB21     ; 221        ; 2J       ; RESERVED_INPUT_WITH_WEAK_PULLUP ;        ;              ; 1.8V           ; --           ;                 ; no       ; On           ;
; AB22     ;            ;          ; GND                             ; gnd    ;              ;                ; --           ;                 ; --       ; --           ;
; AB23     ; 104        ; 1C       ; GXB_GND*                        ;        ;              ;                ; --           ;                 ; --       ; --           ;
; AB24     ; 105        ; 1C       ; GXB_GND*                        ;        ;              ;                ; --           ;                 ; --       ; --           ;
; AB25     ;            ;          ; GND                             ; gnd    ;              ;                ; --           ;                 ; --       ; --           ;
; AB26     ;            ;          ; GND                             ; gnd    ;              ;                ; --           ;                 ; --       ; --           ;
; AC1      ; 498        ; CSS      ; #TMS                            ; input  ;              ;                ; --           ;                 ; --       ; --           ;
; AC2      ; 516        ; CSS      ; ^AS_DATA2                       ;        ;              ;                ; Weak Pull Up ;                 ; --       ; On           ;
; AC3      ; 512        ; CSS      ; ^nCSO1                          ;        ;              ;                ; Weak Pull Up ;                 ; --       ; On           ;
; AC4      ;            ;          ; GND                             ; gnd    ;              ;                ; --           ;                 ; --       ; --           ;
; AC5      ; 278        ; 2A       ; RESERVED_INPUT_WITH_WEAK_PULLUP ;        ;              ; 1.8V           ; --           ;                 ; no       ; On           ;
; AC6      ; 275        ; 2A       ; RESERVED_INPUT_WITH_WEAK_PULLUP ;        ;              ; 1.8V           ; --           ;                 ; no       ; On           ;
; AC7      ; 274        ; 2A       ; RESERVED_INPUT_WITH_WEAK_PULLUP ;        ;              ; 1.8V           ; --           ;                 ; no       ; On           ;
; AC8      ; 268        ; 2A       ; RESERVED_INPUT_WITH_WEAK_PULLUP ;        ;              ; 1.8V           ; --           ;                 ; no       ; On           ;
; AC9      ;            ;          ; GND                             ; gnd    ;              ;                ; --           ;                 ; --       ; --           ;
; AC10     ; 270        ; 2A       ; RESERVED_INPUT_WITH_WEAK_PULLUP ;        ;              ; 1.8V           ; --           ;                 ; no       ; On           ;
; AC11     ; 289        ; 2A       ; RESERVED_INPUT_WITH_WEAK_PULLUP ;        ;              ; 1.8V           ; --           ;                 ; no       ; On           ;
; AC12     ; 291        ; 2A       ; RESERVED_INPUT_WITH_WEAK_PULLUP ;        ;              ; 1.8V           ; --           ;                 ; no       ; On           ;
; AC13     ; 290        ; 2A       ; RESERVED_INPUT_WITH_WEAK_PULLUP ;        ;              ; 1.8V           ; --           ;                 ; no       ; On           ;
; AC14     ;            ;          ; GND                             ; gnd    ;              ;                ; --           ;                 ; --       ; --           ;
; AC15     ; 235        ; 2J       ; RESERVED_INPUT_WITH_WEAK_PULLUP ;        ;              ; 1.8V           ; --           ;                 ; no       ; On           ;
; AC16     ; 240        ; 2J       ; RESERVED_INPUT_WITH_WEAK_PULLUP ;        ;              ; 1.8V           ; --           ;                 ; no       ; On           ;
; AC17     ; 241        ; 2J       ; RESERVED_INPUT_WITH_WEAK_PULLUP ;        ;              ; 1.8V           ; --           ;                 ; no       ; On           ;
; AC18     ; 230        ; 2J       ; RESERVED_INPUT_WITH_WEAK_PULLUP ;        ;              ; 1.8V           ; --           ;                 ; no       ; On           ;
; AC19     ;            ;          ; GND                             ; gnd    ;              ;                ; --           ;                 ; --       ; --           ;
; AC20     ; 222        ; 2J       ; RESERVED_INPUT_WITH_WEAK_PULLUP ;        ;              ; 1.8V           ; --           ;                 ; no       ; On           ;
; AC21     ; 223        ; 2J       ; RESERVED_INPUT_WITH_WEAK_PULLUP ;        ;              ; 1.8V           ; --           ;                 ; no       ; On           ;
; AC22     ;            ;          ; GND                             ; gnd    ;              ;                ; --           ;                 ; --       ; --           ;
; AC23     ;            ;          ; GND                             ; gnd    ;              ;                ; --           ;                 ; --       ; --           ;
; AC24     ;            ;          ; GND                             ; gnd    ;              ;                ; --           ;                 ; --       ; --           ;
; AC25     ; 102        ; 1C       ; GXB_NC                          ;        ;              ;                ; --           ;                 ; --       ; --           ;
; AC26     ; 103        ; 1C       ; GXB_NC                          ;        ;              ;                ; --           ;                 ; --       ; --           ;
; AD1      ;            ;          ; GND                             ; gnd    ;              ;                ; --           ;                 ; --       ; --           ;
; AD2      ; 515        ; CSS      ; ^AS_DATA1                       ;        ;              ;                ; Weak Pull Up ;                 ; --       ; On           ;
; AD3      ; 506        ; CSS      ; ^nSTATUS                        ;        ;              ;                ; --           ;                 ; --       ; --           ;
; AD4      ; 496        ; CSS      ; ^GND                            ;        ;              ;                ; --           ;                 ; --       ; --           ;
; AD5      ; 279        ; 2A       ; RESERVED_INPUT_WITH_WEAK_PULLUP ;        ;              ; 1.8V           ; --           ;                 ; no       ; On           ;
; AD6      ;            ;          ; GND                             ; gnd    ;              ;                ; --           ;                 ; --       ; --           ;
; AD7      ; 260        ; 2A       ; RESERVED_INPUT_WITH_WEAK_PULLUP ;        ;              ; 1.8V           ; --           ;                 ; no       ; On           ;
; AD8      ; 269        ; 2A       ; RESERVED_INPUT_WITH_WEAK_PULLUP ;        ;              ; 1.8V           ; --           ;                 ; no       ; On           ;
; AD9      ; 258        ; 2A       ; RESERVED_INPUT_WITH_WEAK_PULLUP ;        ;              ; 1.8V           ; --           ;                 ; no       ; On           ;
; AD10     ; 271        ; 2A       ; RESERVED_INPUT_WITH_WEAK_PULLUP ;        ;              ; 1.8V           ; --           ;                 ; no       ; On           ;
; AD11     ;            ;          ; GND                             ; gnd    ;              ;                ; --           ;                 ; --       ; --           ;
; AD12     ; 283        ; 2A       ; RESERVED_INPUT_WITH_WEAK_PULLUP ;        ;              ; 1.8V           ; --           ;                 ; no       ; On           ;
; AD13     ; 282        ; 2A       ; RESERVED_INPUT_WITH_WEAK_PULLUP ;        ;              ; 1.8V           ; --           ;                 ; no       ; On           ;
; AD14     ; 251        ; 2J       ; RESERVED_INPUT_WITH_WEAK_PULLUP ;        ;              ; 1.8V           ; --           ;                 ; no       ; On           ;
; AD15     ; 250        ; 2J       ; RESERVED_INPUT_WITH_WEAK_PULLUP ;        ;              ; 1.8V           ; --           ;                 ; no       ; On           ;
; AD16     ;            ;          ; GND                             ; gnd    ;              ;                ; --           ;                 ; --       ; --           ;
; AD17     ; 238        ; 2J       ; RESERVED_INPUT_WITH_WEAK_PULLUP ;        ;              ; 1.8V           ; --           ;                 ; no       ; On           ;
; AD18     ; 231        ; 2J       ; RESERVED_INPUT_WITH_WEAK_PULLUP ;        ;              ; 1.8V           ; --           ;                 ; no       ; On           ;
; AD19     ; 228        ; 2J       ; RESERVED_INPUT_WITH_WEAK_PULLUP ;        ;              ; 1.8V           ; --           ;                 ; no       ; On           ;
; AD20     ; 229        ; 2J       ; RESERVED_INPUT_WITH_WEAK_PULLUP ;        ;              ; 1.8V           ; --           ;                 ; no       ; On           ;
; AD21     ;            ;          ; GND                             ; gnd    ;              ;                ; --           ;                 ; --       ; --           ;
; AD22     ;            ;          ; GND                             ; gnd    ;              ;                ; --           ;                 ; --       ; --           ;
; AD23     ; 108        ; 1C       ; GXB_GND*                        ;        ;              ;                ; --           ;                 ; --       ; --           ;
; AD24     ; 109        ; 1C       ; GXB_GND*                        ;        ;              ;                ; --           ;                 ; --       ; --           ;
; AD25     ;            ;          ; GND                             ; gnd    ;              ;                ; --           ;                 ; --       ; --           ;
; AD26     ;            ;          ; GND                             ; gnd    ;              ;                ; --           ;                 ; --       ; --           ;
; AE1      ; 501        ; CSS      ; #TDI                            ; input  ;              ;                ; --           ;                 ; --       ; --           ;
; AE2      ; 511        ; CSS      ; ^nCSO0                          ;        ;              ;                ; Weak Pull Up ;                 ; --       ; On           ;
; AE3      ;            ;          ; GND                             ; gnd    ;              ;                ; --           ;                 ; --       ; --           ;
; AE4      ; 257        ; 2A       ; RESERVED_INPUT_WITH_WEAK_PULLUP ;        ;              ; 1.8V           ; --           ;                 ; no       ; On           ;
; AE5      ; 256        ; 2A       ; ~ALTERA_DATA0~ / RESERVED_INPUT ; input  ; 1.8-V        ; 1.8V           ; --           ; N               ; no       ; Off          ;
; AE6      ; 264        ; 2A       ; RESERVED_INPUT_WITH_WEAK_PULLUP ;        ;              ; 1.8V           ; --           ;                 ; no       ; On           ;
; AE7      ; 261        ; 2A       ; RESERVED_INPUT_WITH_WEAK_PULLUP ;        ;              ; 1.8V           ; --           ;                 ; no       ; On           ;
; AE8      ;            ;          ; GND                             ; gnd    ;              ;                ; --           ;                 ; --       ; --           ;
; AE9      ; 259        ; 2A       ; RESERVED_INPUT_WITH_WEAK_PULLUP ;        ;              ; 1.8V           ; --           ;                 ; no       ; On           ;
; AE10     ; 244        ; 2J       ; RESERVED_INPUT_WITH_WEAK_PULLUP ;        ;              ; 1.8V           ; --           ;                 ; no       ; On           ;
; AE11     ; 253        ; 2J       ; RESERVED_INPUT_WITH_WEAK_PULLUP ;        ;              ; 1.8V           ; --           ;                 ; no       ; On           ;
; AE12     ; 252        ; 2J       ; RESERVED_INPUT_WITH_WEAK_PULLUP ;        ;              ; 1.8V           ; --           ;                 ; no       ; On           ;
; AE13     ;            ;          ; GND                             ; gnd    ;              ;                ; --           ;                 ; --       ; --           ;
; AE14     ; 249        ; 2J       ; RESERVED_INPUT_WITH_WEAK_PULLUP ;        ;              ; 1.8V           ; --           ;                 ; no       ; On           ;
; AE15     ; 248        ; 2J       ; RESERVED_INPUT_WITH_WEAK_PULLUP ;        ;              ; 1.8V           ; --           ;                 ; no       ; On           ;
; AE16     ; 242        ; 2J       ; RESERVED_INPUT_WITH_WEAK_PULLUP ;        ;              ; 1.8V           ; --           ;                 ; no       ; On           ;
; AE17     ; 239        ; 2J       ; RESERVED_INPUT_WITH_WEAK_PULLUP ;        ;              ; 1.8V           ; --           ;                 ; no       ; On           ;
; AE18     ;            ;          ; GND                             ; gnd    ;              ;                ; --           ;                 ; --       ; --           ;
; AE19     ; 232        ; 2J       ; RESERVED_INPUT_WITH_WEAK_PULLUP ;        ;              ; 1.8V           ; --           ;                 ; no       ; On           ;
; AE20     ;            ;          ; GND                             ; gnd    ;              ;                ; --           ;                 ; --       ; --           ;
; AE21     ;            ;          ; GND                             ; gnd    ;              ;                ; --           ;                 ; --       ; --           ;
; AE22     ;            ;          ; GND                             ; gnd    ;              ;                ; --           ;                 ; --       ; --           ;
; AE23     ;            ;          ; GND                             ; gnd    ;              ;                ; --           ;                 ; --       ; --           ;
; AE24     ;            ;          ; GND                             ; gnd    ;              ;                ; --           ;                 ; --       ; --           ;
; AE25     ; 106        ; 1C       ; GXB_NC                          ;        ;              ;                ; --           ;                 ; --       ; --           ;
; AE26     ; 107        ; 1C       ; GXB_NC                          ;        ;              ;                ; --           ;                 ; --       ; --           ;
; AF2      ; 518        ; CSS      ; ^DCLK                           ; bidir  ;              ;                ; Weak Pull Up ;                 ; --       ; On           ;
; AF3      ; 263        ; 2A       ; RESERVED_INPUT_WITH_WEAK_PULLUP ;        ;              ; 1.8V           ; --           ;                 ; no       ; On           ;
; AF4      ; 262        ; 2A       ; RESERVED_INPUT_WITH_WEAK_PULLUP ;        ;              ; 1.8V           ; --           ;                 ; no       ; On           ;
; AF5      ;            ;          ; GND                             ; gnd    ;              ;                ; --           ;                 ; --       ; --           ;
; AF6      ; 265        ; 2A       ; RESERVED_INPUT_WITH_WEAK_PULLUP ;        ;              ; 1.8V           ; --           ;                 ; no       ; On           ;
; AF7      ; 267        ; 2A       ; RESERVED_INPUT_WITH_WEAK_PULLUP ;        ;              ; 1.8V           ; --           ;                 ; no       ; On           ;
; AF8      ; 266        ; 2A       ; RESERVED_INPUT_WITH_WEAK_PULLUP ;        ;              ; 1.8V           ; --           ;                 ; no       ; On           ;
; AF9      ; 245        ; 2J       ; RESERVED_INPUT_WITH_WEAK_PULLUP ;        ;              ; 1.8V           ; --           ;                 ; no       ; On           ;
; AF10     ;            ;          ; GND                             ; gnd    ;              ;                ; --           ;                 ; --       ; --           ;
; AF11     ; 247        ; 2J       ; RESERVED_INPUT_WITH_WEAK_PULLUP ;        ;              ; 1.8V           ; --           ;                 ; no       ; On           ;
; AF12     ; 246        ; 2J       ; RESERVED_INPUT_WITH_WEAK_PULLUP ;        ;              ; 1.8V           ; --           ;                 ; no       ; On           ;
; AF13     ; 254        ; 2J       ; RESERVED_INPUT_WITH_WEAK_PULLUP ;        ;              ; 1.8V           ; --           ;                 ; no       ; On           ;
; AF14     ; 255        ; 2J       ; RESERVED_INPUT_WITH_WEAK_PULLUP ;        ;              ; 1.8V           ; --           ;                 ; no       ; On           ;
; AF15     ;            ;          ; GND                             ; gnd    ;              ;                ; --           ;                 ; --       ; --           ;
; AF16     ; 243        ; 2J       ; RESERVED_INPUT_WITH_WEAK_PULLUP ;        ;              ; 1.8V           ; --           ;                 ; no       ; On           ;
; AF17     ; 236        ; 2J       ; RESERVED_INPUT_WITH_WEAK_PULLUP ;        ;              ; 1.8V           ; --           ;                 ; no       ; On           ;
; AF18     ; 237        ; 2J       ; RESERVED_INPUT_WITH_WEAK_PULLUP ;        ;              ; 1.8V           ; --           ;                 ; no       ; On           ;
; AF19     ; 233        ; 2J       ; RESERVED_INPUT_WITH_WEAK_PULLUP ;        ;              ; 1.8V           ; --           ;                 ; no       ; On           ;
; AF20     ;            ;          ; GND                             ; gnd    ;              ;                ; --           ;                 ; --       ; --           ;
; AF21     ;            ;          ; DNU                             ;        ;              ;                ; --           ;                 ; --       ; --           ;
; AF22     ;            ;          ; DNU                             ;        ;              ;                ; --           ;                 ; --       ; --           ;
; AF23     ;            ;          ; GND                             ;        ;              ;                ; --           ;                 ; --       ; --           ;
; AF24     ;            ;          ; GND                             ; gnd    ;              ;                ; --           ;                 ; --       ; --           ;
; AF25     ;            ;          ; GND                             ; gnd    ;              ;                ; --           ;                 ; --       ; --           ;
; B1       ; 153        ; 2L       ; RESERVED_INPUT_WITH_WEAK_PULLUP ;        ;              ; 1.8V           ; --           ;                 ; no       ; On           ;
; B2       ;            ;          ; GND                             ; gnd    ;              ;                ; --           ;                 ; --       ; --           ;
; B3       ; 145        ; 2L       ; RESERVED_INPUT_WITH_WEAK_PULLUP ;        ;              ; 1.8V           ; --           ;                 ; no       ; On           ;
; B4       ; 144        ; 2L       ; RESERVED_INPUT_WITH_WEAK_PULLUP ;        ;              ; 1.8V           ; --           ;                 ; no       ; On           ;
; B5       ; 138        ; 2L       ; RESERVED_INPUT_WITH_WEAK_PULLUP ;        ;              ; 1.8V           ; --           ;                 ; no       ; On           ;
; B6       ; 136        ; 2L       ; RESERVED_INPUT_WITH_WEAK_PULLUP ;        ;              ; 1.8V           ; --           ;                 ; no       ; On           ;
; B7       ;            ;          ; GND                             ; gnd    ;              ;                ; --           ;                 ; --       ; --           ;
; B8       ; 140        ; 2L       ; RESERVED_INPUT_WITH_WEAK_PULLUP ;        ;              ; 1.8V           ; --           ;                 ; no       ; On           ;
; B9       ; 143        ; 2L       ; RESERVED_INPUT_WITH_WEAK_PULLUP ;        ;              ; 1.8V           ; --           ;                 ; no       ; On           ;
; B10      ; 142        ; 2L       ; RESERVED_INPUT_WITH_WEAK_PULLUP ;        ;              ; 1.8V           ; --           ;                 ; no       ; On           ;
; B11      ; 206        ; 2K       ; RESERVED_INPUT_WITH_WEAK_PULLUP ;        ;              ; 1.8V           ; --           ;                 ; no       ; On           ;
; B12      ;            ;          ; GND                             ; gnd    ;              ;                ; --           ;                 ; --       ; --           ;
; B13      ; 199        ; 2K       ; RESERVED_INPUT_WITH_WEAK_PULLUP ;        ;              ; 1.8V           ; --           ;                 ; no       ; On           ;
; B14      ; 200        ; 2K       ; RESERVED_INPUT_WITH_WEAK_PULLUP ;        ;              ; 1.8V           ; --           ;                 ; no       ; On           ;
; B15      ; 193        ; 2K       ; RESERVED_INPUT_WITH_WEAK_PULLUP ;        ;              ; 1.8V           ; --           ;                 ; no       ; On           ;
; B16      ; 188        ; 2K       ; RESERVED_INPUT_WITH_WEAK_PULLUP ;        ;              ; 1.8V           ; --           ;                 ; no       ; On           ;
; B17      ;            ;          ; GND                             ; gnd    ;              ;                ; --           ;                 ; --       ; --           ;
; B18      ; 183        ; 2K       ; RESERVED_INPUT_WITH_WEAK_PULLUP ;        ;              ; 1.8V           ; --           ;                 ; no       ; On           ;
; B19      ; 194        ; 2K       ; RESERVED_INPUT_WITH_WEAK_PULLUP ;        ;              ; 1.8V           ; --           ;                 ; no       ; On           ;
; B20      ;            ;          ; GND                             ; gnd    ;              ;                ; --           ;                 ; --       ; --           ;
; B21      ;            ;          ; GND                             ; gnd    ;              ;                ; --           ;                 ; --       ; --           ;
; B22      ;            ;          ; GND                             ; gnd    ;              ;                ; --           ;                 ; --       ; --           ;
; B23      ;            ;          ; GND                             ; gnd    ;              ;                ; --           ;                 ; --       ; --           ;
; B24      ;            ;          ; GND                             ; gnd    ;              ;                ; --           ;                 ; --       ; --           ;
; B25      ;            ;          ; GND                             ; gnd    ;              ;                ; --           ;                 ; --       ; --           ;
; B26      ;            ;          ; GND                             ; gnd    ;              ;                ; --           ;                 ; --       ; --           ;
; C1       ; 152        ; 2L       ; RESERVED_INPUT_WITH_WEAK_PULLUP ;        ;              ; 1.8V           ; --           ;                 ; no       ; On           ;
; C2       ; 151        ; 2L       ; RESERVED_INPUT_WITH_WEAK_PULLUP ;        ;              ; 1.8V           ; --           ;                 ; no       ; On           ;
; C3       ; 150        ; 2L       ; RESERVED_INPUT_WITH_WEAK_PULLUP ;        ;              ; 1.8V           ; --           ;                 ; no       ; On           ;
; C4       ;            ;          ; GND                             ; gnd    ;              ;                ; --           ;                 ; --       ; --           ;
; C5       ; 135        ; 2L       ; RESERVED_INPUT_WITH_WEAK_PULLUP ;        ;              ; 1.8V           ; --           ;                 ; no       ; On           ;
; C6       ; 134        ; 2L       ; RESERVED_INPUT_WITH_WEAK_PULLUP ;        ;              ; 1.8V           ; --           ;                 ; no       ; On           ;
; C7       ; 129        ; 2L       ; RESERVED_INPUT_WITH_WEAK_PULLUP ;        ;              ; 1.8V           ; --           ;                 ; no       ; On           ;
; C8       ; 128        ; 2L       ; RESERVED_INPUT_WITH_WEAK_PULLUP ;        ;              ; 1.8V           ; --           ;                 ; no       ; On           ;
; C9       ;            ; 2L       ; VCCIO2L                         ; power  ;              ; 1.8V           ; --           ;                 ; --       ; --           ;
; C10      ; 133        ; 2L       ; RESERVED_INPUT_WITH_WEAK_PULLUP ;        ;              ; 1.8V           ; --           ;                 ; no       ; On           ;
; C11      ; 205        ; 2K       ; RESERVED_INPUT_WITH_WEAK_PULLUP ;        ;              ; 1.8V           ; --           ;                 ; no       ; On           ;
; C12      ; 204        ; 2K       ; RESERVED_INPUT_WITH_WEAK_PULLUP ;        ;              ; 1.8V           ; --           ;                 ; no       ; On           ;
; C13      ; 198        ; 2K       ; RESERVED_INPUT_WITH_WEAK_PULLUP ;        ;              ; 1.8V           ; --           ;                 ; no       ; On           ;
; C14      ;            ;          ; GND                             ; gnd    ;              ;                ; --           ;                 ; --       ; --           ;
; C15      ; 192        ; 2K       ; RESERVED_INPUT_WITH_WEAK_PULLUP ;        ;              ; 1.8V           ; --           ;                 ; no       ; On           ;
; C16      ; 184        ; 2K       ; RESERVED_INPUT_WITH_WEAK_PULLUP ;        ;              ; 1.8V           ; --           ;                 ; no       ; On           ;
; C17      ; 185        ; 2K       ; RESERVED_INPUT_WITH_WEAK_PULLUP ;        ;              ; 1.8V           ; --           ;                 ; no       ; On           ;
; C18      ; 182        ; 2K       ; RESERVED_INPUT_WITH_WEAK_PULLUP ;        ;              ; 1.8V           ; --           ;                 ; no       ; On           ;
; C19      ;            ;          ; GND                             ; gnd    ;              ;                ; --           ;                 ; --       ; --           ;
; C20      ; 172        ; 2K       ; RESERVED_INPUT_WITH_WEAK_PULLUP ;        ;              ; 1.8V           ; --           ;                 ; no       ; On           ;
; C21      ; 173        ; 2K       ; RESERVED_INPUT_WITH_WEAK_PULLUP ;        ;              ; 1.8V           ; --           ;                 ; no       ; On           ;
; C22      ;            ;          ; GND                             ; gnd    ;              ;                ; --           ;                 ; --       ; --           ;
; C23      ;            ;          ; GND                             ; gnd    ;              ;                ; --           ;                 ; --       ; --           ;
; C24      ;            ;          ; GND                             ; gnd    ;              ;                ; --           ;                 ; --       ; --           ;
; C25      ;            ;          ; NC                              ;        ;              ;                ; --           ;                 ; --       ; --           ;
; C26      ;            ;          ; NC                              ;        ;              ;                ; --           ;                 ; --       ; --           ;
; D1       ;            ;          ; GND                             ; gnd    ;              ;                ; --           ;                 ; --       ; --           ;
; D2       ; 149        ; 2L       ; RESERVED_INPUT_WITH_WEAK_PULLUP ;        ;              ; 1.8V           ; --           ;                 ; no       ; On           ;
; D3       ; 148        ; 2L       ; RESERVED_INPUT_WITH_WEAK_PULLUP ;        ;              ; 1.8V           ; --           ;                 ; no       ; On           ;
; D4       ; 115        ; 2L       ; RESERVED_INPUT_WITH_WEAK_PULLUP ;        ;              ; 1.8V           ; --           ;                 ; no       ; On           ;
; D5       ; 114        ; 2L       ; RESERVED_INPUT_WITH_WEAK_PULLUP ;        ;              ; 1.8V           ; --           ;                 ; no       ; On           ;
; D6       ;            ;          ; GND                             ; gnd    ;              ;                ; --           ;                 ; --       ; --           ;
; D7       ; 131        ; 2L       ; RESERVED_INPUT_WITH_WEAK_PULLUP ;        ;              ; 1.8V           ; --           ;                 ; no       ; On           ;
; D8       ; 130        ; 2L       ; RESERVED_INPUT_WITH_WEAK_PULLUP ;        ;              ; 1.8V           ; --           ;                 ; no       ; On           ;
; D9       ; 125        ; 2L       ; RESERVED_INPUT_WITH_WEAK_PULLUP ;        ;              ; 1.8V           ; --           ;                 ; no       ; On           ;
; D10      ; 132        ; 2L       ; RESERVED_INPUT_WITH_WEAK_PULLUP ;        ;              ; 1.8V           ; --           ;                 ; no       ; On           ;
; D11      ;            ; 2L       ; VCCIO2L                         ; power  ;              ; 1.8V           ; --           ;                 ; --       ; --           ;
; D12      ; 197        ; 2K       ; RESERVED_INPUT_WITH_WEAK_PULLUP ;        ;              ; 1.8V           ; --           ;                 ; no       ; On           ;
; D13      ; 196        ; 2K       ; RESERVED_INPUT_WITH_WEAK_PULLUP ;        ;              ; 1.8V           ; --           ;                 ; no       ; On           ;
; D14      ; 186        ; 2K       ; RESERVED_INPUT_WITH_WEAK_PULLUP ;        ;              ; 1.8V           ; --           ;                 ; no       ; On           ;
; D15      ; 187        ; 2K       ; RESERVED_INPUT_WITH_WEAK_PULLUP ;        ;              ; 1.8V           ; --           ;                 ; no       ; On           ;
; D16      ;            ; 2K       ; VCCIO2K                         ; power  ;              ; 1.8V           ; --           ;                 ; --       ; --           ;
; D17      ; 176        ; 2K       ; RESERVED_INPUT_WITH_WEAK_PULLUP ;        ;              ; 1.8V           ; --           ;                 ; no       ; On           ;
; D18      ; 177        ; 2K       ; RESERVED_INPUT_WITH_WEAK_PULLUP ;        ;              ; 1.8V           ; --           ;                 ; no       ; On           ;
; D19      ; 175        ; 2K       ; RESERVED_INPUT_WITH_WEAK_PULLUP ;        ;              ; 1.8V           ; --           ;                 ; no       ; On           ;
; D20      ; 179        ; 2K       ; RESERVED_INPUT_WITH_WEAK_PULLUP ;        ;              ; 1.8V           ; --           ;                 ; no       ; On           ;
; D21      ;            ;          ; GND                             ; gnd    ;              ;                ; --           ;                 ; --       ; --           ;
; D22      ;            ;          ; GND                             ; gnd    ;              ;                ; --           ;                 ; --       ; --           ;
; D23      ;            ;          ; GND                             ; gnd    ;              ;                ; --           ;                 ; --       ; --           ;
; D24      ;            ;          ; GND                             ; gnd    ;              ;                ; --           ;                 ; --       ; --           ;
; D25      ;            ;          ; GND                             ; gnd    ;              ;                ; --           ;                 ; --       ; --           ;
; D26      ;            ;          ; GND                             ; gnd    ;              ;                ; --           ;                 ; --       ; --           ;
; E1       ; 157        ; 2L       ; RESERVED_INPUT_WITH_WEAK_PULLUP ;        ;              ; 1.8V           ; --           ;                 ; no       ; On           ;
; E2       ; 156        ; 2L       ; RESERVED_INPUT_WITH_WEAK_PULLUP ;        ;              ; 1.8V           ; --           ;                 ; no       ; On           ;
; E3       ;            ;          ; GND                             ; gnd    ;              ;                ; --           ;                 ; --       ; --           ;
; E4       ; 113        ; 2L       ; RESERVED_INPUT_WITH_WEAK_PULLUP ;        ;              ; 1.8V           ; --           ;                 ; no       ; On           ;
; E5       ; 112        ; 2L       ; RESERVED_INPUT_WITH_WEAK_PULLUP ;        ;              ; 1.8V           ; --           ;                 ; no       ; On           ;
; E6       ; 117        ; 2L       ; RESERVED_INPUT_WITH_WEAK_PULLUP ;        ;              ; 1.8V           ; --           ;                 ; no       ; On           ;
; E7       ; 116        ; 2L       ; RESERVED_INPUT_WITH_WEAK_PULLUP ;        ;              ; 1.8V           ; --           ;                 ; no       ; On           ;
; E8       ;            ; 2L       ; VCCIO2L                         ; power  ;              ; 1.8V           ; --           ;                 ; --       ; --           ;
; E9       ; 124        ; 2L       ; RESERVED_INPUT_WITH_WEAK_PULLUP ;        ;              ; 1.8V           ; --           ;                 ; no       ; On           ;
; E10      ; 127        ; 2L       ; RESERVED_INPUT_WITH_WEAK_PULLUP ;        ;              ; 1.8V           ; --           ;                 ; no       ; On           ;
; E11      ; 126        ; 2L       ; RESERVED_INPUT_WITH_WEAK_PULLUP ;        ;              ; 1.8V           ; --           ;                 ; no       ; On           ;
; E12      ;            ; 2L       ; VREFB2LN0                       ; power  ;              ; GND            ; --           ;                 ; --       ; --           ;
; E13      ;            ;          ; GND                             ; gnd    ;              ;                ; --           ;                 ; --       ; --           ;
; E14      ; 170        ; 2K       ; RESERVED_INPUT_WITH_WEAK_PULLUP ;        ;              ; 1.8V           ; --           ;                 ; no       ; On           ;
; E15      ; 171        ; 2K       ; RESERVED_INPUT_WITH_WEAK_PULLUP ;        ;              ; 1.8V           ; --           ;                 ; no       ; On           ;
; E16      ; 163        ; 2K       ; RESERVED_INPUT_WITH_WEAK_PULLUP ;        ;              ; 1.8V           ; --           ;                 ; no       ; On           ;
; E17      ; 165        ; 2K       ; RESERVED_INPUT_WITH_WEAK_PULLUP ;        ;              ; 1.8V           ; --           ;                 ; no       ; On           ;
; E18      ;            ; 2K       ; VCCIO2K                         ; power  ;              ; 1.8V           ; --           ;                 ; --       ; --           ;
; E19      ; 174        ; 2K       ; RESERVED_INPUT_WITH_WEAK_PULLUP ;        ;              ; 1.8V           ; --           ;                 ; no       ; On           ;
; E20      ; 178        ; 2K       ; RESERVED_INPUT_WITH_WEAK_PULLUP ;        ;              ; 1.8V           ; --           ;                 ; no       ; On           ;
; E21      ; 181        ; 2K       ; RESERVED_INPUT_WITH_WEAK_PULLUP ;        ;              ; 1.8V           ; --           ;                 ; no       ; On           ;
; E22      ;            ;          ; GND                             ; gnd    ;              ;                ; --           ;                 ; --       ; --           ;
; E23      ;            ;          ; GND                             ; gnd    ;              ;                ; --           ;                 ; --       ; --           ;
; E24      ;            ;          ; GND                             ; gnd    ;              ;                ; --           ;                 ; --       ; --           ;
; E25      ;            ;          ; NC                              ;        ;              ;                ; --           ;                 ; --       ; --           ;
; E26      ;            ;          ; NC                              ;        ;              ;                ; --           ;                 ; --       ; --           ;
; F1       ; 159        ; 2L       ; RESERVED_INPUT_WITH_WEAK_PULLUP ;        ;              ; 1.8V           ; --           ;                 ; no       ; On           ;
; F2       ; 158        ; 2L       ; RESERVED_INPUT_WITH_WEAK_PULLUP ;        ;              ; 1.8V           ; --           ;                 ; no       ; On           ;
; F3       ; 119        ; 2L       ; RESERVED_INPUT_WITH_WEAK_PULLUP ;        ;              ; 1.8V           ; --           ;                 ; no       ; On           ;
; F4       ; 118        ; 2L       ; RESERVED_INPUT_WITH_WEAK_PULLUP ;        ;              ; 1.8V           ; --           ;                 ; no       ; On           ;
; F5       ;            ;          ; GND                             ; gnd    ;              ;                ; --           ;                 ; --       ; --           ;
; F6       ;            ;          ; VREFP_ADC                       ;        ;              ;                ; --           ;                 ; --       ; --           ;
; F7       ; 123        ; 2L       ; RESERVED_INPUT_WITH_WEAK_PULLUP ;        ;              ; 1.8V           ; --           ;                 ; no       ; On           ;
; F8       ; 122        ; 2L       ; RESERVED_INPUT_WITH_WEAK_PULLUP ;        ;              ; 1.8V           ; --           ;                 ; no       ; On           ;
; F9       ;            ;          ; VSIGP_1                         ;        ;              ;                ; --           ;                 ; --       ; --           ;
; F10      ;            ;          ; GND                             ; gnd    ;              ;                ; --           ;                 ; --       ; --           ;
; F11      ;            ;          ; NC                              ;        ;              ;                ; --           ;                 ; --       ; --           ;
; F12      ;            ;          ; NC                              ;        ;              ;                ; --           ;                 ; --       ; --           ;
; F13      ;            ;          ; NC                              ;        ;              ;                ; --           ;                 ; --       ; --           ;
; F14      ;            ;          ; NC                              ;        ;              ;                ; --           ;                 ; --       ; --           ;
; F15      ;            ; 2K       ; VCCIO2K                         ; power  ;              ; 1.8V           ; --           ;                 ; --       ; --           ;
; F16      ; 162        ; 2K       ; RESERVED_INPUT_WITH_WEAK_PULLUP ;        ;              ; 1.8V           ; --           ;                 ; no       ; On           ;
; F17      ; 164        ; 2K       ; RESERVED_INPUT_WITH_WEAK_PULLUP ;        ;              ; 1.8V           ; --           ;                 ; no       ; On           ;
; F18      ; 168        ; 2K       ; RESERVED_INPUT_WITH_WEAK_PULLUP ;        ;              ; 1.8V           ; --           ;                 ; no       ; On           ;
; F19      ; 169        ; 2K       ; RESERVED_INPUT_WITH_WEAK_PULLUP ;        ;              ; 1.8V           ; --           ;                 ; no       ; On           ;
; F20      ;            ;          ; GND                             ; gnd    ;              ;                ; --           ;                 ; --       ; --           ;
; F21      ; 180        ; 2K       ; RESERVED_INPUT_WITH_WEAK_PULLUP ;        ;              ; 1.8V           ; --           ;                 ; no       ; On           ;
; F22      ;            ;          ; GND                             ; gnd    ;              ;                ; --           ;                 ; --       ; --           ;
; F23      ; 68         ; 1D       ; GXB_GND*                        ;        ;              ;                ; --           ;                 ; --       ; --           ;
; F24      ; 69         ; 1D       ; GXB_GND*                        ;        ;              ;                ; --           ;                 ; --       ; --           ;
; F25      ;            ;          ; GND                             ; gnd    ;              ;                ; --           ;                 ; --       ; --           ;
; F26      ;            ;          ; GND                             ; gnd    ;              ;                ; --           ;                 ; --       ; --           ;
; G1       ; 465        ; 3A       ; m_axis_tdata[14]                ; output ; 1.8-V        ; 1.8V           ; --           ; N               ; no       ; Off          ;
; G2       ;            ;          ; GND                             ; gnd    ;              ;                ; --           ;                 ; --       ; --           ;
; G3       ; 457        ; 3A       ; RESERVED_INPUT_WITH_WEAK_PULLUP ;        ;              ; 1.8V           ; --           ;                 ; no       ; On           ;
; G4       ; 121        ; 2L       ; RESERVED_INPUT_WITH_WEAK_PULLUP ;        ;              ; 1.8V           ; --           ;                 ; no       ; On           ;
; G5       ; 120        ; 2L       ; RESERVED_INPUT_WITH_WEAK_PULLUP ;        ;              ; 1.8V           ; --           ;                 ; no       ; On           ;
; G6       ;            ;          ; VREFN_ADC                       ;        ;              ;                ; --           ;                 ; --       ; --           ;
; G7       ;            ;          ; GND                             ; gnd    ;              ;                ; --           ;                 ; --       ; --           ;
; G8       ;            ;          ; VSIGP_0                         ;        ;              ;                ; --           ;                 ; --       ; --           ;
; G9       ;            ;          ; VSIGN_1                         ;        ;              ;                ; --           ;                 ; --       ; --           ;
; G10      ;            ;          ; NC                              ;        ;              ;                ; --           ;                 ; --       ; --           ;
; G11      ;            ;          ; NC                              ;        ;              ;                ; --           ;                 ; --       ; --           ;
; G12      ;            ;          ; GND                             ; gnd    ;              ;                ; --           ;                 ; --       ; --           ;
; G13      ;            ;          ; NC                              ;        ;              ;                ; --           ;                 ; --       ; --           ;
; G14      ;            ;          ; NC                              ;        ;              ;                ; --           ;                 ; --       ; --           ;
; G15      ;            ;          ; NC                              ;        ;              ;                ; --           ;                 ; --       ; --           ;
; G16      ;            ;          ; NC                              ;        ;              ;                ; --           ;                 ; --       ; --           ;
; G17      ;            ;          ; GND                             ; gnd    ;              ;                ; --           ;                 ; --       ; --           ;
; G18      ; 161        ; 2K       ; RESERVED_INPUT_WITH_WEAK_PULLUP ;        ;              ; 1.8V           ; --           ;                 ; no       ; On           ;
; G19      ; 166        ; 2K       ; RESERVED_INPUT_WITH_WEAK_PULLUP ;        ;              ; 1.8V           ; --           ;                 ; no       ; On           ;
; G20      ; 167        ; 2K       ; RESERVED_INPUT_WITH_WEAK_PULLUP ;        ;              ; 1.8V           ; --           ;                 ; no       ; On           ;
; G21      ;            ;          ; GND                             ; gnd    ;              ;                ; --           ;                 ; --       ; --           ;
; G22      ;            ;          ; GND                             ; gnd    ;              ;                ; --           ;                 ; --       ; --           ;
; G23      ;            ;          ; GND                             ; gnd    ;              ;                ; --           ;                 ; --       ; --           ;
; G24      ;            ;          ; GND                             ; gnd    ;              ;                ; --           ;                 ; --       ; --           ;
; G25      ; 66         ; 1D       ; GXB_NC                          ;        ;              ;                ; --           ;                 ; --       ; --           ;
; G26      ; 67         ; 1D       ; GXB_NC                          ;        ;              ;                ; --           ;                 ; --       ; --           ;
; H1       ; 464        ; 3A       ; m_axis_tdata[10]                ; output ; 1.8-V        ; 1.8V           ; --           ; N               ; no       ; Off          ;
; H2       ; 461        ; 3A       ; m_axis_tdata[9]                 ; output ; 1.8-V        ; 1.8V           ; --           ; N               ; no       ; Off          ;
; H3       ; 456        ; 3A       ; m_axis_tdata[16]                ; output ; 1.8-V        ; 1.8V           ; --           ; N               ; no       ; Off          ;
; H4       ;            ;          ; GND                             ; gnd    ;              ;                ; --           ;                 ; --       ; --           ;
; H5       ; 451        ; 3A       ; m_axis_tdata[17]                ; output ; 1.8-V        ; 1.8V           ; --           ; N               ; no       ; Off          ;
; H6       ; 450        ; 3A       ; m_axis_tdata[3]                 ; output ; 1.8-V        ; 1.8V           ; --           ; N               ; no       ; Off          ;
; H7       ;            ;          ; NC                              ;        ;              ;                ; --           ;                 ; --       ; --           ;
; H8       ;            ;          ; VSIGN_0                         ;        ;              ;                ; --           ;                 ; --       ; --           ;
; H9       ;            ;          ; GND                             ; gnd    ;              ;                ; --           ;                 ; --       ; --           ;
; H10      ;            ;          ; NC                              ;        ;              ;                ; --           ;                 ; --       ; --           ;
; H11      ;            ;          ; GND                             ; gnd    ;              ;                ; --           ;                 ; --       ; --           ;
; H12      ;            ;          ; NC                              ;        ;              ;                ; --           ;                 ; --       ; --           ;
; H13      ;            ;          ; NC                              ;        ;              ;                ; --           ;                 ; --       ; --           ;
; H14      ;            ;          ; GND                             ; gnd    ;              ;                ; --           ;                 ; --       ; --           ;
; H15      ;            ;          ; NC                              ;        ;              ;                ; --           ;                 ; --       ; --           ;
; H16      ;            ;          ; NC                              ;        ;              ;                ; --           ;                 ; --       ; --           ;
; H17      ;            ; 2K       ; VREFB2KN0                       ; power  ;              ; GND            ; --           ;                 ; --       ; --           ;
; H18      ; 160        ; 2K       ; RESERVED_INPUT_WITH_WEAK_PULLUP ;        ;              ; 1.8V           ; --           ;                 ; no       ; On           ;
; H19      ;            ;          ; GND                             ; gnd    ;              ;                ; --           ;                 ; --       ; --           ;
; H20      ;            ;          ; NC                              ;        ;              ;                ; --           ;                 ; --       ; --           ;
; H21      ;            ;          ; NC                              ;        ;              ;                ; --           ;                 ; --       ; --           ;
; H22      ;            ;          ; GND                             ; gnd    ;              ;                ; --           ;                 ; --       ; --           ;
; H23      ; 72         ; 1D       ; GXB_GND*                        ;        ;              ;                ; --           ;                 ; --       ; --           ;
; H24      ; 73         ; 1D       ; GXB_GND*                        ;        ;              ;                ; --           ;                 ; --       ; --           ;
; H25      ;            ;          ; GND                             ; gnd    ;              ;                ; --           ;                 ; --       ; --           ;
; H26      ;            ;          ; GND                             ; gnd    ;              ;                ; --           ;                 ; --       ; --           ;
; J1       ;            ;          ; GND                             ; gnd    ;              ;                ; --           ;                 ; --       ; --           ;
; J2       ; 463        ; 3A       ; m_axis_tdata[2]                 ; output ; 1.8-V        ; 1.8V           ; --           ; N               ; no       ; Off          ;
; J3       ; 460        ; 3A       ; RESERVED_INPUT_WITH_WEAK_PULLUP ;        ;              ; 1.8V           ; --           ;                 ; no       ; On           ;
; J4       ; 449        ; 3A       ; m_axis_tuser[0]                 ; output ; 1.8-V        ; 1.8V           ; --           ; N               ; no       ; Off          ;
; J5       ; 453        ; 3A       ; RESERVED_INPUT_WITH_WEAK_PULLUP ;        ;              ; 1.8V           ; --           ;                 ; no       ; On           ;
; J6       ;            ;          ; GND                             ; gnd    ;              ;                ; --           ;                 ; --       ; --           ;
; J7       ;            ;          ; ADCGND                          ; gnd    ;              ;                ; --           ;                 ; --       ; --           ;
; J8       ;            ;          ; TEMPDIODEn                      ;        ;              ;                ; --           ;                 ; --       ; --           ;
; J9       ;            ;          ; TEMPDIODEp                      ;        ;              ;                ; --           ;                 ; --       ; --           ;
; J10      ;            ;          ; GND                             ; gnd    ;              ;                ; --           ;                 ; --       ; --           ;
; J11      ;            ;          ; GND                             ; gnd    ;              ;                ; --           ;                 ; --       ; --           ;
; J12      ;            ;          ; GND                             ; gnd    ;              ;                ; --           ;                 ; --       ; --           ;
; J13      ;            ;          ; NC                              ;        ;              ;                ; --           ;                 ; --       ; --           ;
; J14      ;            ;          ; NC                              ;        ;              ;                ; --           ;                 ; --       ; --           ;
; J15      ;            ;          ; NC                              ;        ;              ;                ; --           ;                 ; --       ; --           ;
; J16      ;            ;          ; GND                             ; gnd    ;              ;                ; --           ;                 ; --       ; --           ;
; J17      ;            ;          ; NC                              ;        ;              ;                ; --           ;                 ; --       ; --           ;
; J18      ;            ;          ; NC                              ;        ;              ;                ; --           ;                 ; --       ; --           ;
; J19      ;            ;          ; NC                              ;        ;              ;                ; --           ;                 ; --       ; --           ;
; J20      ;            ;          ; GND                             ; gnd    ;              ;                ; --           ;                 ; --       ; --           ;
; J21      ;            ;          ; GND                             ; gnd    ;              ;                ; --           ;                 ; --       ; --           ;
; J22      ;            ;          ; GND                             ; gnd    ;              ;                ; --           ;                 ; --       ; --           ;
; J23      ;            ;          ; GND                             ; gnd    ;              ;                ; --           ;                 ; --       ; --           ;
; J24      ;            ;          ; GND                             ; gnd    ;              ;                ; --           ;                 ; --       ; --           ;
; J25      ; 70         ; 1D       ; GXB_NC                          ;        ;              ;                ; --           ;                 ; --       ; --           ;
; J26      ; 71         ; 1D       ; GXB_NC                          ;        ;              ;                ; --           ;                 ; --       ; --           ;
; K1       ; 467        ; 3A       ; m_axis_tdata[19]                ; output ; 1.8-V        ; 1.8V           ; --           ; N               ; no       ; Off          ;
; K2       ; 462        ; 3A       ; m_axis_tuser[2]                 ; output ; 1.8-V        ; 1.8V           ; --           ; N               ; no       ; Off          ;
; K3       ;            ;          ; GND                             ; gnd    ;              ;                ; --           ;                 ; --       ; --           ;
; K4       ; 448        ; 3A       ; m_axis_tdata[11]                ; output ; 1.8-V        ; 1.8V           ; --           ; N               ; no       ; Off          ;
; K5       ; 452        ; 3A       ; RESERVED_INPUT_WITH_WEAK_PULLUP ;        ;              ; 1.8V           ; --           ;                 ; no       ; On           ;
; K6       ;            ;          ; NC                              ;        ;              ;                ; --           ;                 ; --       ; --           ;
; K7       ;            ;          ; NC                              ;        ;              ;                ; --           ;                 ; --       ; --           ;
; K8       ;            ;          ; GND                             ; gnd    ;              ;                ; --           ;                 ; --       ; --           ;
; K9       ;            ; --       ; VCC                             ; power  ;              ; 0.9V           ; --           ;                 ; --       ; --           ;
; K10      ;            ; --       ; VCC                             ; power  ;              ; 0.9V           ; --           ;                 ; --       ; --           ;
; K11      ;            ;          ; GND                             ; gnd    ;              ;                ; --           ;                 ; --       ; --           ;
; K12      ;            ;          ; GND                             ; gnd    ;              ;                ; --           ;                 ; --       ; --           ;
; K13      ;            ;          ; GND                             ; gnd    ;              ;                ; --           ;                 ; --       ; --           ;
; K14      ;            ;          ; NC                              ;        ;              ;                ; --           ;                 ; --       ; --           ;
; K15      ;            ; --       ; VCC                             ; power  ;              ; 0.9V           ; --           ;                 ; --       ; --           ;
; K16      ;            ; --       ; VCC                             ; power  ;              ; 0.9V           ; --           ;                 ; --       ; --           ;
; K17      ;            ; --       ; VCC                             ; power  ;              ; 0.9V           ; --           ;                 ; --       ; --           ;
; K18      ;            ;          ; GND                             ; gnd    ;              ;                ; --           ;                 ; --       ; --           ;
; K19      ;            ;          ; NC                              ;        ;              ;                ; --           ;                 ; --       ; --           ;
; K20      ;            ; --       ; VCCH_GXBL                       ; gnd    ;              ; GND            ; --           ;                 ; --       ; --           ;
; K21      ;            ; --       ; VCCT_GXBL1D                     ; gnd    ;              ; GND            ; --           ;                 ; --       ; --           ;
; K22      ;            ; --       ; VCCT_GXBL1D                     ; gnd    ;              ; GND            ; --           ;                 ; --       ; --           ;
; K23      ; 76         ; 1D       ; GXB_GND*                        ;        ;              ;                ; --           ;                 ; --       ; --           ;
; K24      ; 77         ; 1D       ; GXB_GND*                        ;        ;              ;                ; --           ;                 ; --       ; --           ;
; K25      ;            ;          ; GND                             ; gnd    ;              ;                ; --           ;                 ; --       ; --           ;
; K26      ;            ;          ; GND                             ; gnd    ;              ;                ; --           ;                 ; --       ; --           ;
; L1       ; 469        ; 3A       ; RESERVED_INPUT_WITH_WEAK_PULLUP ;        ;              ; 1.8V           ; --           ;                 ; no       ; On           ;
; L2       ; 466        ; 3A       ; m_axis_tdata[22]                ; output ; 1.8-V        ; 1.8V           ; --           ; N               ; no       ; Off          ;
; L3       ; 471        ; 3A       ; clk                             ; input  ; 1.8-V        ; 1.8V           ; --           ; N               ; no       ; Off          ;
; L4       ; 455        ; 3A       ; RESERVED_INPUT_WITH_WEAK_PULLUP ;        ;              ; 1.8V           ; --           ;                 ; no       ; On           ;
; L5       ;            ;          ; GND                             ; gnd    ;              ;                ; --           ;                 ; --       ; --           ;
; L6       ;            ;          ; NC                              ;        ;              ;                ; --           ;                 ; --       ; --           ;
; L7       ;            ;          ; NC                              ;        ;              ;                ; --           ;                 ; --       ; --           ;
; L8       ;            ; --       ; VCC                             ; power  ;              ; 0.9V           ; --           ;                 ; --       ; --           ;
; L9       ;            ; --       ; VCC                             ; power  ;              ; 0.9V           ; --           ;                 ; --       ; --           ;
; L10      ;            ;          ; GND                             ; gnd    ;              ;                ; --           ;                 ; --       ; --           ;
; L11      ;            ; --       ; VCCPT                           ; power  ;              ; 1.8V           ; --           ;                 ; --       ; --           ;
; L12      ;            ;          ; GND                             ; gnd    ;              ;                ; --           ;                 ; --       ; --           ;
; L13      ;            ; --       ; VCC                             ; power  ;              ; 0.9V           ; --           ;                 ; --       ; --           ;
; L14      ;            ; --       ; VCC                             ; power  ;              ; 0.9V           ; --           ;                 ; --       ; --           ;
; L15      ;            ;          ; GND                             ; gnd    ;              ;                ; --           ;                 ; --       ; --           ;
; L16      ;            ; --       ; VCCPT                           ; power  ;              ; 1.8V           ; --           ;                 ; --       ; --           ;
; L17      ;            ; --       ; VCC                             ; power  ;              ; 0.9V           ; --           ;                 ; --       ; --           ;
; L18      ;            ; --       ; VCC                             ; power  ;              ; 0.9V           ; --           ;                 ; --       ; --           ;
; L19      ;            ;          ; NC                              ;        ;              ;                ; --           ;                 ; --       ; --           ;
; L20      ;            ;          ; GND                             ; gnd    ;              ;                ; --           ;                 ; --       ; --           ;
; L21      ; 57         ; 1D       ; GXB_GND*                        ;        ;              ;                ; --           ;                 ; --       ; --           ;
; L22      ; 56         ; 1D       ; GXB_GND*                        ;        ;              ;                ; --           ;                 ; --       ; --           ;
; L23      ;            ;          ; GND                             ; gnd    ;              ;                ; --           ;                 ; --       ; --           ;
; L24      ;            ;          ; GND                             ; gnd    ;              ;                ; --           ;                 ; --       ; --           ;
; L25      ; 74         ; 1D       ; GXB_NC                          ;        ;              ;                ; --           ;                 ; --       ; --           ;
; L26      ; 75         ; 1D       ; GXB_NC                          ;        ;              ;                ; --           ;                 ; --       ; --           ;
; M1       ; 468        ; 3A       ; m_axis_tvalid                   ; output ; 1.8-V        ; 1.8V           ; --           ; N               ; no       ; Off          ;
; M2       ;            ;          ; GND                             ; gnd    ;              ;                ; --           ;                 ; --       ; --           ;
; M3       ; 470        ; 3A       ; RESERVED_INPUT_WITH_WEAK_PULLUP ;        ;              ; 1.8V           ; --           ;                 ; no       ; On           ;
; M4       ; 454        ; 3A       ; m_axis_tdata[1]                 ; output ; 1.8-V        ; 1.8V           ; --           ; N               ; no       ; Off          ;
; M5       ; 459        ; 3A       ; m_axis_tdata[0]                 ; output ; 1.8-V        ; 1.8V           ; --           ; N               ; no       ; Off          ;
; M6       ;            ;          ; NC                              ;        ;              ;                ; --           ;                 ; --       ; --           ;
; M7       ;            ;          ; GND                             ; gnd    ;              ;                ; --           ;                 ; --       ; --           ;
; M8       ;            ; --       ; VCC                             ; power  ;              ; 0.9V           ; --           ;                 ; --       ; --           ;
; M9       ;            ; --       ; VCCP                            ; power  ;              ; 0.9V           ; --           ;                 ; --       ; --           ;
; M10      ;            ; --       ; VCC                             ; power  ;              ; 0.9V           ; --           ;                 ; --       ; --           ;
; M11      ;            ;          ; GND                             ; gnd    ;              ;                ; --           ;                 ; --       ; --           ;
; M12      ;            ;          ; GND                             ; gnd    ;              ;                ; --           ;                 ; --       ; --           ;
; M13      ;            ; --       ; VCC                             ; power  ;              ; 0.9V           ; --           ;                 ; --       ; --           ;
; M14      ;            ; --       ; VCC                             ; power  ;              ; 0.9V           ; --           ;                 ; --       ; --           ;
; M15      ;            ; --       ; VCCP                            ; power  ;              ; 0.9V           ; --           ;                 ; --       ; --           ;
; M16      ;            ; --       ; VCC                             ; power  ;              ; 0.9V           ; --           ;                 ; --       ; --           ;
; M17      ;            ;          ; GND                             ; gnd    ;              ;                ; --           ;                 ; --       ; --           ;
; M18      ;            ;          ; NC                              ;        ;              ;                ; --           ;                 ; --       ; --           ;
; M19      ;            ;          ; NC                              ;        ;              ;                ; --           ;                 ; --       ; --           ;
; M20      ;            ;          ; GND                             ; gnd    ;              ;                ; --           ;                 ; --       ; --           ;
; M21      ;            ; --       ; VCCR_GXBL1D                     ; gnd    ;              ; GND            ; --           ;                 ; --       ; --           ;
; M22      ;            ; --       ; VCCR_GXBL1D                     ; gnd    ;              ; GND            ; --           ;                 ; --       ; --           ;
; M23      ; 80         ; 1D       ; GXB_GND*                        ;        ;              ;                ; --           ;                 ; --       ; --           ;
; M24      ; 81         ; 1D       ; GXB_GND*                        ;        ;              ;                ; --           ;                 ; --       ; --           ;
; M25      ;            ;          ; GND                             ; gnd    ;              ;                ; --           ;                 ; --       ; --           ;
; M26      ;            ;          ; GND                             ; gnd    ;              ;                ; --           ;                 ; --       ; --           ;
; N1       ; 489        ; 3A       ; m_axis_tdata[7]                 ; output ; 1.8-V        ; 1.8V           ; --           ; N               ; no       ; Off          ;
; N2       ; 479        ; 3A       ; RESERVED_INPUT_WITH_WEAK_PULLUP ;        ;              ; 1.8V           ; --           ;                 ; no       ; On           ;
; N3       ; 478        ; 3A       ; m_axis_tdata[12]                ; output ; 1.8-V        ; 1.8V           ; --           ; N               ; no       ; Off          ;
; N4       ;            ;          ; GND                             ; gnd    ;              ;                ; --           ;                 ; --       ; --           ;
; N5       ; 458        ; 3A       ; m_axis_tdata[23]                ; output ; 1.8-V        ; 1.8V           ; --           ; N               ; no       ; Off          ;
; N6       ;            ;          ; NC                              ;        ;              ;                ; --           ;                 ; --       ; --           ;
; N7       ;            ;          ; NC                              ;        ;              ;                ; --           ;                 ; --       ; --           ;
; N8       ;            ; --       ; VCC                             ; power  ;              ; 0.9V           ; --           ;                 ; --       ; --           ;
; N9       ;            ;          ; GND                             ; gnd    ;              ;                ; --           ;                 ; --       ; --           ;
; N10      ;            ; --       ; VCC                             ; power  ;              ; 0.9V           ; --           ;                 ; --       ; --           ;
; N11      ;            ;          ; VCCA_PLL                        ; power  ;              ; 1.8V           ; --           ;                 ; --       ; --           ;
; N12      ;            ; --       ; VCC                             ; power  ;              ; 0.9V           ; --           ;                 ; --       ; --           ;
; N13      ;            ;          ; VCCA_PLL                        ; power  ;              ; 1.8V           ; --           ;                 ; --       ; --           ;
; N14      ;            ;          ; GND                             ; gnd    ;              ;                ; --           ;                 ; --       ; --           ;
; N15      ;            ; --       ; VCC                             ; power  ;              ; 0.9V           ; --           ;                 ; --       ; --           ;
; N16      ;            ; --       ; VCC                             ; power  ;              ; 0.9V           ; --           ;                 ; --       ; --           ;
; N17      ;            ; --       ; VCC                             ; power  ;              ; 0.9V           ; --           ;                 ; --       ; --           ;
; N18      ;            ; --       ; VCC                             ; power  ;              ; 0.9V           ; --           ;                 ; --       ; --           ;
; N19      ;            ;          ; GND                             ; gnd    ;              ;                ; --           ;                 ; --       ; --           ;
; N20      ;            ;          ; GND                             ; gnd    ;              ;                ; --           ;                 ; --       ; --           ;
; N21      ; 83         ; 1D       ; GXB_GND*                        ;        ;              ;                ; --           ;                 ; --       ; --           ;
; N22      ; 82         ; 1D       ; GXB_GND*                        ;        ;              ;                ; --           ;                 ; --       ; --           ;
; N23      ;            ;          ; GND                             ; gnd    ;              ;                ; --           ;                 ; --       ; --           ;
; N24      ;            ;          ; GND                             ; gnd    ;              ;                ; --           ;                 ; --       ; --           ;
; N25      ; 78         ; 1D       ; GXB_NC                          ;        ;              ;                ; --           ;                 ; --       ; --           ;
; N26      ; 79         ; 1D       ; GXB_NC                          ;        ;              ;                ; --           ;                 ; --       ; --           ;
; P1       ;            ;          ; GND                             ; gnd    ;              ;                ; --           ;                 ; --       ; --           ;
; P2       ; 488        ; 3A       ; RESERVED_INPUT_WITH_WEAK_PULLUP ;        ;              ; 1.8V           ; --           ;                 ; no       ; On           ;
; P3       ; 477        ; 3A       ; m_axis_tdata[21]                ; output ; 1.8-V        ; 1.8V           ; --           ; N               ; no       ; Off          ;
; P4       ; 476        ; 3A       ; RESERVED_INPUT_WITH_WEAK_PULLUP ;        ;              ; 1.8V           ; --           ;                 ; no       ; On           ;
; P5       ; 472        ; 3A       ; RESERVED_INPUT_WITH_WEAK_PULLUP ;        ;              ; 1.8V           ; --           ;                 ; no       ; On           ;
; P6       ;            ;          ; GND                             ; gnd    ;              ;                ; --           ;                 ; --       ; --           ;
; P7       ;            ;          ; NC                              ;        ;              ;                ; --           ;                 ; --       ; --           ;
; P8       ;            ; --       ; VCC                             ; power  ;              ; 0.9V           ; --           ;                 ; --       ; --           ;
; P9       ;            ; --       ; VCC                             ; power  ;              ; 0.9V           ; --           ;                 ; --       ; --           ;
; P10      ;            ; --       ; VCCERAM                         ; power  ;              ; 0.9V           ; --           ;                 ; --       ; --           ;
; P11      ;            ;          ; GND                             ; gnd    ;              ;                ; --           ;                 ; --       ; --           ;
; P12      ;            ; --       ; VCC                             ; power  ;              ; 0.9V           ; --           ;                 ; --       ; --           ;
; P13      ;            ; --       ; VCC                             ; power  ;              ; 0.9V           ; --           ;                 ; --       ; --           ;
; P14      ;            ; --       ; VCC                             ; power  ;              ; 0.9V           ; --           ;                 ; --       ; --           ;
; P15      ;            ; --       ; VCCERAM                         ; power  ;              ; 0.9V           ; --           ;                 ; --       ; --           ;
; P16      ;            ;          ; GND                             ; gnd    ;              ;                ; --           ;                 ; --       ; --           ;
; P17      ;            ; --       ; VCC                             ; power  ;              ; 0.9V           ; --           ;                 ; --       ; --           ;
; P18      ;            ; --       ; VCC                             ; power  ;              ; 0.9V           ; --           ;                 ; --       ; --           ;
; P19      ;            ;          ; NC                              ;        ;              ;                ; --           ;                 ; --       ; --           ;
; P20      ;            ; --       ; VCCH_GXBL                       ; gnd    ;              ; GND            ; --           ;                 ; --       ; --           ;
; P21      ;            ; --       ; VCCT_GXBL1C                     ; gnd    ;              ; GND            ; --           ;                 ; --       ; --           ;
; P22      ;            ; --       ; VCCT_GXBL1C                     ; gnd    ;              ; GND            ; --           ;                 ; --       ; --           ;
; P23      ; 88         ; 1C       ; GXB_GND*                        ;        ;              ;                ; --           ;                 ; --       ; --           ;
; P24      ; 89         ; 1C       ; GXB_GND*                        ;        ;              ;                ; --           ;                 ; --       ; --           ;
; P25      ;            ;          ; GND                             ; gnd    ;              ;                ; --           ;                 ; --       ; --           ;
; P26      ;            ;          ; GND                             ; gnd    ;              ;                ; --           ;                 ; --       ; --           ;
; R1       ; 491        ; 3A       ; m_axis_tdata[15]                ; output ; 1.8-V        ; 1.8V           ; --           ; N               ; no       ; Off          ;
; R2       ; 490        ; 3A       ; m_axis_tdata[18]                ; output ; 1.8-V        ; 1.8V           ; --           ; N               ; no       ; Off          ;
; R3       ;            ; 3A       ; VCCIO3A                         ; power  ;              ; 1.8V           ; --           ;                 ; --       ; --           ;
; R4       ; 482        ; 3A       ; reset                           ; input  ; 1.8-V        ; 1.8V           ; --           ; N               ; no       ; Off          ;
; R5       ; 473        ; 3A       ; RESERVED_INPUT_WITH_WEAK_PULLUP ;        ;              ; 1.8V           ; --           ;                 ; no       ; On           ;
; R6       ;            ; 3A       ; VREFB3AN0                       ; power  ;              ; GND            ; --           ;                 ; --       ; --           ;
; R7       ;            ;          ; NC                              ;        ;              ;                ; --           ;                 ; --       ; --           ;
; R8       ;            ;          ; GND                             ; gnd    ;              ;                ; --           ;                 ; --       ; --           ;
; R9       ;            ; --       ; VCCP                            ; power  ;              ; 0.9V           ; --           ;                 ; --       ; --           ;
; R10      ;            ;          ; GNDSENSE                        ;        ;              ;                ; --           ;                 ; --       ; --           ;
; R11      ;            ;          ; VCCLSENSE                       ;        ;              ;                ; --           ;                 ; --       ; --           ;
; R12      ;            ; --       ; VCCP                            ; power  ;              ; 0.9V           ; --           ;                 ; --       ; --           ;
; R13      ;            ;          ; GND                             ; gnd    ;              ;                ; --           ;                 ; --       ; --           ;
; R14      ;            ; --       ; VCC                             ; power  ;              ; 0.9V           ; --           ;                 ; --       ; --           ;
; R15      ;            ; --       ; VCC                             ; power  ;              ; 0.9V           ; --           ;                 ; --       ; --           ;
; R16      ;            ; --       ; VCCP                            ; power  ;              ; 0.9V           ; --           ;                 ; --       ; --           ;
; R17      ;            ; --       ; VCC                             ; power  ;              ; 0.9V           ; --           ;                 ; --       ; --           ;
; R18      ;            ;          ; GND                             ; gnd    ;              ;                ; --           ;                 ; --       ; --           ;
; R19      ;            ;          ; NC                              ;        ;              ;                ; --           ;                 ; --       ; --           ;
; R20      ;            ;          ; GND                             ; gnd    ;              ;                ; --           ;                 ; --       ; --           ;
; R21      ; 85         ; 1C       ; GXB_GND*                        ;        ;              ;                ; --           ;                 ; --       ; --           ;
; R22      ; 84         ; 1C       ; GXB_GND*                        ;        ;              ;                ; --           ;                 ; --       ; --           ;
; R23      ;            ;          ; GND                             ; gnd    ;              ;                ; --           ;                 ; --       ; --           ;
; R24      ;            ;          ; GND                             ; gnd    ;              ;                ; --           ;                 ; --       ; --           ;
; R25      ; 86         ; 1C       ; GXB_NC                          ;        ;              ;                ; --           ;                 ; --       ; --           ;
; R26      ; 87         ; 1C       ; GXB_NC                          ;        ;              ;                ; --           ;                 ; --       ; --           ;
; T1       ; 485        ; 3A       ; m_axis_tdata[5]                 ; output ; 1.8-V        ; 1.8V           ; --           ; N               ; no       ; Off          ;
; T2       ; 484        ; 3A       ; m_axis_tlast                    ; output ; 1.8-V        ; 1.8V           ; --           ; N               ; no       ; Off          ;
; T3       ; 474        ; 3A       ; m_axis_tuser[1]                 ; output ; 1.8-V        ; 1.8V           ; --           ; N               ; no       ; Off          ;
; T4       ; 483        ; 3A       ; m_axis_tready                   ; input  ; 1.8-V        ; 1.8V           ; --           ; N               ; no       ; Off          ;
; T5       ;            ; 3A       ; VCCIO3A                         ; power  ;              ; 1.8V           ; --           ;                 ; --       ; --           ;
; T6       ;            ;          ; NC                              ;        ;              ;                ; --           ;                 ; --       ; --           ;
; T7       ;            ;          ; NC                              ;        ;              ;                ; --           ;                 ; --       ; --           ;
; T8       ;            ; --       ; VCC                             ; power  ;              ; 0.9V           ; --           ;                 ; --       ; --           ;
; T9       ;            ; --       ; VCC                             ; power  ;              ; 0.9V           ; --           ;                 ; --       ; --           ;
; T10      ;            ;          ; GND                             ; gnd    ;              ;                ; --           ;                 ; --       ; --           ;
; T11      ;            ; --       ; VCCPT                           ; power  ;              ; 1.8V           ; --           ;                 ; --       ; --           ;
; T12      ;            ; --       ; VCC                             ; power  ;              ; 0.9V           ; --           ;                 ; --       ; --           ;
; T13      ;            ; --       ; VCC                             ; power  ;              ; 0.9V           ; --           ;                 ; --       ; --           ;
; T14      ;            ; --       ; VCC                             ; power  ;              ; 0.9V           ; --           ;                 ; --       ; --           ;
; T15      ;            ;          ; GND                             ; gnd    ;              ;                ; --           ;                 ; --       ; --           ;
; T16      ;            ; --       ; VCCPT                           ; power  ;              ; 1.8V           ; --           ;                 ; --       ; --           ;
; T17      ;            ; --       ; VCC                             ; power  ;              ; 0.9V           ; --           ;                 ; --       ; --           ;
; T18      ;            ; --       ; VCC                             ; power  ;              ; 0.9V           ; --           ;                 ; --       ; --           ;
; T19      ;            ;          ; NC                              ;        ;              ;                ; --           ;                 ; --       ; --           ;
; T20      ;            ;          ; GND                             ; gnd    ;              ;                ; --           ;                 ; --       ; --           ;
; T21      ;            ; --       ; VCCR_GXBL1C                     ; gnd    ;              ; GND            ; --           ;                 ; --       ; --           ;
; T22      ;            ; --       ; VCCR_GXBL1C                     ; gnd    ;              ; GND            ; --           ;                 ; --       ; --           ;
; T23      ; 92         ; 1C       ; GXB_GND*                        ;        ;              ;                ; --           ;                 ; --       ; --           ;
; T24      ; 93         ; 1C       ; GXB_GND*                        ;        ;              ;                ; --           ;                 ; --       ; --           ;
; T25      ;            ;          ; GND                             ; gnd    ;              ;                ; --           ;                 ; --       ; --           ;
; T26      ;            ;          ; GND                             ; gnd    ;              ;                ; --           ;                 ; --       ; --           ;
; U1       ; 486        ; 3A       ; m_axis_tdata[8]                 ; output ; 1.8-V        ; 1.8V           ; --           ; N               ; no       ; Off          ;
; U2       ;            ; 3A       ; VCCIO3A                         ; power  ;              ; 1.8V           ; --           ;                 ; --       ; --           ;
; U3       ; 475        ; 3A       ; m_axis_tdata[13]                ; output ; 1.8-V        ; 1.8V           ; --           ; N               ; no       ; Off          ;
; U4       ; 481        ; 3A       ; m_axis_tdata[20]                ; output ; 1.8-V        ; 1.8V           ; --           ; N               ; no       ; Off          ;
; U5       ; 480        ; 3A       ; m_axis_tdata[4]                 ; output ; 1.8-V        ; 1.8V           ; --           ; N               ; no       ; Off          ;
; U6       ;            ;          ; NC                              ;        ;              ;                ; --           ;                 ; --       ; --           ;
; U7       ;            ;          ; GND                             ; gnd    ;              ;                ; --           ;                 ; --       ; --           ;
; U8       ;            ; --       ; VCC                             ; power  ;              ; 0.9V           ; --           ;                 ; --       ; --           ;
; U9       ;            ; --       ; VCC                             ; power  ;              ; 0.9V           ; --           ;                 ; --       ; --           ;
; U10      ;            ; --       ; VCC                             ; power  ;              ; 0.9V           ; --           ;                 ; --       ; --           ;
; U11      ;            ; --       ; VCC                             ; power  ;              ; 0.9V           ; --           ;                 ; --       ; --           ;
; U12      ;            ;          ; GND                             ; gnd    ;              ;                ; --           ;                 ; --       ; --           ;
; U13      ;            ; --       ; VCC                             ; power  ;              ; 0.9V           ; --           ;                 ; --       ; --           ;
; U14      ;            ; --       ; VCC                             ; power  ;              ; 0.9V           ; --           ;                 ; --       ; --           ;
; U15      ;            ; --       ; VCC                             ; power  ;              ; 0.9V           ; --           ;                 ; --       ; --           ;
; U16      ;            ; --       ; VCC                             ; power  ;              ; 0.9V           ; --           ;                 ; --       ; --           ;
; U17      ;            ;          ; GND                             ; gnd    ;              ;                ; --           ;                 ; --       ; --           ;
; U18      ;            ; --       ; VCC                             ; power  ;              ; 0.9V           ; --           ;                 ; --       ; --           ;
; U19      ;            ;          ; NC                              ;        ;              ;                ; --           ;                 ; --       ; --           ;
; U20      ;            ;          ; GND                             ; gnd    ;              ;                ; --           ;                 ; --       ; --           ;
; U21      ; 111        ; 1C       ; GXB_GND*                        ;        ;              ;                ; --           ;                 ; --       ; --           ;
; U22      ; 110        ; 1C       ; GXB_GND*                        ;        ;              ;                ; --           ;                 ; --       ; --           ;
; U23      ;            ;          ; GND                             ; gnd    ;              ;                ; --           ;                 ; --       ; --           ;
; U24      ;            ;          ; GND                             ; gnd    ;              ;                ; --           ;                 ; --       ; --           ;
; U25      ; 90         ; 1C       ; GXB_NC                          ;        ;              ;                ; --           ;                 ; --       ; --           ;
; U26      ; 91         ; 1C       ; GXB_NC                          ;        ;              ;                ; --           ;                 ; --       ; --           ;
; V1       ; 487        ; 3A       ; m_axis_tdata[6]                 ; output ; 1.8-V        ; 1.8V           ; --           ; N               ; no       ; Off          ;
; V2       ;            ;          ; NC                              ;        ;              ;                ; --           ;                 ; --       ; --           ;
; V3       ;            ;          ; NC                              ;        ;              ;                ; --           ;                 ; --       ; --           ;
; V4       ;            ;          ; GND                             ; gnd    ;              ;                ; --           ;                 ; --       ; --           ;
; V5       ;            ;          ; NC                              ;        ;              ;                ; --           ;                 ; --       ; --           ;
; V6       ;            ;          ; NC                              ;        ;              ;                ; --           ;                 ; --       ; --           ;
; V7       ;            ;          ; NC                              ;        ;              ;                ; --           ;                 ; --       ; --           ;
; V8       ;            ;          ; NC                              ;        ;              ;                ; --           ;                 ; --       ; --           ;
; V9       ;            ;          ; GND                             ; gnd    ;              ;                ; --           ;                 ; --       ; --           ;
; V10      ;            ; --       ; VCCBAT                          ; power  ;              ; 1.8V           ; --           ;                 ; --       ; --           ;
; V11      ;            ; --       ; VCCPGM                          ; power  ;              ; 1.2V/1.5V/1.8V ; --           ;                 ; --       ; --           ;
; V12      ;            ; --       ; VCCPGM                          ; power  ;              ; 1.2V/1.5V/1.8V ; --           ;                 ; --       ; --           ;
; V13      ;            ;          ; NC                              ;        ;              ;                ; --           ;                 ; --       ; --           ;
; V14      ;            ;          ; GND                             ; gnd    ;              ;                ; --           ;                 ; --       ; --           ;
; V15      ;            ; 2A       ; VREFB2AN0                       ; power  ;              ; GND            ; --           ;                 ; --       ; --           ;
; V16      ;            ;          ; NC                              ;        ;              ;                ; --           ;                 ; --       ; --           ;
; V17      ;            ; 2J       ; VREFB2JN0                       ; power  ;              ; GND            ; --           ;                 ; --       ; --           ;
; V18      ;            ;          ; NC                              ;        ;              ;                ; --           ;                 ; --       ; --           ;
; V19      ;            ;          ; GND                             ; gnd    ;              ;                ; --           ;                 ; --       ; --           ;
; V20      ;            ;          ; GND                             ; gnd    ;              ;                ; --           ;                 ; --       ; --           ;
; V21      ;            ;          ; GND                             ; gnd    ;              ;                ; --           ;                 ; --       ; --           ;
; V22      ;            ;          ; GND                             ; gnd    ;              ;                ; --           ;                 ; --       ; --           ;
; V23      ; 96         ; 1C       ; GXB_GND*                        ;        ;              ;                ; --           ;                 ; --       ; --           ;
; V24      ; 97         ; 1C       ; GXB_GND*                        ;        ;              ;                ; --           ;                 ; --       ; --           ;
; V25      ;            ;          ; GND                             ; gnd    ;              ;                ; --           ;                 ; --       ; --           ;
; V26      ;            ;          ; GND                             ; gnd    ;              ;                ; --           ;                 ; --       ; --           ;
; W1       ;            ;          ; GND                             ; gnd    ;              ;                ; --           ;                 ; --       ; --           ;
; W2       ;            ;          ; NC                              ;        ;              ;                ; --           ;                 ; --       ; --           ;
; W3       ;            ;          ; NC                              ;        ;              ;                ; --           ;                 ; --       ; --           ;
; W4       ; 508        ; CSS      ; ^GND                            ;        ;              ;                ; --           ;                 ; --       ; --           ;
; W5       ; 505        ; CSS      ; ^nIO_PULLUP                     ; input  ;              ;                ; --           ;                 ; --       ; --           ;
; W6       ;            ;          ; GND                             ; gnd    ;              ;                ; --           ;                 ; --       ; --           ;
; W7       ;            ;          ; DNU                             ;        ;              ;                ; --           ;                 ; --       ; --           ;
; W8       ; 295        ; 2A       ; RESERVED_INPUT_WITH_WEAK_PULLUP ;        ;              ; 1.8V           ; --           ;                 ; no       ; On           ;
; W9       ; 294        ; 2A       ; RESERVED_INPUT_WITH_WEAK_PULLUP ;        ;              ; 1.8V           ; --           ;                 ; no       ; On           ;
; W10      ; 300        ; 2A       ; RESERVED_INPUT_WITH_WEAK_PULLUP ;        ;              ; 1.8V           ; --           ;                 ; no       ; On           ;
; W11      ;            ;          ; GND                             ; gnd    ;              ;                ; --           ;                 ; --       ; --           ;
; W12      ;            ;          ; NC                              ;        ;              ;                ; --           ;                 ; --       ; --           ;
; W13      ;            ;          ; NC                              ;        ;              ;                ; --           ;                 ; --       ; --           ;
; W14      ;            ;          ; NC                              ;        ;              ;                ; --           ;                 ; --       ; --           ;
; W15      ; 284        ; 2A       ; RESERVED_INPUT_WITH_WEAK_PULLUP ;        ;              ; 1.8V           ; --           ;                 ; no       ; On           ;
; W16      ;            ; 2J       ; VCCIO2J                         ; power  ;              ; 1.8V           ; --           ;                 ; --       ; --           ;
; W17      ; 214        ; 2J       ; RESERVED_INPUT_WITH_WEAK_PULLUP ;        ;              ; 1.8V           ; --           ;                 ; no       ; On           ;
; W18      ; 208        ; 2J       ; RESERVED_INPUT_WITH_WEAK_PULLUP ;        ;              ; 1.8V           ; --           ;                 ; no       ; On           ;
; W19      ; 209        ; 2J       ; RESERVED_INPUT_WITH_WEAK_PULLUP ;        ;              ; 1.8V           ; --           ;                 ; no       ; On           ;
; W20      ;            ;          ; NC                              ;        ;              ;                ; --           ;                 ; --       ; --           ;
; W21      ;            ;          ; GND                             ; gnd    ;              ;                ; --           ;                 ; --       ; --           ;
; W22      ;            ;          ; GND                             ; gnd    ;              ;                ; --           ;                 ; --       ; --           ;
; W23      ;            ;          ; GND                             ; gnd    ;              ;                ; --           ;                 ; --       ; --           ;
; W24      ;            ;          ; GND                             ; gnd    ;              ;                ; --           ;                 ; --       ; --           ;
; W25      ; 94         ; 1C       ; GXB_NC                          ;        ;              ;                ; --           ;                 ; --       ; --           ;
; W26      ; 95         ; 1C       ; GXB_NC                          ;        ;              ;                ; --           ;                 ; --       ; --           ;
; Y1       ; 500        ; CSS      ; #TCK                            ; input  ;              ;                ; --           ;                 ; --       ; --           ;
; Y2       ; 502        ; CSS      ; ^MSEL0                          ; input  ;              ;                ; --           ;                 ; --       ; --           ;
; Y3       ;            ;          ; GND                             ; gnd    ;              ;                ; --           ;                 ; --       ; --           ;
; Y4       ; 514        ; CSS      ; ^AS_DATA0, ASDO                 ;        ;              ;                ; Weak Pull Up ;                 ; --       ; On           ;
; Y5       ; 509        ; CSS      ; ^nCONFIG                        ; input  ;              ;                ; --           ;                 ; --       ; --           ;
; Y6       ;            ;          ; DNU                             ;        ;              ;                ; --           ;                 ; --       ; --           ;
; Y7       ;            ;          ; DNU                             ;        ;              ;                ; --           ;                 ; --       ; --           ;
; Y8       ;            ;          ; GND                             ; gnd    ;              ;                ; --           ;                 ; --       ; --           ;
; Y9       ; 301        ; 2A       ; RESERVED_INPUT_WITH_WEAK_PULLUP ;        ;              ; 1.8V           ; --           ;                 ; no       ; On           ;
; Y10      ; 303        ; 2A       ; RESERVED_INPUT_WITH_WEAK_PULLUP ;        ;              ; 1.8V           ; --           ;                 ; no       ; On           ;
; Y11      ;            ;          ; NC                              ;        ;              ;                ; --           ;                 ; --       ; --           ;
; Y12      ;            ;          ; NC                              ;        ;              ;                ; --           ;                 ; --       ; --           ;
; Y13      ;            ; 2A       ; VCCIO2A                         ; power  ;              ; 1.8V           ; --           ;                 ; --       ; --           ;
; Y14      ; 280        ; 2A       ; RESERVED_INPUT_WITH_WEAK_PULLUP ;        ;              ; 1.8V           ; --           ;                 ; no       ; On           ;
; Y15      ; 285        ; 2A       ; RESERVED_INPUT_WITH_WEAK_PULLUP ;        ;              ; 1.8V           ; --           ;                 ; no       ; On           ;
; Y16      ; 218        ; 2J       ; RESERVED_INPUT_WITH_WEAK_PULLUP ;        ;              ; 1.8V           ; --           ;                 ; no       ; On           ;
; Y17      ; 215        ; 2J       ; RESERVED_INPUT_WITH_WEAK_PULLUP ;        ;              ; 1.8V           ; --           ;                 ; no       ; On           ;
; Y18      ;            ; 2J       ; VCCIO2J                         ; power  ;              ; 1.8V           ; --           ;                 ; --       ; --           ;
; Y19      ; 212        ; 2J       ; RESERVED_INPUT_WITH_WEAK_PULLUP ;        ;              ; 1.8V           ; --           ;                 ; no       ; On           ;
; Y20      ; 213        ; 2J       ; RESERVED_INPUT_WITH_WEAK_PULLUP ;        ;              ; 1.8V           ; --           ;                 ; no       ; On           ;
; Y21      ; 210        ; 2J       ; RESERVED_INPUT_WITH_WEAK_PULLUP ;        ;              ; 1.8V           ; --           ;                 ; no       ; On           ;
; Y22      ;            ;          ; GND                             ; gnd    ;              ;                ; --           ;                 ; --       ; --           ;
; Y23      ; 100        ; 1C       ; GXB_GND*                        ;        ;              ;                ; --           ;                 ; --       ; --           ;
; Y24      ; 101        ; 1C       ; GXB_GND*                        ;        ;              ;                ; --           ;                 ; --       ; --           ;
; Y25      ;            ;          ; GND                             ; gnd    ;              ;                ; --           ;                 ; --       ; --           ;
; Y26      ;            ;          ; GND                             ; gnd    ;              ;                ; --           ;                 ; --       ; --           ;
+----------+------------+----------+---------------------------------+--------+--------------+----------------+--------------+-----------------+----------+--------------+
Note: Pin directions (input, output or bidir) are based on device operating in user mode.


+------------------------------------------------------------------------------------------------------------------+
; I/O Assignment Warnings                                                                                          ;
+------------------+-----------------------------------------------------------------------------------------------+
; Pin Name         ; Reason                                                                                        ;
+------------------+-----------------------------------------------------------------------------------------------+
; m_axis_tdata[0]  ; Incomplete set of assignments. Missing I/O standard, drive strength and slew rate assignments ;
; m_axis_tdata[1]  ; Incomplete set of assignments. Missing I/O standard, drive strength and slew rate assignments ;
; m_axis_tdata[2]  ; Incomplete set of assignments. Missing I/O standard, drive strength and slew rate assignments ;
; m_axis_tdata[3]  ; Incomplete set of assignments. Missing I/O standard, drive strength and slew rate assignments ;
; m_axis_tdata[4]  ; Incomplete set of assignments. Missing I/O standard, drive strength and slew rate assignments ;
; m_axis_tdata[5]  ; Incomplete set of assignments. Missing I/O standard, drive strength and slew rate assignments ;
; m_axis_tdata[6]  ; Incomplete set of assignments. Missing I/O standard, drive strength and slew rate assignments ;
; m_axis_tdata[7]  ; Incomplete set of assignments. Missing I/O standard, drive strength and slew rate assignments ;
; m_axis_tdata[8]  ; Incomplete set of assignments. Missing I/O standard, drive strength and slew rate assignments ;
; m_axis_tdata[9]  ; Incomplete set of assignments. Missing I/O standard, drive strength and slew rate assignments ;
; m_axis_tdata[10] ; Incomplete set of assignments. Missing I/O standard, drive strength and slew rate assignments ;
; m_axis_tdata[11] ; Incomplete set of assignments. Missing I/O standard, drive strength and slew rate assignments ;
; m_axis_tdata[12] ; Incomplete set of assignments. Missing I/O standard, drive strength and slew rate assignments ;
; m_axis_tdata[13] ; Incomplete set of assignments. Missing I/O standard, drive strength and slew rate assignments ;
; m_axis_tdata[14] ; Incomplete set of assignments. Missing I/O standard, drive strength and slew rate assignments ;
; m_axis_tdata[15] ; Incomplete set of assignments. Missing I/O standard, drive strength and slew rate assignments ;
; m_axis_tdata[16] ; Incomplete set of assignments. Missing I/O standard, drive strength and slew rate assignments ;
; m_axis_tdata[17] ; Incomplete set of assignments. Missing I/O standard, drive strength and slew rate assignments ;
; m_axis_tdata[18] ; Incomplete set of assignments. Missing I/O standard, drive strength and slew rate assignments ;
; m_axis_tdata[19] ; Incomplete set of assignments. Missing I/O standard, drive strength and slew rate assignments ;
; m_axis_tdata[20] ; Incomplete set of assignments. Missing I/O standard, drive strength and slew rate assignments ;
; m_axis_tdata[21] ; Incomplete set of assignments. Missing I/O standard, drive strength and slew rate assignments ;
; m_axis_tdata[22] ; Incomplete set of assignments. Missing I/O standard, drive strength and slew rate assignments ;
; m_axis_tdata[23] ; Incomplete set of assignments. Missing I/O standard, drive strength and slew rate assignments ;
; m_axis_tvalid    ; Incomplete set of assignments. Missing I/O standard, drive strength and slew rate assignments ;
; m_axis_tlast     ; Incomplete set of assignments. Missing I/O standard, drive strength and slew rate assignments ;
; m_axis_tuser[0]  ; Incomplete set of assignments. Missing I/O standard, drive strength and slew rate assignments ;
; m_axis_tuser[1]  ; Incomplete set of assignments. Missing I/O standard, drive strength and slew rate assignments ;
; m_axis_tuser[2]  ; Incomplete set of assignments. Missing I/O standard, drive strength and slew rate assignments ;
; clk              ; Missing I/O standard                                                                          ;
; m_axis_tready    ; Missing I/O standard                                                                          ;
; reset            ; Missing I/O standard                                                                          ;
; m_axis_tdata[0]  ; Missing location assignment                                                                   ;
; m_axis_tdata[1]  ; Missing location assignment                                                                   ;
; m_axis_tdata[2]  ; Missing location assignment                                                                   ;
; m_axis_tdata[3]  ; Missing location assignment                                                                   ;
; m_axis_tdata[4]  ; Missing location assignment                                                                   ;
; m_axis_tdata[5]  ; Missing location assignment                                                                   ;
; m_axis_tdata[6]  ; Missing location assignment                                                                   ;
; m_axis_tdata[7]  ; Missing location assignment                                                                   ;
; m_axis_tdata[8]  ; Missing location assignment                                                                   ;
; m_axis_tdata[9]  ; Missing location assignment                                                                   ;
; m_axis_tdata[10] ; Missing location assignment                                                                   ;
; m_axis_tdata[11] ; Missing location assignment                                                                   ;
; m_axis_tdata[12] ; Missing location assignment                                                                   ;
; m_axis_tdata[13] ; Missing location assignment                                                                   ;
; m_axis_tdata[14] ; Missing location assignment                                                                   ;
; m_axis_tdata[15] ; Missing location assignment                                                                   ;
; m_axis_tdata[16] ; Missing location assignment                                                                   ;
; m_axis_tdata[17] ; Missing location assignment                                                                   ;
; m_axis_tdata[18] ; Missing location assignment                                                                   ;
; m_axis_tdata[19] ; Missing location assignment                                                                   ;
; m_axis_tdata[20] ; Missing location assignment                                                                   ;
; m_axis_tdata[21] ; Missing location assignment                                                                   ;
; m_axis_tdata[22] ; Missing location assignment                                                                   ;
; m_axis_tdata[23] ; Missing location assignment                                                                   ;
; m_axis_tvalid    ; Missing location assignment                                                                   ;
; m_axis_tlast     ; Missing location assignment                                                                   ;
; m_axis_tuser[0]  ; Missing location assignment                                                                   ;
; m_axis_tuser[1]  ; Missing location assignment                                                                   ;
; m_axis_tuser[2]  ; Missing location assignment                                                                   ;
; clk              ; Missing location assignment                                                                   ;
; m_axis_tready    ; Missing location assignment                                                                   ;
; reset            ; Missing location assignment                                                                   ;
+------------------+-----------------------------------------------------------------------------------------------+


+---------------------------------------------------------------------------------------------------------------------------------------------------------------------------------------------+
; Control Signals                                                                                                                                                                             ;
+------------------------------------------------------------------------------------------------------------------------------+------------+---------+---------------------------------------+
; Name                                                                                                                         ; Location   ; Fan-Out ; Usage                                 ;
+------------------------------------------------------------------------------------------------------------------------------+------------+---------+---------------------------------------+
; clk                                                                                                                          ; PIN_L3     ; 1089    ; Clock                                 ;
; u0|intel_vvp_adv_tpg_0|intel_vvp_adv_tpg_0|core_inst_0|dout_master_inst|din_ready~0                                          ; Unassigned ; 12      ; Clock enable                          ;
; u0|intel_vvp_adv_tpg_0|intel_vvp_adv_tpg_0|core_inst_0|i119~0                                                                ; Unassigned ; 2       ; Clock enable                          ;
; u0|intel_vvp_adv_tpg_0|intel_vvp_adv_tpg_0|core_inst_0|i122                                                                  ; Unassigned ; 5       ; Clock enable                          ;
; u0|intel_vvp_adv_tpg_0|intel_vvp_adv_tpg_0|core_inst_0|i286~0                                                                ; Unassigned ; 12      ; Clock enable                          ;
; u0|intel_vvp_adv_tpg_0|intel_vvp_adv_tpg_0|core_inst_0|i73~0                                                                 ; Unassigned ; 15      ; Clock enable                          ;
; u0|intel_vvp_adv_tpg_0|intel_vvp_adv_tpg_0|core_inst_0|state.IDLE                                                            ; Unassigned ; 22      ; Sync. load                            ;
; u0|intel_vvp_adv_tpg_0|intel_vvp_adv_tpg_0|core_inst_0|state.INIT3                                                           ; Unassigned ; 19      ; Sync. clear, Sync. load               ;
; u0|intel_vvp_adv_tpg_0|intel_vvp_adv_tpg_0|core_inst_1|dout_master_inst|din_ready~2                                          ; Unassigned ; 22      ; Clock enable                          ;
; u0|intel_vvp_adv_tpg_0|intel_vvp_adv_tpg_0|core_inst_1|i119~0                                                                ; Unassigned ; 2       ; Clock enable                          ;
; u0|intel_vvp_adv_tpg_0|intel_vvp_adv_tpg_0|core_inst_1|i122                                                                  ; Unassigned ; 6       ; Clock enable                          ;
; u0|intel_vvp_adv_tpg_0|intel_vvp_adv_tpg_0|core_inst_1|i286~0                                                                ; Unassigned ; 12      ; Clock enable                          ;
; u0|intel_vvp_adv_tpg_0|intel_vvp_adv_tpg_0|core_inst_1|i73~0                                                                 ; Unassigned ; 15      ; Clock enable                          ;
; u0|intel_vvp_adv_tpg_0|intel_vvp_adv_tpg_0|core_inst_1|state.IDLE                                                            ; Unassigned ; 24      ; Clock enable, Sync. load              ;
; u0|intel_vvp_adv_tpg_0|intel_vvp_adv_tpg_0|core_inst_1|state.INIT3                                                           ; Unassigned ; 19      ; Sync. clear, Sync. load               ;
; u0|intel_vvp_adv_tpg_0|intel_vvp_adv_tpg_0|main_rst_bridge|reset_sync[2]                                                     ; Unassigned ; 52      ; Clock enable, Sync. clear, Sync. load ;
; u0|intel_vvp_adv_tpg_0|intel_vvp_adv_tpg_0|mixer_inst_0|dout_master_inst|din_ready                                           ; Unassigned ; 57      ; Clock enable                          ;
; u0|intel_vvp_adv_tpg_0|intel_vvp_adv_tpg_0|mixer_inst_0|dp_inst|i136~1                                                       ; Unassigned ; 15      ; Clock enable                          ;
; u0|intel_vvp_adv_tpg_0|intel_vvp_adv_tpg_0|mixer_inst_0|dp_inst|state.IDLE                                                   ; Unassigned ; 32      ; Clock enable, Sync. clear, Sync. load ;
; u0|intel_vvp_adv_tpg_0|intel_vvp_adv_tpg_0|out_bridge|ccd_master_inst|din_ready                                              ; Unassigned ; 27      ; Clock enable                          ;
; u0|intel_vvp_adv_tpg_0|intel_vvp_adv_tpg_0|out_bridge|passing_data                                                           ; Unassigned ; 63      ; Sync. load                            ;
; u0|intel_vvp_adv_tpg_0|intel_vvp_adv_tpg_0|scheduler|i186~0                                                                  ; Unassigned ; 18      ; Clock enable                          ;
; u0|intel_vvp_adv_tpg_0|intel_vvp_adv_tpg_0|scheduler|i186~1                                                                  ; Unassigned ; 16      ; Sync. clear                           ;
; u0|intel_vvp_adv_tpg_0|intel_vvp_adv_tpg_0|scheduler|i5041~0                                                                 ; Unassigned ; 43      ; Clock enable                          ;
; u0|intel_vvp_adv_tpg_0|intel_vvp_adv_tpg_0|scheduler|i5461~1                                                                 ; Unassigned ; 9       ; Sync. load                            ;
; u0|intel_vvp_adv_tpg_0|intel_vvp_adv_tpg_0|scheduler|i5493~2                                                                 ; Unassigned ; 1       ; Clock enable                          ;
; u0|intel_vvp_adv_tpg_0|intel_vvp_adv_tpg_0|scheduler|i5525~1                                                                 ; Unassigned ; 32      ; Clock enable                          ;
; u0|intel_vvp_adv_tpg_0|intel_vvp_adv_tpg_0|scheduler|i5525~8                                                                 ; Unassigned ; 8       ; Sync. clear                           ;
; u0|intel_vvp_adv_tpg_0|intel_vvp_adv_tpg_0|scheduler|i5527~1                                                                 ; Unassigned ; 2       ; Clock enable                          ;
; u0|intel_vvp_adv_tpg_0|intel_vvp_adv_tpg_0|scheduler|i5531~4                                                                 ; Unassigned ; 2       ; Clock enable                          ;
; u0|intel_vvp_adv_tpg_0|intel_vvp_adv_tpg_0|scheduler|line_counter[14]~0                                                      ; Unassigned ; 15      ; Clock enable                          ;
; u0|intel_vvp_adv_tpg_0|intel_vvp_adv_tpg_0|scheduler|state.IDLE                                                              ; Unassigned ; 49      ; Clock enable, Sync. clear, Sync. load ;
; u0|intel_vvp_adv_tpg_0|intel_vvp_adv_tpg_0|scheduler|state.SEND_SOF                                                          ; Unassigned ; 28      ; Sync. clear                           ;
; u0|intel_vvp_adv_tpg_0|intel_vvp_adv_tpg_0|scheduler|state.SEND_TPG_SETUP_CMD                                                ; Unassigned ; 42      ; Sync. clear, Sync. load               ;
; u0|intel_vvp_adv_tpg_0|intel_vvp_adv_tpg_0|scheduler|tpg_core_cmd_gen[0].core_cmd_master_inst|pipe_bridge_inst|din_ready_dup ; Unassigned ; 7       ; Clock enable                          ;
; u0|intel_vvp_adv_tpg_0|intel_vvp_adv_tpg_0|scheduler|tpg_core_cmd_gen[0].core_cmd_master_inst|pipe_bridge_inst|i233          ; Unassigned ; 2       ; Clock enable                          ;
; u0|intel_vvp_adv_tpg_0|intel_vvp_adv_tpg_0|scheduler|tpg_core_cmd_gen[0].tpg_cmd_data[68]~1                                  ; Unassigned ; 2       ; Clock enable                          ;
; u0|intel_vvp_adv_tpg_0|intel_vvp_adv_tpg_0|scheduler|tpg_core_cmd_gen[1].core_cmd_master_inst|pipe_bridge_inst|din_ready_dup ; Unassigned ; 34      ; Clock enable, Sync. load              ;
; u0|intel_vvp_adv_tpg_0|intel_vvp_adv_tpg_0|scheduler|tpg_core_cmd_gen[1].core_cmd_master_inst|pipe_bridge_inst|i233          ; Unassigned ; 16      ; Clock enable                          ;
; u0|intel_vvp_adv_tpg_0|intel_vvp_adv_tpg_0|scheduler|tpg_core_cmd_gen[1].tpg_cmd_data[1]~1                                   ; Unassigned ; 15      ; Clock enable                          ;
; u0|intel_vvp_dil_0|intel_vvp_dil_0|algo_comp|cmd_str[1]                                                                      ; Unassigned ; 24      ; Sync. load                            ;
; u0|intel_vvp_dil_0|intel_vvp_dil_0|algo_comp|dout_user[0]~1                                                                  ; Unassigned ; 49      ; Clock enable                          ;
; u0|intel_vvp_dil_0|intel_vvp_dil_0|algo_comp|i152~0                                                                          ; Unassigned ; 2       ; Clock enable                          ;
; u0|intel_vvp_dil_0|intel_vvp_dil_0|algo_comp|i68~0                                                                           ; Unassigned ; 2       ; Clock enable                          ;
; u0|intel_vvp_dil_0|intel_vvp_dil_0|algo_comp|i93~0                                                                           ; Unassigned ; 24      ; Clock enable                          ;
; u0|intel_vvp_dil_0|intel_vvp_dil_0|duplicator|output_gen[0].ccd_master_inst|din_ready                                        ; Unassigned ; 33      ; Clock enable                          ;
; u0|intel_vvp_dil_0|intel_vvp_dil_0|duplicator|output_gen[1].ccd_master_inst|din_ready                                        ; Unassigned ; 28      ; Clock enable                          ;
; u0|intel_vvp_dil_0|intel_vvp_dil_0|duplicator|state.RUN                                                                      ; Unassigned ; 21      ; Clock enable                          ;
; u0|intel_vvp_dil_0|intel_vvp_dil_0|iib|ctrl_master_inst|din_ready~0                                                          ; Unassigned ; 45      ; Clock enable                          ;
; u0|intel_vvp_dil_0|intel_vvp_dil_0|iib|data_master_inst|din_ready                                                            ; Unassigned ; 27      ; Clock enable                          ;
; u0|intel_vvp_dil_0|intel_vvp_dil_0|iib|i93~1                                                                                 ; Unassigned ; 2       ; Clock enable                          ;
; u0|intel_vvp_dil_0|intel_vvp_dil_0|line_buffer|dout_master_inst|din_ready                                                    ; Unassigned ; 93      ; Clock enable                          ;
; u0|intel_vvp_dil_0|intel_vvp_dil_0|line_buffer|resend_inst|i215~0                                                            ; Unassigned ; 2       ; Clock enable                          ;
; u0|intel_vvp_dil_0|intel_vvp_dil_0|line_buffer|resend_inst|i259~0                                                            ; Unassigned ; 23      ; Clock enable                          ;
; u0|intel_vvp_dil_0|intel_vvp_dil_0|line_buffer|resend_inst|i302~0                                                            ; Unassigned ; 12      ; Clock enable                          ;
; u0|intel_vvp_dil_0|intel_vvp_dil_0|line_buffer|resend_inst|line_buffer_l0_ram_inst|read_reset_pipe                           ; Unassigned ; 11      ; Sync. clear                           ;
; u0|intel_vvp_dil_0|intel_vvp_dil_0|line_buffer|resend_inst|line_buffer_l0_ram_inst|write_enable_pipe                         ; Unassigned ; 25      ; Write enable                          ;
; u0|intel_vvp_dil_0|intel_vvp_dil_0|line_buffer|resend_inst|line_buffer_l0_ram_inst|write_reset_pipe                          ; Unassigned ; 11      ; Sync. clear                           ;
; u0|intel_vvp_dil_0|intel_vvp_dil_0|line_buffer|resend_inst|line_buffer_main_ram_inst|read_reset_pipe                         ; Unassigned ; 11      ; Sync. clear                           ;
; u0|intel_vvp_dil_0|intel_vvp_dil_0|line_buffer|resend_inst|line_buffer_main_ram_inst|write_enable_pipe_copy[0]               ; Unassigned ; 24      ; Write enable                          ;
; u0|intel_vvp_dil_0|intel_vvp_dil_0|line_buffer|resend_inst|line_buffer_main_ram_inst|write_reset_pipe                        ; Unassigned ; 11      ; Sync. clear                           ;
; u0|intel_vvp_dil_0|intel_vvp_dil_0|line_buffer|resend_inst|read_state.READ_IDLE                                              ; Unassigned ; 39      ; Clock enable, Sync. clear, Sync. load ;
; u0|intel_vvp_dil_0|intel_vvp_dil_0|line_buffer|resend_inst|write_state.WRITE_IDLE                                            ; Unassigned ; 26      ; Sync. clear                           ;
; u0|intel_vvp_dil_0|intel_vvp_dil_0|main_rst_bridge|reset_sync[2]                                                             ; Unassigned ; 196     ; Clock enable, Sync. clear, Sync. load ;
; u0|intel_vvp_dil_0|intel_vvp_dil_0|mux|data_master_inst|din_ready                                                            ; Unassigned ; 29      ; Clock enable                          ;
; u0|intel_vvp_dil_0|intel_vvp_dil_0|mux|selected_input[0]                                                                     ; Unassigned ; 28      ; Sync. load                            ;
; u0|intel_vvp_dil_0|intel_vvp_dil_0|oib|ccd_master_inst|din_ready                                                             ; Unassigned ; 30      ; Clock enable                          ;
; u0|intel_vvp_dil_0|intel_vvp_dil_0|oib|passing_data                                                                          ; Unassigned ; 27      ; Sync. load                            ;
; u0|intel_vvp_dil_0|intel_vvp_dil_0|scheduler|i269~0                                                                          ; Unassigned ; 16      ; Clock enable                          ;
; u0|intel_vvp_dil_0|intel_vvp_dil_0|scheduler|i290~1                                                                          ; Unassigned ; 16      ; Clock enable                          ;
; u0|intel_vvp_dil_0|intel_vvp_dil_0|scheduler|i306~0                                                                          ; Unassigned ; 16      ; Clock enable                          ;
; u0|intel_vvp_dil_0|intel_vvp_dil_0|scheduler|i322~0                                                                          ; Unassigned ; 16      ; Clock enable                          ;
; u0|intel_vvp_dil_0|intel_vvp_dil_0|scheduler|i731~0                                                                          ; Unassigned ; 18      ; Sync. clear                           ;
; u0|intel_vvp_dil_0|intel_vvp_dil_0|scheduler|i731~2                                                                          ; Unassigned ; 17      ; Clock enable                          ;
; u0|intel_vvp_dil_0|intel_vvp_dil_0|scheduler|state.INIT_LINE_COUNT_AND_WIDTH_INFO                                            ; Unassigned ; 19      ; Sync. load                            ;
+------------------------------------------------------------------------------------------------------------------------------+------------+---------+---------------------------------------+


+---------------------------------------------------------------------------------+
; Global & Other Fast Signals Summary                                             ;
+------+----------+---------+-------------+----------------+----------------------+
; Name ; Location ; Fan-Out ; Signal Type ; Promotion Type ; Global Resource Used ;
+------+----------+---------+-------------+----------------+----------------------+
; clk  ; PIN_L3   ; 1365    ; Global      ; Automatic      ; Global Clock Region  ;
+------+----------+---------+-------------+----------------+----------------------+


+---------------------------------------------------------------+
; Global & Other Fast Signals Details                           ;
+----------------------------------------+----------------------+
; Property                               ; Value                ;
+----------------------------------------+----------------------+
; Name                                   ; clk                  ;
;     -- Source Type                     ; I/O pad              ;
;     -- Source Location                 ; PIN_L3               ;
;     -- Fan-Out                         ; 1365                 ;
;     -- Promotion Type                  ; Automatic Promotion  ;
;     -- Global Buffer                   ; clk~inputCLKENA0     ;
;     -- Global Buffer Location          ; CLKCTRL_3A_G_I23     ;
;     -- Global Signal Type              ; Global               ;
;     -- Region Drivable by Buffer       ; Global Clock Region  ;
;     -- Bounding Box Drivable by Buffer ; (0, 0) to (102, 115) ;
;     -- Clock Region Line               ; 23                   ;
+----------------------------------------+----------------------+


+---------------------------------------------------------------+
; Fixed Point DSP Register Packing Summary                      ;
+---------------------------------------------+-----------------+
; Fully registered fixed point DSP blocks     ; 3 / 3 ( 100 % ) ;
; Partially registered fixed point DSP blocks ; 0 / 3 ( 0 % )   ;
; Unregistered fixed point DSP blocks         ; 0 / 3 ( 0 % )   ;
+---------------------------------------------+-----------------+


+------------------------------------------------------------------------------------------------------------------------------------------------------------------------------------------------------------------------------------------------------------------------------------------------------------------------------------------------------------------------------------------------------------------------------------------------------------------------------------------------------------------------------------------------------------------------------------------------------------------------------------------------------------------------------------------------------------------------------------------------------------------------------------------------------------------------------------------------------------------------------------------------------------------------------------------------------------------------------------------------------------------------------------------------------------------------------------------------------------------------------------------------------------------------------------------------------------------------------------------------------------------------------------------------------------------------------------------------------------------------------------------------------------------------------------------------------------------------------------------------------------------------------------------------------------------------------------------------------------------------------------------------------------------------------------------------------------------------------------------------------------------------------------------------------------------------------------------------------------------------------------------------------------------------------------------------------------------------------------------------------------------------------------------------------------------------------------------------------------------------------------------------------------------------------+
; Fixed Point DSP Register Packing Details                                                                                                                                                                                                                                                                                                                                                                                                                                                                                                                                                                                                                                                                                                                                                                                                                                                                                                                                                                                                                                                                                                                                                                                                                                                                                                                                                                                                                                                                                                                                                                                                                                                                                                                                                                                                                                                                                                                                                                                                                                                                                                                                     ;
+--------------------------------------------------------------------------------------------------------------------------------------------------------------------+------------------+------------------+-------------------------------------+-----------------------------------------------------------------------------------------------------------------------------------------------------------------------------------------+-----------------------------------------------------------------------------------------------------------------------------------------------------------------------------------------+----+-----------------------------------------------------------------------------------------------------------------------------------------------------------------------------------------+-----------------------------------------------------------------------------------------------------------------------------------------------------------------------------------------+----+-----------+------------+----------------------------------+----------------------------------+--------------------------------------------------------------------------------------------------------------------------------------------------------------------------------------------------------------------------------------------------------------------------------------------------------------------------------------------------------------------------------------------------------------------------------------------------------------------------------------------------------------------------------------------------------------------------------------------------------------------------------------------------------------------------------------------------------------------------------------------------------------------+---------------------------------------------------------------------------------------------------------------------------------------------------------------+--------------+----------------+-------------------+-------------------------+-------------------------+
; Name                                                                                                                                                               ; Mode             ; Register Usage   ; Reasons Preventing Register Packing ; AX/CoefSelA                                                                                                                                                                             ; AY/ScanIn                                                                                                                                                                               ; AZ ; BX/CoefSelB                                                                                                                                                                             ; BY/ScanIn                                                                                                                                                                               ; BZ ; LoadConst ; Accumulate ; Negate                           ; Sub                              ; Pipeline                                                                                                                                                                                                                                                                                                                                                                                                                                                                                                                                                                                                                                                                                                                                                           ; Output Register                                                                                                                                               ; Uses Scan-In ; Uses Pre-Adder ; Uses Coefficients ; Uses Output Adder Chain ; Uses Output Accumulator ;
+--------------------------------------------------------------------------------------------------------------------------------------------------------------------+------------------+------------------+-------------------------------------+-----------------------------------------------------------------------------------------------------------------------------------------------------------------------------------------+-----------------------------------------------------------------------------------------------------------------------------------------------------------------------------------------+----+-----------------------------------------------------------------------------------------------------------------------------------------------------------------------------------------+-----------------------------------------------------------------------------------------------------------------------------------------------------------------------------------------+----+-----------+------------+----------------------------------+----------------------------------+--------------------------------------------------------------------------------------------------------------------------------------------------------------------------------------------------------------------------------------------------------------------------------------------------------------------------------------------------------------------------------------------------------------------------------------------------------------------------------------------------------------------------------------------------------------------------------------------------------------------------------------------------------------------------------------------------------------------------------------------------------------------+---------------------------------------------------------------------------------------------------------------------------------------------------------------+--------------+----------------+-------------------+-------------------------+-------------------------+
; u0|intel_vvp_adv_tpg_0|intel_vvp_adv_tpg_0|mixer_inst_0|dp_inst|blended_pixel_gen[0].blended_col_gen[0].mult_add_inst|partial_gen[0].mult_2_inst|add_0_0~DATAOUTA0 ; Sum of two 18x18 ; fully registered ;                                     ; u0|intel_vvp_adv_tpg_0|intel_vvp_adv_tpg_0|mixer_inst_0|dp_inst|blended_pixel_gen[0].blended_col_gen[0].mult_add_inst|partial_gen[0].mult_2_inst|x_input_delay[1].x_delay_line[0][0..7] ; u0|intel_vvp_adv_tpg_0|intel_vvp_adv_tpg_0|mixer_inst_0|dp_inst|blended_pixel_gen[0].blended_col_gen[0].mult_add_inst|partial_gen[0].mult_2_inst|y_input_delay[1].y_delay_line[0][0..8] ; -- ; u0|intel_vvp_adv_tpg_0|intel_vvp_adv_tpg_0|mixer_inst_0|dp_inst|blended_pixel_gen[0].blended_col_gen[0].mult_add_inst|partial_gen[0].mult_2_inst|x_input_delay[0].x_delay_line[0][0..7] ; u0|intel_vvp_adv_tpg_0|intel_vvp_adv_tpg_0|mixer_inst_0|dp_inst|blended_pixel_gen[0].blended_col_gen[0].mult_add_inst|partial_gen[0].mult_2_inst|y_input_delay[0].y_delay_line[0][0..8] ; -- ; --        ; --         ; unregistered - input is constant ; unregistered - input is constant ; u0|intel_vvp_adv_tpg_0|intel_vvp_adv_tpg_0|mixer_inst_0|dp_inst|blended_pixel_gen[0].blended_col_gen[0].mult_add_inst|partial_gen[0].mult_2_inst|y_input_delay[0].y_delay_line[1][0..8], u0|intel_vvp_adv_tpg_0|intel_vvp_adv_tpg_0|mixer_inst_0|dp_inst|blended_pixel_gen[0].blended_col_gen[0].mult_add_inst|partial_gen[0].mult_2_inst|x_input_delay[1].x_delay_line[1][0..7], u0|intel_vvp_adv_tpg_0|intel_vvp_adv_tpg_0|mixer_inst_0|dp_inst|blended_pixel_gen[0].blended_col_gen[0].mult_add_inst|partial_gen[0].mult_2_inst|y_input_delay[1].y_delay_line[1][0..8], u0|intel_vvp_adv_tpg_0|intel_vvp_adv_tpg_0|mixer_inst_0|dp_inst|blended_pixel_gen[0].blended_col_gen[0].mult_add_inst|partial_gen[0].mult_2_inst|x_input_delay[0].x_delay_line[1][0..7] ; u0|intel_vvp_adv_tpg_0|intel_vvp_adv_tpg_0|mixer_inst_0|dp_inst|blended_pixel_gen[0].blended_col_gen[0].mult_add_inst|partial_gen[0].mult_2_inst|add_0[7..15] ; no           ; no             ; no                ; no                      ; no                      ;
; u0|intel_vvp_adv_tpg_0|intel_vvp_adv_tpg_0|mixer_inst_0|dp_inst|blended_pixel_gen[0].blended_col_gen[1].mult_add_inst|partial_gen[0].mult_2_inst|add_0_0~DATAOUTA0 ; Sum of two 18x18 ; fully registered ;                                     ; u0|intel_vvp_adv_tpg_0|intel_vvp_adv_tpg_0|mixer_inst_0|dp_inst|blended_pixel_gen[0].blended_col_gen[1].mult_add_inst|partial_gen[0].mult_2_inst|x_input_delay[1].x_delay_line[0][0..7] ; u0|intel_vvp_adv_tpg_0|intel_vvp_adv_tpg_0|mixer_inst_0|dp_inst|blended_pixel_gen[0].blended_col_gen[1].mult_add_inst|partial_gen[0].mult_2_inst|y_input_delay[1].y_delay_line[0][0..8] ; -- ; u0|intel_vvp_adv_tpg_0|intel_vvp_adv_tpg_0|mixer_inst_0|dp_inst|blended_pixel_gen[0].blended_col_gen[1].mult_add_inst|partial_gen[0].mult_2_inst|x_input_delay[0].x_delay_line[0][0..7] ; u0|intel_vvp_adv_tpg_0|intel_vvp_adv_tpg_0|mixer_inst_0|dp_inst|blended_pixel_gen[0].blended_col_gen[1].mult_add_inst|partial_gen[0].mult_2_inst|y_input_delay[0].y_delay_line[0][0..8] ; -- ; --        ; --         ; unregistered - input is constant ; unregistered - input is constant ; u0|intel_vvp_adv_tpg_0|intel_vvp_adv_tpg_0|mixer_inst_0|dp_inst|blended_pixel_gen[0].blended_col_gen[1].mult_add_inst|partial_gen[0].mult_2_inst|y_input_delay[0].y_delay_line[1][0..8], u0|intel_vvp_adv_tpg_0|intel_vvp_adv_tpg_0|mixer_inst_0|dp_inst|blended_pixel_gen[0].blended_col_gen[1].mult_add_inst|partial_gen[0].mult_2_inst|x_input_delay[1].x_delay_line[1][0..7], u0|intel_vvp_adv_tpg_0|intel_vvp_adv_tpg_0|mixer_inst_0|dp_inst|blended_pixel_gen[0].blended_col_gen[1].mult_add_inst|partial_gen[0].mult_2_inst|y_input_delay[1].y_delay_line[1][0..8], u0|intel_vvp_adv_tpg_0|intel_vvp_adv_tpg_0|mixer_inst_0|dp_inst|blended_pixel_gen[0].blended_col_gen[1].mult_add_inst|partial_gen[0].mult_2_inst|x_input_delay[0].x_delay_line[1][0..7] ; u0|intel_vvp_adv_tpg_0|intel_vvp_adv_tpg_0|mixer_inst_0|dp_inst|blended_pixel_gen[0].blended_col_gen[1].mult_add_inst|partial_gen[0].mult_2_inst|add_0[7..15] ; no           ; no             ; no                ; no                      ; no                      ;
; u0|intel_vvp_adv_tpg_0|intel_vvp_adv_tpg_0|mixer_inst_0|dp_inst|blended_pixel_gen[0].blended_col_gen[2].mult_add_inst|partial_gen[0].mult_2_inst|add_0_0~DATAOUTA0 ; Sum of two 18x18 ; fully registered ;                                     ; u0|intel_vvp_adv_tpg_0|intel_vvp_adv_tpg_0|mixer_inst_0|dp_inst|blended_pixel_gen[0].blended_col_gen[2].mult_add_inst|partial_gen[0].mult_2_inst|x_input_delay[1].x_delay_line[0][0..7] ; u0|intel_vvp_adv_tpg_0|intel_vvp_adv_tpg_0|mixer_inst_0|dp_inst|blended_pixel_gen[0].blended_col_gen[2].mult_add_inst|partial_gen[0].mult_2_inst|y_input_delay[1].y_delay_line[0][0..8] ; -- ; u0|intel_vvp_adv_tpg_0|intel_vvp_adv_tpg_0|mixer_inst_0|dp_inst|blended_pixel_gen[0].blended_col_gen[2].mult_add_inst|partial_gen[0].mult_2_inst|x_input_delay[0].x_delay_line[0][0..7] ; u0|intel_vvp_adv_tpg_0|intel_vvp_adv_tpg_0|mixer_inst_0|dp_inst|blended_pixel_gen[0].blended_col_gen[2].mult_add_inst|partial_gen[0].mult_2_inst|y_input_delay[0].y_delay_line[0][0..8] ; -- ; --        ; --         ; unregistered - input is constant ; unregistered - input is constant ; u0|intel_vvp_adv_tpg_0|intel_vvp_adv_tpg_0|mixer_inst_0|dp_inst|blended_pixel_gen[0].blended_col_gen[2].mult_add_inst|partial_gen[0].mult_2_inst|y_input_delay[0].y_delay_line[1][0..8], u0|intel_vvp_adv_tpg_0|intel_vvp_adv_tpg_0|mixer_inst_0|dp_inst|blended_pixel_gen[0].blended_col_gen[2].mult_add_inst|partial_gen[0].mult_2_inst|x_input_delay[1].x_delay_line[1][0..7], u0|intel_vvp_adv_tpg_0|intel_vvp_adv_tpg_0|mixer_inst_0|dp_inst|blended_pixel_gen[0].blended_col_gen[2].mult_add_inst|partial_gen[0].mult_2_inst|y_input_delay[1].y_delay_line[1][0..8], u0|intel_vvp_adv_tpg_0|intel_vvp_adv_tpg_0|mixer_inst_0|dp_inst|blended_pixel_gen[0].blended_col_gen[2].mult_add_inst|partial_gen[0].mult_2_inst|x_input_delay[0].x_delay_line[1][0..7] ; u0|intel_vvp_adv_tpg_0|intel_vvp_adv_tpg_0|mixer_inst_0|dp_inst|blended_pixel_gen[0].blended_col_gen[2].mult_add_inst|partial_gen[0].mult_2_inst|add_0[7..15] ; no           ; no             ; no                ; no                      ; no                      ;
+--------------------------------------------------------------------------------------------------------------------------------------------------------------------+------------------+------------------+-------------------------------------+-----------------------------------------------------------------------------------------------------------------------------------------------------------------------------------------+-----------------------------------------------------------------------------------------------------------------------------------------------------------------------------------------+----+-----------------------------------------------------------------------------------------------------------------------------------------------------------------------------------------+-----------------------------------------------------------------------------------------------------------------------------------------------------------------------------------------+----+-----------+------------+----------------------------------+----------------------------------+--------------------------------------------------------------------------------------------------------------------------------------------------------------------------------------------------------------------------------------------------------------------------------------------------------------------------------------------------------------------------------------------------------------------------------------------------------------------------------------------------------------------------------------------------------------------------------------------------------------------------------------------------------------------------------------------------------------------------------------------------------------------+---------------------------------------------------------------------------------------------------------------------------------------------------------------+--------------+----------------+-------------------+-------------------------+-------------------------+
Note: Some of these fixed point DSP blocks may disappear in the final design as a result of DSP merging during placement (see the Fitter Netlist Optimizations report). DSP packing state may also change during physical synthesis optimizations (see Physical Synthesis Netlist Optimizations reports).


+---------------+
; Plan Messages ;
+---------------+
Can't read Quartus Prime message file /mnt/ssd2/Faruqi/qdb/_compiler/example_proj/_flat/25.1.1/legacy/1/example_proj.fit.plan.header.qmsgdb.
Make sure the file exists and is up to date, and you have permission to read and write the file.
Info (16677): Loading synthesized database.
Info (16734): Loading "synthesized" snapshot for partition "root_partition".
Info (16678): Successfully loaded synthesized database: elapsed time is 00:00:04.
Info (119006): Selected device 10CX220YF672E5G for design "example_proj"
Info (21077): Low junction temperature is 0 degrees C
Info (21077): High junction temperature is 100 degrees C
Info (171003): Fitter is performing an Auto Fit compilation, which may decrease Fitter effort to reduce compilation time
Info (12262): Starting Fitter periphery placement operations
Info (12290): Loading the periphery placement data.
Info (12291): Periphery placement data loaded: elapsed time is 00:00:06
Info (12627): Pin ~ALTERA_DATA0~ is reserved at location AE5
Warning (25315): Some pins are missing drive strength (current strength) and/or slew rate assignments. Refer to the I/O Assignment Warnings report for details.
Critical Warning (15714): Some pins are missing I/O Standard assignments. Refer to the I/O Assignment Warnings report for details.
Critical Warning (12677): No exact pin location assignment(s) for 32 pins of 32 total pins. For the list of pins please refer to the I/O Assignment Warnings table in the fitter report
Info (16210): Plan updated with currently enabled project assignments.
Info (12295): Periphery placement of all unplaced cells complete: elapsed time is 00:00:00
Critical Warning (17951): There are 10 unused RX channels in the design.
    Info (19540): Add the QSF assignment 'set_instance_assignment -name PRESERVE_UNUSED_XCVR_CHANNEL ON -to <pin_name>' for each unused channel that will be used in future.
    Info (19541): The above QSF assignment will preserve the performance of specified channels over time, and works only if the design uses at least 1 transceiver channel.
Critical Warning (18655): There are 10 unused TX channels in the design.
    Info (19540): Add the QSF assignment 'set_instance_assignment -name PRESERVE_UNUSED_XCVR_CHANNEL ON -to <pin_name>' for each unused channel that will be used in future.
    Info (19541): The above QSF assignment will preserve the performance of specified channels over time, and works only if the design uses at least 1 transceiver channel.
Info (11191): Automatically promoted 1 clock (1 global)
    Info (13173): clk~inputCLKENA0 (1365 fanout) drives Global Clock Region, with the buffer placed at CLKCTRL_3A_G_I23
Info (332164): Evaluating HDL-embedded SDC commands
    Info (332165): Entity intel_vvp_reset_sync
        Info (332166): set_false_path -to [get_registers {*intel_vvp_reset_sync*reset_sync[0]}]
Info (19539): Reading the HDL-embedded SDC files elapsed 00:00:00.
Info (18794): Reading SDC File: 'pl_sys/altera_reset_controller_1924/synth/altera_reset_controller.sdc' for instance: 'u0|rst_controller'
Info (19449): Reading SDC files elapsed 00:00:00.
Info (23800): Derived clock name suffix defaults to '~derived'.
Info (332144): No user constrained base clocks found in the design. They will be automatically derived.
Info (332143): No user constrained clock uncertainty found in the design. Calling "derive_clock_uncertainty"
Info (332123): Deriving Clock Uncertainty. Please refer to report_sdc in the Timing Analyzer to see clock uncertainties.
Info (332129): Detected timing requirements -- optimizing circuit to achieve only the specified requirements
Info (332111): Found 1 clocks
    Info (332111):   Period   Clock Name
    Info (332111): ======== ============
    Info (332111):    1.000  clk~derived
Info (176233): Starting register packing
Info (176235): Finished register packing
    Extra Info (176218): Packed 231 registers into blocks of type DSP block
Info (20273): Intermediate fitter snapshots will not be committed because ENABLE_INTERMEDIATE_SNAPSHOTS QSF assignment is disabled during compilation.


