Timing Analyzer report for example_proj
Wed Apr 29 18:00:01 2026
Quartus Prime Version 25.1.1 Build 125 07/31/2025 Patches 1.31 SC Pro Edition


---------------------
; Table of Contents ;
---------------------
  1. Legal Notice
  2. Timing Analyzer Summary
  3. Timing Delays: Final Snapshot
  4. Parallel Compilation
  5. SDC File List
  6. Clocks
  7. Design Closure Summary
  8. Fmax Summary
  9. Setup Summary
 10. Hold Summary
 11. Recovery Summary
 12. Removal Summary
 13. Minimum Pulse Width Summary
 14. Metastability Summary Slow 900mV 100C Model
 15. Metastability Summary Slow 900mV 0C Model
 16. Metastability Summary Fast 900mV 100C Model
 17. Metastability Summary Fast 900mV 0C Model
 18. Board Trace Model Assignments
 19. Input Transition Times
 20. Signal Integrity Metrics (Slow 900mv 100c Model)
 21. Setup Transfers
 22. Hold Transfers
---- Setup Reports ----
     ---- clk~derived Reports ----
           23. Command Info
           24. Summary of Paths
           25. Path #1: Setup slack is -1.651 (VIOLATED)
           26. Path #2: Setup slack is -1.641 (VIOLATED)
           27. Path #3: Setup slack is -1.638 (VIOLATED)
           28. Path #4: Setup slack is -1.635 (VIOLATED)
           29. Path #5: Setup slack is -1.635 (VIOLATED)
           30. Path #6: Setup slack is -1.628 (VIOLATED)
           31. Path #7: Setup slack is -1.625 (VIOLATED)
           32. Path #8: Setup slack is -1.625 (VIOLATED)
           33. Path #9: Setup slack is -1.602 (VIOLATED)
           34. Path #10: Setup slack is -1.592 (VIOLATED)
---- Hold Reports ----
     ---- clk~derived Reports ----
           35. Command Info
           36. Summary of Paths
           37. Path #1: Hold slack is 0.013 
           38. Path #2: Hold slack is 0.015 
           39. Path #3: Hold slack is 0.015 
           40. Path #4: Hold slack is 0.016 
           41. Path #5: Hold slack is 0.017 
           42. Path #6: Hold slack is 0.017 
           43. Path #7: Hold slack is 0.017 
           44. Path #8: Hold slack is 0.018 
           45. Path #9: Hold slack is 0.018 
           46. Path #10: Hold slack is 0.018 
 47. Timing Analyzer Messages
---- Unconstrained Paths Reports ----
      48. Unconstrained Paths Summary
      49. Clock Status Summary
     ---- Setup Analysis Reports ----
           50. Unconstrained Input Ports
           51. Unconstrained Output Ports
     ---- Hold Analysis Reports ----
           52. Unconstrained Input Ports
           53. Unconstrained Output Ports
 54. INI Usage
 55. Multicorner Timing Analysis Summary



----------------
; Legal Notice ;
----------------
Copyright (C) 2025  Altera Corporation. All rights reserved.
Your use of Altera Corporation's design tools, logic functions 
and other software and tools, and any partner logic 
functions, and any output files from any of the foregoing 
(including device programming or simulation files), and any 
associated documentation or information are expressly subject 
to the terms and conditions of the Altera Program License 
Subscription Agreement, the Altera Quartus Prime License Agreement,
the Altera IP License Agreement, or other applicable license
agreement, including, without limitation, that your use is for
the sole purpose of programming logic devices manufactured by
Altera and sold by Altera or its authorized distributors.  Please
refer to the Altera Software License Subscription Agreements 
on the Quartus Prime software download page.



+-----------------------------------------------------------------------------------------+
; Timing Analyzer Summary                                                                 ;
+-----------------------+-----------------------------------------------------------------+
; Quartus Prime Version ; Version 25.1.1 Build 125 07/31/2025 Patches 1.31 SC Pro Edition ;
; Timing Analyzer       ; Timing Analyzer                                                 ;
; Revision Name         ; example_proj                                                    ;
; Device Family         ; Cyclone 10 GX                                                   ;
; Device                ; 10CX220YF672E5G                                                 ;
; Snapshot              ; final                                                           ;
; Timing Models         ; Final                                                           ;
; Power Models          ; Final                                                           ;
; Device Status         ; Final                                                           ;
; Rise/Fall Delays      ; Enabled                                                         ;
+-----------------------+-----------------------------------------------------------------+


+---------------------------------------------+
; Timing Delays: Final Snapshot               ;
+----------------------------------+----------+
; Snapshot                         ; final    ;
; Periphery block cell delays      ; Sign-off ;
; Core block cell delays           ; Sign-off ;
; Routing interconnect (IC) delays ; Sign-off ;
+----------------------------------+----------+


+-------------------------------------+
; Parallel Compilation                ;
+----------------------------+--------+
; Processors                 ; Number ;
+----------------------------+--------+
; Number detected on machine ; 64     ;
; Maximum allowed            ; 24     ;
+----------------------------+--------+


+----------------------------------------------------------------------------------------------------------------------------------------------------------------------------------------------------------------------------------+
; SDC File List                                                                                                                                                                                                                    ;
+-----------------------------------------------------------------------+-------------------+-------------------------+------------------------------+----------+--------+--------------------------+-----------------+------------+
; SDC File Path                                                         ; Instance          ; Entity                  ; Library                      ; Promoted ; Status ; Read at                  ; Processing Time ; SDC on RTL ;
+-----------------------------------------------------------------------+-------------------+-------------------------+------------------------------+----------+--------+--------------------------+-----------------+------------+
; pl_sys/altera_reset_controller_1924/synth/altera_reset_controller.sdc ; u0|rst_controller ; altera_reset_controller ; altera_reset_controller_1924 ; No       ; OK     ; Wed Apr 29 18:00:01 2026 ; 00:00:00        ; No         ;
+-----------------------------------------------------------------------+-------------------+-------------------------+------------------------------+----------+--------+--------------------------+-----------------+------------+
Note: All paths for non-entity SDC files are reported relative to the project directory (/mnt/ssd2/Faruqi/).


+----------------------------------------------------------------------------------------------------------------------------------------------------------------------------------+
; Clocks                                                                                                                                                                           ;
+-------------+------+--------+------------+-------+-------+------------+-----------+-------------+-------+--------+-----------+------------+----------+--------+--------+---------+
; Clock Name  ; Type ; Period ; Frequency  ; Rise  ; Fall  ; Duty Cycle ; Divide by ; Multiply by ; Phase ; Offset ; Edge List ; Edge Shift ; Inverted ; Master ; Source ; Targets ;
+-------------+------+--------+------------+-------+-------+------------+-----------+-------------+-------+--------+-----------+------------+----------+--------+--------+---------+
; clk~derived ; Base ; 1.000  ; 1000.0 MHz ; 0.000 ; 0.500 ;            ;           ;             ;       ;        ;           ;            ;          ;        ;        ; { clk } ;
+-------------+------+--------+------------+-------+-------+------------+-----------+-------------+-------+--------+-----------+------------+----------+--------+--------+---------+


+-------------------------------------------------------------------------+
; Design Closure Summary                                                  ;
+--------------------------------------------------------+----------------+
; Panel Name                                             ; Result Flag    ;
+--------------------------------------------------------+----------------+
; Design Closure Summary                                 ; Fail           ;
;   Timing Closure                                       ; Fail           ;
;     Setup Summary                                      ; Fail           ;
;     Hold Summary                                       ; Pass           ;
;     Recovery Summary                                   ; Not Found      ;
;     Removal Summary                                    ; Not Found      ;
;     Setup Data Delay Summary                           ; Not Found      ;
;     Recovery Data Delay Summary                        ; Not Found      ;
;     Minimum Pulse Width Summary                        ; Fail           ;
;     Max Skew Summary                                   ; Not Found      ;
;     Max Clock Skew Summary                             ; Not Found      ;
;     Net Delay Summary                                  ; Not Found      ;
;     Metastability Summary                              ; Not Calculated ;
;     Double Data Rate (DDR) Summary                     ; Not Found      ;
;     Transmitter Channel-to-Channel Skew (TCCS) Summary ; Not Found      ;
;     Receiver Input Skew Margin (RSKM) Summary          ; Not Found      ;
;   Design Assistant Summary                             ; Not Found      ;
;   Unconstrained Paths                                  ; Fail           ;
+--------------------------------------------------------+----------------+


+-------------------------------------------------------------------------------------+
; Fmax Summary                                                                        ;
+------------+-----------------+-------------+------+---------------------------------+
; Fmax       ; Restricted Fmax ; Clock Name  ; Note ; Worst-Case Operating Conditions ;
+------------+-----------------+-------------+------+---------------------------------+
; 377.22 MHz ; 377.22 MHz      ; clk~derived ;      ; Slow 900mV 100C Model           ;
+------------+-----------------+-------------+------+---------------------------------+
This panel reports FMAX for every clock in the design, regardless of the user-specified clock periods.  FMAX is only computed for paths where the source and destination registers or ports are driven by the same clock.  Paths of different clocks, including generated clocks, are ignored.  For paths between a clock and its inversion, FMAX is computed as if the rising and falling edges are scaled along with FMAX, such that the duty cycle (in terms of a percentage) is maintained. Intel recommends that you always use clock constraints and other slack reports for sign-off analysis.
Delay Models:
Slow 900mV 100C Model
Slow 900mV 0C Model
Fast 900mV 100C Model
Fast 900mV 0C Model


+---------------------------------------------------------------------------------------------+
; Setup Summary                                                                               ;
+-------------+--------+---------------+--------------------+---------------------------------+
; Clock       ; Slack  ; End Point TNS ; Failing End Points ; Worst-Case Operating Conditions ;
+-------------+--------+---------------+--------------------+---------------------------------+
; clk~derived ; -1.651 ; -850.528      ; 1078               ; Slow 900mV 100C Model           ;
+-------------+--------+---------------+--------------------+---------------------------------+
Delay Models:
Slow 900mV 100C Model
Slow 900mV 0C Model
Fast 900mV 100C Model
Fast 900mV 0C Model


+--------------------------------------------------------------------------------------------+
; Hold Summary                                                                               ;
+-------------+-------+---------------+--------------------+---------------------------------+
; Clock       ; Slack ; End Point TNS ; Failing End Points ; Worst-Case Operating Conditions ;
+-------------+-------+---------------+--------------------+---------------------------------+
; clk~derived ; 0.013 ; 0.000         ; 0                  ; Fast 900mV 0C Model             ;
+-------------+-------+---------------+--------------------+---------------------------------+
Delay Models:
Slow 900mV 100C Model
Slow 900mV 0C Model
Fast 900mV 100C Model
Fast 900mV 0C Model


--------------------
; Recovery Summary ;
--------------------
No paths to report.


-------------------
; Removal Summary ;
-------------------
No paths to report.


+----------------------------------------------------------------------------------------------------------+
; Minimum Pulse Width Summary                                                                              ;
+-------------+--------+---------------+--------------------+------------+---------------------------------+
; Clock       ; Slack  ; End Point TNS ; Failing End Points ; Type       ; Worst-Case Operating Conditions ;
+-------------+--------+---------------+--------------------+------------+---------------------------------+
; clk~derived ; -1.180 ; -68.122       ; 100                ; Min Period ; Slow 900mV 100C Model           ;
+-------------+--------+---------------+--------------------+------------+---------------------------------+
Delay Models:
Slow 900mV 100C Model
Slow 900mV 0C Model
Fast 900mV 100C Model
Fast 900mV 0C Model


-----------------------------------------------
; Metastability Summary Slow 900mV 100C Model ;
-----------------------------------------------
The Design MTBF is not calculated because there are no specified synchronizers in the design.

MTBF(design) = 1 / SUM(1 / MTBF(synchronizer chain))

Number of Synchronizer Chains Found: 4
Shortest Synchronizer Chain: 2 Registers
Number of Chains For Which MTBFs Could Not be Calculated Due to Timing Violations: 0, or 0.0%.
Number of Chains Excluded from MTBF Analysis: 4, or 100.0%



---------------------------------------------
; Metastability Summary Slow 900mV 0C Model ;
---------------------------------------------
The Design MTBF is not calculated because there are no specified synchronizers in the design.

MTBF(design) = 1 / SUM(1 / MTBF(synchronizer chain))

Number of Synchronizer Chains Found: 4
Shortest Synchronizer Chain: 2 Registers
Number of Chains For Which MTBFs Could Not be Calculated Due to Timing Violations: 0, or 0.0%.
Number of Chains Excluded from MTBF Analysis: 4, or 100.0%



-----------------------------------------------
; Metastability Summary Fast 900mV 100C Model ;
-----------------------------------------------
The Design MTBF is not calculated because there are no specified synchronizers in the design.

MTBF(design) = 1 / SUM(1 / MTBF(synchronizer chain))

Number of Synchronizer Chains Found: 4
Shortest Synchronizer Chain: 2 Registers
Number of Chains For Which MTBFs Could Not be Calculated Due to Timing Violations: 0, or 0.0%.
Number of Chains Excluded from MTBF Analysis: 4, or 100.0%



---------------------------------------------
; Metastability Summary Fast 900mV 0C Model ;
---------------------------------------------
The Design MTBF is not calculated because there are no specified synchronizers in the design.

MTBF(design) = 1 / SUM(1 / MTBF(synchronizer chain))

Number of Synchronizer Chains Found: 4
Shortest Synchronizer Chain: 2 Registers
Number of Chains For Which MTBFs Could Not be Calculated Due to Timing Violations: 0, or 0.0%.
Number of Chains Excluded from MTBF Analysis: 4, or 100.0%



+---------------------------------------------------------------------------------------------------------------------------------------------------------------------------------------------------------------------------------------------------------------------------------------------------------------------------------------------------------------------------------------------------------------------+
; Board Trace Model Assignments                                                                                                                                                                                                                                                                                                                                                                                       ;
+------------------+--------------+-------------------+-------------------------+-------------------------+---------------+---------------------+----------------+------------------+--------+------------------+------------------------+------------------------+--------------+---------------+-----------------+-------+---------------------+--------------------+---------------+-----------------+-------------+
; Pin              ; I/O Standard ; Near Tline Length ; Near Tline L per Length ; Near Tline C per Length ; Near Series R ; Near Differential R ; Near Pull-up R ; Near Pull-down R ; Near C ; Far Tline Length ; Far Tline L per Length ; Far Tline C per Length ; Far Series R ; Far Pull-up R ; Far Pull-down R ; Far C ; Termination Voltage ; Far Differential R ; EBD File Name ; EBD Signal Name ; EBD Far-end ;
+------------------+--------------+-------------------+-------------------------+-------------------------+---------------+---------------------+----------------+------------------+--------+------------------+------------------------+------------------------+--------------+---------------+-----------------+-------+---------------------+--------------------+---------------+-----------------+-------------+
; m_axis_tdata(0)  ; 1.8-V        ; 0 in              ; 0 H/in                  ; 0 F/in                  ; short         ; -                   ; open           ; open             ; open   ; 0 in             ; 0 H/in                 ; 0 F/in                 ; short        ; open          ; open            ; open  ; 0 V                 ; -                  ; n/a           ; n/a             ; n/a         ;
; m_axis_tdata(1)  ; 1.8-V        ; 0 in              ; 0 H/in                  ; 0 F/in                  ; short         ; -                   ; open           ; open             ; open   ; 0 in             ; 0 H/in                 ; 0 F/in                 ; short        ; open          ; open            ; open  ; 0 V                 ; -                  ; n/a           ; n/a             ; n/a         ;
; m_axis_tdata(2)  ; 1.8-V        ; 0 in              ; 0 H/in                  ; 0 F/in                  ; short         ; -                   ; open           ; open             ; open   ; 0 in             ; 0 H/in                 ; 0 F/in                 ; short        ; open          ; open            ; open  ; 0 V                 ; -                  ; n/a           ; n/a             ; n/a         ;
; m_axis_tdata(3)  ; 1.8-V        ; 0 in              ; 0 H/in                  ; 0 F/in                  ; short         ; -                   ; open           ; open             ; open   ; 0 in             ; 0 H/in                 ; 0 F/in                 ; short        ; open          ; open            ; open  ; 0 V                 ; -                  ; n/a           ; n/a             ; n/a         ;
; m_axis_tdata(4)  ; 1.8-V        ; 0 in              ; 0 H/in                  ; 0 F/in                  ; short         ; -                   ; open           ; open             ; open   ; 0 in             ; 0 H/in                 ; 0 F/in                 ; short        ; open          ; open            ; open  ; 0 V                 ; -                  ; n/a           ; n/a             ; n/a         ;
; m_axis_tdata(5)  ; 1.8-V        ; 0 in              ; 0 H/in                  ; 0 F/in                  ; short         ; -                   ; open           ; open             ; open   ; 0 in             ; 0 H/in                 ; 0 F/in                 ; short        ; open          ; open            ; open  ; 0 V                 ; -                  ; n/a           ; n/a             ; n/a         ;
; m_axis_tdata(6)  ; 1.8-V        ; 0 in              ; 0 H/in                  ; 0 F/in                  ; short         ; -                   ; open           ; open             ; open   ; 0 in             ; 0 H/in                 ; 0 F/in                 ; short        ; open          ; open            ; open  ; 0 V                 ; -                  ; n/a           ; n/a             ; n/a         ;
; m_axis_tdata(7)  ; 1.8-V        ; 0 in              ; 0 H/in                  ; 0 F/in                  ; short         ; -                   ; open           ; open             ; open   ; 0 in             ; 0 H/in                 ; 0 F/in                 ; short        ; open          ; open            ; open  ; 0 V                 ; -                  ; n/a           ; n/a             ; n/a         ;
; m_axis_tdata(8)  ; 1.8-V        ; 0 in              ; 0 H/in                  ; 0 F/in                  ; short         ; -                   ; open           ; open             ; open   ; 0 in             ; 0 H/in                 ; 0 F/in                 ; short        ; open          ; open            ; open  ; 0 V                 ; -                  ; n/a           ; n/a             ; n/a         ;
; m_axis_tdata(9)  ; 1.8-V        ; 0 in              ; 0 H/in                  ; 0 F/in                  ; short         ; -                   ; open           ; open             ; open   ; 0 in             ; 0 H/in                 ; 0 F/in                 ; short        ; open          ; open            ; open  ; 0 V                 ; -                  ; n/a           ; n/a             ; n/a         ;
; m_axis_tdata(10) ; 1.8-V        ; 0 in              ; 0 H/in                  ; 0 F/in                  ; short         ; -                   ; open           ; open             ; open   ; 0 in             ; 0 H/in                 ; 0 F/in                 ; short        ; open          ; open            ; open  ; 0 V                 ; -                  ; n/a           ; n/a             ; n/a         ;
; m_axis_tdata(11) ; 1.8-V        ; 0 in              ; 0 H/in                  ; 0 F/in                  ; short         ; -                   ; open           ; open             ; open   ; 0 in             ; 0 H/in                 ; 0 F/in                 ; short        ; open          ; open            ; open  ; 0 V                 ; -                  ; n/a           ; n/a             ; n/a         ;
; m_axis_tdata(12) ; 1.8-V        ; 0 in              ; 0 H/in                  ; 0 F/in                  ; short         ; -                   ; open           ; open             ; open   ; 0 in             ; 0 H/in                 ; 0 F/in                 ; short        ; open          ; open            ; open  ; 0 V                 ; -                  ; n/a           ; n/a             ; n/a         ;
; m_axis_tdata(13) ; 1.8-V        ; 0 in              ; 0 H/in                  ; 0 F/in                  ; short         ; -                   ; open           ; open             ; open   ; 0 in             ; 0 H/in                 ; 0 F/in                 ; short        ; open          ; open            ; open  ; 0 V                 ; -                  ; n/a           ; n/a             ; n/a         ;
; m_axis_tdata(14) ; 1.8-V        ; 0 in              ; 0 H/in                  ; 0 F/in                  ; short         ; -                   ; open           ; open             ; open   ; 0 in             ; 0 H/in                 ; 0 F/in                 ; short        ; open          ; open            ; open  ; 0 V                 ; -                  ; n/a           ; n/a             ; n/a         ;
; m_axis_tdata(15) ; 1.8-V        ; 0 in              ; 0 H/in                  ; 0 F/in                  ; short         ; -                   ; open           ; open             ; open   ; 0 in             ; 0 H/in                 ; 0 F/in                 ; short        ; open          ; open            ; open  ; 0 V                 ; -                  ; n/a           ; n/a             ; n/a         ;
; m_axis_tdata(16) ; 1.8-V        ; 0 in              ; 0 H/in                  ; 0 F/in                  ; short         ; -                   ; open           ; open             ; open   ; 0 in             ; 0 H/in                 ; 0 F/in                 ; short        ; open          ; open            ; open  ; 0 V                 ; -                  ; n/a           ; n/a             ; n/a         ;
; m_axis_tdata(17) ; 1.8-V        ; 0 in              ; 0 H/in                  ; 0 F/in                  ; short         ; -                   ; open           ; open             ; open   ; 0 in             ; 0 H/in                 ; 0 F/in                 ; short        ; open          ; open            ; open  ; 0 V                 ; -                  ; n/a           ; n/a             ; n/a         ;
; m_axis_tdata(18) ; 1.8-V        ; 0 in              ; 0 H/in                  ; 0 F/in                  ; short         ; -                   ; open           ; open             ; open   ; 0 in             ; 0 H/in                 ; 0 F/in                 ; short        ; open          ; open            ; open  ; 0 V                 ; -                  ; n/a           ; n/a             ; n/a         ;
; m_axis_tdata(19) ; 1.8-V        ; 0 in              ; 0 H/in                  ; 0 F/in                  ; short         ; -                   ; open           ; open             ; open   ; 0 in             ; 0 H/in                 ; 0 F/in                 ; short        ; open          ; open            ; open  ; 0 V                 ; -                  ; n/a           ; n/a             ; n/a         ;
; m_axis_tdata(20) ; 1.8-V        ; 0 in              ; 0 H/in                  ; 0 F/in                  ; short         ; -                   ; open           ; open             ; open   ; 0 in             ; 0 H/in                 ; 0 F/in                 ; short        ; open          ; open            ; open  ; 0 V                 ; -                  ; n/a           ; n/a             ; n/a         ;
; m_axis_tdata(21) ; 1.8-V        ; 0 in              ; 0 H/in                  ; 0 F/in                  ; short         ; -                   ; open           ; open             ; open   ; 0 in             ; 0 H/in                 ; 0 F/in                 ; short        ; open          ; open            ; open  ; 0 V                 ; -                  ; n/a           ; n/a             ; n/a         ;
; m_axis_tdata(22) ; 1.8-V        ; 0 in              ; 0 H/in                  ; 0 F/in                  ; short         ; -                   ; open           ; open             ; open   ; 0 in             ; 0 H/in                 ; 0 F/in                 ; short        ; open          ; open            ; open  ; 0 V                 ; -                  ; n/a           ; n/a             ; n/a         ;
; m_axis_tdata(23) ; 1.8-V        ; 0 in              ; 0 H/in                  ; 0 F/in                  ; short         ; -                   ; open           ; open             ; open   ; 0 in             ; 0 H/in                 ; 0 F/in                 ; short        ; open          ; open            ; open  ; 0 V                 ; -                  ; n/a           ; n/a             ; n/a         ;
; m_axis_tvalid    ; 1.8-V        ; 0 in              ; 0 H/in                  ; 0 F/in                  ; short         ; -                   ; open           ; open             ; open   ; 0 in             ; 0 H/in                 ; 0 F/in                 ; short        ; open          ; open            ; open  ; 0 V                 ; -                  ; n/a           ; n/a             ; n/a         ;
; m_axis_tlast     ; 1.8-V        ; 0 in              ; 0 H/in                  ; 0 F/in                  ; short         ; -                   ; open           ; open             ; open   ; 0 in             ; 0 H/in                 ; 0 F/in                 ; short        ; open          ; open            ; open  ; 0 V                 ; -                  ; n/a           ; n/a             ; n/a         ;
; m_axis_tuser(0)  ; 1.8-V        ; 0 in              ; 0 H/in                  ; 0 F/in                  ; short         ; -                   ; open           ; open             ; open   ; 0 in             ; 0 H/in                 ; 0 F/in                 ; short        ; open          ; open            ; open  ; 0 V                 ; -                  ; n/a           ; n/a             ; n/a         ;
; m_axis_tuser(1)  ; 1.8-V        ; 0 in              ; 0 H/in                  ; 0 F/in                  ; short         ; -                   ; open           ; open             ; open   ; 0 in             ; 0 H/in                 ; 0 F/in                 ; short        ; open          ; open            ; open  ; 0 V                 ; -                  ; n/a           ; n/a             ; n/a         ;
; m_axis_tuser(2)  ; 1.8-V        ; 0 in              ; 0 H/in                  ; 0 F/in                  ; short         ; -                   ; open           ; open             ; open   ; 0 in             ; 0 H/in                 ; 0 F/in                 ; short        ; open          ; open            ; open  ; 0 V                 ; -                  ; n/a           ; n/a             ; n/a         ;
+------------------+--------------+-------------------+-------------------------+-------------------------+---------------+---------------------+----------------+------------------+--------+------------------+------------------------+------------------------+--------------+---------------+-----------------+-------+---------------------+--------------------+---------------+-----------------+-------------+


+-------------------------------------------------------------------+
; Input Transition Times                                            ;
+----------------+--------------+-----------------+-----------------+
; Pin            ; I/O Standard ; 10-90 Rise Time ; 90-10 Fall Time ;
+----------------+--------------+-----------------+-----------------+
; clk            ; 1.8-V        ; 1440 ps         ; 1440 ps         ;
; m_axis_tready  ; 1.8-V        ; 1440 ps         ; 1440 ps         ;
; reset          ; 1.8-V        ; 1440 ps         ; 1440 ps         ;
; ~ALTERA_DATA0~ ; 1.8-V        ; 1440 ps         ; 1440 ps         ;
+----------------+--------------+-----------------+-----------------+


+-----------------------------------------------------------------------------------------------------------------------------------------------------------------------------------------------------------------------------------------------------------------------------------------------------------------------------------------------------------------------------------------------------------------------------------------------------------------------------------------------------------------------------------------------------------------------------------------------------------------------------------------------------------------------------------------------+
; Signal Integrity Metrics (Slow 900mv 100c Model)                                                                                                                                                                                                                                                                                                                                                                                                                                                                                                                                                                                                                                              ;
+------------------+--------------+---------------------+---------------------+------------------------------+------------------------------+---------------------+---------------------+--------------------------------------+--------------------------------------+-----------------------------+-----------------------------+----------------------------+----------------------------+-----------------------------+-----------------------------+--------------------+--------------------+-------------------------------------+-------------------------------------+----------------------------+----------------------------+---------------------------+---------------------------+
; Pin              ; I/O Standard ; Board Delay on Rise ; Board Delay on Fall ; Steady State Voh at FPGA Pin ; Steady State Vol at FPGA Pin ; Voh Max at FPGA Pin ; Vol Min at FPGA Pin ; Ringback Voltage on Rise at FPGA Pin ; Ringback Voltage on Fall at FPGA Pin ; 10-90 Rise Time at FPGA Pin ; 90-10 Fall Time at FPGA Pin ; Monotonic Rise at FPGA Pin ; Monotonic Fall at FPGA Pin ; Steady State Voh at Far-end ; Steady State Vol at Far-end ; Voh Max at Far-end ; Vol Min at Far-end ; Ringback Voltage on Rise at Far-end ; Ringback Voltage on Fall at Far-end ; 10-90 Rise Time at Far-end ; 90-10 Fall Time at Far-end ; Monotonic Rise at Far-end ; Monotonic Fall at Far-end ;
+------------------+--------------+---------------------+---------------------+------------------------------+------------------------------+---------------------+---------------------+--------------------------------------+--------------------------------------+-----------------------------+-----------------------------+----------------------------+----------------------------+-----------------------------+-----------------------------+--------------------+--------------------+-------------------------------------+-------------------------------------+----------------------------+----------------------------+---------------------------+---------------------------+
; m_axis_tdata(0)  ; 1.8-V        ; 0 s                 ; 0 s                 ; 1.66 V                       ; 4.43e-06 V                   ; 1.7 V               ; -0.0552 V           ; 0.108 V                              ; 0.08 V                               ; 2.35e-10 s                  ; 2.24e-10 s                  ; No                         ; No                         ; 1.66 V                      ; 4.43e-06 V                  ; 1.7 V              ; -0.0552 V          ; 0.108 V                             ; 0.08 V                              ; 2.35e-10 s                 ; 2.24e-10 s                 ; No                        ; No                        ;
; m_axis_tdata(1)  ; 1.8-V        ; 0 s                 ; 0 s                 ; 1.66 V                       ; 4.43e-06 V                   ; 1.7 V               ; -0.0552 V           ; 0.108 V                              ; 0.08 V                               ; 2.35e-10 s                  ; 2.24e-10 s                  ; No                         ; No                         ; 1.66 V                      ; 4.43e-06 V                  ; 1.7 V              ; -0.0552 V          ; 0.108 V                             ; 0.08 V                              ; 2.35e-10 s                 ; 2.24e-10 s                 ; No                        ; No                        ;
; m_axis_tdata(2)  ; 1.8-V        ; 0 s                 ; 0 s                 ; 1.66 V                       ; 4.43e-06 V                   ; 1.7 V               ; -0.0552 V           ; 0.108 V                              ; 0.08 V                               ; 2.35e-10 s                  ; 2.24e-10 s                  ; No                         ; No                         ; 1.66 V                      ; 4.43e-06 V                  ; 1.7 V              ; -0.0552 V          ; 0.108 V                             ; 0.08 V                              ; 2.35e-10 s                 ; 2.24e-10 s                 ; No                        ; No                        ;
; m_axis_tdata(3)  ; 1.8-V        ; 0 s                 ; 0 s                 ; 1.66 V                       ; 4.43e-06 V                   ; 1.7 V               ; -0.0552 V           ; 0.108 V                              ; 0.08 V                               ; 2.35e-10 s                  ; 2.24e-10 s                  ; No                         ; No                         ; 1.66 V                      ; 4.43e-06 V                  ; 1.7 V              ; -0.0552 V          ; 0.108 V                             ; 0.08 V                              ; 2.35e-10 s                 ; 2.24e-10 s                 ; No                        ; No                        ;
; m_axis_tdata(4)  ; 1.8-V        ; 0 s                 ; 0 s                 ; 1.66 V                       ; 4.43e-06 V                   ; 1.7 V               ; -0.0552 V           ; 0.108 V                              ; 0.08 V                               ; 2.35e-10 s                  ; 2.24e-10 s                  ; No                         ; No                         ; 1.66 V                      ; 4.43e-06 V                  ; 1.7 V              ; -0.0552 V          ; 0.108 V                             ; 0.08 V                              ; 2.35e-10 s                 ; 2.24e-10 s                 ; No                        ; No                        ;
; m_axis_tdata(5)  ; 1.8-V        ; 0 s                 ; 0 s                 ; 1.66 V                       ; 4.43e-06 V                   ; 1.7 V               ; -0.0552 V           ; 0.108 V                              ; 0.08 V                               ; 2.35e-10 s                  ; 2.24e-10 s                  ; No                         ; No                         ; 1.66 V                      ; 4.43e-06 V                  ; 1.7 V              ; -0.0552 V          ; 0.108 V                             ; 0.08 V                              ; 2.35e-10 s                 ; 2.24e-10 s                 ; No                        ; No                        ;
; m_axis_tdata(6)  ; 1.8-V        ; 0 s                 ; 0 s                 ; 1.66 V                       ; 4.43e-06 V                   ; 1.7 V               ; -0.0552 V           ; 0.108 V                              ; 0.08 V                               ; 2.35e-10 s                  ; 2.24e-10 s                  ; No                         ; No                         ; 1.66 V                      ; 4.43e-06 V                  ; 1.7 V              ; -0.0552 V          ; 0.108 V                             ; 0.08 V                              ; 2.35e-10 s                 ; 2.24e-10 s                 ; No                        ; No                        ;
; m_axis_tdata(7)  ; 1.8-V        ; 0 s                 ; 0 s                 ; 1.66 V                       ; 4.43e-06 V                   ; 1.7 V               ; -0.0552 V           ; 0.108 V                              ; 0.08 V                               ; 2.35e-10 s                  ; 2.24e-10 s                  ; No                         ; No                         ; 1.66 V                      ; 4.43e-06 V                  ; 1.7 V              ; -0.0552 V          ; 0.108 V                             ; 0.08 V                              ; 2.35e-10 s                 ; 2.24e-10 s                 ; No                        ; No                        ;
; m_axis_tdata(8)  ; 1.8-V        ; 0 s                 ; 0 s                 ; 1.66 V                       ; 4.43e-06 V                   ; 1.7 V               ; -0.0552 V           ; 0.108 V                              ; 0.08 V                               ; 2.35e-10 s                  ; 2.24e-10 s                  ; No                         ; No                         ; 1.66 V                      ; 4.43e-06 V                  ; 1.7 V              ; -0.0552 V          ; 0.108 V                             ; 0.08 V                              ; 2.35e-10 s                 ; 2.24e-10 s                 ; No                        ; No                        ;
; m_axis_tdata(9)  ; 1.8-V        ; 0 s                 ; 0 s                 ; 1.66 V                       ; 4.43e-06 V                   ; 1.7 V               ; -0.0552 V           ; 0.108 V                              ; 0.08 V                               ; 2.35e-10 s                  ; 2.24e-10 s                  ; No                         ; No                         ; 1.66 V                      ; 4.43e-06 V                  ; 1.7 V              ; -0.0552 V          ; 0.108 V                             ; 0.08 V                              ; 2.35e-10 s                 ; 2.24e-10 s                 ; No                        ; No                        ;
; m_axis_tdata(10) ; 1.8-V        ; 0 s                 ; 0 s                 ; 1.66 V                       ; 4.43e-06 V                   ; 1.7 V               ; -0.0552 V           ; 0.108 V                              ; 0.08 V                               ; 2.35e-10 s                  ; 2.24e-10 s                  ; No                         ; No                         ; 1.66 V                      ; 4.43e-06 V                  ; 1.7 V              ; -0.0552 V          ; 0.108 V                             ; 0.08 V                              ; 2.35e-10 s                 ; 2.24e-10 s                 ; No                        ; No                        ;
; m_axis_tdata(11) ; 1.8-V        ; 0 s                 ; 0 s                 ; 1.66 V                       ; 4.43e-06 V                   ; 1.7 V               ; -0.0552 V           ; 0.108 V                              ; 0.08 V                               ; 2.35e-10 s                  ; 2.24e-10 s                  ; No                         ; No                         ; 1.66 V                      ; 4.43e-06 V                  ; 1.7 V              ; -0.0552 V          ; 0.108 V                             ; 0.08 V                              ; 2.35e-10 s                 ; 2.24e-10 s                 ; No                        ; No                        ;
; m_axis_tdata(12) ; 1.8-V        ; 0 s                 ; 0 s                 ; 1.66 V                       ; 4.43e-06 V                   ; 1.7 V               ; -0.0552 V           ; 0.108 V                              ; 0.08 V                               ; 2.35e-10 s                  ; 2.24e-10 s                  ; No                         ; No                         ; 1.66 V                      ; 4.43e-06 V                  ; 1.7 V              ; -0.0552 V          ; 0.108 V                             ; 0.08 V                              ; 2.35e-10 s                 ; 2.24e-10 s                 ; No                        ; No                        ;
; m_axis_tdata(13) ; 1.8-V        ; 0 s                 ; 0 s                 ; 1.66 V                       ; 4.43e-06 V                   ; 1.7 V               ; -0.0552 V           ; 0.108 V                              ; 0.08 V                               ; 2.35e-10 s                  ; 2.24e-10 s                  ; No                         ; No                         ; 1.66 V                      ; 4.43e-06 V                  ; 1.7 V              ; -0.0552 V          ; 0.108 V                             ; 0.08 V                              ; 2.35e-10 s                 ; 2.24e-10 s                 ; No                        ; No                        ;
; m_axis_tdata(14) ; 1.8-V        ; 0 s                 ; 0 s                 ; 1.66 V                       ; 4.43e-06 V                   ; 1.7 V               ; -0.0552 V           ; 0.108 V                              ; 0.08 V                               ; 2.35e-10 s                  ; 2.24e-10 s                  ; No                         ; No                         ; 1.66 V                      ; 4.43e-06 V                  ; 1.7 V              ; -0.0552 V          ; 0.108 V                             ; 0.08 V                              ; 2.35e-10 s                 ; 2.24e-10 s                 ; No                        ; No                        ;
; m_axis_tdata(15) ; 1.8-V        ; 0 s                 ; 0 s                 ; 1.66 V                       ; 4.43e-06 V                   ; 1.7 V               ; -0.0552 V           ; 0.108 V                              ; 0.08 V                               ; 2.35e-10 s                  ; 2.24e-10 s                  ; No                         ; No                         ; 1.66 V                      ; 4.43e-06 V                  ; 1.7 V              ; -0.0552 V          ; 0.108 V                             ; 0.08 V                              ; 2.35e-10 s                 ; 2.24e-10 s                 ; No                        ; No                        ;
; m_axis_tdata(16) ; 1.8-V        ; 0 s                 ; 0 s                 ; 1.66 V                       ; 4.43e-06 V                   ; 1.7 V               ; -0.0552 V           ; 0.108 V                              ; 0.08 V                               ; 2.35e-10 s                  ; 2.24e-10 s                  ; No                         ; No                         ; 1.66 V                      ; 4.43e-06 V                  ; 1.7 V              ; -0.0552 V          ; 0.108 V                             ; 0.08 V                              ; 2.35e-10 s                 ; 2.24e-10 s                 ; No                        ; No                        ;
; m_axis_tdata(17) ; 1.8-V        ; 0 s                 ; 0 s                 ; 1.66 V                       ; 4.43e-06 V                   ; 1.7 V               ; -0.0552 V           ; 0.108 V                              ; 0.08 V                               ; 2.35e-10 s                  ; 2.24e-10 s                  ; No                         ; No                         ; 1.66 V                      ; 4.43e-06 V                  ; 1.7 V              ; -0.0552 V          ; 0.108 V                             ; 0.08 V                              ; 2.35e-10 s                 ; 2.24e-10 s                 ; No                        ; No                        ;
; m_axis_tdata(18) ; 1.8-V        ; 0 s                 ; 0 s                 ; 1.66 V                       ; 4.43e-06 V                   ; 1.7 V               ; -0.0552 V           ; 0.108 V                              ; 0.08 V                               ; 2.35e-10 s                  ; 2.24e-10 s                  ; No                         ; No                         ; 1.66 V                      ; 4.43e-06 V                  ; 1.7 V              ; -0.0552 V          ; 0.108 V                             ; 0.08 V                              ; 2.35e-10 s                 ; 2.24e-10 s                 ; No                        ; No                        ;
; m_axis_tdata(19) ; 1.8-V        ; 0 s                 ; 0 s                 ; 1.66 V                       ; 4.43e-06 V                   ; 1.7 V               ; -0.0552 V           ; 0.108 V                              ; 0.08 V                               ; 2.35e-10 s                  ; 2.24e-10 s                  ; No                         ; No                         ; 1.66 V                      ; 4.43e-06 V                  ; 1.7 V              ; -0.0552 V          ; 0.108 V                             ; 0.08 V                              ; 2.35e-10 s                 ; 2.24e-10 s                 ; No                        ; No                        ;
; m_axis_tdata(20) ; 1.8-V        ; 0 s                 ; 0 s                 ; 1.66 V                       ; 4.43e-06 V                   ; 1.7 V               ; -0.0552 V           ; 0.108 V                              ; 0.08 V                               ; 2.35e-10 s                  ; 2.24e-10 s                  ; No                         ; No                         ; 1.66 V                      ; 4.43e-06 V                  ; 1.7 V              ; -0.0552 V          ; 0.108 V                             ; 0.08 V                              ; 2.35e-10 s                 ; 2.24e-10 s                 ; No                        ; No                        ;
; m_axis_tdata(21) ; 1.8-V        ; 0 s                 ; 0 s                 ; 1.66 V                       ; 4.43e-06 V                   ; 1.7 V               ; -0.0552 V           ; 0.108 V                              ; 0.08 V                               ; 2.35e-10 s                  ; 2.24e-10 s                  ; No                         ; No                         ; 1.66 V                      ; 4.43e-06 V                  ; 1.7 V              ; -0.0552 V          ; 0.108 V                             ; 0.08 V                              ; 2.35e-10 s                 ; 2.24e-10 s                 ; No                        ; No                        ;
; m_axis_tdata(22) ; 1.8-V        ; 0 s                 ; 0 s                 ; 1.66 V                       ; 4.43e-06 V                   ; 1.7 V               ; -0.0552 V           ; 0.108 V                              ; 0.08 V                               ; 2.35e-10 s                  ; 2.24e-10 s                  ; No                         ; No                         ; 1.66 V                      ; 4.43e-06 V                  ; 1.7 V              ; -0.0552 V          ; 0.108 V                             ; 0.08 V                              ; 2.35e-10 s                 ; 2.24e-10 s                 ; No                        ; No                        ;
; m_axis_tdata(23) ; 1.8-V        ; 0 s                 ; 0 s                 ; 1.66 V                       ; 4.43e-06 V                   ; 1.7 V               ; -0.0552 V           ; 0.108 V                              ; 0.08 V                               ; 2.35e-10 s                  ; 2.24e-10 s                  ; No                         ; No                         ; 1.66 V                      ; 4.43e-06 V                  ; 1.7 V              ; -0.0552 V          ; 0.108 V                             ; 0.08 V                              ; 2.35e-10 s                 ; 2.24e-10 s                 ; No                        ; No                        ;
; m_axis_tvalid    ; 1.8-V        ; 0 s                 ; 0 s                 ; 1.66 V                       ; 4.43e-06 V                   ; 1.7 V               ; -0.0552 V           ; 0.108 V                              ; 0.08 V                               ; 2.35e-10 s                  ; 2.24e-10 s                  ; No                         ; No                         ; 1.66 V                      ; 4.43e-06 V                  ; 1.7 V              ; -0.0552 V          ; 0.108 V                             ; 0.08 V                              ; 2.35e-10 s                 ; 2.24e-10 s                 ; No                        ; No                        ;
; m_axis_tlast     ; 1.8-V        ; 0 s                 ; 0 s                 ; 1.66 V                       ; 4.43e-06 V                   ; 1.7 V               ; -0.0552 V           ; 0.108 V                              ; 0.08 V                               ; 2.35e-10 s                  ; 2.24e-10 s                  ; No                         ; No                         ; 1.66 V                      ; 4.43e-06 V                  ; 1.7 V              ; -0.0552 V          ; 0.108 V                             ; 0.08 V                              ; 2.35e-10 s                 ; 2.24e-10 s                 ; No                        ; No                        ;
; m_axis_tuser(0)  ; 1.8-V        ; 0 s                 ; 0 s                 ; 1.66 V                       ; 4.43e-06 V                   ; 1.7 V               ; -0.0552 V           ; 0.108 V                              ; 0.08 V                               ; 2.35e-10 s                  ; 2.24e-10 s                  ; No                         ; No                         ; 1.66 V                      ; 4.43e-06 V                  ; 1.7 V              ; -0.0552 V          ; 0.108 V                             ; 0.08 V                              ; 2.35e-10 s                 ; 2.24e-10 s                 ; No                        ; No                        ;
; m_axis_tuser(1)  ; 1.8-V        ; 0 s                 ; 0 s                 ; 1.66 V                       ; 4.43e-06 V                   ; 1.7 V               ; -0.0552 V           ; 0.108 V                              ; 0.08 V                               ; 2.35e-10 s                  ; 2.24e-10 s                  ; No                         ; No                         ; 1.66 V                      ; 4.43e-06 V                  ; 1.7 V              ; -0.0552 V          ; 0.108 V                             ; 0.08 V                              ; 2.35e-10 s                 ; 2.24e-10 s                 ; No                        ; No                        ;
; m_axis_tuser(2)  ; 1.8-V        ; 0 s                 ; 0 s                 ; 1.66 V                       ; 4.43e-06 V                   ; 1.7 V               ; -0.0552 V           ; 0.108 V                              ; 0.08 V                               ; 2.35e-10 s                  ; 2.24e-10 s                  ; No                         ; No                         ; 1.66 V                      ; 4.43e-06 V                  ; 1.7 V              ; -0.0552 V          ; 0.108 V                             ; 0.08 V                              ; 2.35e-10 s                 ; 2.24e-10 s                 ; No                        ; No                        ;
+------------------+--------------+---------------------+---------------------+------------------------------+------------------------------+---------------------+---------------------+--------------------------------------+--------------------------------------+-----------------------------+-----------------------------+----------------------------+----------------------------+-----------------------------+-----------------------------+--------------------+--------------------+-------------------------------------+-------------------------------------+----------------------------+----------------------------+---------------------------+---------------------------+


+--------------------------------------------------------------------------------------------------------------------------------------------------------+
; Setup Transfers                                                                                                                                        ;
+-------------+-------------+----------+----------+----------+----------+---------------------------+------------------+---------------------------------+
; From Clock  ; To Clock    ; RR Paths ; FR Paths ; RF Paths ; FF Paths ; Clock Pair Classification ; Worst-Case Slack ; Worst-Case Operating Conditions ;
+-------------+-------------+----------+----------+----------+----------+---------------------------+------------------+---------------------------------+
; clk~derived ; clk~derived ; 4776     ; 0        ; 0        ; 0        ; Intra-Clock (Timed Safe)  ; -1.651           ; Slow 900mV 100C Model           ;
+-------------+-------------+----------+----------+----------+----------+---------------------------+------------------+---------------------------------+
An "Asynchronous (Timed Unsafe)" transfer occurs when the From & To clocks are asynchronous and no timing constraints exist. Entries labeled "false path" only account for clock-to-clock false paths. Path-based false path counts are shown in rows with "Ignored (Not Timed)" classifications


+--------------------------------------------------------------------------------------------------------------------------------------------------------+
; Hold Transfers                                                                                                                                         ;
+-------------+-------------+----------+----------+----------+----------+---------------------------+------------------+---------------------------------+
; From Clock  ; To Clock    ; RR Paths ; FR Paths ; RF Paths ; FF Paths ; Clock Pair Classification ; Worst-Case Slack ; Worst-Case Operating Conditions ;
+-------------+-------------+----------+----------+----------+----------+---------------------------+------------------+---------------------------------+
; clk~derived ; clk~derived ; 4719     ; 0        ; 0        ; 0        ; Intra-Clock (Timed Safe)  ; 0.013            ; Fast 900mV 0C Model             ;
+-------------+-------------+----------+----------+----------+----------+---------------------------+------------------+---------------------------------+
An "Asynchronous (Timed Unsafe)" transfer occurs when the From & To clocks are asynchronous and no timing constraints exist. Entries labeled "false path" only account for clock-to-clock false paths. Path-based false path counts are shown in rows with "Ignored (Not Timed)" classifications


----------------
; Command Info ;
----------------
Report Timing: Found 10 setup paths (10 violated).  Worst case slack is -1.651 

Tcl Command:
    report_timing -setup -panel_name {Worst-Case Timing Paths||Setup||clk~derived} -to_clock [get_clocks {clk~derived}] -npaths 10 -detail full_path

Options:
    -to_clock [get_clocks {clk~derived}] 
    -setup 
    -npaths 10 
    -detail full_path 
    -panel_name {clk~derived} 

Snapshot:
    final

Delay Models:
    Slow 900mV 100C Model
    Slow 900mV 0C Model
    Fast 900mV 100C Model
    Fast 900mV 0C Model


+--------------------------------------------------------------------------------------------------------------------------------------------------------------------------------------------------------------------------------------------------------------------------------------------------------------------------------------------------------------------------------+
; Summary of Paths                                                                                                                                                                                                                                                                                                                                                               ;
+--------+-------------------------------------------------------------------------------------+-------------------------------------------------------------------------------------------------------------------------------------------------------------------------+--------------+-------------+--------------+------------+------------+---------------------------------+
; Slack  ; From Node                                                                           ; To Node                                                                                                                                                                 ; Launch Clock ; Latch Clock ; Relationship ; Clock Skew ; Data Delay ; Worst-Case Operating Conditions ;
+--------+-------------------------------------------------------------------------------------+-------------------------------------------------------------------------------------------------------------------------------------------------------------------------+--------------+-------------+--------------+------------+------------+---------------------------------+
; -1.651 ; u0|intel_vvp_dil_0|intel_vvp_dil_0|scheduler|state.WAIT_FOR_CTRL_OUT_TREADY         ; u0|intel_vvp_adv_tpg_0|intel_vvp_adv_tpg_0|mixer_inst_0|dp_inst|blended_pixel_gen[0].blended_col_gen[2].mult_add_inst|partial_gen[0].mult_2_inst|add_0_0~DATAOUTA0~reg0 ; clk~derived  ; clk~derived ; 1.000        ; -0.030     ; 2.467      ; Slow 900mV 100C Model           ;
; -1.641 ; u0|intel_vvp_dil_0|intel_vvp_dil_0|scheduler|state.WAIT_FOR_CTRL_OUT_TREADY         ; u0|intel_vvp_adv_tpg_0|intel_vvp_adv_tpg_0|mixer_inst_0|dp_inst|blended_pixel_gen[0].blended_col_gen[1].mult_add_inst|partial_gen[0].mult_2_inst|add_0_0~DATAOUTA0~reg0 ; clk~derived  ; clk~derived ; 1.000        ; -0.035     ; 2.454      ; Slow 900mV 100C Model           ;
; -1.638 ; u0|intel_vvp_dil_0|intel_vvp_dil_0|scheduler|iip_packet_received0.intlace_nibble[3] ; u0|intel_vvp_adv_tpg_0|intel_vvp_adv_tpg_0|mixer_inst_0|dp_inst|blended_pixel_gen[0].blended_col_gen[2].mult_add_inst|partial_gen[0].mult_2_inst|add_0_0~DATAOUTA0~reg0 ; clk~derived  ; clk~derived ; 1.000        ; -0.030     ; 2.454      ; Slow 900mV 100C Model           ;
; -1.635 ; u0|intel_vvp_dil_0|intel_vvp_dil_0|iib|ctrl_valid                                   ; u0|intel_vvp_adv_tpg_0|intel_vvp_adv_tpg_0|mixer_inst_0|dp_inst|blended_pixel_gen[0].blended_col_gen[2].mult_add_inst|partial_gen[0].mult_2_inst|add_0_0~DATAOUTA0~reg0 ; clk~derived  ; clk~derived ; 1.000        ; -0.030     ; 2.451      ; Slow 900mV 100C Model           ;
; -1.635 ; u0|intel_vvp_dil_0|intel_vvp_dil_0|iib|ctrl_valid                                   ; u0|intel_vvp_adv_tpg_0|intel_vvp_adv_tpg_0|mixer_inst_0|dp_inst|blended_pixel_gen[0].blended_col_gen[2].mult_add_inst|partial_gen[0].mult_2_inst|add_0_0~DATAOUTA0~reg0 ; clk~derived  ; clk~derived ; 1.000        ; -0.030     ; 2.451      ; Slow 900mV 100C Model           ;
; -1.628 ; u0|intel_vvp_dil_0|intel_vvp_dil_0|scheduler|iip_packet_received0.intlace_nibble[3] ; u0|intel_vvp_adv_tpg_0|intel_vvp_adv_tpg_0|mixer_inst_0|dp_inst|blended_pixel_gen[0].blended_col_gen[1].mult_add_inst|partial_gen[0].mult_2_inst|add_0_0~DATAOUTA0~reg0 ; clk~derived  ; clk~derived ; 1.000        ; -0.035     ; 2.441      ; Slow 900mV 100C Model           ;
; -1.625 ; u0|intel_vvp_dil_0|intel_vvp_dil_0|iib|ctrl_valid                                   ; u0|intel_vvp_adv_tpg_0|intel_vvp_adv_tpg_0|mixer_inst_0|dp_inst|blended_pixel_gen[0].blended_col_gen[1].mult_add_inst|partial_gen[0].mult_2_inst|add_0_0~DATAOUTA0~reg0 ; clk~derived  ; clk~derived ; 1.000        ; -0.035     ; 2.438      ; Slow 900mV 100C Model           ;
; -1.625 ; u0|intel_vvp_dil_0|intel_vvp_dil_0|iib|ctrl_valid                                   ; u0|intel_vvp_adv_tpg_0|intel_vvp_adv_tpg_0|mixer_inst_0|dp_inst|blended_pixel_gen[0].blended_col_gen[1].mult_add_inst|partial_gen[0].mult_2_inst|add_0_0~DATAOUTA0~reg0 ; clk~derived  ; clk~derived ; 1.000        ; -0.035     ; 2.438      ; Slow 900mV 100C Model           ;
; -1.602 ; u0|intel_vvp_dil_0|intel_vvp_dil_0|scheduler|state.END_WAIT_FOR_CTRL_OUT_TREADY_2   ; u0|intel_vvp_adv_tpg_0|intel_vvp_adv_tpg_0|mixer_inst_0|dp_inst|blended_pixel_gen[0].blended_col_gen[2].mult_add_inst|partial_gen[0].mult_2_inst|add_0_0~DATAOUTA0~reg0 ; clk~derived  ; clk~derived ; 1.000        ; -0.030     ; 2.418      ; Slow 900mV 100C Model           ;
; -1.592 ; u0|intel_vvp_dil_0|intel_vvp_dil_0|scheduler|state.END_WAIT_FOR_CTRL_OUT_TREADY_2   ; u0|intel_vvp_adv_tpg_0|intel_vvp_adv_tpg_0|mixer_inst_0|dp_inst|blended_pixel_gen[0].blended_col_gen[1].mult_add_inst|partial_gen[0].mult_2_inst|add_0_0~DATAOUTA0~reg0 ; clk~derived  ; clk~derived ; 1.000        ; -0.035     ; 2.405      ; Slow 900mV 100C Model           ;
+--------+-------------------------------------------------------------------------------------+-------------------------------------------------------------------------------------------------------------------------------------------------------------------------+--------------+-------------+--------------+------------+------------+---------------------------------+


Path #1: Setup slack is -1.651 (VIOLATED)
===============================================================================
+-----------------------------------------------------------------------------------------------------------------------------------------------------------------------------------------------------------+
; Path Summary                                                                                                                                                                                              ;
+---------------------------------+-------------------------------------------------------------------------------------------------------------------------------------------------------------------------+
; Property                        ; Value                                                                                                                                                                   ;
+---------------------------------+-------------------------------------------------------------------------------------------------------------------------------------------------------------------------+
; From Node                       ; u0|intel_vvp_dil_0|intel_vvp_dil_0|scheduler|state.WAIT_FOR_CTRL_OUT_TREADY                                                                                             ;
; To Node                         ; u0|intel_vvp_adv_tpg_0|intel_vvp_adv_tpg_0|mixer_inst_0|dp_inst|blended_pixel_gen[0].blended_col_gen[2].mult_add_inst|partial_gen[0].mult_2_inst|add_0_0~DATAOUTA0~reg0 ;
; Launch Clock                    ; clk~derived                                                                                                                                                             ;
; Latch Clock                     ; clk~derived                                                                                                                                                             ;
; SDC Exception                   ; No SDC Exception on Path                                                                                                                                                ;
; Data Arrival Time               ; 6.570                                                                                                                                                                   ;
; Data Required Time              ; 4.919                                                                                                                                                                   ;
; Slack                           ; -1.651 (VIOLATED)                                                                                                                                                       ;
; Worst-Case Operating Conditions ; Slow 900mV 100C Model                                                                                                                                                   ;
+---------------------------------+-------------------------------------------------------------------------------------------------------------------------------------------------------------------------+

+------------------------------------------------------------------------------------+
; Statistics                                                                         ;
+------------------------+--------+-------+-------------+------------+-------+-------+
; Property               ; Value  ; Count ; Total Delay ; % of Total ; Min   ; Max   ;
+------------------------+--------+-------+-------------+------------+-------+-------+
; Setup Relationship     ; 1.000  ;       ;             ;            ;       ;       ;
; Clock Skew             ; -0.030 ;       ;             ;            ;       ;       ;
; Data Delay             ; 2.467  ;       ;             ;            ;       ;       ;
; Number of Logic Levels ;        ; 4     ;             ;            ;       ;       ;
; Physical Delays        ;        ;       ;             ;            ;       ;       ;
;  Arrival Path          ;        ;       ;             ;            ;       ;       ;
;   Clock                ;        ;       ;             ;            ;       ;       ;
;    IC                  ;        ; 3     ; 2.867       ; 70         ; 0.000 ; 2.867 ;
;    Cell                ;        ; 4     ; 1.236       ; 30         ; 0.000 ; 0.547 ;
;   Data                 ;        ;       ;             ;            ;       ;       ;
;    IC                  ;        ; 5     ; 1.777       ; 72         ; 0.214 ; 0.847 ;
;    Cell                ;        ; 10    ; 0.470       ; 19         ; 0.000 ; 0.187 ;
;    uTco                ;        ; 1     ; 0.220       ; 9          ; 0.220 ; 0.220 ;
;  Required Path         ;        ;       ;             ;            ;       ;       ;
;   Clock                ;        ;       ;             ;            ;       ;       ;
;    IC                  ;        ; 3     ; 2.674       ; 70         ; 0.000 ; 2.674 ;
;    Cell                ;        ; 4     ; 1.126       ; 30         ; 0.000 ; 0.547 ;
+------------------------+--------+-------+-------------+------------+-------+-------+
Note: Negative delays are omitted from totals when calculating percentages

+----------------------------------------------------------------------------------------------------------------------------------------------------------------------------------------------------------------------------------------------------------+
; Data Arrival Path                                                                                                                                                                                                                                        ;
+---------+---------+----+--------+--------+----------------------+------------+---------------------------------------------------------------------------------------------------------------------------------------------------------------------------+
; Total   ; Incr    ; RF ; Type   ; Fanout ; Location             ; HS/LP      ; Element                                                                                                                                                                   ;
+---------+---------+----+--------+--------+----------------------+------------+---------------------------------------------------------------------------------------------------------------------------------------------------------------------------+
; 0.000   ; 0.000   ;    ;        ;        ;                      ;            ; launch edge time                                                                                                                                                          ;
; 0.000   ; 0.000   ;    ; borrow ;        ;                      ;            ; time borrowed                                                                                                                                                             ;
; 4.103   ; 4.103   ;    ;        ;        ;                      ;            ; clock path                                                                                                                                                                ;
;   0.000 ;   0.000 ;    ;        ;        ;                      ;            ; source latency                                                                                                                                                            ;
;   0.000 ;   0.000 ;    ;        ; 1      ; PIN_L3               ;            ; clk                                                                                                                                                                       ;
;   0.000 ;   0.000 ; RR ; IC     ; 1      ; IOIBUF_X102_Y6_N47   ;            ; clk~input|i                                                                                                                                                               ;
;   0.547 ;   0.547 ; RR ; CELL   ; 1      ; IOIBUF_X102_Y6_N47   ;            ; clk~input|o                                                                                                                                                               ;
;   0.708 ;   0.161 ; RR ; CELL   ; 1      ; IOIBUF_X102_Y6_N47   ;            ; clk~input~io_48_lvds_tile_edge/ioclkin[2]                                                                                                                                 ;
;   0.708 ;   0.000 ; RR ; IC     ; 2      ; CLKCTRL_3A_G_I23     ;            ; clk~inputCLKENA0|inclk                                                                                                                                                    ;
;   1.236 ;   0.528 ; RR ; CELL   ; 1155   ; CLKCTRL_3A_G_I23     ;            ; clk~inputCLKENA0|outclk                                                                                                                                                   ;
;   4.103 ;   2.867 ; RR ; IC     ; 1      ; FF_X86_Y39_N35       ; High Speed ; u0|intel_vvp_dil_0|intel_vvp_dil_0|scheduler|state.WAIT_FOR_CTRL_OUT_TREADY|clk                                                                                           ;
;   4.103 ;   0.000 ; RR ; CELL   ; 1      ; FF_X86_Y39_N35       ; High Speed ; u0|intel_vvp_dil_0|intel_vvp_dil_0|scheduler|state.WAIT_FOR_CTRL_OUT_TREADY                                                                                               ;
; 6.570   ; 2.467   ;    ;        ;        ;                      ;            ; data path                                                                                                                                                                 ;
;   4.323 ;   0.220 ; FF ; uTco   ; 2      ; FF_X86_Y39_N35       ;            ; u0|intel_vvp_dil_0|intel_vvp_dil_0|scheduler|state.WAIT_FOR_CTRL_OUT_TREADY|q                                                                                             ;
;   4.452 ;   0.129 ; FF ; CELL   ; 4      ; FF_X86_Y39_N35       ; High Speed ; u0|intel_vvp_dil_0|intel_vvp_dil_0|scheduler|state.WAIT_FOR_CTRL_OUT_TREADY~la_lab/laboutb[3]                                                                             ;
;   4.722 ;   0.270 ; FF ; IC     ; 1      ; MLABCELL_X87_Y39_N9  ; High Speed ; u0|intel_vvp_dil_0|intel_vvp_dil_0|scheduler|axi_st_ctrl_out_tvalid_comb~3|datae                                                                                          ;
;   4.909 ;   0.187 ; FR ; CELL   ; 2      ; MLABCELL_X87_Y39_N9  ; High Speed ; u0|intel_vvp_dil_0|intel_vvp_dil_0|scheduler|axi_st_ctrl_out_tvalid_comb~3|combout                                                                                        ;
;   4.915 ;   0.006 ; RR ; CELL   ; 3      ; MLABCELL_X87_Y39_N9  ; High Speed ; u0|intel_vvp_dil_0|intel_vvp_dil_0|scheduler|axi_st_ctrl_out_tvalid_comb~3~la_mlab/laboutt[7]                                                                             ;
;   5.141 ;   0.226 ; RR ; IC     ; 1      ; LABCELL_X86_Y39_N48  ; High Speed ; u0|intel_vvp_dil_0|intel_vvp_dil_0|scheduler|axi_out|din_ready|dataf                                                                                                      ;
;   5.187 ;   0.046 ; RR ; CELL   ; 2      ; LABCELL_X86_Y39_N48  ; High Speed ; u0|intel_vvp_dil_0|intel_vvp_dil_0|scheduler|axi_out|din_ready|combout                                                                                                    ;
;   5.191 ;   0.004 ; RR ; CELL   ; 4      ; LABCELL_X86_Y39_N48  ; High Speed ; u0|intel_vvp_dil_0|intel_vvp_dil_0|scheduler|axi_out|din_ready~la_lab/laboutb[12]                                                                                         ;
;   5.405 ;   0.214 ; RR ; IC     ; 1      ; LABCELL_X86_Y39_N18  ; High Speed ; u0|intel_vvp_dil_0|intel_vvp_dil_0|iib|ctrl_master_inst|din_ready~0|dataf                                                                                                 ;
;   5.449 ;   0.044 ; RR ; CELL   ; 2      ; LABCELL_X86_Y39_N18  ; High Speed ; u0|intel_vvp_dil_0|intel_vvp_dil_0|iib|ctrl_master_inst|din_ready~0|combout                                                                                               ;
;   5.454 ;   0.005 ; RR ; CELL   ; 13     ; LABCELL_X86_Y39_N18  ; High Speed ; u0|intel_vvp_dil_0|intel_vvp_dil_0|iib|ctrl_master_inst|din_ready~0~la_lab/laboutt[13]                                                                                    ;
;   5.674 ;   0.220 ; RR ; IC     ; 1      ; MLABCELL_X85_Y39_N12 ; High Speed ; u0|intel_vvp_adv_tpg_0|intel_vvp_adv_tpg_0|mixer_inst_0|dout_master_inst|din_ready|dataf                                                                                  ;
;   5.717 ;   0.043 ; RR ; CELL   ; 1      ; MLABCELL_X85_Y39_N12 ; High Speed ; u0|intel_vvp_adv_tpg_0|intel_vvp_adv_tpg_0|mixer_inst_0|dout_master_inst|din_ready|combout                                                                                ;
;   5.723 ;   0.006 ; RR ; CELL   ; 57     ; MLABCELL_X85_Y39_N12 ; High Speed ; u0|intel_vvp_adv_tpg_0|intel_vvp_adv_tpg_0|mixer_inst_0|dout_master_inst|din_ready~la_mlab/laboutt[8]                                                                     ;
;   6.570 ;   0.847 ; RR ; IC     ; 1      ; MPDSP_X74_Y40_N0     ; High Speed ; u0|intel_vvp_adv_tpg_0|intel_vvp_adv_tpg_0|mixer_inst_0|dp_inst|blended_pixel_gen[0].blended_col_gen[2].mult_add_inst|partial_gen[0].mult_2_inst|add_0_0~DATAOUTA0|ena[0] ;
;   6.570 ;   0.000 ; RR ; CELL   ; 91     ; MPDSP_X74_Y40_N0     ; High Speed ; u0|intel_vvp_adv_tpg_0|intel_vvp_adv_tpg_0|mixer_inst_0|dp_inst|blended_pixel_gen[0].blended_col_gen[2].mult_add_inst|partial_gen[0].mult_2_inst|add_0_0~DATAOUTA0~reg0   ;
+---------+---------+----+--------+--------+----------------------+------------+---------------------------------------------------------------------------------------------------------------------------------------------------------------------------+

+------------------------------------------------------------------------------------------------------------------------------------------------------------------------------------------------------------------------------------------------------+
; Data Required Path                                                                                                                                                                                                                                   ;
+---------+---------+----+------+--------+--------------------+------------+---------------------------------------------------------------------------------------------------------------------------------------------------------------------------+
; Total   ; Incr    ; RF ; Type ; Fanout ; Location           ; HS/LP      ; Element                                                                                                                                                                   ;
+---------+---------+----+------+--------+--------------------+------------+---------------------------------------------------------------------------------------------------------------------------------------------------------------------------+
; 1.000   ; 1.000   ;    ;      ;        ;                    ;            ; latch edge time                                                                                                                                                           ;
; 5.073   ; 4.073   ;    ;      ;        ;                    ;            ; clock path                                                                                                                                                                ;
;   1.000 ;   0.000 ;    ;      ;        ;                    ;            ; source latency                                                                                                                                                            ;
;   1.000 ;   0.000 ;    ;      ; 1      ; PIN_L3             ;            ; clk                                                                                                                                                                       ;
;   1.000 ;   0.000 ; RR ; IC   ; 1      ; IOIBUF_X102_Y6_N47 ;            ; clk~input|i                                                                                                                                                               ;
;   1.547 ;   0.547 ; RR ; CELL ; 1      ; IOIBUF_X102_Y6_N47 ;            ; clk~input|o                                                                                                                                                               ;
;   1.677 ;   0.130 ; RR ; CELL ; 1      ; IOIBUF_X102_Y6_N47 ;            ; clk~input~io_48_lvds_tile_edge/ioclkin[2]                                                                                                                                 ;
;   1.677 ;   0.000 ; RR ; IC   ; 2      ; CLKCTRL_3A_G_I23   ;            ; clk~inputCLKENA0|inclk                                                                                                                                                    ;
;   2.126 ;   0.449 ; RR ; CELL ; 1155   ; CLKCTRL_3A_G_I23   ;            ; clk~inputCLKENA0|outclk                                                                                                                                                   ;
;   4.800 ;   2.674 ; RR ; IC   ; 43     ; MPDSP_X74_Y40_N0   ; Mixed      ; u0|intel_vvp_adv_tpg_0|intel_vvp_adv_tpg_0|mixer_inst_0|dp_inst|blended_pixel_gen[0].blended_col_gen[2].mult_add_inst|partial_gen[0].mult_2_inst|add_0_0~DATAOUTA0|clk[0] ;
;   4.800 ;   0.000 ; RR ; CELL ; 91     ; MPDSP_X74_Y40_N0   ; High Speed ; u0|intel_vvp_adv_tpg_0|intel_vvp_adv_tpg_0|mixer_inst_0|dp_inst|blended_pixel_gen[0].blended_col_gen[2].mult_add_inst|partial_gen[0].mult_2_inst|add_0_0~DATAOUTA0~reg0   ;
;   5.073 ;   0.273 ;    ;      ;        ;                    ;            ; clock pessimism removed                                                                                                                                                   ;
; 5.043   ; -0.030  ;    ;      ;        ;                    ;            ; clock uncertainty                                                                                                                                                         ;
; 4.919   ; -0.124  ;    ; uTsu ; 91     ; MPDSP_X74_Y40_N0   ;            ; u0|intel_vvp_adv_tpg_0|intel_vvp_adv_tpg_0|mixer_inst_0|dp_inst|blended_pixel_gen[0].blended_col_gen[2].mult_add_inst|partial_gen[0].mult_2_inst|add_0_0~DATAOUTA0~reg0   ;
+---------+---------+----+------+--------+--------------------+------------+---------------------------------------------------------------------------------------------------------------------------------------------------------------------------+



Path #2: Setup slack is -1.641 (VIOLATED)
===============================================================================
+-----------------------------------------------------------------------------------------------------------------------------------------------------------------------------------------------------------+
; Path Summary                                                                                                                                                                                              ;
+---------------------------------+-------------------------------------------------------------------------------------------------------------------------------------------------------------------------+
; Property                        ; Value                                                                                                                                                                   ;
+---------------------------------+-------------------------------------------------------------------------------------------------------------------------------------------------------------------------+
; From Node                       ; u0|intel_vvp_dil_0|intel_vvp_dil_0|scheduler|state.WAIT_FOR_CTRL_OUT_TREADY                                                                                             ;
; To Node                         ; u0|intel_vvp_adv_tpg_0|intel_vvp_adv_tpg_0|mixer_inst_0|dp_inst|blended_pixel_gen[0].blended_col_gen[1].mult_add_inst|partial_gen[0].mult_2_inst|add_0_0~DATAOUTA0~reg0 ;
; Launch Clock                    ; clk~derived                                                                                                                                                             ;
; Latch Clock                     ; clk~derived                                                                                                                                                             ;
; SDC Exception                   ; No SDC Exception on Path                                                                                                                                                ;
; Data Arrival Time               ; 6.557                                                                                                                                                                   ;
; Data Required Time              ; 4.916                                                                                                                                                                   ;
; Slack                           ; -1.641 (VIOLATED)                                                                                                                                                       ;
; Worst-Case Operating Conditions ; Slow 900mV 100C Model                                                                                                                                                   ;
+---------------------------------+-------------------------------------------------------------------------------------------------------------------------------------------------------------------------+

+------------------------------------------------------------------------------------+
; Statistics                                                                         ;
+------------------------+--------+-------+-------------+------------+-------+-------+
; Property               ; Value  ; Count ; Total Delay ; % of Total ; Min   ; Max   ;
+------------------------+--------+-------+-------------+------------+-------+-------+
; Setup Relationship     ; 1.000  ;       ;             ;            ;       ;       ;
; Clock Skew             ; -0.035 ;       ;             ;            ;       ;       ;
; Data Delay             ; 2.454  ;       ;             ;            ;       ;       ;
; Number of Logic Levels ;        ; 4     ;             ;            ;       ;       ;
; Physical Delays        ;        ;       ;             ;            ;       ;       ;
;  Arrival Path          ;        ;       ;             ;            ;       ;       ;
;   Clock                ;        ;       ;             ;            ;       ;       ;
;    IC                  ;        ; 3     ; 2.867       ; 70         ; 0.000 ; 2.867 ;
;    Cell                ;        ; 4     ; 1.236       ; 30         ; 0.000 ; 0.547 ;
;   Data                 ;        ;       ;             ;            ;       ;       ;
;    IC                  ;        ; 5     ; 1.764       ; 72         ; 0.214 ; 0.834 ;
;    Cell                ;        ; 10    ; 0.470       ; 19         ; 0.000 ; 0.187 ;
;    uTco                ;        ; 1     ; 0.220       ; 9          ; 0.220 ; 0.220 ;
;  Required Path         ;        ;       ;             ;            ;       ;       ;
;   Clock                ;        ;       ;             ;            ;       ;       ;
;    IC                  ;        ; 3     ; 2.669       ; 70         ; 0.000 ; 2.669 ;
;    Cell                ;        ; 4     ; 1.126       ; 30         ; 0.000 ; 0.547 ;
+------------------------+--------+-------+-------------+------------+-------+-------+
Note: Negative delays are omitted from totals when calculating percentages

+----------------------------------------------------------------------------------------------------------------------------------------------------------------------------------------------------------------------------------------------------------+
; Data Arrival Path                                                                                                                                                                                                                                        ;
+---------+---------+----+--------+--------+----------------------+------------+---------------------------------------------------------------------------------------------------------------------------------------------------------------------------+
; Total   ; Incr    ; RF ; Type   ; Fanout ; Location             ; HS/LP      ; Element                                                                                                                                                                   ;
+---------+---------+----+--------+--------+----------------------+------------+---------------------------------------------------------------------------------------------------------------------------------------------------------------------------+
; 0.000   ; 0.000   ;    ;        ;        ;                      ;            ; launch edge time                                                                                                                                                          ;
; 0.000   ; 0.000   ;    ; borrow ;        ;                      ;            ; time borrowed                                                                                                                                                             ;
; 4.103   ; 4.103   ;    ;        ;        ;                      ;            ; clock path                                                                                                                                                                ;
;   0.000 ;   0.000 ;    ;        ;        ;                      ;            ; source latency                                                                                                                                                            ;
;   0.000 ;   0.000 ;    ;        ; 1      ; PIN_L3               ;            ; clk                                                                                                                                                                       ;
;   0.000 ;   0.000 ; RR ; IC     ; 1      ; IOIBUF_X102_Y6_N47   ;            ; clk~input|i                                                                                                                                                               ;
;   0.547 ;   0.547 ; RR ; CELL   ; 1      ; IOIBUF_X102_Y6_N47   ;            ; clk~input|o                                                                                                                                                               ;
;   0.708 ;   0.161 ; RR ; CELL   ; 1      ; IOIBUF_X102_Y6_N47   ;            ; clk~input~io_48_lvds_tile_edge/ioclkin[2]                                                                                                                                 ;
;   0.708 ;   0.000 ; RR ; IC     ; 2      ; CLKCTRL_3A_G_I23     ;            ; clk~inputCLKENA0|inclk                                                                                                                                                    ;
;   1.236 ;   0.528 ; RR ; CELL   ; 1155   ; CLKCTRL_3A_G_I23     ;            ; clk~inputCLKENA0|outclk                                                                                                                                                   ;
;   4.103 ;   2.867 ; RR ; IC     ; 1      ; FF_X86_Y39_N35       ; High Speed ; u0|intel_vvp_dil_0|intel_vvp_dil_0|scheduler|state.WAIT_FOR_CTRL_OUT_TREADY|clk                                                                                           ;
;   4.103 ;   0.000 ; RR ; CELL   ; 1      ; FF_X86_Y39_N35       ; High Speed ; u0|intel_vvp_dil_0|intel_vvp_dil_0|scheduler|state.WAIT_FOR_CTRL_OUT_TREADY                                                                                               ;
; 6.557   ; 2.454   ;    ;        ;        ;                      ;            ; data path                                                                                                                                                                 ;
;   4.323 ;   0.220 ; FF ; uTco   ; 2      ; FF_X86_Y39_N35       ;            ; u0|intel_vvp_dil_0|intel_vvp_dil_0|scheduler|state.WAIT_FOR_CTRL_OUT_TREADY|q                                                                                             ;
;   4.452 ;   0.129 ; FF ; CELL   ; 4      ; FF_X86_Y39_N35       ; High Speed ; u0|intel_vvp_dil_0|intel_vvp_dil_0|scheduler|state.WAIT_FOR_CTRL_OUT_TREADY~la_lab/laboutb[3]                                                                             ;
;   4.722 ;   0.270 ; FF ; IC     ; 1      ; MLABCELL_X87_Y39_N9  ; High Speed ; u0|intel_vvp_dil_0|intel_vvp_dil_0|scheduler|axi_st_ctrl_out_tvalid_comb~3|datae                                                                                          ;
;   4.909 ;   0.187 ; FR ; CELL   ; 2      ; MLABCELL_X87_Y39_N9  ; High Speed ; u0|intel_vvp_dil_0|intel_vvp_dil_0|scheduler|axi_st_ctrl_out_tvalid_comb~3|combout                                                                                        ;
;   4.915 ;   0.006 ; RR ; CELL   ; 3      ; MLABCELL_X87_Y39_N9  ; High Speed ; u0|intel_vvp_dil_0|intel_vvp_dil_0|scheduler|axi_st_ctrl_out_tvalid_comb~3~la_mlab/laboutt[7]                                                                             ;
;   5.141 ;   0.226 ; RR ; IC     ; 1      ; LABCELL_X86_Y39_N48  ; High Speed ; u0|intel_vvp_dil_0|intel_vvp_dil_0|scheduler|axi_out|din_ready|dataf                                                                                                      ;
;   5.187 ;   0.046 ; RR ; CELL   ; 2      ; LABCELL_X86_Y39_N48  ; High Speed ; u0|intel_vvp_dil_0|intel_vvp_dil_0|scheduler|axi_out|din_ready|combout                                                                                                    ;
;   5.191 ;   0.004 ; RR ; CELL   ; 4      ; LABCELL_X86_Y39_N48  ; High Speed ; u0|intel_vvp_dil_0|intel_vvp_dil_0|scheduler|axi_out|din_ready~la_lab/laboutb[12]                                                                                         ;
;   5.405 ;   0.214 ; RR ; IC     ; 1      ; LABCELL_X86_Y39_N18  ; High Speed ; u0|intel_vvp_dil_0|intel_vvp_dil_0|iib|ctrl_master_inst|din_ready~0|dataf                                                                                                 ;
;   5.449 ;   0.044 ; RR ; CELL   ; 2      ; LABCELL_X86_Y39_N18  ; High Speed ; u0|intel_vvp_dil_0|intel_vvp_dil_0|iib|ctrl_master_inst|din_ready~0|combout                                                                                               ;
;   5.454 ;   0.005 ; RR ; CELL   ; 13     ; LABCELL_X86_Y39_N18  ; High Speed ; u0|intel_vvp_dil_0|intel_vvp_dil_0|iib|ctrl_master_inst|din_ready~0~la_lab/laboutt[13]                                                                                    ;
;   5.674 ;   0.220 ; RR ; IC     ; 1      ; MLABCELL_X85_Y39_N12 ; High Speed ; u0|intel_vvp_adv_tpg_0|intel_vvp_adv_tpg_0|mixer_inst_0|dout_master_inst|din_ready|dataf                                                                                  ;
;   5.717 ;   0.043 ; RR ; CELL   ; 1      ; MLABCELL_X85_Y39_N12 ; High Speed ; u0|intel_vvp_adv_tpg_0|intel_vvp_adv_tpg_0|mixer_inst_0|dout_master_inst|din_ready|combout                                                                                ;
;   5.723 ;   0.006 ; RR ; CELL   ; 57     ; MLABCELL_X85_Y39_N12 ; High Speed ; u0|intel_vvp_adv_tpg_0|intel_vvp_adv_tpg_0|mixer_inst_0|dout_master_inst|din_ready~la_mlab/laboutt[8]                                                                     ;
;   6.557 ;   0.834 ; RR ; IC     ; 1      ; MPDSP_X74_Y43_N0     ; High Speed ; u0|intel_vvp_adv_tpg_0|intel_vvp_adv_tpg_0|mixer_inst_0|dp_inst|blended_pixel_gen[0].blended_col_gen[1].mult_add_inst|partial_gen[0].mult_2_inst|add_0_0~DATAOUTA0|ena[0] ;
;   6.557 ;   0.000 ; RR ; CELL   ; 91     ; MPDSP_X74_Y43_N0     ; High Speed ; u0|intel_vvp_adv_tpg_0|intel_vvp_adv_tpg_0|mixer_inst_0|dp_inst|blended_pixel_gen[0].blended_col_gen[1].mult_add_inst|partial_gen[0].mult_2_inst|add_0_0~DATAOUTA0~reg0   ;
+---------+---------+----+--------+--------+----------------------+------------+---------------------------------------------------------------------------------------------------------------------------------------------------------------------------+

+------------------------------------------------------------------------------------------------------------------------------------------------------------------------------------------------------------------------------------------------------+
; Data Required Path                                                                                                                                                                                                                                   ;
+---------+---------+----+------+--------+--------------------+------------+---------------------------------------------------------------------------------------------------------------------------------------------------------------------------+
; Total   ; Incr    ; RF ; Type ; Fanout ; Location           ; HS/LP      ; Element                                                                                                                                                                   ;
+---------+---------+----+------+--------+--------------------+------------+---------------------------------------------------------------------------------------------------------------------------------------------------------------------------+
; 1.000   ; 1.000   ;    ;      ;        ;                    ;            ; latch edge time                                                                                                                                                           ;
; 5.068   ; 4.068   ;    ;      ;        ;                    ;            ; clock path                                                                                                                                                                ;
;   1.000 ;   0.000 ;    ;      ;        ;                    ;            ; source latency                                                                                                                                                            ;
;   1.000 ;   0.000 ;    ;      ; 1      ; PIN_L3             ;            ; clk                                                                                                                                                                       ;
;   1.000 ;   0.000 ; RR ; IC   ; 1      ; IOIBUF_X102_Y6_N47 ;            ; clk~input|i                                                                                                                                                               ;
;   1.547 ;   0.547 ; RR ; CELL ; 1      ; IOIBUF_X102_Y6_N47 ;            ; clk~input|o                                                                                                                                                               ;
;   1.677 ;   0.130 ; RR ; CELL ; 1      ; IOIBUF_X102_Y6_N47 ;            ; clk~input~io_48_lvds_tile_edge/ioclkin[2]                                                                                                                                 ;
;   1.677 ;   0.000 ; RR ; IC   ; 2      ; CLKCTRL_3A_G_I23   ;            ; clk~inputCLKENA0|inclk                                                                                                                                                    ;
;   2.126 ;   0.449 ; RR ; CELL ; 1155   ; CLKCTRL_3A_G_I23   ;            ; clk~inputCLKENA0|outclk                                                                                                                                                   ;
;   4.795 ;   2.669 ; RR ; IC   ; 43     ; MPDSP_X74_Y43_N0   ; Mixed      ; u0|intel_vvp_adv_tpg_0|intel_vvp_adv_tpg_0|mixer_inst_0|dp_inst|blended_pixel_gen[0].blended_col_gen[1].mult_add_inst|partial_gen[0].mult_2_inst|add_0_0~DATAOUTA0|clk[0] ;
;   4.795 ;   0.000 ; RR ; CELL ; 91     ; MPDSP_X74_Y43_N0   ; High Speed ; u0|intel_vvp_adv_tpg_0|intel_vvp_adv_tpg_0|mixer_inst_0|dp_inst|blended_pixel_gen[0].blended_col_gen[1].mult_add_inst|partial_gen[0].mult_2_inst|add_0_0~DATAOUTA0~reg0   ;
;   5.068 ;   0.273 ;    ;      ;        ;                    ;            ; clock pessimism removed                                                                                                                                                   ;
; 5.038   ; -0.030  ;    ;      ;        ;                    ;            ; clock uncertainty                                                                                                                                                         ;
; 4.916   ; -0.122  ;    ; uTsu ; 91     ; MPDSP_X74_Y43_N0   ;            ; u0|intel_vvp_adv_tpg_0|intel_vvp_adv_tpg_0|mixer_inst_0|dp_inst|blended_pixel_gen[0].blended_col_gen[1].mult_add_inst|partial_gen[0].mult_2_inst|add_0_0~DATAOUTA0~reg0   ;
+---------+---------+----+------+--------+--------------------+------------+---------------------------------------------------------------------------------------------------------------------------------------------------------------------------+



Path #3: Setup slack is -1.638 (VIOLATED)
===============================================================================
+-----------------------------------------------------------------------------------------------------------------------------------------------------------------------------------------------------------+
; Path Summary                                                                                                                                                                                              ;
+---------------------------------+-------------------------------------------------------------------------------------------------------------------------------------------------------------------------+
; Property                        ; Value                                                                                                                                                                   ;
+---------------------------------+-------------------------------------------------------------------------------------------------------------------------------------------------------------------------+
; From Node                       ; u0|intel_vvp_dil_0|intel_vvp_dil_0|scheduler|iip_packet_received0.intlace_nibble[3]                                                                                     ;
; To Node                         ; u0|intel_vvp_adv_tpg_0|intel_vvp_adv_tpg_0|mixer_inst_0|dp_inst|blended_pixel_gen[0].blended_col_gen[2].mult_add_inst|partial_gen[0].mult_2_inst|add_0_0~DATAOUTA0~reg0 ;
; Launch Clock                    ; clk~derived                                                                                                                                                             ;
; Latch Clock                     ; clk~derived                                                                                                                                                             ;
; SDC Exception                   ; No SDC Exception on Path                                                                                                                                                ;
; Data Arrival Time               ; 6.557                                                                                                                                                                   ;
; Data Required Time              ; 4.919                                                                                                                                                                   ;
; Slack                           ; -1.638 (VIOLATED)                                                                                                                                                       ;
; Worst-Case Operating Conditions ; Slow 900mV 100C Model                                                                                                                                                   ;
+---------------------------------+-------------------------------------------------------------------------------------------------------------------------------------------------------------------------+

+------------------------------------------------------------------------------------+
; Statistics                                                                         ;
+------------------------+--------+-------+-------------+------------+-------+-------+
; Property               ; Value  ; Count ; Total Delay ; % of Total ; Min   ; Max   ;
+------------------------+--------+-------+-------------+------------+-------+-------+
; Setup Relationship     ; 1.000  ;       ;             ;            ;       ;       ;
; Clock Skew             ; -0.030 ;       ;             ;            ;       ;       ;
; Data Delay             ; 2.454  ;       ;             ;            ;       ;       ;
; Number of Logic Levels ;        ; 4     ;             ;            ;       ;       ;
; Physical Delays        ;        ;       ;             ;            ;       ;       ;
;  Arrival Path          ;        ;       ;             ;            ;       ;       ;
;   Clock                ;        ;       ;             ;            ;       ;       ;
;    IC                  ;        ; 3     ; 2.867       ; 70         ; 0.000 ; 2.867 ;
;    Cell                ;        ; 4     ; 1.236       ; 30         ; 0.000 ; 0.547 ;
;   Data                 ;        ;       ;             ;            ;       ;       ;
;    IC                  ;        ; 5     ; 1.699       ; 69         ; 0.192 ; 0.847 ;
;    Cell                ;        ; 10    ; 0.540       ; 22         ; 0.000 ; 0.257 ;
;    uTco                ;        ; 1     ; 0.215       ; 9          ; 0.215 ; 0.215 ;
;  Required Path         ;        ;       ;             ;            ;       ;       ;
;   Clock                ;        ;       ;             ;            ;       ;       ;
;    IC                  ;        ; 3     ; 2.674       ; 70         ; 0.000 ; 2.674 ;
;    Cell                ;        ; 4     ; 1.126       ; 30         ; 0.000 ; 0.547 ;
+------------------------+--------+-------+-------------+------------+-------+-------+
Note: Negative delays are omitted from totals when calculating percentages

+----------------------------------------------------------------------------------------------------------------------------------------------------------------------------------------------------------------------------------------------------------+
; Data Arrival Path                                                                                                                                                                                                                                        ;
+---------+---------+----+--------+--------+----------------------+------------+---------------------------------------------------------------------------------------------------------------------------------------------------------------------------+
; Total   ; Incr    ; RF ; Type   ; Fanout ; Location             ; HS/LP      ; Element                                                                                                                                                                   ;
+---------+---------+----+--------+--------+----------------------+------------+---------------------------------------------------------------------------------------------------------------------------------------------------------------------------+
; 0.000   ; 0.000   ;    ;        ;        ;                      ;            ; launch edge time                                                                                                                                                          ;
; 0.000   ; 0.000   ;    ; borrow ;        ;                      ;            ; time borrowed                                                                                                                                                             ;
; 4.103   ; 4.103   ;    ;        ;        ;                      ;            ; clock path                                                                                                                                                                ;
;   0.000 ;   0.000 ;    ;        ;        ;                      ;            ; source latency                                                                                                                                                            ;
;   0.000 ;   0.000 ;    ;        ; 1      ; PIN_L3               ;            ; clk                                                                                                                                                                       ;
;   0.000 ;   0.000 ; RR ; IC     ; 1      ; IOIBUF_X102_Y6_N47   ;            ; clk~input|i                                                                                                                                                               ;
;   0.547 ;   0.547 ; RR ; CELL   ; 1      ; IOIBUF_X102_Y6_N47   ;            ; clk~input|o                                                                                                                                                               ;
;   0.708 ;   0.161 ; RR ; CELL   ; 1      ; IOIBUF_X102_Y6_N47   ;            ; clk~input~io_48_lvds_tile_edge/ioclkin[2]                                                                                                                                 ;
;   0.708 ;   0.000 ; RR ; IC     ; 2      ; CLKCTRL_3A_G_I23     ;            ; clk~inputCLKENA0|inclk                                                                                                                                                    ;
;   1.236 ;   0.528 ; RR ; CELL   ; 1155   ; CLKCTRL_3A_G_I23     ;            ; clk~inputCLKENA0|outclk                                                                                                                                                   ;
;   4.103 ;   2.867 ; RR ; IC     ; 1      ; FF_X86_Y39_N28       ; High Speed ; u0|intel_vvp_dil_0|intel_vvp_dil_0|scheduler|iip_packet_received0.intlace_nibble[3]|clk                                                                                   ;
;   4.103 ;   0.000 ; RR ; CELL   ; 1      ; FF_X86_Y39_N28       ; High Speed ; u0|intel_vvp_dil_0|intel_vvp_dil_0|scheduler|iip_packet_received0.intlace_nibble[3]                                                                                       ;
; 6.557   ; 2.454   ;    ;        ;        ;                      ;            ; data path                                                                                                                                                                 ;
;   4.318 ;   0.215 ; RR ; uTco   ; 1      ; FF_X86_Y39_N28       ;            ; u0|intel_vvp_dil_0|intel_vvp_dil_0|scheduler|iip_packet_received0.intlace_nibble[3]|q                                                                                     ;
;   4.447 ;   0.129 ; RR ; CELL   ; 24     ; FF_X86_Y39_N28       ; High Speed ; u0|intel_vvp_dil_0|intel_vvp_dil_0|scheduler|iip_packet_received0.intlace_nibble[3]~la_lab/laboutt[18]                                                                    ;
;   4.639 ;   0.192 ; RR ; IC     ; 1      ; MLABCELL_X87_Y39_N9  ; High Speed ; u0|intel_vvp_dil_0|intel_vvp_dil_0|scheduler|axi_st_ctrl_out_tvalid_comb~3|datab                                                                                          ;
;   4.896 ;   0.257 ; RR ; CELL   ; 2      ; MLABCELL_X87_Y39_N9  ; High Speed ; u0|intel_vvp_dil_0|intel_vvp_dil_0|scheduler|axi_st_ctrl_out_tvalid_comb~3|combout                                                                                        ;
;   4.902 ;   0.006 ; RR ; CELL   ; 3      ; MLABCELL_X87_Y39_N9  ; High Speed ; u0|intel_vvp_dil_0|intel_vvp_dil_0|scheduler|axi_st_ctrl_out_tvalid_comb~3~la_mlab/laboutt[7]                                                                             ;
;   5.128 ;   0.226 ; RR ; IC     ; 1      ; LABCELL_X86_Y39_N48  ; High Speed ; u0|intel_vvp_dil_0|intel_vvp_dil_0|scheduler|axi_out|din_ready|dataf                                                                                                      ;
;   5.174 ;   0.046 ; RR ; CELL   ; 2      ; LABCELL_X86_Y39_N48  ; High Speed ; u0|intel_vvp_dil_0|intel_vvp_dil_0|scheduler|axi_out|din_ready|combout                                                                                                    ;
;   5.178 ;   0.004 ; RR ; CELL   ; 4      ; LABCELL_X86_Y39_N48  ; High Speed ; u0|intel_vvp_dil_0|intel_vvp_dil_0|scheduler|axi_out|din_ready~la_lab/laboutb[12]                                                                                         ;
;   5.392 ;   0.214 ; RR ; IC     ; 1      ; LABCELL_X86_Y39_N18  ; High Speed ; u0|intel_vvp_dil_0|intel_vvp_dil_0|iib|ctrl_master_inst|din_ready~0|dataf                                                                                                 ;
;   5.436 ;   0.044 ; RR ; CELL   ; 2      ; LABCELL_X86_Y39_N18  ; High Speed ; u0|intel_vvp_dil_0|intel_vvp_dil_0|iib|ctrl_master_inst|din_ready~0|combout                                                                                               ;
;   5.441 ;   0.005 ; RR ; CELL   ; 13     ; LABCELL_X86_Y39_N18  ; High Speed ; u0|intel_vvp_dil_0|intel_vvp_dil_0|iib|ctrl_master_inst|din_ready~0~la_lab/laboutt[13]                                                                                    ;
;   5.661 ;   0.220 ; RR ; IC     ; 1      ; MLABCELL_X85_Y39_N12 ; High Speed ; u0|intel_vvp_adv_tpg_0|intel_vvp_adv_tpg_0|mixer_inst_0|dout_master_inst|din_ready|dataf                                                                                  ;
;   5.704 ;   0.043 ; RR ; CELL   ; 1      ; MLABCELL_X85_Y39_N12 ; High Speed ; u0|intel_vvp_adv_tpg_0|intel_vvp_adv_tpg_0|mixer_inst_0|dout_master_inst|din_ready|combout                                                                                ;
;   5.710 ;   0.006 ; RR ; CELL   ; 57     ; MLABCELL_X85_Y39_N12 ; High Speed ; u0|intel_vvp_adv_tpg_0|intel_vvp_adv_tpg_0|mixer_inst_0|dout_master_inst|din_ready~la_mlab/laboutt[8]                                                                     ;
;   6.557 ;   0.847 ; RR ; IC     ; 1      ; MPDSP_X74_Y40_N0     ; High Speed ; u0|intel_vvp_adv_tpg_0|intel_vvp_adv_tpg_0|mixer_inst_0|dp_inst|blended_pixel_gen[0].blended_col_gen[2].mult_add_inst|partial_gen[0].mult_2_inst|add_0_0~DATAOUTA0|ena[0] ;
;   6.557 ;   0.000 ; RR ; CELL   ; 91     ; MPDSP_X74_Y40_N0     ; High Speed ; u0|intel_vvp_adv_tpg_0|intel_vvp_adv_tpg_0|mixer_inst_0|dp_inst|blended_pixel_gen[0].blended_col_gen[2].mult_add_inst|partial_gen[0].mult_2_inst|add_0_0~DATAOUTA0~reg0   ;
+---------+---------+----+--------+--------+----------------------+------------+---------------------------------------------------------------------------------------------------------------------------------------------------------------------------+

+------------------------------------------------------------------------------------------------------------------------------------------------------------------------------------------------------------------------------------------------------+
; Data Required Path                                                                                                                                                                                                                                   ;
+---------+---------+----+------+--------+--------------------+------------+---------------------------------------------------------------------------------------------------------------------------------------------------------------------------+
; Total   ; Incr    ; RF ; Type ; Fanout ; Location           ; HS/LP      ; Element                                                                                                                                                                   ;
+---------+---------+----+------+--------+--------------------+------------+---------------------------------------------------------------------------------------------------------------------------------------------------------------------------+
; 1.000   ; 1.000   ;    ;      ;        ;                    ;            ; latch edge time                                                                                                                                                           ;
; 5.073   ; 4.073   ;    ;      ;        ;                    ;            ; clock path                                                                                                                                                                ;
;   1.000 ;   0.000 ;    ;      ;        ;                    ;            ; source latency                                                                                                                                                            ;
;   1.000 ;   0.000 ;    ;      ; 1      ; PIN_L3             ;            ; clk                                                                                                                                                                       ;
;   1.000 ;   0.000 ; RR ; IC   ; 1      ; IOIBUF_X102_Y6_N47 ;            ; clk~input|i                                                                                                                                                               ;
;   1.547 ;   0.547 ; RR ; CELL ; 1      ; IOIBUF_X102_Y6_N47 ;            ; clk~input|o                                                                                                                                                               ;
;   1.677 ;   0.130 ; RR ; CELL ; 1      ; IOIBUF_X102_Y6_N47 ;            ; clk~input~io_48_lvds_tile_edge/ioclkin[2]                                                                                                                                 ;
;   1.677 ;   0.000 ; RR ; IC   ; 2      ; CLKCTRL_3A_G_I23   ;            ; clk~inputCLKENA0|inclk                                                                                                                                                    ;
;   2.126 ;   0.449 ; RR ; CELL ; 1155   ; CLKCTRL_3A_G_I23   ;            ; clk~inputCLKENA0|outclk                                                                                                                                                   ;
;   4.800 ;   2.674 ; RR ; IC   ; 43     ; MPDSP_X74_Y40_N0   ; Mixed      ; u0|intel_vvp_adv_tpg_0|intel_vvp_adv_tpg_0|mixer_inst_0|dp_inst|blended_pixel_gen[0].blended_col_gen[2].mult_add_inst|partial_gen[0].mult_2_inst|add_0_0~DATAOUTA0|clk[0] ;
;   4.800 ;   0.000 ; RR ; CELL ; 91     ; MPDSP_X74_Y40_N0   ; High Speed ; u0|intel_vvp_adv_tpg_0|intel_vvp_adv_tpg_0|mixer_inst_0|dp_inst|blended_pixel_gen[0].blended_col_gen[2].mult_add_inst|partial_gen[0].mult_2_inst|add_0_0~DATAOUTA0~reg0   ;
;   5.073 ;   0.273 ;    ;      ;        ;                    ;            ; clock pessimism removed                                                                                                                                                   ;
; 5.043   ; -0.030  ;    ;      ;        ;                    ;            ; clock uncertainty                                                                                                                                                         ;
; 4.919   ; -0.124  ;    ; uTsu ; 91     ; MPDSP_X74_Y40_N0   ;            ; u0|intel_vvp_adv_tpg_0|intel_vvp_adv_tpg_0|mixer_inst_0|dp_inst|blended_pixel_gen[0].blended_col_gen[2].mult_add_inst|partial_gen[0].mult_2_inst|add_0_0~DATAOUTA0~reg0   ;
+---------+---------+----+------+--------+--------------------+------------+---------------------------------------------------------------------------------------------------------------------------------------------------------------------------+



Path #4: Setup slack is -1.635 (VIOLATED)
===============================================================================
+-----------------------------------------------------------------------------------------------------------------------------------------------------------------------------------------------------------+
; Path Summary                                                                                                                                                                                              ;
+---------------------------------+-------------------------------------------------------------------------------------------------------------------------------------------------------------------------+
; Property                        ; Value                                                                                                                                                                   ;
+---------------------------------+-------------------------------------------------------------------------------------------------------------------------------------------------------------------------+
; From Node                       ; u0|intel_vvp_dil_0|intel_vvp_dil_0|iib|ctrl_valid                                                                                                                       ;
; To Node                         ; u0|intel_vvp_adv_tpg_0|intel_vvp_adv_tpg_0|mixer_inst_0|dp_inst|blended_pixel_gen[0].blended_col_gen[2].mult_add_inst|partial_gen[0].mult_2_inst|add_0_0~DATAOUTA0~reg0 ;
; Launch Clock                    ; clk~derived                                                                                                                                                             ;
; Latch Clock                     ; clk~derived                                                                                                                                                             ;
; SDC Exception                   ; No SDC Exception on Path                                                                                                                                                ;
; Data Arrival Time               ; 6.554                                                                                                                                                                   ;
; Data Required Time              ; 4.919                                                                                                                                                                   ;
; Slack                           ; -1.635 (VIOLATED)                                                                                                                                                       ;
; Worst-Case Operating Conditions ; Slow 900mV 100C Model                                                                                                                                                   ;
+---------------------------------+-------------------------------------------------------------------------------------------------------------------------------------------------------------------------+

+------------------------------------------------------------------------------------+
; Statistics                                                                         ;
+------------------------+--------+-------+-------------+------------+-------+-------+
; Property               ; Value  ; Count ; Total Delay ; % of Total ; Min   ; Max   ;
+------------------------+--------+-------+-------------+------------+-------+-------+
; Setup Relationship     ; 1.000  ;       ;             ;            ;       ;       ;
; Clock Skew             ; -0.030 ;       ;             ;            ;       ;       ;
; Data Delay             ; 2.451  ;       ;             ;            ;       ;       ;
; Number of Logic Levels ;        ; 4     ;             ;            ;       ;       ;
; Physical Delays        ;        ;       ;             ;            ;       ;       ;
;  Arrival Path          ;        ;       ;             ;            ;       ;       ;
;   Clock                ;        ;       ;             ;            ;       ;       ;
;    IC                  ;        ; 3     ; 2.867       ; 70         ; 0.000 ; 2.867 ;
;    Cell                ;        ; 4     ; 1.236       ; 30         ; 0.000 ; 0.547 ;
;   Data                 ;        ;       ;             ;            ;       ;       ;
;    IC                  ;        ; 5     ; 1.840       ; 75         ; 0.214 ; 0.847 ;
;    Cell                ;        ; 10    ; 0.392       ; 16         ; 0.000 ; 0.157 ;
;    uTco                ;        ; 1     ; 0.219       ; 9          ; 0.219 ; 0.219 ;
;  Required Path         ;        ;       ;             ;            ;       ;       ;
;   Clock                ;        ;       ;             ;            ;       ;       ;
;    IC                  ;        ; 3     ; 2.674       ; 70         ; 0.000 ; 2.674 ;
;    Cell                ;        ; 4     ; 1.126       ; 30         ; 0.000 ; 0.547 ;
+------------------------+--------+-------+-------------+------------+-------+-------+
Note: Negative delays are omitted from totals when calculating percentages

+----------------------------------------------------------------------------------------------------------------------------------------------------------------------------------------------------------------------------------------------------------+
; Data Arrival Path                                                                                                                                                                                                                                        ;
+---------+---------+----+--------+--------+----------------------+------------+---------------------------------------------------------------------------------------------------------------------------------------------------------------------------+
; Total   ; Incr    ; RF ; Type   ; Fanout ; Location             ; HS/LP      ; Element                                                                                                                                                                   ;
+---------+---------+----+--------+--------+----------------------+------------+---------------------------------------------------------------------------------------------------------------------------------------------------------------------------+
; 0.000   ; 0.000   ;    ;        ;        ;                      ;            ; launch edge time                                                                                                                                                          ;
; 0.000   ; 0.000   ;    ; borrow ;        ;                      ;            ; time borrowed                                                                                                                                                             ;
; 4.103   ; 4.103   ;    ;        ;        ;                      ;            ; clock path                                                                                                                                                                ;
;   0.000 ;   0.000 ;    ;        ;        ;                      ;            ; source latency                                                                                                                                                            ;
;   0.000 ;   0.000 ;    ;        ; 1      ; PIN_L3               ;            ; clk                                                                                                                                                                       ;
;   0.000 ;   0.000 ; RR ; IC     ; 1      ; IOIBUF_X102_Y6_N47   ;            ; clk~input|i                                                                                                                                                               ;
;   0.547 ;   0.547 ; RR ; CELL   ; 1      ; IOIBUF_X102_Y6_N47   ;            ; clk~input|o                                                                                                                                                               ;
;   0.708 ;   0.161 ; RR ; CELL   ; 1      ; IOIBUF_X102_Y6_N47   ;            ; clk~input~io_48_lvds_tile_edge/ioclkin[2]                                                                                                                                 ;
;   0.708 ;   0.000 ; RR ; IC     ; 2      ; CLKCTRL_3A_G_I23     ;            ; clk~inputCLKENA0|inclk                                                                                                                                                    ;
;   1.236 ;   0.528 ; RR ; CELL   ; 1155   ; CLKCTRL_3A_G_I23     ;            ; clk~inputCLKENA0|outclk                                                                                                                                                   ;
;   4.103 ;   2.867 ; RR ; IC     ; 1      ; FF_X86_Y39_N44       ; High Speed ; u0|intel_vvp_dil_0|intel_vvp_dil_0|iib|ctrl_valid|clk                                                                                                                     ;
;   4.103 ;   0.000 ; RR ; CELL   ; 1      ; FF_X86_Y39_N44       ; High Speed ; u0|intel_vvp_dil_0|intel_vvp_dil_0|iib|ctrl_valid                                                                                                                         ;
; 6.554   ; 2.451   ;    ;        ;        ;                      ;            ; data path                                                                                                                                                                 ;
;   4.322 ;   0.219 ; FF ; uTco   ; 2      ; FF_X86_Y39_N44       ;            ; u0|intel_vvp_dil_0|intel_vvp_dil_0|iib|ctrl_valid|q                                                                                                                       ;
;   4.403 ;   0.081 ; FF ; CELL   ; 25     ; FF_X86_Y39_N44       ; High Speed ; u0|intel_vvp_dil_0|intel_vvp_dil_0|iib|ctrl_valid~la_lab/laboutb[9]                                                                                                       ;
;   4.736 ;   0.333 ; FF ; IC     ; 1      ; MLABCELL_X87_Y39_N9  ; High Speed ; u0|intel_vvp_dil_0|intel_vvp_dil_0|scheduler|axi_st_ctrl_out_tvalid_comb~3|datad                                                                                          ;
;   4.893 ;   0.157 ; FR ; CELL   ; 2      ; MLABCELL_X87_Y39_N9  ; High Speed ; u0|intel_vvp_dil_0|intel_vvp_dil_0|scheduler|axi_st_ctrl_out_tvalid_comb~3|combout                                                                                        ;
;   4.899 ;   0.006 ; RR ; CELL   ; 3      ; MLABCELL_X87_Y39_N9  ; High Speed ; u0|intel_vvp_dil_0|intel_vvp_dil_0|scheduler|axi_st_ctrl_out_tvalid_comb~3~la_mlab/laboutt[7]                                                                             ;
;   5.125 ;   0.226 ; RR ; IC     ; 1      ; LABCELL_X86_Y39_N48  ; High Speed ; u0|intel_vvp_dil_0|intel_vvp_dil_0|scheduler|axi_out|din_ready|dataf                                                                                                      ;
;   5.171 ;   0.046 ; RR ; CELL   ; 2      ; LABCELL_X86_Y39_N48  ; High Speed ; u0|intel_vvp_dil_0|intel_vvp_dil_0|scheduler|axi_out|din_ready|combout                                                                                                    ;
;   5.175 ;   0.004 ; RR ; CELL   ; 4      ; LABCELL_X86_Y39_N48  ; High Speed ; u0|intel_vvp_dil_0|intel_vvp_dil_0|scheduler|axi_out|din_ready~la_lab/laboutb[12]                                                                                         ;
;   5.389 ;   0.214 ; RR ; IC     ; 1      ; LABCELL_X86_Y39_N18  ; High Speed ; u0|intel_vvp_dil_0|intel_vvp_dil_0|iib|ctrl_master_inst|din_ready~0|dataf                                                                                                 ;
;   5.433 ;   0.044 ; RR ; CELL   ; 2      ; LABCELL_X86_Y39_N18  ; High Speed ; u0|intel_vvp_dil_0|intel_vvp_dil_0|iib|ctrl_master_inst|din_ready~0|combout                                                                                               ;
;   5.438 ;   0.005 ; RR ; CELL   ; 13     ; LABCELL_X86_Y39_N18  ; High Speed ; u0|intel_vvp_dil_0|intel_vvp_dil_0|iib|ctrl_master_inst|din_ready~0~la_lab/laboutt[13]                                                                                    ;
;   5.658 ;   0.220 ; RR ; IC     ; 1      ; MLABCELL_X85_Y39_N12 ; High Speed ; u0|intel_vvp_adv_tpg_0|intel_vvp_adv_tpg_0|mixer_inst_0|dout_master_inst|din_ready|dataf                                                                                  ;
;   5.701 ;   0.043 ; RR ; CELL   ; 1      ; MLABCELL_X85_Y39_N12 ; High Speed ; u0|intel_vvp_adv_tpg_0|intel_vvp_adv_tpg_0|mixer_inst_0|dout_master_inst|din_ready|combout                                                                                ;
;   5.707 ;   0.006 ; RR ; CELL   ; 57     ; MLABCELL_X85_Y39_N12 ; High Speed ; u0|intel_vvp_adv_tpg_0|intel_vvp_adv_tpg_0|mixer_inst_0|dout_master_inst|din_ready~la_mlab/laboutt[8]                                                                     ;
;   6.554 ;   0.847 ; RR ; IC     ; 1      ; MPDSP_X74_Y40_N0     ; High Speed ; u0|intel_vvp_adv_tpg_0|intel_vvp_adv_tpg_0|mixer_inst_0|dp_inst|blended_pixel_gen[0].blended_col_gen[2].mult_add_inst|partial_gen[0].mult_2_inst|add_0_0~DATAOUTA0|ena[0] ;
;   6.554 ;   0.000 ; RR ; CELL   ; 91     ; MPDSP_X74_Y40_N0     ; High Speed ; u0|intel_vvp_adv_tpg_0|intel_vvp_adv_tpg_0|mixer_inst_0|dp_inst|blended_pixel_gen[0].blended_col_gen[2].mult_add_inst|partial_gen[0].mult_2_inst|add_0_0~DATAOUTA0~reg0   ;
+---------+---------+----+--------+--------+----------------------+------------+---------------------------------------------------------------------------------------------------------------------------------------------------------------------------+

+------------------------------------------------------------------------------------------------------------------------------------------------------------------------------------------------------------------------------------------------------+
; Data Required Path                                                                                                                                                                                                                                   ;
+---------+---------+----+------+--------+--------------------+------------+---------------------------------------------------------------------------------------------------------------------------------------------------------------------------+
; Total   ; Incr    ; RF ; Type ; Fanout ; Location           ; HS/LP      ; Element                                                                                                                                                                   ;
+---------+---------+----+------+--------+--------------------+------------+---------------------------------------------------------------------------------------------------------------------------------------------------------------------------+
; 1.000   ; 1.000   ;    ;      ;        ;                    ;            ; latch edge time                                                                                                                                                           ;
; 5.073   ; 4.073   ;    ;      ;        ;                    ;            ; clock path                                                                                                                                                                ;
;   1.000 ;   0.000 ;    ;      ;        ;                    ;            ; source latency                                                                                                                                                            ;
;   1.000 ;   0.000 ;    ;      ; 1      ; PIN_L3             ;            ; clk                                                                                                                                                                       ;
;   1.000 ;   0.000 ; RR ; IC   ; 1      ; IOIBUF_X102_Y6_N47 ;            ; clk~input|i                                                                                                                                                               ;
;   1.547 ;   0.547 ; RR ; CELL ; 1      ; IOIBUF_X102_Y6_N47 ;            ; clk~input|o                                                                                                                                                               ;
;   1.677 ;   0.130 ; RR ; CELL ; 1      ; IOIBUF_X102_Y6_N47 ;            ; clk~input~io_48_lvds_tile_edge/ioclkin[2]                                                                                                                                 ;
;   1.677 ;   0.000 ; RR ; IC   ; 2      ; CLKCTRL_3A_G_I23   ;            ; clk~inputCLKENA0|inclk                                                                                                                                                    ;
;   2.126 ;   0.449 ; RR ; CELL ; 1155   ; CLKCTRL_3A_G_I23   ;            ; clk~inputCLKENA0|outclk                                                                                                                                                   ;
;   4.800 ;   2.674 ; RR ; IC   ; 43     ; MPDSP_X74_Y40_N0   ; Mixed      ; u0|intel_vvp_adv_tpg_0|intel_vvp_adv_tpg_0|mixer_inst_0|dp_inst|blended_pixel_gen[0].blended_col_gen[2].mult_add_inst|partial_gen[0].mult_2_inst|add_0_0~DATAOUTA0|clk[0] ;
;   4.800 ;   0.000 ; RR ; CELL ; 91     ; MPDSP_X74_Y40_N0   ; High Speed ; u0|intel_vvp_adv_tpg_0|intel_vvp_adv_tpg_0|mixer_inst_0|dp_inst|blended_pixel_gen[0].blended_col_gen[2].mult_add_inst|partial_gen[0].mult_2_inst|add_0_0~DATAOUTA0~reg0   ;
;   5.073 ;   0.273 ;    ;      ;        ;                    ;            ; clock pessimism removed                                                                                                                                                   ;
; 5.043   ; -0.030  ;    ;      ;        ;                    ;            ; clock uncertainty                                                                                                                                                         ;
; 4.919   ; -0.124  ;    ; uTsu ; 91     ; MPDSP_X74_Y40_N0   ;            ; u0|intel_vvp_adv_tpg_0|intel_vvp_adv_tpg_0|mixer_inst_0|dp_inst|blended_pixel_gen[0].blended_col_gen[2].mult_add_inst|partial_gen[0].mult_2_inst|add_0_0~DATAOUTA0~reg0   ;
+---------+---------+----+------+--------+--------------------+------------+---------------------------------------------------------------------------------------------------------------------------------------------------------------------------+



Path #5: Setup slack is -1.635 (VIOLATED)
===============================================================================
+-----------------------------------------------------------------------------------------------------------------------------------------------------------------------------------------------------------+
; Path Summary                                                                                                                                                                                              ;
+---------------------------------+-------------------------------------------------------------------------------------------------------------------------------------------------------------------------+
; Property                        ; Value                                                                                                                                                                   ;
+---------------------------------+-------------------------------------------------------------------------------------------------------------------------------------------------------------------------+
; From Node                       ; u0|intel_vvp_dil_0|intel_vvp_dil_0|iib|ctrl_valid                                                                                                                       ;
; To Node                         ; u0|intel_vvp_adv_tpg_0|intel_vvp_adv_tpg_0|mixer_inst_0|dp_inst|blended_pixel_gen[0].blended_col_gen[2].mult_add_inst|partial_gen[0].mult_2_inst|add_0_0~DATAOUTA0~reg0 ;
; Launch Clock                    ; clk~derived                                                                                                                                                             ;
; Latch Clock                     ; clk~derived                                                                                                                                                             ;
; SDC Exception                   ; No SDC Exception on Path                                                                                                                                                ;
; Data Arrival Time               ; 6.554                                                                                                                                                                   ;
; Data Required Time              ; 4.919                                                                                                                                                                   ;
; Slack                           ; -1.635 (VIOLATED)                                                                                                                                                       ;
; Worst-Case Operating Conditions ; Slow 900mV 100C Model                                                                                                                                                   ;
+---------------------------------+-------------------------------------------------------------------------------------------------------------------------------------------------------------------------+

+------------------------------------------------------------------------------------+
; Statistics                                                                         ;
+------------------------+--------+-------+-------------+------------+-------+-------+
; Property               ; Value  ; Count ; Total Delay ; % of Total ; Min   ; Max   ;
+------------------------+--------+-------+-------------+------------+-------+-------+
; Setup Relationship     ; 1.000  ;       ;             ;            ;       ;       ;
; Clock Skew             ; -0.030 ;       ;             ;            ;       ;       ;
; Data Delay             ; 2.451  ;       ;             ;            ;       ;       ;
; Number of Logic Levels ;        ; 4     ;             ;            ;       ;       ;
; Physical Delays        ;        ;       ;             ;            ;       ;       ;
;  Arrival Path          ;        ;       ;             ;            ;       ;       ;
;   Clock                ;        ;       ;             ;            ;       ;       ;
;    IC                  ;        ; 3     ; 2.867       ; 70         ; 0.000 ; 2.867 ;
;    Cell                ;        ; 4     ; 1.236       ; 30         ; 0.000 ; 0.547 ;
;   Data                 ;        ;       ;             ;            ;       ;       ;
;    IC                  ;        ; 5     ; 1.660       ; 68         ; 0.189 ; 0.847 ;
;    Cell                ;        ; 10    ; 0.572       ; 23         ; 0.000 ; 0.250 ;
;    uTco                ;        ; 1     ; 0.219       ; 9          ; 0.219 ; 0.219 ;
;  Required Path         ;        ;       ;             ;            ;       ;       ;
;   Clock                ;        ;       ;             ;            ;       ;       ;
;    IC                  ;        ; 3     ; 2.674       ; 70         ; 0.000 ; 2.674 ;
;    Cell                ;        ; 4     ; 1.126       ; 30         ; 0.000 ; 0.547 ;
+------------------------+--------+-------+-------------+------------+-------+-------+
Note: Negative delays are omitted from totals when calculating percentages

+----------------------------------------------------------------------------------------------------------------------------------------------------------------------------------------------------------------------------------------------------------+
; Data Arrival Path                                                                                                                                                                                                                                        ;
+---------+---------+----+--------+--------+----------------------+------------+---------------------------------------------------------------------------------------------------------------------------------------------------------------------------+
; Total   ; Incr    ; RF ; Type   ; Fanout ; Location             ; HS/LP      ; Element                                                                                                                                                                   ;
+---------+---------+----+--------+--------+----------------------+------------+---------------------------------------------------------------------------------------------------------------------------------------------------------------------------+
; 0.000   ; 0.000   ;    ;        ;        ;                      ;            ; launch edge time                                                                                                                                                          ;
; 0.000   ; 0.000   ;    ; borrow ;        ;                      ;            ; time borrowed                                                                                                                                                             ;
; 4.103   ; 4.103   ;    ;        ;        ;                      ;            ; clock path                                                                                                                                                                ;
;   0.000 ;   0.000 ;    ;        ;        ;                      ;            ; source latency                                                                                                                                                            ;
;   0.000 ;   0.000 ;    ;        ; 1      ; PIN_L3               ;            ; clk                                                                                                                                                                       ;
;   0.000 ;   0.000 ; RR ; IC     ; 1      ; IOIBUF_X102_Y6_N47   ;            ; clk~input|i                                                                                                                                                               ;
;   0.547 ;   0.547 ; RR ; CELL   ; 1      ; IOIBUF_X102_Y6_N47   ;            ; clk~input|o                                                                                                                                                               ;
;   0.708 ;   0.161 ; RR ; CELL   ; 1      ; IOIBUF_X102_Y6_N47   ;            ; clk~input~io_48_lvds_tile_edge/ioclkin[2]                                                                                                                                 ;
;   0.708 ;   0.000 ; RR ; IC     ; 2      ; CLKCTRL_3A_G_I23     ;            ; clk~inputCLKENA0|inclk                                                                                                                                                    ;
;   1.236 ;   0.528 ; RR ; CELL   ; 1155   ; CLKCTRL_3A_G_I23     ;            ; clk~inputCLKENA0|outclk                                                                                                                                                   ;
;   4.103 ;   2.867 ; RR ; IC     ; 1      ; FF_X86_Y39_N44       ; High Speed ; u0|intel_vvp_dil_0|intel_vvp_dil_0|iib|ctrl_valid|clk                                                                                                                     ;
;   4.103 ;   0.000 ; RR ; CELL   ; 1      ; FF_X86_Y39_N44       ; High Speed ; u0|intel_vvp_dil_0|intel_vvp_dil_0|iib|ctrl_valid                                                                                                                         ;
; 6.554   ; 2.451   ;    ;        ;        ;                      ;            ; data path                                                                                                                                                                 ;
;   4.322 ;   0.219 ; FF ; uTco   ; 2      ; FF_X86_Y39_N44       ;            ; u0|intel_vvp_dil_0|intel_vvp_dil_0|iib|ctrl_valid|q                                                                                                                       ;
;   4.403 ;   0.081 ; FF ; CELL   ; 25     ; FF_X86_Y39_N44       ; High Speed ; u0|intel_vvp_dil_0|intel_vvp_dil_0|iib|ctrl_valid~la_lab/laboutb[9]                                                                                                       ;
;   4.593 ;   0.190 ; FF ; IC     ; 1      ; LABCELL_X86_Y39_N54  ; High Speed ; u0|intel_vvp_dil_0|intel_vvp_dil_0|scheduler|axi_st_ctrl_out_tvalid_comb~2|datab                                                                                          ;
;   4.843 ;   0.250 ; FR ; CELL   ; 2      ; LABCELL_X86_Y39_N54  ; High Speed ; u0|intel_vvp_dil_0|intel_vvp_dil_0|scheduler|axi_st_ctrl_out_tvalid_comb~2|combout                                                                                        ;
;   4.847 ;   0.004 ; RR ; CELL   ; 2      ; LABCELL_X86_Y39_N54  ; High Speed ; u0|intel_vvp_dil_0|intel_vvp_dil_0|scheduler|axi_st_ctrl_out_tvalid_comb~2~la_lab/laboutb[16]                                                                             ;
;   5.036 ;   0.189 ; RR ; IC     ; 1      ; LABCELL_X86_Y39_N48  ; High Speed ; u0|intel_vvp_dil_0|intel_vvp_dil_0|scheduler|axi_out|din_ready|datae                                                                                                      ;
;   5.171 ;   0.135 ; RR ; CELL   ; 2      ; LABCELL_X86_Y39_N48  ; High Speed ; u0|intel_vvp_dil_0|intel_vvp_dil_0|scheduler|axi_out|din_ready|combout                                                                                                    ;
;   5.175 ;   0.004 ; RR ; CELL   ; 4      ; LABCELL_X86_Y39_N48  ; High Speed ; u0|intel_vvp_dil_0|intel_vvp_dil_0|scheduler|axi_out|din_ready~la_lab/laboutb[12]                                                                                         ;
;   5.389 ;   0.214 ; RR ; IC     ; 1      ; LABCELL_X86_Y39_N18  ; High Speed ; u0|intel_vvp_dil_0|intel_vvp_dil_0|iib|ctrl_master_inst|din_ready~0|dataf                                                                                                 ;
;   5.433 ;   0.044 ; RR ; CELL   ; 2      ; LABCELL_X86_Y39_N18  ; High Speed ; u0|intel_vvp_dil_0|intel_vvp_dil_0|iib|ctrl_master_inst|din_ready~0|combout                                                                                               ;
;   5.438 ;   0.005 ; RR ; CELL   ; 13     ; LABCELL_X86_Y39_N18  ; High Speed ; u0|intel_vvp_dil_0|intel_vvp_dil_0|iib|ctrl_master_inst|din_ready~0~la_lab/laboutt[13]                                                                                    ;
;   5.658 ;   0.220 ; RR ; IC     ; 1      ; MLABCELL_X85_Y39_N12 ; High Speed ; u0|intel_vvp_adv_tpg_0|intel_vvp_adv_tpg_0|mixer_inst_0|dout_master_inst|din_ready|dataf                                                                                  ;
;   5.701 ;   0.043 ; RR ; CELL   ; 1      ; MLABCELL_X85_Y39_N12 ; High Speed ; u0|intel_vvp_adv_tpg_0|intel_vvp_adv_tpg_0|mixer_inst_0|dout_master_inst|din_ready|combout                                                                                ;
;   5.707 ;   0.006 ; RR ; CELL   ; 57     ; MLABCELL_X85_Y39_N12 ; High Speed ; u0|intel_vvp_adv_tpg_0|intel_vvp_adv_tpg_0|mixer_inst_0|dout_master_inst|din_ready~la_mlab/laboutt[8]                                                                     ;
;   6.554 ;   0.847 ; RR ; IC     ; 1      ; MPDSP_X74_Y40_N0     ; High Speed ; u0|intel_vvp_adv_tpg_0|intel_vvp_adv_tpg_0|mixer_inst_0|dp_inst|blended_pixel_gen[0].blended_col_gen[2].mult_add_inst|partial_gen[0].mult_2_inst|add_0_0~DATAOUTA0|ena[0] ;
;   6.554 ;   0.000 ; RR ; CELL   ; 91     ; MPDSP_X74_Y40_N0     ; High Speed ; u0|intel_vvp_adv_tpg_0|intel_vvp_adv_tpg_0|mixer_inst_0|dp_inst|blended_pixel_gen[0].blended_col_gen[2].mult_add_inst|partial_gen[0].mult_2_inst|add_0_0~DATAOUTA0~reg0   ;
+---------+---------+----+--------+--------+----------------------+------------+---------------------------------------------------------------------------------------------------------------------------------------------------------------------------+

+------------------------------------------------------------------------------------------------------------------------------------------------------------------------------------------------------------------------------------------------------+
; Data Required Path                                                                                                                                                                                                                                   ;
+---------+---------+----+------+--------+--------------------+------------+---------------------------------------------------------------------------------------------------------------------------------------------------------------------------+
; Total   ; Incr    ; RF ; Type ; Fanout ; Location           ; HS/LP      ; Element                                                                                                                                                                   ;
+---------+---------+----+------+--------+--------------------+------------+---------------------------------------------------------------------------------------------------------------------------------------------------------------------------+
; 1.000   ; 1.000   ;    ;      ;        ;                    ;            ; latch edge time                                                                                                                                                           ;
; 5.073   ; 4.073   ;    ;      ;        ;                    ;            ; clock path                                                                                                                                                                ;
;   1.000 ;   0.000 ;    ;      ;        ;                    ;            ; source latency                                                                                                                                                            ;
;   1.000 ;   0.000 ;    ;      ; 1      ; PIN_L3             ;            ; clk                                                                                                                                                                       ;
;   1.000 ;   0.000 ; RR ; IC   ; 1      ; IOIBUF_X102_Y6_N47 ;            ; clk~input|i                                                                                                                                                               ;
;   1.547 ;   0.547 ; RR ; CELL ; 1      ; IOIBUF_X102_Y6_N47 ;            ; clk~input|o                                                                                                                                                               ;
;   1.677 ;   0.130 ; RR ; CELL ; 1      ; IOIBUF_X102_Y6_N47 ;            ; clk~input~io_48_lvds_tile_edge/ioclkin[2]                                                                                                                                 ;
;   1.677 ;   0.000 ; RR ; IC   ; 2      ; CLKCTRL_3A_G_I23   ;            ; clk~inputCLKENA0|inclk                                                                                                                                                    ;
;   2.126 ;   0.449 ; RR ; CELL ; 1155   ; CLKCTRL_3A_G_I23   ;            ; clk~inputCLKENA0|outclk                                                                                                                                                   ;
;   4.800 ;   2.674 ; RR ; IC   ; 43     ; MPDSP_X74_Y40_N0   ; Mixed      ; u0|intel_vvp_adv_tpg_0|intel_vvp_adv_tpg_0|mixer_inst_0|dp_inst|blended_pixel_gen[0].blended_col_gen[2].mult_add_inst|partial_gen[0].mult_2_inst|add_0_0~DATAOUTA0|clk[0] ;
;   4.800 ;   0.000 ; RR ; CELL ; 91     ; MPDSP_X74_Y40_N0   ; High Speed ; u0|intel_vvp_adv_tpg_0|intel_vvp_adv_tpg_0|mixer_inst_0|dp_inst|blended_pixel_gen[0].blended_col_gen[2].mult_add_inst|partial_gen[0].mult_2_inst|add_0_0~DATAOUTA0~reg0   ;
;   5.073 ;   0.273 ;    ;      ;        ;                    ;            ; clock pessimism removed                                                                                                                                                   ;
; 5.043   ; -0.030  ;    ;      ;        ;                    ;            ; clock uncertainty                                                                                                                                                         ;
; 4.919   ; -0.124  ;    ; uTsu ; 91     ; MPDSP_X74_Y40_N0   ;            ; u0|intel_vvp_adv_tpg_0|intel_vvp_adv_tpg_0|mixer_inst_0|dp_inst|blended_pixel_gen[0].blended_col_gen[2].mult_add_inst|partial_gen[0].mult_2_inst|add_0_0~DATAOUTA0~reg0   ;
+---------+---------+----+------+--------+--------------------+------------+---------------------------------------------------------------------------------------------------------------------------------------------------------------------------+



Path #6: Setup slack is -1.628 (VIOLATED)
===============================================================================
+-----------------------------------------------------------------------------------------------------------------------------------------------------------------------------------------------------------+
; Path Summary                                                                                                                                                                                              ;
+---------------------------------+-------------------------------------------------------------------------------------------------------------------------------------------------------------------------+
; Property                        ; Value                                                                                                                                                                   ;
+---------------------------------+-------------------------------------------------------------------------------------------------------------------------------------------------------------------------+
; From Node                       ; u0|intel_vvp_dil_0|intel_vvp_dil_0|scheduler|iip_packet_received0.intlace_nibble[3]                                                                                     ;
; To Node                         ; u0|intel_vvp_adv_tpg_0|intel_vvp_adv_tpg_0|mixer_inst_0|dp_inst|blended_pixel_gen[0].blended_col_gen[1].mult_add_inst|partial_gen[0].mult_2_inst|add_0_0~DATAOUTA0~reg0 ;
; Launch Clock                    ; clk~derived                                                                                                                                                             ;
; Latch Clock                     ; clk~derived                                                                                                                                                             ;
; SDC Exception                   ; No SDC Exception on Path                                                                                                                                                ;
; Data Arrival Time               ; 6.544                                                                                                                                                                   ;
; Data Required Time              ; 4.916                                                                                                                                                                   ;
; Slack                           ; -1.628 (VIOLATED)                                                                                                                                                       ;
; Worst-Case Operating Conditions ; Slow 900mV 100C Model                                                                                                                                                   ;
+---------------------------------+-------------------------------------------------------------------------------------------------------------------------------------------------------------------------+

+------------------------------------------------------------------------------------+
; Statistics                                                                         ;
+------------------------+--------+-------+-------------+------------+-------+-------+
; Property               ; Value  ; Count ; Total Delay ; % of Total ; Min   ; Max   ;
+------------------------+--------+-------+-------------+------------+-------+-------+
; Setup Relationship     ; 1.000  ;       ;             ;            ;       ;       ;
; Clock Skew             ; -0.035 ;       ;             ;            ;       ;       ;
; Data Delay             ; 2.441  ;       ;             ;            ;       ;       ;
; Number of Logic Levels ;        ; 4     ;             ;            ;       ;       ;
; Physical Delays        ;        ;       ;             ;            ;       ;       ;
;  Arrival Path          ;        ;       ;             ;            ;       ;       ;
;   Clock                ;        ;       ;             ;            ;       ;       ;
;    IC                  ;        ; 3     ; 2.867       ; 70         ; 0.000 ; 2.867 ;
;    Cell                ;        ; 4     ; 1.236       ; 30         ; 0.000 ; 0.547 ;
;   Data                 ;        ;       ;             ;            ;       ;       ;
;    IC                  ;        ; 5     ; 1.686       ; 69         ; 0.192 ; 0.834 ;
;    Cell                ;        ; 10    ; 0.540       ; 22         ; 0.000 ; 0.257 ;
;    uTco                ;        ; 1     ; 0.215       ; 9          ; 0.215 ; 0.215 ;
;  Required Path         ;        ;       ;             ;            ;       ;       ;
;   Clock                ;        ;       ;             ;            ;       ;       ;
;    IC                  ;        ; 3     ; 2.669       ; 70         ; 0.000 ; 2.669 ;
;    Cell                ;        ; 4     ; 1.126       ; 30         ; 0.000 ; 0.547 ;
+------------------------+--------+-------+-------------+------------+-------+-------+
Note: Negative delays are omitted from totals when calculating percentages

+----------------------------------------------------------------------------------------------------------------------------------------------------------------------------------------------------------------------------------------------------------+
; Data Arrival Path                                                                                                                                                                                                                                        ;
+---------+---------+----+--------+--------+----------------------+------------+---------------------------------------------------------------------------------------------------------------------------------------------------------------------------+
; Total   ; Incr    ; RF ; Type   ; Fanout ; Location             ; HS/LP      ; Element                                                                                                                                                                   ;
+---------+---------+----+--------+--------+----------------------+------------+---------------------------------------------------------------------------------------------------------------------------------------------------------------------------+
; 0.000   ; 0.000   ;    ;        ;        ;                      ;            ; launch edge time                                                                                                                                                          ;
; 0.000   ; 0.000   ;    ; borrow ;        ;                      ;            ; time borrowed                                                                                                                                                             ;
; 4.103   ; 4.103   ;    ;        ;        ;                      ;            ; clock path                                                                                                                                                                ;
;   0.000 ;   0.000 ;    ;        ;        ;                      ;            ; source latency                                                                                                                                                            ;
;   0.000 ;   0.000 ;    ;        ; 1      ; PIN_L3               ;            ; clk                                                                                                                                                                       ;
;   0.000 ;   0.000 ; RR ; IC     ; 1      ; IOIBUF_X102_Y6_N47   ;            ; clk~input|i                                                                                                                                                               ;
;   0.547 ;   0.547 ; RR ; CELL   ; 1      ; IOIBUF_X102_Y6_N47   ;            ; clk~input|o                                                                                                                                                               ;
;   0.708 ;   0.161 ; RR ; CELL   ; 1      ; IOIBUF_X102_Y6_N47   ;            ; clk~input~io_48_lvds_tile_edge/ioclkin[2]                                                                                                                                 ;
;   0.708 ;   0.000 ; RR ; IC     ; 2      ; CLKCTRL_3A_G_I23     ;            ; clk~inputCLKENA0|inclk                                                                                                                                                    ;
;   1.236 ;   0.528 ; RR ; CELL   ; 1155   ; CLKCTRL_3A_G_I23     ;            ; clk~inputCLKENA0|outclk                                                                                                                                                   ;
;   4.103 ;   2.867 ; RR ; IC     ; 1      ; FF_X86_Y39_N28       ; High Speed ; u0|intel_vvp_dil_0|intel_vvp_dil_0|scheduler|iip_packet_received0.intlace_nibble[3]|clk                                                                                   ;
;   4.103 ;   0.000 ; RR ; CELL   ; 1      ; FF_X86_Y39_N28       ; High Speed ; u0|intel_vvp_dil_0|intel_vvp_dil_0|scheduler|iip_packet_received0.intlace_nibble[3]                                                                                       ;
; 6.544   ; 2.441   ;    ;        ;        ;                      ;            ; data path                                                                                                                                                                 ;
;   4.318 ;   0.215 ; RR ; uTco   ; 1      ; FF_X86_Y39_N28       ;            ; u0|intel_vvp_dil_0|intel_vvp_dil_0|scheduler|iip_packet_received0.intlace_nibble[3]|q                                                                                     ;
;   4.447 ;   0.129 ; RR ; CELL   ; 24     ; FF_X86_Y39_N28       ; High Speed ; u0|intel_vvp_dil_0|intel_vvp_dil_0|scheduler|iip_packet_received0.intlace_nibble[3]~la_lab/laboutt[18]                                                                    ;
;   4.639 ;   0.192 ; RR ; IC     ; 1      ; MLABCELL_X87_Y39_N9  ; High Speed ; u0|intel_vvp_dil_0|intel_vvp_dil_0|scheduler|axi_st_ctrl_out_tvalid_comb~3|datab                                                                                          ;
;   4.896 ;   0.257 ; RR ; CELL   ; 2      ; MLABCELL_X87_Y39_N9  ; High Speed ; u0|intel_vvp_dil_0|intel_vvp_dil_0|scheduler|axi_st_ctrl_out_tvalid_comb~3|combout                                                                                        ;
;   4.902 ;   0.006 ; RR ; CELL   ; 3      ; MLABCELL_X87_Y39_N9  ; High Speed ; u0|intel_vvp_dil_0|intel_vvp_dil_0|scheduler|axi_st_ctrl_out_tvalid_comb~3~la_mlab/laboutt[7]                                                                             ;
;   5.128 ;   0.226 ; RR ; IC     ; 1      ; LABCELL_X86_Y39_N48  ; High Speed ; u0|intel_vvp_dil_0|intel_vvp_dil_0|scheduler|axi_out|din_ready|dataf                                                                                                      ;
;   5.174 ;   0.046 ; RR ; CELL   ; 2      ; LABCELL_X86_Y39_N48  ; High Speed ; u0|intel_vvp_dil_0|intel_vvp_dil_0|scheduler|axi_out|din_ready|combout                                                                                                    ;
;   5.178 ;   0.004 ; RR ; CELL   ; 4      ; LABCELL_X86_Y39_N48  ; High Speed ; u0|intel_vvp_dil_0|intel_vvp_dil_0|scheduler|axi_out|din_ready~la_lab/laboutb[12]                                                                                         ;
;   5.392 ;   0.214 ; RR ; IC     ; 1      ; LABCELL_X86_Y39_N18  ; High Speed ; u0|intel_vvp_dil_0|intel_vvp_dil_0|iib|ctrl_master_inst|din_ready~0|dataf                                                                                                 ;
;   5.436 ;   0.044 ; RR ; CELL   ; 2      ; LABCELL_X86_Y39_N18  ; High Speed ; u0|intel_vvp_dil_0|intel_vvp_dil_0|iib|ctrl_master_inst|din_ready~0|combout                                                                                               ;
;   5.441 ;   0.005 ; RR ; CELL   ; 13     ; LABCELL_X86_Y39_N18  ; High Speed ; u0|intel_vvp_dil_0|intel_vvp_dil_0|iib|ctrl_master_inst|din_ready~0~la_lab/laboutt[13]                                                                                    ;
;   5.661 ;   0.220 ; RR ; IC     ; 1      ; MLABCELL_X85_Y39_N12 ; High Speed ; u0|intel_vvp_adv_tpg_0|intel_vvp_adv_tpg_0|mixer_inst_0|dout_master_inst|din_ready|dataf                                                                                  ;
;   5.704 ;   0.043 ; RR ; CELL   ; 1      ; MLABCELL_X85_Y39_N12 ; High Speed ; u0|intel_vvp_adv_tpg_0|intel_vvp_adv_tpg_0|mixer_inst_0|dout_master_inst|din_ready|combout                                                                                ;
;   5.710 ;   0.006 ; RR ; CELL   ; 57     ; MLABCELL_X85_Y39_N12 ; High Speed ; u0|intel_vvp_adv_tpg_0|intel_vvp_adv_tpg_0|mixer_inst_0|dout_master_inst|din_ready~la_mlab/laboutt[8]                                                                     ;
;   6.544 ;   0.834 ; RR ; IC     ; 1      ; MPDSP_X74_Y43_N0     ; High Speed ; u0|intel_vvp_adv_tpg_0|intel_vvp_adv_tpg_0|mixer_inst_0|dp_inst|blended_pixel_gen[0].blended_col_gen[1].mult_add_inst|partial_gen[0].mult_2_inst|add_0_0~DATAOUTA0|ena[0] ;
;   6.544 ;   0.000 ; RR ; CELL   ; 91     ; MPDSP_X74_Y43_N0     ; High Speed ; u0|intel_vvp_adv_tpg_0|intel_vvp_adv_tpg_0|mixer_inst_0|dp_inst|blended_pixel_gen[0].blended_col_gen[1].mult_add_inst|partial_gen[0].mult_2_inst|add_0_0~DATAOUTA0~reg0   ;
+---------+---------+----+--------+--------+----------------------+------------+---------------------------------------------------------------------------------------------------------------------------------------------------------------------------+

+------------------------------------------------------------------------------------------------------------------------------------------------------------------------------------------------------------------------------------------------------+
; Data Required Path                                                                                                                                                                                                                                   ;
+---------+---------+----+------+--------+--------------------+------------+---------------------------------------------------------------------------------------------------------------------------------------------------------------------------+
; Total   ; Incr    ; RF ; Type ; Fanout ; Location           ; HS/LP      ; Element                                                                                                                                                                   ;
+---------+---------+----+------+--------+--------------------+------------+---------------------------------------------------------------------------------------------------------------------------------------------------------------------------+
; 1.000   ; 1.000   ;    ;      ;        ;                    ;            ; latch edge time                                                                                                                                                           ;
; 5.068   ; 4.068   ;    ;      ;        ;                    ;            ; clock path                                                                                                                                                                ;
;   1.000 ;   0.000 ;    ;      ;        ;                    ;            ; source latency                                                                                                                                                            ;
;   1.000 ;   0.000 ;    ;      ; 1      ; PIN_L3             ;            ; clk                                                                                                                                                                       ;
;   1.000 ;   0.000 ; RR ; IC   ; 1      ; IOIBUF_X102_Y6_N47 ;            ; clk~input|i                                                                                                                                                               ;
;   1.547 ;   0.547 ; RR ; CELL ; 1      ; IOIBUF_X102_Y6_N47 ;            ; clk~input|o                                                                                                                                                               ;
;   1.677 ;   0.130 ; RR ; CELL ; 1      ; IOIBUF_X102_Y6_N47 ;            ; clk~input~io_48_lvds_tile_edge/ioclkin[2]                                                                                                                                 ;
;   1.677 ;   0.000 ; RR ; IC   ; 2      ; CLKCTRL_3A_G_I23   ;            ; clk~inputCLKENA0|inclk                                                                                                                                                    ;
;   2.126 ;   0.449 ; RR ; CELL ; 1155   ; CLKCTRL_3A_G_I23   ;            ; clk~inputCLKENA0|outclk                                                                                                                                                   ;
;   4.795 ;   2.669 ; RR ; IC   ; 43     ; MPDSP_X74_Y43_N0   ; Mixed      ; u0|intel_vvp_adv_tpg_0|intel_vvp_adv_tpg_0|mixer_inst_0|dp_inst|blended_pixel_gen[0].blended_col_gen[1].mult_add_inst|partial_gen[0].mult_2_inst|add_0_0~DATAOUTA0|clk[0] ;
;   4.795 ;   0.000 ; RR ; CELL ; 91     ; MPDSP_X74_Y43_N0   ; High Speed ; u0|intel_vvp_adv_tpg_0|intel_vvp_adv_tpg_0|mixer_inst_0|dp_inst|blended_pixel_gen[0].blended_col_gen[1].mult_add_inst|partial_gen[0].mult_2_inst|add_0_0~DATAOUTA0~reg0   ;
;   5.068 ;   0.273 ;    ;      ;        ;                    ;            ; clock pessimism removed                                                                                                                                                   ;
; 5.038   ; -0.030  ;    ;      ;        ;                    ;            ; clock uncertainty                                                                                                                                                         ;
; 4.916   ; -0.122  ;    ; uTsu ; 91     ; MPDSP_X74_Y43_N0   ;            ; u0|intel_vvp_adv_tpg_0|intel_vvp_adv_tpg_0|mixer_inst_0|dp_inst|blended_pixel_gen[0].blended_col_gen[1].mult_add_inst|partial_gen[0].mult_2_inst|add_0_0~DATAOUTA0~reg0   ;
+---------+---------+----+------+--------+--------------------+------------+---------------------------------------------------------------------------------------------------------------------------------------------------------------------------+



Path #7: Setup slack is -1.625 (VIOLATED)
===============================================================================
+-----------------------------------------------------------------------------------------------------------------------------------------------------------------------------------------------------------+
; Path Summary                                                                                                                                                                                              ;
+---------------------------------+-------------------------------------------------------------------------------------------------------------------------------------------------------------------------+
; Property                        ; Value                                                                                                                                                                   ;
+---------------------------------+-------------------------------------------------------------------------------------------------------------------------------------------------------------------------+
; From Node                       ; u0|intel_vvp_dil_0|intel_vvp_dil_0|iib|ctrl_valid                                                                                                                       ;
; To Node                         ; u0|intel_vvp_adv_tpg_0|intel_vvp_adv_tpg_0|mixer_inst_0|dp_inst|blended_pixel_gen[0].blended_col_gen[1].mult_add_inst|partial_gen[0].mult_2_inst|add_0_0~DATAOUTA0~reg0 ;
; Launch Clock                    ; clk~derived                                                                                                                                                             ;
; Latch Clock                     ; clk~derived                                                                                                                                                             ;
; SDC Exception                   ; No SDC Exception on Path                                                                                                                                                ;
; Data Arrival Time               ; 6.541                                                                                                                                                                   ;
; Data Required Time              ; 4.916                                                                                                                                                                   ;
; Slack                           ; -1.625 (VIOLATED)                                                                                                                                                       ;
; Worst-Case Operating Conditions ; Slow 900mV 100C Model                                                                                                                                                   ;
+---------------------------------+-------------------------------------------------------------------------------------------------------------------------------------------------------------------------+

+------------------------------------------------------------------------------------+
; Statistics                                                                         ;
+------------------------+--------+-------+-------------+------------+-------+-------+
; Property               ; Value  ; Count ; Total Delay ; % of Total ; Min   ; Max   ;
+------------------------+--------+-------+-------------+------------+-------+-------+
; Setup Relationship     ; 1.000  ;       ;             ;            ;       ;       ;
; Clock Skew             ; -0.035 ;       ;             ;            ;       ;       ;
; Data Delay             ; 2.438  ;       ;             ;            ;       ;       ;
; Number of Logic Levels ;        ; 4     ;             ;            ;       ;       ;
; Physical Delays        ;        ;       ;             ;            ;       ;       ;
;  Arrival Path          ;        ;       ;             ;            ;       ;       ;
;   Clock                ;        ;       ;             ;            ;       ;       ;
;    IC                  ;        ; 3     ; 2.867       ; 70         ; 0.000 ; 2.867 ;
;    Cell                ;        ; 4     ; 1.236       ; 30         ; 0.000 ; 0.547 ;
;   Data                 ;        ;       ;             ;            ;       ;       ;
;    IC                  ;        ; 5     ; 1.827       ; 75         ; 0.214 ; 0.834 ;
;    Cell                ;        ; 10    ; 0.392       ; 16         ; 0.000 ; 0.157 ;
;    uTco                ;        ; 1     ; 0.219       ; 9          ; 0.219 ; 0.219 ;
;  Required Path         ;        ;       ;             ;            ;       ;       ;
;   Clock                ;        ;       ;             ;            ;       ;       ;
;    IC                  ;        ; 3     ; 2.669       ; 70         ; 0.000 ; 2.669 ;
;    Cell                ;        ; 4     ; 1.126       ; 30         ; 0.000 ; 0.547 ;
+------------------------+--------+-------+-------------+------------+-------+-------+
Note: Negative delays are omitted from totals when calculating percentages

+----------------------------------------------------------------------------------------------------------------------------------------------------------------------------------------------------------------------------------------------------------+
; Data Arrival Path                                                                                                                                                                                                                                        ;
+---------+---------+----+--------+--------+----------------------+------------+---------------------------------------------------------------------------------------------------------------------------------------------------------------------------+
; Total   ; Incr    ; RF ; Type   ; Fanout ; Location             ; HS/LP      ; Element                                                                                                                                                                   ;
+---------+---------+----+--------+--------+----------------------+------------+---------------------------------------------------------------------------------------------------------------------------------------------------------------------------+
; 0.000   ; 0.000   ;    ;        ;        ;                      ;            ; launch edge time                                                                                                                                                          ;
; 0.000   ; 0.000   ;    ; borrow ;        ;                      ;            ; time borrowed                                                                                                                                                             ;
; 4.103   ; 4.103   ;    ;        ;        ;                      ;            ; clock path                                                                                                                                                                ;
;   0.000 ;   0.000 ;    ;        ;        ;                      ;            ; source latency                                                                                                                                                            ;
;   0.000 ;   0.000 ;    ;        ; 1      ; PIN_L3               ;            ; clk                                                                                                                                                                       ;
;   0.000 ;   0.000 ; RR ; IC     ; 1      ; IOIBUF_X102_Y6_N47   ;            ; clk~input|i                                                                                                                                                               ;
;   0.547 ;   0.547 ; RR ; CELL   ; 1      ; IOIBUF_X102_Y6_N47   ;            ; clk~input|o                                                                                                                                                               ;
;   0.708 ;   0.161 ; RR ; CELL   ; 1      ; IOIBUF_X102_Y6_N47   ;            ; clk~input~io_48_lvds_tile_edge/ioclkin[2]                                                                                                                                 ;
;   0.708 ;   0.000 ; RR ; IC     ; 2      ; CLKCTRL_3A_G_I23     ;            ; clk~inputCLKENA0|inclk                                                                                                                                                    ;
;   1.236 ;   0.528 ; RR ; CELL   ; 1155   ; CLKCTRL_3A_G_I23     ;            ; clk~inputCLKENA0|outclk                                                                                                                                                   ;
;   4.103 ;   2.867 ; RR ; IC     ; 1      ; FF_X86_Y39_N44       ; High Speed ; u0|intel_vvp_dil_0|intel_vvp_dil_0|iib|ctrl_valid|clk                                                                                                                     ;
;   4.103 ;   0.000 ; RR ; CELL   ; 1      ; FF_X86_Y39_N44       ; High Speed ; u0|intel_vvp_dil_0|intel_vvp_dil_0|iib|ctrl_valid                                                                                                                         ;
; 6.541   ; 2.438   ;    ;        ;        ;                      ;            ; data path                                                                                                                                                                 ;
;   4.322 ;   0.219 ; FF ; uTco   ; 2      ; FF_X86_Y39_N44       ;            ; u0|intel_vvp_dil_0|intel_vvp_dil_0|iib|ctrl_valid|q                                                                                                                       ;
;   4.403 ;   0.081 ; FF ; CELL   ; 25     ; FF_X86_Y39_N44       ; High Speed ; u0|intel_vvp_dil_0|intel_vvp_dil_0|iib|ctrl_valid~la_lab/laboutb[9]                                                                                                       ;
;   4.736 ;   0.333 ; FF ; IC     ; 1      ; MLABCELL_X87_Y39_N9  ; High Speed ; u0|intel_vvp_dil_0|intel_vvp_dil_0|scheduler|axi_st_ctrl_out_tvalid_comb~3|datad                                                                                          ;
;   4.893 ;   0.157 ; FR ; CELL   ; 2      ; MLABCELL_X87_Y39_N9  ; High Speed ; u0|intel_vvp_dil_0|intel_vvp_dil_0|scheduler|axi_st_ctrl_out_tvalid_comb~3|combout                                                                                        ;
;   4.899 ;   0.006 ; RR ; CELL   ; 3      ; MLABCELL_X87_Y39_N9  ; High Speed ; u0|intel_vvp_dil_0|intel_vvp_dil_0|scheduler|axi_st_ctrl_out_tvalid_comb~3~la_mlab/laboutt[7]                                                                             ;
;   5.125 ;   0.226 ; RR ; IC     ; 1      ; LABCELL_X86_Y39_N48  ; High Speed ; u0|intel_vvp_dil_0|intel_vvp_dil_0|scheduler|axi_out|din_ready|dataf                                                                                                      ;
;   5.171 ;   0.046 ; RR ; CELL   ; 2      ; LABCELL_X86_Y39_N48  ; High Speed ; u0|intel_vvp_dil_0|intel_vvp_dil_0|scheduler|axi_out|din_ready|combout                                                                                                    ;
;   5.175 ;   0.004 ; RR ; CELL   ; 4      ; LABCELL_X86_Y39_N48  ; High Speed ; u0|intel_vvp_dil_0|intel_vvp_dil_0|scheduler|axi_out|din_ready~la_lab/laboutb[12]                                                                                         ;
;   5.389 ;   0.214 ; RR ; IC     ; 1      ; LABCELL_X86_Y39_N18  ; High Speed ; u0|intel_vvp_dil_0|intel_vvp_dil_0|iib|ctrl_master_inst|din_ready~0|dataf                                                                                                 ;
;   5.433 ;   0.044 ; RR ; CELL   ; 2      ; LABCELL_X86_Y39_N18  ; High Speed ; u0|intel_vvp_dil_0|intel_vvp_dil_0|iib|ctrl_master_inst|din_ready~0|combout                                                                                               ;
;   5.438 ;   0.005 ; RR ; CELL   ; 13     ; LABCELL_X86_Y39_N18  ; High Speed ; u0|intel_vvp_dil_0|intel_vvp_dil_0|iib|ctrl_master_inst|din_ready~0~la_lab/laboutt[13]                                                                                    ;
;   5.658 ;   0.220 ; RR ; IC     ; 1      ; MLABCELL_X85_Y39_N12 ; High Speed ; u0|intel_vvp_adv_tpg_0|intel_vvp_adv_tpg_0|mixer_inst_0|dout_master_inst|din_ready|dataf                                                                                  ;
;   5.701 ;   0.043 ; RR ; CELL   ; 1      ; MLABCELL_X85_Y39_N12 ; High Speed ; u0|intel_vvp_adv_tpg_0|intel_vvp_adv_tpg_0|mixer_inst_0|dout_master_inst|din_ready|combout                                                                                ;
;   5.707 ;   0.006 ; RR ; CELL   ; 57     ; MLABCELL_X85_Y39_N12 ; High Speed ; u0|intel_vvp_adv_tpg_0|intel_vvp_adv_tpg_0|mixer_inst_0|dout_master_inst|din_ready~la_mlab/laboutt[8]                                                                     ;
;   6.541 ;   0.834 ; RR ; IC     ; 1      ; MPDSP_X74_Y43_N0     ; High Speed ; u0|intel_vvp_adv_tpg_0|intel_vvp_adv_tpg_0|mixer_inst_0|dp_inst|blended_pixel_gen[0].blended_col_gen[1].mult_add_inst|partial_gen[0].mult_2_inst|add_0_0~DATAOUTA0|ena[0] ;
;   6.541 ;   0.000 ; RR ; CELL   ; 91     ; MPDSP_X74_Y43_N0     ; High Speed ; u0|intel_vvp_adv_tpg_0|intel_vvp_adv_tpg_0|mixer_inst_0|dp_inst|blended_pixel_gen[0].blended_col_gen[1].mult_add_inst|partial_gen[0].mult_2_inst|add_0_0~DATAOUTA0~reg0   ;
+---------+---------+----+--------+--------+----------------------+------------+---------------------------------------------------------------------------------------------------------------------------------------------------------------------------+

+------------------------------------------------------------------------------------------------------------------------------------------------------------------------------------------------------------------------------------------------------+
; Data Required Path                                                                                                                                                                                                                                   ;
+---------+---------+----+------+--------+--------------------+------------+---------------------------------------------------------------------------------------------------------------------------------------------------------------------------+
; Total   ; Incr    ; RF ; Type ; Fanout ; Location           ; HS/LP      ; Element                                                                                                                                                                   ;
+---------+---------+----+------+--------+--------------------+------------+---------------------------------------------------------------------------------------------------------------------------------------------------------------------------+
; 1.000   ; 1.000   ;    ;      ;        ;                    ;            ; latch edge time                                                                                                                                                           ;
; 5.068   ; 4.068   ;    ;      ;        ;                    ;            ; clock path                                                                                                                                                                ;
;   1.000 ;   0.000 ;    ;      ;        ;                    ;            ; source latency                                                                                                                                                            ;
;   1.000 ;   0.000 ;    ;      ; 1      ; PIN_L3             ;            ; clk                                                                                                                                                                       ;
;   1.000 ;   0.000 ; RR ; IC   ; 1      ; IOIBUF_X102_Y6_N47 ;            ; clk~input|i                                                                                                                                                               ;
;   1.547 ;   0.547 ; RR ; CELL ; 1      ; IOIBUF_X102_Y6_N47 ;            ; clk~input|o                                                                                                                                                               ;
;   1.677 ;   0.130 ; RR ; CELL ; 1      ; IOIBUF_X102_Y6_N47 ;            ; clk~input~io_48_lvds_tile_edge/ioclkin[2]                                                                                                                                 ;
;   1.677 ;   0.000 ; RR ; IC   ; 2      ; CLKCTRL_3A_G_I23   ;            ; clk~inputCLKENA0|inclk                                                                                                                                                    ;
;   2.126 ;   0.449 ; RR ; CELL ; 1155   ; CLKCTRL_3A_G_I23   ;            ; clk~inputCLKENA0|outclk                                                                                                                                                   ;
;   4.795 ;   2.669 ; RR ; IC   ; 43     ; MPDSP_X74_Y43_N0   ; Mixed      ; u0|intel_vvp_adv_tpg_0|intel_vvp_adv_tpg_0|mixer_inst_0|dp_inst|blended_pixel_gen[0].blended_col_gen[1].mult_add_inst|partial_gen[0].mult_2_inst|add_0_0~DATAOUTA0|clk[0] ;
;   4.795 ;   0.000 ; RR ; CELL ; 91     ; MPDSP_X74_Y43_N0   ; High Speed ; u0|intel_vvp_adv_tpg_0|intel_vvp_adv_tpg_0|mixer_inst_0|dp_inst|blended_pixel_gen[0].blended_col_gen[1].mult_add_inst|partial_gen[0].mult_2_inst|add_0_0~DATAOUTA0~reg0   ;
;   5.068 ;   0.273 ;    ;      ;        ;                    ;            ; clock pessimism removed                                                                                                                                                   ;
; 5.038   ; -0.030  ;    ;      ;        ;                    ;            ; clock uncertainty                                                                                                                                                         ;
; 4.916   ; -0.122  ;    ; uTsu ; 91     ; MPDSP_X74_Y43_N0   ;            ; u0|intel_vvp_adv_tpg_0|intel_vvp_adv_tpg_0|mixer_inst_0|dp_inst|blended_pixel_gen[0].blended_col_gen[1].mult_add_inst|partial_gen[0].mult_2_inst|add_0_0~DATAOUTA0~reg0   ;
+---------+---------+----+------+--------+--------------------+------------+---------------------------------------------------------------------------------------------------------------------------------------------------------------------------+



Path #8: Setup slack is -1.625 (VIOLATED)
===============================================================================
+-----------------------------------------------------------------------------------------------------------------------------------------------------------------------------------------------------------+
; Path Summary                                                                                                                                                                                              ;
+---------------------------------+-------------------------------------------------------------------------------------------------------------------------------------------------------------------------+
; Property                        ; Value                                                                                                                                                                   ;
+---------------------------------+-------------------------------------------------------------------------------------------------------------------------------------------------------------------------+
; From Node                       ; u0|intel_vvp_dil_0|intel_vvp_dil_0|iib|ctrl_valid                                                                                                                       ;
; To Node                         ; u0|intel_vvp_adv_tpg_0|intel_vvp_adv_tpg_0|mixer_inst_0|dp_inst|blended_pixel_gen[0].blended_col_gen[1].mult_add_inst|partial_gen[0].mult_2_inst|add_0_0~DATAOUTA0~reg0 ;
; Launch Clock                    ; clk~derived                                                                                                                                                             ;
; Latch Clock                     ; clk~derived                                                                                                                                                             ;
; SDC Exception                   ; No SDC Exception on Path                                                                                                                                                ;
; Data Arrival Time               ; 6.541                                                                                                                                                                   ;
; Data Required Time              ; 4.916                                                                                                                                                                   ;
; Slack                           ; -1.625 (VIOLATED)                                                                                                                                                       ;
; Worst-Case Operating Conditions ; Slow 900mV 100C Model                                                                                                                                                   ;
+---------------------------------+-------------------------------------------------------------------------------------------------------------------------------------------------------------------------+

+------------------------------------------------------------------------------------+
; Statistics                                                                         ;
+------------------------+--------+-------+-------------+------------+-------+-------+
; Property               ; Value  ; Count ; Total Delay ; % of Total ; Min   ; Max   ;
+------------------------+--------+-------+-------------+------------+-------+-------+
; Setup Relationship     ; 1.000  ;       ;             ;            ;       ;       ;
; Clock Skew             ; -0.035 ;       ;             ;            ;       ;       ;
; Data Delay             ; 2.438  ;       ;             ;            ;       ;       ;
; Number of Logic Levels ;        ; 4     ;             ;            ;       ;       ;
; Physical Delays        ;        ;       ;             ;            ;       ;       ;
;  Arrival Path          ;        ;       ;             ;            ;       ;       ;
;   Clock                ;        ;       ;             ;            ;       ;       ;
;    IC                  ;        ; 3     ; 2.867       ; 70         ; 0.000 ; 2.867 ;
;    Cell                ;        ; 4     ; 1.236       ; 30         ; 0.000 ; 0.547 ;
;   Data                 ;        ;       ;             ;            ;       ;       ;
;    IC                  ;        ; 5     ; 1.647       ; 68         ; 0.189 ; 0.834 ;
;    Cell                ;        ; 10    ; 0.572       ; 23         ; 0.000 ; 0.250 ;
;    uTco                ;        ; 1     ; 0.219       ; 9          ; 0.219 ; 0.219 ;
;  Required Path         ;        ;       ;             ;            ;       ;       ;
;   Clock                ;        ;       ;             ;            ;       ;       ;
;    IC                  ;        ; 3     ; 2.669       ; 70         ; 0.000 ; 2.669 ;
;    Cell                ;        ; 4     ; 1.126       ; 30         ; 0.000 ; 0.547 ;
+------------------------+--------+-------+-------------+------------+-------+-------+
Note: Negative delays are omitted from totals when calculating percentages

+----------------------------------------------------------------------------------------------------------------------------------------------------------------------------------------------------------------------------------------------------------+
; Data Arrival Path                                                                                                                                                                                                                                        ;
+---------+---------+----+--------+--------+----------------------+------------+---------------------------------------------------------------------------------------------------------------------------------------------------------------------------+
; Total   ; Incr    ; RF ; Type   ; Fanout ; Location             ; HS/LP      ; Element                                                                                                                                                                   ;
+---------+---------+----+--------+--------+----------------------+------------+---------------------------------------------------------------------------------------------------------------------------------------------------------------------------+
; 0.000   ; 0.000   ;    ;        ;        ;                      ;            ; launch edge time                                                                                                                                                          ;
; 0.000   ; 0.000   ;    ; borrow ;        ;                      ;            ; time borrowed                                                                                                                                                             ;
; 4.103   ; 4.103   ;    ;        ;        ;                      ;            ; clock path                                                                                                                                                                ;
;   0.000 ;   0.000 ;    ;        ;        ;                      ;            ; source latency                                                                                                                                                            ;
;   0.000 ;   0.000 ;    ;        ; 1      ; PIN_L3               ;            ; clk                                                                                                                                                                       ;
;   0.000 ;   0.000 ; RR ; IC     ; 1      ; IOIBUF_X102_Y6_N47   ;            ; clk~input|i                                                                                                                                                               ;
;   0.547 ;   0.547 ; RR ; CELL   ; 1      ; IOIBUF_X102_Y6_N47   ;            ; clk~input|o                                                                                                                                                               ;
;   0.708 ;   0.161 ; RR ; CELL   ; 1      ; IOIBUF_X102_Y6_N47   ;            ; clk~input~io_48_lvds_tile_edge/ioclkin[2]                                                                                                                                 ;
;   0.708 ;   0.000 ; RR ; IC     ; 2      ; CLKCTRL_3A_G_I23     ;            ; clk~inputCLKENA0|inclk                                                                                                                                                    ;
;   1.236 ;   0.528 ; RR ; CELL   ; 1155   ; CLKCTRL_3A_G_I23     ;            ; clk~inputCLKENA0|outclk                                                                                                                                                   ;
;   4.103 ;   2.867 ; RR ; IC     ; 1      ; FF_X86_Y39_N44       ; High Speed ; u0|intel_vvp_dil_0|intel_vvp_dil_0|iib|ctrl_valid|clk                                                                                                                     ;
;   4.103 ;   0.000 ; RR ; CELL   ; 1      ; FF_X86_Y39_N44       ; High Speed ; u0|intel_vvp_dil_0|intel_vvp_dil_0|iib|ctrl_valid                                                                                                                         ;
; 6.541   ; 2.438   ;    ;        ;        ;                      ;            ; data path                                                                                                                                                                 ;
;   4.322 ;   0.219 ; FF ; uTco   ; 2      ; FF_X86_Y39_N44       ;            ; u0|intel_vvp_dil_0|intel_vvp_dil_0|iib|ctrl_valid|q                                                                                                                       ;
;   4.403 ;   0.081 ; FF ; CELL   ; 25     ; FF_X86_Y39_N44       ; High Speed ; u0|intel_vvp_dil_0|intel_vvp_dil_0|iib|ctrl_valid~la_lab/laboutb[9]                                                                                                       ;
;   4.593 ;   0.190 ; FF ; IC     ; 1      ; LABCELL_X86_Y39_N54  ; High Speed ; u0|intel_vvp_dil_0|intel_vvp_dil_0|scheduler|axi_st_ctrl_out_tvalid_comb~2|datab                                                                                          ;
;   4.843 ;   0.250 ; FR ; CELL   ; 2      ; LABCELL_X86_Y39_N54  ; High Speed ; u0|intel_vvp_dil_0|intel_vvp_dil_0|scheduler|axi_st_ctrl_out_tvalid_comb~2|combout                                                                                        ;
;   4.847 ;   0.004 ; RR ; CELL   ; 2      ; LABCELL_X86_Y39_N54  ; High Speed ; u0|intel_vvp_dil_0|intel_vvp_dil_0|scheduler|axi_st_ctrl_out_tvalid_comb~2~la_lab/laboutb[16]                                                                             ;
;   5.036 ;   0.189 ; RR ; IC     ; 1      ; LABCELL_X86_Y39_N48  ; High Speed ; u0|intel_vvp_dil_0|intel_vvp_dil_0|scheduler|axi_out|din_ready|datae                                                                                                      ;
;   5.171 ;   0.135 ; RR ; CELL   ; 2      ; LABCELL_X86_Y39_N48  ; High Speed ; u0|intel_vvp_dil_0|intel_vvp_dil_0|scheduler|axi_out|din_ready|combout                                                                                                    ;
;   5.175 ;   0.004 ; RR ; CELL   ; 4      ; LABCELL_X86_Y39_N48  ; High Speed ; u0|intel_vvp_dil_0|intel_vvp_dil_0|scheduler|axi_out|din_ready~la_lab/laboutb[12]                                                                                         ;
;   5.389 ;   0.214 ; RR ; IC     ; 1      ; LABCELL_X86_Y39_N18  ; High Speed ; u0|intel_vvp_dil_0|intel_vvp_dil_0|iib|ctrl_master_inst|din_ready~0|dataf                                                                                                 ;
;   5.433 ;   0.044 ; RR ; CELL   ; 2      ; LABCELL_X86_Y39_N18  ; High Speed ; u0|intel_vvp_dil_0|intel_vvp_dil_0|iib|ctrl_master_inst|din_ready~0|combout                                                                                               ;
;   5.438 ;   0.005 ; RR ; CELL   ; 13     ; LABCELL_X86_Y39_N18  ; High Speed ; u0|intel_vvp_dil_0|intel_vvp_dil_0|iib|ctrl_master_inst|din_ready~0~la_lab/laboutt[13]                                                                                    ;
;   5.658 ;   0.220 ; RR ; IC     ; 1      ; MLABCELL_X85_Y39_N12 ; High Speed ; u0|intel_vvp_adv_tpg_0|intel_vvp_adv_tpg_0|mixer_inst_0|dout_master_inst|din_ready|dataf                                                                                  ;
;   5.701 ;   0.043 ; RR ; CELL   ; 1      ; MLABCELL_X85_Y39_N12 ; High Speed ; u0|intel_vvp_adv_tpg_0|intel_vvp_adv_tpg_0|mixer_inst_0|dout_master_inst|din_ready|combout                                                                                ;
;   5.707 ;   0.006 ; RR ; CELL   ; 57     ; MLABCELL_X85_Y39_N12 ; High Speed ; u0|intel_vvp_adv_tpg_0|intel_vvp_adv_tpg_0|mixer_inst_0|dout_master_inst|din_ready~la_mlab/laboutt[8]                                                                     ;
;   6.541 ;   0.834 ; RR ; IC     ; 1      ; MPDSP_X74_Y43_N0     ; High Speed ; u0|intel_vvp_adv_tpg_0|intel_vvp_adv_tpg_0|mixer_inst_0|dp_inst|blended_pixel_gen[0].blended_col_gen[1].mult_add_inst|partial_gen[0].mult_2_inst|add_0_0~DATAOUTA0|ena[0] ;
;   6.541 ;   0.000 ; RR ; CELL   ; 91     ; MPDSP_X74_Y43_N0     ; High Speed ; u0|intel_vvp_adv_tpg_0|intel_vvp_adv_tpg_0|mixer_inst_0|dp_inst|blended_pixel_gen[0].blended_col_gen[1].mult_add_inst|partial_gen[0].mult_2_inst|add_0_0~DATAOUTA0~reg0   ;
+---------+---------+----+--------+--------+----------------------+------------+---------------------------------------------------------------------------------------------------------------------------------------------------------------------------+

+------------------------------------------------------------------------------------------------------------------------------------------------------------------------------------------------------------------------------------------------------+
; Data Required Path                                                                                                                                                                                                                                   ;
+---------+---------+----+------+--------+--------------------+------------+---------------------------------------------------------------------------------------------------------------------------------------------------------------------------+
; Total   ; Incr    ; RF ; Type ; Fanout ; Location           ; HS/LP      ; Element                                                                                                                                                                   ;
+---------+---------+----+------+--------+--------------------+------------+---------------------------------------------------------------------------------------------------------------------------------------------------------------------------+
; 1.000   ; 1.000   ;    ;      ;        ;                    ;            ; latch edge time                                                                                                                                                           ;
; 5.068   ; 4.068   ;    ;      ;        ;                    ;            ; clock path                                                                                                                                                                ;
;   1.000 ;   0.000 ;    ;      ;        ;                    ;            ; source latency                                                                                                                                                            ;
;   1.000 ;   0.000 ;    ;      ; 1      ; PIN_L3             ;            ; clk                                                                                                                                                                       ;
;   1.000 ;   0.000 ; RR ; IC   ; 1      ; IOIBUF_X102_Y6_N47 ;            ; clk~input|i                                                                                                                                                               ;
;   1.547 ;   0.547 ; RR ; CELL ; 1      ; IOIBUF_X102_Y6_N47 ;            ; clk~input|o                                                                                                                                                               ;
;   1.677 ;   0.130 ; RR ; CELL ; 1      ; IOIBUF_X102_Y6_N47 ;            ; clk~input~io_48_lvds_tile_edge/ioclkin[2]                                                                                                                                 ;
;   1.677 ;   0.000 ; RR ; IC   ; 2      ; CLKCTRL_3A_G_I23   ;            ; clk~inputCLKENA0|inclk                                                                                                                                                    ;
;   2.126 ;   0.449 ; RR ; CELL ; 1155   ; CLKCTRL_3A_G_I23   ;            ; clk~inputCLKENA0|outclk                                                                                                                                                   ;
;   4.795 ;   2.669 ; RR ; IC   ; 43     ; MPDSP_X74_Y43_N0   ; Mixed      ; u0|intel_vvp_adv_tpg_0|intel_vvp_adv_tpg_0|mixer_inst_0|dp_inst|blended_pixel_gen[0].blended_col_gen[1].mult_add_inst|partial_gen[0].mult_2_inst|add_0_0~DATAOUTA0|clk[0] ;
;   4.795 ;   0.000 ; RR ; CELL ; 91     ; MPDSP_X74_Y43_N0   ; High Speed ; u0|intel_vvp_adv_tpg_0|intel_vvp_adv_tpg_0|mixer_inst_0|dp_inst|blended_pixel_gen[0].blended_col_gen[1].mult_add_inst|partial_gen[0].mult_2_inst|add_0_0~DATAOUTA0~reg0   ;
;   5.068 ;   0.273 ;    ;      ;        ;                    ;            ; clock pessimism removed                                                                                                                                                   ;
; 5.038   ; -0.030  ;    ;      ;        ;                    ;            ; clock uncertainty                                                                                                                                                         ;
; 4.916   ; -0.122  ;    ; uTsu ; 91     ; MPDSP_X74_Y43_N0   ;            ; u0|intel_vvp_adv_tpg_0|intel_vvp_adv_tpg_0|mixer_inst_0|dp_inst|blended_pixel_gen[0].blended_col_gen[1].mult_add_inst|partial_gen[0].mult_2_inst|add_0_0~DATAOUTA0~reg0   ;
+---------+---------+----+------+--------+--------------------+------------+---------------------------------------------------------------------------------------------------------------------------------------------------------------------------+



Path #9: Setup slack is -1.602 (VIOLATED)
===============================================================================
+-----------------------------------------------------------------------------------------------------------------------------------------------------------------------------------------------------------+
; Path Summary                                                                                                                                                                                              ;
+---------------------------------+-------------------------------------------------------------------------------------------------------------------------------------------------------------------------+
; Property                        ; Value                                                                                                                                                                   ;
+---------------------------------+-------------------------------------------------------------------------------------------------------------------------------------------------------------------------+
; From Node                       ; u0|intel_vvp_dil_0|intel_vvp_dil_0|scheduler|state.END_WAIT_FOR_CTRL_OUT_TREADY_2                                                                                       ;
; To Node                         ; u0|intel_vvp_adv_tpg_0|intel_vvp_adv_tpg_0|mixer_inst_0|dp_inst|blended_pixel_gen[0].blended_col_gen[2].mult_add_inst|partial_gen[0].mult_2_inst|add_0_0~DATAOUTA0~reg0 ;
; Launch Clock                    ; clk~derived                                                                                                                                                             ;
; Latch Clock                     ; clk~derived                                                                                                                                                             ;
; SDC Exception                   ; No SDC Exception on Path                                                                                                                                                ;
; Data Arrival Time               ; 6.521                                                                                                                                                                   ;
; Data Required Time              ; 4.919                                                                                                                                                                   ;
; Slack                           ; -1.602 (VIOLATED)                                                                                                                                                       ;
; Worst-Case Operating Conditions ; Slow 900mV 100C Model                                                                                                                                                   ;
+---------------------------------+-------------------------------------------------------------------------------------------------------------------------------------------------------------------------+

+------------------------------------------------------------------------------------+
; Statistics                                                                         ;
+------------------------+--------+-------+-------------+------------+-------+-------+
; Property               ; Value  ; Count ; Total Delay ; % of Total ; Min   ; Max   ;
+------------------------+--------+-------+-------------+------------+-------+-------+
; Setup Relationship     ; 1.000  ;       ;             ;            ;       ;       ;
; Clock Skew             ; -0.030 ;       ;             ;            ;       ;       ;
; Data Delay             ; 2.418  ;       ;             ;            ;       ;       ;
; Number of Logic Levels ;        ; 4     ;             ;            ;       ;       ;
; Physical Delays        ;        ;       ;             ;            ;       ;       ;
;  Arrival Path          ;        ;       ;             ;            ;       ;       ;
;   Clock                ;        ;       ;             ;            ;       ;       ;
;    IC                  ;        ; 3     ; 2.867       ; 70         ; 0.000 ; 2.867 ;
;    Cell                ;        ; 4     ; 1.236       ; 30         ; 0.000 ; 0.547 ;
;   Data                 ;        ;       ;             ;            ;       ;       ;
;    IC                  ;        ; 5     ; 1.670       ; 69         ; 0.189 ; 0.847 ;
;    Cell                ;        ; 10    ; 0.524       ; 22         ; 0.000 ; 0.154 ;
;    uTco                ;        ; 1     ; 0.224       ; 9          ; 0.224 ; 0.224 ;
;  Required Path         ;        ;       ;             ;            ;       ;       ;
;   Clock                ;        ;       ;             ;            ;       ;       ;
;    IC                  ;        ; 3     ; 2.674       ; 70         ; 0.000 ; 2.674 ;
;    Cell                ;        ; 4     ; 1.126       ; 30         ; 0.000 ; 0.547 ;
+------------------------+--------+-------+-------------+------------+-------+-------+
Note: Negative delays are omitted from totals when calculating percentages

+----------------------------------------------------------------------------------------------------------------------------------------------------------------------------------------------------------------------------------------------------------+
; Data Arrival Path                                                                                                                                                                                                                                        ;
+---------+---------+----+--------+--------+----------------------+------------+---------------------------------------------------------------------------------------------------------------------------------------------------------------------------+
; Total   ; Incr    ; RF ; Type   ; Fanout ; Location             ; HS/LP      ; Element                                                                                                                                                                   ;
+---------+---------+----+--------+--------+----------------------+------------+---------------------------------------------------------------------------------------------------------------------------------------------------------------------------+
; 0.000   ; 0.000   ;    ;        ;        ;                      ;            ; launch edge time                                                                                                                                                          ;
; 0.000   ; 0.000   ;    ; borrow ;        ;                      ;            ; time borrowed                                                                                                                                                             ;
; 4.103   ; 4.103   ;    ;        ;        ;                      ;            ; clock path                                                                                                                                                                ;
;   0.000 ;   0.000 ;    ;        ;        ;                      ;            ; source latency                                                                                                                                                            ;
;   0.000 ;   0.000 ;    ;        ; 1      ; PIN_L3               ;            ; clk                                                                                                                                                                       ;
;   0.000 ;   0.000 ; RR ; IC     ; 1      ; IOIBUF_X102_Y6_N47   ;            ; clk~input|i                                                                                                                                                               ;
;   0.547 ;   0.547 ; RR ; CELL   ; 1      ; IOIBUF_X102_Y6_N47   ;            ; clk~input|o                                                                                                                                                               ;
;   0.708 ;   0.161 ; RR ; CELL   ; 1      ; IOIBUF_X102_Y6_N47   ;            ; clk~input~io_48_lvds_tile_edge/ioclkin[2]                                                                                                                                 ;
;   0.708 ;   0.000 ; RR ; IC     ; 2      ; CLKCTRL_3A_G_I23     ;            ; clk~inputCLKENA0|inclk                                                                                                                                                    ;
;   1.236 ;   0.528 ; RR ; CELL   ; 1155   ; CLKCTRL_3A_G_I23     ;            ; clk~inputCLKENA0|outclk                                                                                                                                                   ;
;   4.103 ;   2.867 ; RR ; IC     ; 1      ; FF_X87_Y39_N35       ; High Speed ; u0|intel_vvp_dil_0|intel_vvp_dil_0|scheduler|state.END_WAIT_FOR_CTRL_OUT_TREADY_2|clk                                                                                     ;
;   4.103 ;   0.000 ; RR ; CELL   ; 1      ; FF_X87_Y39_N35       ; High Speed ; u0|intel_vvp_dil_0|intel_vvp_dil_0|scheduler|state.END_WAIT_FOR_CTRL_OUT_TREADY_2                                                                                         ;
; 6.521   ; 2.418   ;    ;        ;        ;                      ;            ; data path                                                                                                                                                                 ;
;   4.327 ;   0.224 ; FF ; uTco   ; 2      ; FF_X87_Y39_N35       ;            ; u0|intel_vvp_dil_0|intel_vvp_dil_0|scheduler|state.END_WAIT_FOR_CTRL_OUT_TREADY_2|q                                                                                       ;
;   4.456 ;   0.129 ; FF ; CELL   ; 4      ; FF_X87_Y39_N35       ; High Speed ; u0|intel_vvp_dil_0|intel_vvp_dil_0|scheduler|state.END_WAIT_FOR_CTRL_OUT_TREADY_2~la_mlab/laboutb[3]                                                                      ;
;   4.656 ;   0.200 ; FF ; IC     ; 1      ; LABCELL_X86_Y39_N54  ; High Speed ; u0|intel_vvp_dil_0|intel_vvp_dil_0|scheduler|axi_st_ctrl_out_tvalid_comb~2|datac                                                                                          ;
;   4.810 ;   0.154 ; FR ; CELL   ; 2      ; LABCELL_X86_Y39_N54  ; High Speed ; u0|intel_vvp_dil_0|intel_vvp_dil_0|scheduler|axi_st_ctrl_out_tvalid_comb~2|combout                                                                                        ;
;   4.814 ;   0.004 ; RR ; CELL   ; 2      ; LABCELL_X86_Y39_N54  ; High Speed ; u0|intel_vvp_dil_0|intel_vvp_dil_0|scheduler|axi_st_ctrl_out_tvalid_comb~2~la_lab/laboutb[16]                                                                             ;
;   5.003 ;   0.189 ; RR ; IC     ; 1      ; LABCELL_X86_Y39_N48  ; High Speed ; u0|intel_vvp_dil_0|intel_vvp_dil_0|scheduler|axi_out|din_ready|datae                                                                                                      ;
;   5.138 ;   0.135 ; RR ; CELL   ; 2      ; LABCELL_X86_Y39_N48  ; High Speed ; u0|intel_vvp_dil_0|intel_vvp_dil_0|scheduler|axi_out|din_ready|combout                                                                                                    ;
;   5.142 ;   0.004 ; RR ; CELL   ; 4      ; LABCELL_X86_Y39_N48  ; High Speed ; u0|intel_vvp_dil_0|intel_vvp_dil_0|scheduler|axi_out|din_ready~la_lab/laboutb[12]                                                                                         ;
;   5.356 ;   0.214 ; RR ; IC     ; 1      ; LABCELL_X86_Y39_N18  ; High Speed ; u0|intel_vvp_dil_0|intel_vvp_dil_0|iib|ctrl_master_inst|din_ready~0|dataf                                                                                                 ;
;   5.400 ;   0.044 ; RR ; CELL   ; 2      ; LABCELL_X86_Y39_N18  ; High Speed ; u0|intel_vvp_dil_0|intel_vvp_dil_0|iib|ctrl_master_inst|din_ready~0|combout                                                                                               ;
;   5.405 ;   0.005 ; RR ; CELL   ; 13     ; LABCELL_X86_Y39_N18  ; High Speed ; u0|intel_vvp_dil_0|intel_vvp_dil_0|iib|ctrl_master_inst|din_ready~0~la_lab/laboutt[13]                                                                                    ;
;   5.625 ;   0.220 ; RR ; IC     ; 1      ; MLABCELL_X85_Y39_N12 ; High Speed ; u0|intel_vvp_adv_tpg_0|intel_vvp_adv_tpg_0|mixer_inst_0|dout_master_inst|din_ready|dataf                                                                                  ;
;   5.668 ;   0.043 ; RR ; CELL   ; 1      ; MLABCELL_X85_Y39_N12 ; High Speed ; u0|intel_vvp_adv_tpg_0|intel_vvp_adv_tpg_0|mixer_inst_0|dout_master_inst|din_ready|combout                                                                                ;
;   5.674 ;   0.006 ; RR ; CELL   ; 57     ; MLABCELL_X85_Y39_N12 ; High Speed ; u0|intel_vvp_adv_tpg_0|intel_vvp_adv_tpg_0|mixer_inst_0|dout_master_inst|din_ready~la_mlab/laboutt[8]                                                                     ;
;   6.521 ;   0.847 ; RR ; IC     ; 1      ; MPDSP_X74_Y40_N0     ; High Speed ; u0|intel_vvp_adv_tpg_0|intel_vvp_adv_tpg_0|mixer_inst_0|dp_inst|blended_pixel_gen[0].blended_col_gen[2].mult_add_inst|partial_gen[0].mult_2_inst|add_0_0~DATAOUTA0|ena[0] ;
;   6.521 ;   0.000 ; RR ; CELL   ; 91     ; MPDSP_X74_Y40_N0     ; High Speed ; u0|intel_vvp_adv_tpg_0|intel_vvp_adv_tpg_0|mixer_inst_0|dp_inst|blended_pixel_gen[0].blended_col_gen[2].mult_add_inst|partial_gen[0].mult_2_inst|add_0_0~DATAOUTA0~reg0   ;
+---------+---------+----+--------+--------+----------------------+------------+---------------------------------------------------------------------------------------------------------------------------------------------------------------------------+

+------------------------------------------------------------------------------------------------------------------------------------------------------------------------------------------------------------------------------------------------------+
; Data Required Path                                                                                                                                                                                                                                   ;
+---------+---------+----+------+--------+--------------------+------------+---------------------------------------------------------------------------------------------------------------------------------------------------------------------------+
; Total   ; Incr    ; RF ; Type ; Fanout ; Location           ; HS/LP      ; Element                                                                                                                                                                   ;
+---------+---------+----+------+--------+--------------------+------------+---------------------------------------------------------------------------------------------------------------------------------------------------------------------------+
; 1.000   ; 1.000   ;    ;      ;        ;                    ;            ; latch edge time                                                                                                                                                           ;
; 5.073   ; 4.073   ;    ;      ;        ;                    ;            ; clock path                                                                                                                                                                ;
;   1.000 ;   0.000 ;    ;      ;        ;                    ;            ; source latency                                                                                                                                                            ;
;   1.000 ;   0.000 ;    ;      ; 1      ; PIN_L3             ;            ; clk                                                                                                                                                                       ;
;   1.000 ;   0.000 ; RR ; IC   ; 1      ; IOIBUF_X102_Y6_N47 ;            ; clk~input|i                                                                                                                                                               ;
;   1.547 ;   0.547 ; RR ; CELL ; 1      ; IOIBUF_X102_Y6_N47 ;            ; clk~input|o                                                                                                                                                               ;
;   1.677 ;   0.130 ; RR ; CELL ; 1      ; IOIBUF_X102_Y6_N47 ;            ; clk~input~io_48_lvds_tile_edge/ioclkin[2]                                                                                                                                 ;
;   1.677 ;   0.000 ; RR ; IC   ; 2      ; CLKCTRL_3A_G_I23   ;            ; clk~inputCLKENA0|inclk                                                                                                                                                    ;
;   2.126 ;   0.449 ; RR ; CELL ; 1155   ; CLKCTRL_3A_G_I23   ;            ; clk~inputCLKENA0|outclk                                                                                                                                                   ;
;   4.800 ;   2.674 ; RR ; IC   ; 43     ; MPDSP_X74_Y40_N0   ; Mixed      ; u0|intel_vvp_adv_tpg_0|intel_vvp_adv_tpg_0|mixer_inst_0|dp_inst|blended_pixel_gen[0].blended_col_gen[2].mult_add_inst|partial_gen[0].mult_2_inst|add_0_0~DATAOUTA0|clk[0] ;
;   4.800 ;   0.000 ; RR ; CELL ; 91     ; MPDSP_X74_Y40_N0   ; High Speed ; u0|intel_vvp_adv_tpg_0|intel_vvp_adv_tpg_0|mixer_inst_0|dp_inst|blended_pixel_gen[0].blended_col_gen[2].mult_add_inst|partial_gen[0].mult_2_inst|add_0_0~DATAOUTA0~reg0   ;
;   5.073 ;   0.273 ;    ;      ;        ;                    ;            ; clock pessimism removed                                                                                                                                                   ;
; 5.043   ; -0.030  ;    ;      ;        ;                    ;            ; clock uncertainty                                                                                                                                                         ;
; 4.919   ; -0.124  ;    ; uTsu ; 91     ; MPDSP_X74_Y40_N0   ;            ; u0|intel_vvp_adv_tpg_0|intel_vvp_adv_tpg_0|mixer_inst_0|dp_inst|blended_pixel_gen[0].blended_col_gen[2].mult_add_inst|partial_gen[0].mult_2_inst|add_0_0~DATAOUTA0~reg0   ;
+---------+---------+----+------+--------+--------------------+------------+---------------------------------------------------------------------------------------------------------------------------------------------------------------------------+



Path #10: Setup slack is -1.592 (VIOLATED)
===============================================================================
+-----------------------------------------------------------------------------------------------------------------------------------------------------------------------------------------------------------+
; Path Summary                                                                                                                                                                                              ;
+---------------------------------+-------------------------------------------------------------------------------------------------------------------------------------------------------------------------+
; Property                        ; Value                                                                                                                                                                   ;
+---------------------------------+-------------------------------------------------------------------------------------------------------------------------------------------------------------------------+
; From Node                       ; u0|intel_vvp_dil_0|intel_vvp_dil_0|scheduler|state.END_WAIT_FOR_CTRL_OUT_TREADY_2                                                                                       ;
; To Node                         ; u0|intel_vvp_adv_tpg_0|intel_vvp_adv_tpg_0|mixer_inst_0|dp_inst|blended_pixel_gen[0].blended_col_gen[1].mult_add_inst|partial_gen[0].mult_2_inst|add_0_0~DATAOUTA0~reg0 ;
; Launch Clock                    ; clk~derived                                                                                                                                                             ;
; Latch Clock                     ; clk~derived                                                                                                                                                             ;
; SDC Exception                   ; No SDC Exception on Path                                                                                                                                                ;
; Data Arrival Time               ; 6.508                                                                                                                                                                   ;
; Data Required Time              ; 4.916                                                                                                                                                                   ;
; Slack                           ; -1.592 (VIOLATED)                                                                                                                                                       ;
; Worst-Case Operating Conditions ; Slow 900mV 100C Model                                                                                                                                                   ;
+---------------------------------+-------------------------------------------------------------------------------------------------------------------------------------------------------------------------+

+------------------------------------------------------------------------------------+
; Statistics                                                                         ;
+------------------------+--------+-------+-------------+------------+-------+-------+
; Property               ; Value  ; Count ; Total Delay ; % of Total ; Min   ; Max   ;
+------------------------+--------+-------+-------------+------------+-------+-------+
; Setup Relationship     ; 1.000  ;       ;             ;            ;       ;       ;
; Clock Skew             ; -0.035 ;       ;             ;            ;       ;       ;
; Data Delay             ; 2.405  ;       ;             ;            ;       ;       ;
; Number of Logic Levels ;        ; 4     ;             ;            ;       ;       ;
; Physical Delays        ;        ;       ;             ;            ;       ;       ;
;  Arrival Path          ;        ;       ;             ;            ;       ;       ;
;   Clock                ;        ;       ;             ;            ;       ;       ;
;    IC                  ;        ; 3     ; 2.867       ; 70         ; 0.000 ; 2.867 ;
;    Cell                ;        ; 4     ; 1.236       ; 30         ; 0.000 ; 0.547 ;
;   Data                 ;        ;       ;             ;            ;       ;       ;
;    IC                  ;        ; 5     ; 1.657       ; 69         ; 0.189 ; 0.834 ;
;    Cell                ;        ; 10    ; 0.524       ; 22         ; 0.000 ; 0.154 ;
;    uTco                ;        ; 1     ; 0.224       ; 9          ; 0.224 ; 0.224 ;
;  Required Path         ;        ;       ;             ;            ;       ;       ;
;   Clock                ;        ;       ;             ;            ;       ;       ;
;    IC                  ;        ; 3     ; 2.669       ; 70         ; 0.000 ; 2.669 ;
;    Cell                ;        ; 4     ; 1.126       ; 30         ; 0.000 ; 0.547 ;
+------------------------+--------+-------+-------------+------------+-------+-------+
Note: Negative delays are omitted from totals when calculating percentages

+----------------------------------------------------------------------------------------------------------------------------------------------------------------------------------------------------------------------------------------------------------+
; Data Arrival Path                                                                                                                                                                                                                                        ;
+---------+---------+----+--------+--------+----------------------+------------+---------------------------------------------------------------------------------------------------------------------------------------------------------------------------+
; Total   ; Incr    ; RF ; Type   ; Fanout ; Location             ; HS/LP      ; Element                                                                                                                                                                   ;
+---------+---------+----+--------+--------+----------------------+------------+---------------------------------------------------------------------------------------------------------------------------------------------------------------------------+
; 0.000   ; 0.000   ;    ;        ;        ;                      ;            ; launch edge time                                                                                                                                                          ;
; 0.000   ; 0.000   ;    ; borrow ;        ;                      ;            ; time borrowed                                                                                                                                                             ;
; 4.103   ; 4.103   ;    ;        ;        ;                      ;            ; clock path                                                                                                                                                                ;
;   0.000 ;   0.000 ;    ;        ;        ;                      ;            ; source latency                                                                                                                                                            ;
;   0.000 ;   0.000 ;    ;        ; 1      ; PIN_L3               ;            ; clk                                                                                                                                                                       ;
;   0.000 ;   0.000 ; RR ; IC     ; 1      ; IOIBUF_X102_Y6_N47   ;            ; clk~input|i                                                                                                                                                               ;
;   0.547 ;   0.547 ; RR ; CELL   ; 1      ; IOIBUF_X102_Y6_N47   ;            ; clk~input|o                                                                                                                                                               ;
;   0.708 ;   0.161 ; RR ; CELL   ; 1      ; IOIBUF_X102_Y6_N47   ;            ; clk~input~io_48_lvds_tile_edge/ioclkin[2]                                                                                                                                 ;
;   0.708 ;   0.000 ; RR ; IC     ; 2      ; CLKCTRL_3A_G_I23     ;            ; clk~inputCLKENA0|inclk                                                                                                                                                    ;
;   1.236 ;   0.528 ; RR ; CELL   ; 1155   ; CLKCTRL_3A_G_I23     ;            ; clk~inputCLKENA0|outclk                                                                                                                                                   ;
;   4.103 ;   2.867 ; RR ; IC     ; 1      ; FF_X87_Y39_N35       ; High Speed ; u0|intel_vvp_dil_0|intel_vvp_dil_0|scheduler|state.END_WAIT_FOR_CTRL_OUT_TREADY_2|clk                                                                                     ;
;   4.103 ;   0.000 ; RR ; CELL   ; 1      ; FF_X87_Y39_N35       ; High Speed ; u0|intel_vvp_dil_0|intel_vvp_dil_0|scheduler|state.END_WAIT_FOR_CTRL_OUT_TREADY_2                                                                                         ;
; 6.508   ; 2.405   ;    ;        ;        ;                      ;            ; data path                                                                                                                                                                 ;
;   4.327 ;   0.224 ; FF ; uTco   ; 2      ; FF_X87_Y39_N35       ;            ; u0|intel_vvp_dil_0|intel_vvp_dil_0|scheduler|state.END_WAIT_FOR_CTRL_OUT_TREADY_2|q                                                                                       ;
;   4.456 ;   0.129 ; FF ; CELL   ; 4      ; FF_X87_Y39_N35       ; High Speed ; u0|intel_vvp_dil_0|intel_vvp_dil_0|scheduler|state.END_WAIT_FOR_CTRL_OUT_TREADY_2~la_mlab/laboutb[3]                                                                      ;
;   4.656 ;   0.200 ; FF ; IC     ; 1      ; LABCELL_X86_Y39_N54  ; High Speed ; u0|intel_vvp_dil_0|intel_vvp_dil_0|scheduler|axi_st_ctrl_out_tvalid_comb~2|datac                                                                                          ;
;   4.810 ;   0.154 ; FR ; CELL   ; 2      ; LABCELL_X86_Y39_N54  ; High Speed ; u0|intel_vvp_dil_0|intel_vvp_dil_0|scheduler|axi_st_ctrl_out_tvalid_comb~2|combout                                                                                        ;
;   4.814 ;   0.004 ; RR ; CELL   ; 2      ; LABCELL_X86_Y39_N54  ; High Speed ; u0|intel_vvp_dil_0|intel_vvp_dil_0|scheduler|axi_st_ctrl_out_tvalid_comb~2~la_lab/laboutb[16]                                                                             ;
;   5.003 ;   0.189 ; RR ; IC     ; 1      ; LABCELL_X86_Y39_N48  ; High Speed ; u0|intel_vvp_dil_0|intel_vvp_dil_0|scheduler|axi_out|din_ready|datae                                                                                                      ;
;   5.138 ;   0.135 ; RR ; CELL   ; 2      ; LABCELL_X86_Y39_N48  ; High Speed ; u0|intel_vvp_dil_0|intel_vvp_dil_0|scheduler|axi_out|din_ready|combout                                                                                                    ;
;   5.142 ;   0.004 ; RR ; CELL   ; 4      ; LABCELL_X86_Y39_N48  ; High Speed ; u0|intel_vvp_dil_0|intel_vvp_dil_0|scheduler|axi_out|din_ready~la_lab/laboutb[12]                                                                                         ;
;   5.356 ;   0.214 ; RR ; IC     ; 1      ; LABCELL_X86_Y39_N18  ; High Speed ; u0|intel_vvp_dil_0|intel_vvp_dil_0|iib|ctrl_master_inst|din_ready~0|dataf                                                                                                 ;
;   5.400 ;   0.044 ; RR ; CELL   ; 2      ; LABCELL_X86_Y39_N18  ; High Speed ; u0|intel_vvp_dil_0|intel_vvp_dil_0|iib|ctrl_master_inst|din_ready~0|combout                                                                                               ;
;   5.405 ;   0.005 ; RR ; CELL   ; 13     ; LABCELL_X86_Y39_N18  ; High Speed ; u0|intel_vvp_dil_0|intel_vvp_dil_0|iib|ctrl_master_inst|din_ready~0~la_lab/laboutt[13]                                                                                    ;
;   5.625 ;   0.220 ; RR ; IC     ; 1      ; MLABCELL_X85_Y39_N12 ; High Speed ; u0|intel_vvp_adv_tpg_0|intel_vvp_adv_tpg_0|mixer_inst_0|dout_master_inst|din_ready|dataf                                                                                  ;
;   5.668 ;   0.043 ; RR ; CELL   ; 1      ; MLABCELL_X85_Y39_N12 ; High Speed ; u0|intel_vvp_adv_tpg_0|intel_vvp_adv_tpg_0|mixer_inst_0|dout_master_inst|din_ready|combout                                                                                ;
;   5.674 ;   0.006 ; RR ; CELL   ; 57     ; MLABCELL_X85_Y39_N12 ; High Speed ; u0|intel_vvp_adv_tpg_0|intel_vvp_adv_tpg_0|mixer_inst_0|dout_master_inst|din_ready~la_mlab/laboutt[8]                                                                     ;
;   6.508 ;   0.834 ; RR ; IC     ; 1      ; MPDSP_X74_Y43_N0     ; High Speed ; u0|intel_vvp_adv_tpg_0|intel_vvp_adv_tpg_0|mixer_inst_0|dp_inst|blended_pixel_gen[0].blended_col_gen[1].mult_add_inst|partial_gen[0].mult_2_inst|add_0_0~DATAOUTA0|ena[0] ;
;   6.508 ;   0.000 ; RR ; CELL   ; 91     ; MPDSP_X74_Y43_N0     ; High Speed ; u0|intel_vvp_adv_tpg_0|intel_vvp_adv_tpg_0|mixer_inst_0|dp_inst|blended_pixel_gen[0].blended_col_gen[1].mult_add_inst|partial_gen[0].mult_2_inst|add_0_0~DATAOUTA0~reg0   ;
+---------+---------+----+--------+--------+----------------------+------------+---------------------------------------------------------------------------------------------------------------------------------------------------------------------------+

+------------------------------------------------------------------------------------------------------------------------------------------------------------------------------------------------------------------------------------------------------+
; Data Required Path                                                                                                                                                                                                                                   ;
+---------+---------+----+------+--------+--------------------+------------+---------------------------------------------------------------------------------------------------------------------------------------------------------------------------+
; Total   ; Incr    ; RF ; Type ; Fanout ; Location           ; HS/LP      ; Element                                                                                                                                                                   ;
+---------+---------+----+------+--------+--------------------+------------+---------------------------------------------------------------------------------------------------------------------------------------------------------------------------+
; 1.000   ; 1.000   ;    ;      ;        ;                    ;            ; latch edge time                                                                                                                                                           ;
; 5.068   ; 4.068   ;    ;      ;        ;                    ;            ; clock path                                                                                                                                                                ;
;   1.000 ;   0.000 ;    ;      ;        ;                    ;            ; source latency                                                                                                                                                            ;
;   1.000 ;   0.000 ;    ;      ; 1      ; PIN_L3             ;            ; clk                                                                                                                                                                       ;
;   1.000 ;   0.000 ; RR ; IC   ; 1      ; IOIBUF_X102_Y6_N47 ;            ; clk~input|i                                                                                                                                                               ;
;   1.547 ;   0.547 ; RR ; CELL ; 1      ; IOIBUF_X102_Y6_N47 ;            ; clk~input|o                                                                                                                                                               ;
;   1.677 ;   0.130 ; RR ; CELL ; 1      ; IOIBUF_X102_Y6_N47 ;            ; clk~input~io_48_lvds_tile_edge/ioclkin[2]                                                                                                                                 ;
;   1.677 ;   0.000 ; RR ; IC   ; 2      ; CLKCTRL_3A_G_I23   ;            ; clk~inputCLKENA0|inclk                                                                                                                                                    ;
;   2.126 ;   0.449 ; RR ; CELL ; 1155   ; CLKCTRL_3A_G_I23   ;            ; clk~inputCLKENA0|outclk                                                                                                                                                   ;
;   4.795 ;   2.669 ; RR ; IC   ; 43     ; MPDSP_X74_Y43_N0   ; Mixed      ; u0|intel_vvp_adv_tpg_0|intel_vvp_adv_tpg_0|mixer_inst_0|dp_inst|blended_pixel_gen[0].blended_col_gen[1].mult_add_inst|partial_gen[0].mult_2_inst|add_0_0~DATAOUTA0|clk[0] ;
;   4.795 ;   0.000 ; RR ; CELL ; 91     ; MPDSP_X74_Y43_N0   ; High Speed ; u0|intel_vvp_adv_tpg_0|intel_vvp_adv_tpg_0|mixer_inst_0|dp_inst|blended_pixel_gen[0].blended_col_gen[1].mult_add_inst|partial_gen[0].mult_2_inst|add_0_0~DATAOUTA0~reg0   ;
;   5.068 ;   0.273 ;    ;      ;        ;                    ;            ; clock pessimism removed                                                                                                                                                   ;
; 5.038   ; -0.030  ;    ;      ;        ;                    ;            ; clock uncertainty                                                                                                                                                         ;
; 4.916   ; -0.122  ;    ; uTsu ; 91     ; MPDSP_X74_Y43_N0   ;            ; u0|intel_vvp_adv_tpg_0|intel_vvp_adv_tpg_0|mixer_inst_0|dp_inst|blended_pixel_gen[0].blended_col_gen[1].mult_add_inst|partial_gen[0].mult_2_inst|add_0_0~DATAOUTA0~reg0   ;
+---------+---------+----+------+--------+--------------------+------------+---------------------------------------------------------------------------------------------------------------------------------------------------------------------------+



----------------
; Command Info ;
----------------
Report Timing: Found 10 hold paths (0 violated).  Worst case slack is 0.013 

Tcl Command:
    report_timing -hold -panel_name {Worst-Case Timing Paths||Hold||clk~derived} -to_clock [get_clocks {clk~derived}] -npaths 10 -detail full_path

Options:
    -to_clock [get_clocks {clk~derived}] 
    -hold 
    -npaths 10 
    -detail full_path 
    -panel_name {clk~derived} 

Snapshot:
    final

Delay Models:
    Slow 900mV 100C Model
    Slow 900mV 0C Model
    Fast 900mV 100C Model
    Fast 900mV 0C Model


+-----------------------------------------------------------------------------------------------------------------------------------------------------------------------------------------------------------------------------------------------------------------------------------------------------------------------------------------------------------------------------------------+
; Summary of Paths                                                                                                                                                                                                                                                                                                                                                                        ;
+-------+------------------------------------------------------------------------------------------------------------------------------------+------------------------------------------------------------------------------------------------------------------------------------+--------------+-------------+--------------+------------+------------+---------------------------------+
; Slack ; From Node                                                                                                                          ; To Node                                                                                                                            ; Launch Clock ; Latch Clock ; Relationship ; Clock Skew ; Data Delay ; Worst-Case Operating Conditions ;
+-------+------------------------------------------------------------------------------------------------------------------------------------+------------------------------------------------------------------------------------------------------------------------------------+--------------+-------------+--------------+------------+------------+---------------------------------+
; 0.013 ; u0|intel_vvp_dil_0|intel_vvp_dil_0|iib|first_beat                                                                                  ; u0|intel_vvp_dil_0|intel_vvp_dil_0|iib|first_beat                                                                                  ; clk~derived  ; clk~derived ; 0.000        ; 0.001      ; 0.265      ; Fast 900mV 0C Model             ;
; 0.015 ; u0|intel_vvp_adv_tpg_0|intel_vvp_adv_tpg_0|scheduler|mixer_cmd_gen[0].mixer_cmd_master_inst|pipe_bridge_inst|axi_st_dout_tdata[49] ; u0|intel_vvp_adv_tpg_0|intel_vvp_adv_tpg_0|scheduler|mixer_cmd_gen[0].mixer_cmd_master_inst|pipe_bridge_inst|axi_st_dout_tdata[49] ; clk~derived  ; clk~derived ; 0.000        ; 0.000      ; 0.267      ; Fast 900mV 0C Model             ;
; 0.015 ; u0|intel_vvp_dil_0|intel_vvp_dil_0|duplicator|state.RUN                                                                            ; u0|intel_vvp_dil_0|intel_vvp_dil_0|duplicator|state.RUN                                                                            ; clk~derived  ; clk~derived ; 0.000        ; 0.000      ; 0.266      ; Fast 900mV 0C Model             ;
; 0.016 ; u0|intel_vvp_dil_0|intel_vvp_dil_0|scheduler|iip_beat_counter[0]                                                                   ; u0|intel_vvp_dil_0|intel_vvp_dil_0|scheduler|iip_beat_counter[0]                                                                   ; clk~derived  ; clk~derived ; 0.000        ; 0.000      ; 0.261      ; Fast 900mV 0C Model             ;
; 0.017 ; u0|intel_vvp_dil_0|intel_vvp_dil_0|line_buffer|resend_inst|read_state.READ_RESET                                                   ; u0|intel_vvp_dil_0|intel_vvp_dil_0|line_buffer|resend_inst|read_state.READ_RESET                                                   ; clk~derived  ; clk~derived ; 0.000        ; 0.000      ; 0.275      ; Fast 900mV 0C Model             ;
; 0.017 ; u0|intel_vvp_dil_0|intel_vvp_dil_0|line_buffer|resend_inst|read_state.READ_FLUSH                                                   ; u0|intel_vvp_dil_0|intel_vvp_dil_0|line_buffer|resend_inst|read_state.READ_FLUSH                                                   ; clk~derived  ; clk~derived ; 0.000        ; 0.000      ; 0.280      ; Fast 900mV 0C Model             ;
; 0.017 ; u0|intel_vvp_dil_0|intel_vvp_dil_0|mux|selected_input[0]                                                                           ; u0|intel_vvp_dil_0|intel_vvp_dil_0|mux|selected_input[0]                                                                           ; clk~derived  ; clk~derived ; 0.000        ; 0.000      ; 0.267      ; Fast 900mV 0C Model             ;
; 0.018 ; u0|intel_vvp_adv_tpg_0|intel_vvp_adv_tpg_0|core_inst_1|bar_pixel_count[0][12]                                                      ; u0|intel_vvp_adv_tpg_0|intel_vvp_adv_tpg_0|core_inst_1|bar_pixel_count[0][12]                                                      ; clk~derived  ; clk~derived ; 0.000        ; 0.000      ; 0.265      ; Fast 900mV 0C Model             ;
; 0.018 ; u0|intel_vvp_adv_tpg_0|intel_vvp_adv_tpg_0|core_inst_0|state.RUN                                                                   ; u0|intel_vvp_adv_tpg_0|intel_vvp_adv_tpg_0|core_inst_0|state.RUN                                                                   ; clk~derived  ; clk~derived ; 0.000        ; 0.000      ; 0.270      ; Fast 900mV 0C Model             ;
; 0.018 ; u0|intel_vvp_adv_tpg_0|intel_vvp_adv_tpg_0|scheduler|mixer_cmd_gen[0].mixer_cmd_master_inst|pipe_bridge_inst|din_ready_dup         ; u0|intel_vvp_adv_tpg_0|intel_vvp_adv_tpg_0|scheduler|mixer_cmd_gen[0].mixer_cmd_master_inst|pipe_bridge_inst|din_ready_dup         ; clk~derived  ; clk~derived ; 0.000        ; 0.000      ; 0.266      ; Fast 900mV 0C Model             ;
+-------+------------------------------------------------------------------------------------------------------------------------------------+------------------------------------------------------------------------------------------------------------------------------------+--------------+-------------+--------------+------------+------------+---------------------------------+


Path #1: Hold slack is 0.013 
===============================================================================
+-------------------------------------------------------------------------------------+
; Path Summary                                                                        ;
+---------------------------------+---------------------------------------------------+
; Property                        ; Value                                             ;
+---------------------------------+---------------------------------------------------+
; From Node                       ; u0|intel_vvp_dil_0|intel_vvp_dil_0|iib|first_beat ;
; To Node                         ; u0|intel_vvp_dil_0|intel_vvp_dil_0|iib|first_beat ;
; Launch Clock                    ; clk~derived                                       ;
; Latch Clock                     ; clk~derived                                       ;
; SDC Exception                   ; No SDC Exception on Path                          ;
; Data Arrival Time               ; 2.444                                             ;
; Data Required Time              ; 2.431                                             ;
; Slack                           ; 0.013                                             ;
; Worst-Case Operating Conditions ; Fast 900mV 0C Model                               ;
+---------------------------------+---------------------------------------------------+

+-----------------------------------------------------------------------------------+
; Statistics                                                                        ;
+------------------------+-------+-------+-------------+------------+-------+-------+
; Property               ; Value ; Count ; Total Delay ; % of Total ; Min   ; Max   ;
+------------------------+-------+-------+-------------+------------+-------+-------+
; Hold Relationship      ; 0.000 ;       ;             ;            ;       ;       ;
; Clock Skew             ; 0.001 ;       ;             ;            ;       ;       ;
; Data Delay             ; 0.265 ;       ;             ;            ;       ;       ;
; Number of Logic Levels ;       ; 1     ;             ;            ;       ;       ;
; Physical Delays        ;       ;       ;             ;            ;       ;       ;
;  Arrival Path          ;       ;       ;             ;            ;       ;       ;
;   Clock                ;       ;       ;             ;            ;       ;       ;
;    IC                  ;       ; 3     ; 1.621       ; 74         ; 0.000 ; 1.621 ;
;    Cell                ;       ; 4     ; 0.558       ; 26         ; 0.000 ; 0.261 ;
;   Data                 ;       ;       ;             ;            ;       ;       ;
;    Cell                ;       ; 4     ; 0.154       ; 58         ; 0.000 ; 0.154 ;
;    uTco                ;       ; 1     ; 0.111       ; 42         ; 0.111 ; 0.111 ;
;  Required Path         ;       ;       ;             ;            ;       ;       ;
;   Clock                ;       ;       ;             ;            ;       ;       ;
;    IC                  ;       ; 3     ; 1.750       ; 74         ; 0.000 ; 1.750 ;
;    Cell                ;       ; 4     ; 0.621       ; 26         ; 0.000 ; 0.284 ;
+------------------------+-------+-------+-------------+------------+-------+-------+
Note: Negative delays are omitted from totals when calculating percentages

+--------------------------------------------------------------------------------------------------------------------------------------+
; Data Arrival Path                                                                                                                    ;
+---------+---------+----+--------+--------+----------------------+------------+-------------------------------------------------------+
; Total   ; Incr    ; RF ; Type   ; Fanout ; Location             ; HS/LP      ; Element                                               ;
+---------+---------+----+--------+--------+----------------------+------------+-------------------------------------------------------+
; 0.000   ; 0.000   ;    ;        ;        ;                      ;            ; launch edge time                                      ;
; 0.000   ; 0.000   ;    ; borrow ;        ;                      ;            ; time borrowed                                         ;
; 2.179   ; 2.179   ;    ;        ;        ;                      ;            ; clock path                                            ;
;   0.000 ;   0.000 ;    ;        ;        ;                      ;            ; source latency                                        ;
;   0.000 ;   0.000 ;    ;        ; 1      ; PIN_L3               ;            ; clk                                                   ;
;   0.000 ;   0.000 ; RR ; IC     ; 1      ; IOIBUF_X102_Y6_N47   ;            ; clk~input|i                                           ;
;   0.261 ;   0.261 ; RR ; CELL   ; 1      ; IOIBUF_X102_Y6_N47   ;            ; clk~input|o                                           ;
;   0.323 ;   0.062 ; RR ; CELL   ; 1      ; IOIBUF_X102_Y6_N47   ;            ; clk~input~io_48_lvds_tile_edge/ioclkin[2]             ;
;   0.323 ;   0.000 ; RR ; IC     ; 2      ; CLKCTRL_3A_G_I23     ;            ; clk~inputCLKENA0|inclk                                ;
;   0.558 ;   0.235 ; RR ; CELL   ; 1155   ; CLKCTRL_3A_G_I23     ;            ; clk~inputCLKENA0|outclk                               ;
;   2.179 ;   1.621 ; RR ; IC     ; 1      ; FF_X89_Y39_N19       ; High Speed ; u0|intel_vvp_dil_0|intel_vvp_dil_0|iib|first_beat|clk ;
;   2.179 ;   0.000 ; RR ; CELL   ; 1      ; FF_X89_Y39_N19       ; High Speed ; u0|intel_vvp_dil_0|intel_vvp_dil_0|iib|first_beat     ;
; 2.444   ; 0.265   ;    ;        ;        ;                      ;            ; data path                                             ;
;   2.290 ;   0.111 ; FF ; uTco   ; 2      ; FF_X89_Y39_N19       ;            ; u0|intel_vvp_dil_0|intel_vvp_dil_0|iib|first_beat|q   ;
;   2.290 ;   0.000 ; FF ; CELL   ; 1      ; MLABCELL_X89_Y39_N18 ; High Speed ; u0|intel_vvp_dil_0|intel_vvp_dil_0|iib|i10~0|datad    ;
;   2.444 ;   0.154 ; FF ; CELL   ; 1      ; MLABCELL_X89_Y39_N18 ; High Speed ; u0|intel_vvp_dil_0|intel_vvp_dil_0|iib|i10~0|combout  ;
;   2.444 ;   0.000 ; FF ; CELL   ; 1      ; FF_X89_Y39_N19       ; High Speed ; u0|intel_vvp_dil_0|intel_vvp_dil_0|iib|first_beat|d   ;
;   2.444 ;   0.000 ; FF ; CELL   ; 1      ; FF_X89_Y39_N19       ; High Speed ; u0|intel_vvp_dil_0|intel_vvp_dil_0|iib|first_beat     ;
+---------+---------+----+--------+--------+----------------------+------------+-------------------------------------------------------+

+-------------------------------------------------------------------------------------------------------------------------------------+
; Data Required Path                                                                                                                  ;
+---------+----------+----+--------+--------+--------------------+------------+-------------------------------------------------------+
; Total   ; Incr     ; RF ; Type   ; Fanout ; Location           ; HS/LP      ; Element                                               ;
+---------+----------+----+--------+--------+--------------------+------------+-------------------------------------------------------+
; 0.000   ; 0.000    ;    ;        ;        ;                    ;            ; latch edge time                                       ;
; 0.000   ; 0.000    ;    ; borrow ;        ;                    ;            ; time borrowed                                         ;
; 2.180   ; 2.180    ;    ;        ;        ;                    ;            ; clock path                                            ;
;   0.000 ;   0.000  ;    ;        ;        ;                    ;            ; source latency                                        ;
;   0.000 ;   0.000  ;    ;        ; 1      ; PIN_L3             ;            ; clk                                                   ;
;   0.000 ;   0.000  ; RR ; IC     ; 1      ; IOIBUF_X102_Y6_N47 ;            ; clk~input|i                                           ;
;   0.261 ;   0.261  ; RR ; CELL   ; 1      ; IOIBUF_X102_Y6_N47 ;            ; clk~input|o                                           ;
;   0.337 ;   0.076  ; RR ; CELL   ; 1      ; IOIBUF_X102_Y6_N47 ;            ; clk~input~io_48_lvds_tile_edge/ioclkin[2]             ;
;   0.337 ;   0.000  ; RR ; IC     ; 2      ; CLKCTRL_3A_G_I23   ;            ; clk~inputCLKENA0|inclk                                ;
;   0.621 ;   0.284  ; RR ; CELL   ; 1155   ; CLKCTRL_3A_G_I23   ;            ; clk~inputCLKENA0|outclk                               ;
;   2.371 ;   1.750  ; RR ; IC     ; 1      ; FF_X89_Y39_N19     ; High Speed ; u0|intel_vvp_dil_0|intel_vvp_dil_0|iib|first_beat|clk ;
;   2.371 ;   0.000  ; RR ; CELL   ; 1      ; FF_X89_Y39_N19     ; High Speed ; u0|intel_vvp_dil_0|intel_vvp_dil_0|iib|first_beat     ;
;   2.180 ;   -0.191 ;    ;        ;        ;                    ;            ; clock pessimism removed                               ;
; 2.180   ; 0.000    ;    ;        ;        ;                    ;            ; clock uncertainty                                     ;
; 2.431   ; 0.251    ;    ; uTh    ; 1      ; FF_X89_Y39_N19     ;            ; u0|intel_vvp_dil_0|intel_vvp_dil_0|iib|first_beat     ;
+---------+----------+----+--------+--------+--------------------+------------+-------------------------------------------------------+



Path #2: Hold slack is 0.015 
===============================================================================
+----------------------------------------------------------------------------------------------------------------------------------------------------------------------+
; Path Summary                                                                                                                                                         ;
+---------------------------------+------------------------------------------------------------------------------------------------------------------------------------+
; Property                        ; Value                                                                                                                              ;
+---------------------------------+------------------------------------------------------------------------------------------------------------------------------------+
; From Node                       ; u0|intel_vvp_adv_tpg_0|intel_vvp_adv_tpg_0|scheduler|mixer_cmd_gen[0].mixer_cmd_master_inst|pipe_bridge_inst|axi_st_dout_tdata[49] ;
; To Node                         ; u0|intel_vvp_adv_tpg_0|intel_vvp_adv_tpg_0|scheduler|mixer_cmd_gen[0].mixer_cmd_master_inst|pipe_bridge_inst|axi_st_dout_tdata[49] ;
; Launch Clock                    ; clk~derived                                                                                                                        ;
; Latch Clock                     ; clk~derived                                                                                                                        ;
; SDC Exception                   ; No SDC Exception on Path                                                                                                           ;
; Data Arrival Time               ; 2.435                                                                                                                              ;
; Data Required Time              ; 2.420                                                                                                                              ;
; Slack                           ; 0.015                                                                                                                              ;
; Worst-Case Operating Conditions ; Fast 900mV 0C Model                                                                                                                ;
+---------------------------------+------------------------------------------------------------------------------------------------------------------------------------+

+-----------------------------------------------------------------------------------+
; Statistics                                                                        ;
+------------------------+-------+-------+-------------+------------+-------+-------+
; Property               ; Value ; Count ; Total Delay ; % of Total ; Min   ; Max   ;
+------------------------+-------+-------+-------------+------------+-------+-------+
; Hold Relationship      ; 0.000 ;       ;             ;            ;       ;       ;
; Clock Skew             ; 0.000 ;       ;             ;            ;       ;       ;
; Data Delay             ; 0.267 ;       ;             ;            ;       ;       ;
; Number of Logic Levels ;       ; 1     ;             ;            ;       ;       ;
; Physical Delays        ;       ;       ;             ;            ;       ;       ;
;  Arrival Path          ;       ;       ;             ;            ;       ;       ;
;   Clock                ;       ;       ;             ;            ;       ;       ;
;    IC                  ;       ; 3     ; 1.610       ; 74         ; 0.000 ; 1.610 ;
;    Cell                ;       ; 4     ; 0.558       ; 26         ; 0.000 ; 0.261 ;
;   Data                 ;       ;       ;             ;            ;       ;       ;
;    Cell                ;       ; 4     ; 0.155       ; 58         ; 0.000 ; 0.155 ;
;    uTco                ;       ; 1     ; 0.112       ; 42         ; 0.112 ; 0.112 ;
;  Required Path         ;       ;       ;             ;            ;       ;       ;
;   Clock                ;       ;       ;             ;            ;       ;       ;
;    IC                  ;       ; 3     ; 1.737       ; 74         ; 0.000 ; 1.737 ;
;    Cell                ;       ; 4     ; 0.621       ; 26         ; 0.000 ; 0.284 ;
+------------------------+-------+-------+-------------+------------+-------+-------+
Note: Negative delays are omitted from totals when calculating percentages

+----------------------------------------------------------------------------------------------------------------------------------------------------------------------------------------------------------------------------+
; Data Arrival Path                                                                                                                                                                                                          ;
+---------+---------+----+--------+--------+---------------------+------------+----------------------------------------------------------------------------------------------------------------------------------------------+
; Total   ; Incr    ; RF ; Type   ; Fanout ; Location            ; HS/LP      ; Element                                                                                                                                      ;
+---------+---------+----+--------+--------+---------------------+------------+----------------------------------------------------------------------------------------------------------------------------------------------+
; 0.000   ; 0.000   ;    ;        ;        ;                     ;            ; launch edge time                                                                                                                             ;
; 0.000   ; 0.000   ;    ; borrow ;        ;                     ;            ; time borrowed                                                                                                                                ;
; 2.168   ; 2.168   ;    ;        ;        ;                     ;            ; clock path                                                                                                                                   ;
;   0.000 ;   0.000 ;    ;        ;        ;                     ;            ; source latency                                                                                                                               ;
;   0.000 ;   0.000 ;    ;        ; 1      ; PIN_L3              ;            ; clk                                                                                                                                          ;
;   0.000 ;   0.000 ; RR ; IC     ; 1      ; IOIBUF_X102_Y6_N47  ;            ; clk~input|i                                                                                                                                  ;
;   0.261 ;   0.261 ; RR ; CELL   ; 1      ; IOIBUF_X102_Y6_N47  ;            ; clk~input|o                                                                                                                                  ;
;   0.323 ;   0.062 ; RR ; CELL   ; 1      ; IOIBUF_X102_Y6_N47  ;            ; clk~input~io_48_lvds_tile_edge/ioclkin[2]                                                                                                    ;
;   0.323 ;   0.000 ; RR ; IC     ; 2      ; CLKCTRL_3A_G_I23    ;            ; clk~inputCLKENA0|inclk                                                                                                                       ;
;   0.558 ;   0.235 ; RR ; CELL   ; 1155   ; CLKCTRL_3A_G_I23    ;            ; clk~inputCLKENA0|outclk                                                                                                                      ;
;   2.168 ;   1.610 ; RR ; IC     ; 1      ; FF_X83_Y38_N7       ; High Speed ; u0|intel_vvp_adv_tpg_0|intel_vvp_adv_tpg_0|scheduler|mixer_cmd_gen[0].mixer_cmd_master_inst|pipe_bridge_inst|axi_st_dout_tdata[49]|clk       ;
;   2.168 ;   0.000 ; RR ; CELL   ; 1      ; FF_X83_Y38_N7       ; High Speed ; u0|intel_vvp_adv_tpg_0|intel_vvp_adv_tpg_0|scheduler|mixer_cmd_gen[0].mixer_cmd_master_inst|pipe_bridge_inst|axi_st_dout_tdata[49]           ;
; 2.435   ; 0.267   ;    ;        ;        ;                     ;            ; data path                                                                                                                                    ;
;   2.280 ;   0.112 ; FF ; uTco   ; 2      ; FF_X83_Y38_N7       ;            ; u0|intel_vvp_adv_tpg_0|intel_vvp_adv_tpg_0|scheduler|mixer_cmd_gen[0].mixer_cmd_master_inst|pipe_bridge_inst|axi_st_dout_tdata[49]|q         ;
;   2.280 ;   0.000 ; FF ; CELL   ; 1      ; MLABCELL_X83_Y38_N6 ; High Speed ; u0|intel_vvp_adv_tpg_0|intel_vvp_adv_tpg_0|scheduler|mixer_cmd_gen[0].mixer_cmd_master_inst|pipe_bridge_inst|axi_st_dout_tdata[49]~0|datad   ;
;   2.435 ;   0.155 ; FF ; CELL   ; 1      ; MLABCELL_X83_Y38_N6 ; High Speed ; u0|intel_vvp_adv_tpg_0|intel_vvp_adv_tpg_0|scheduler|mixer_cmd_gen[0].mixer_cmd_master_inst|pipe_bridge_inst|axi_st_dout_tdata[49]~0|combout ;
;   2.435 ;   0.000 ; FF ; CELL   ; 1      ; FF_X83_Y38_N7       ; High Speed ; u0|intel_vvp_adv_tpg_0|intel_vvp_adv_tpg_0|scheduler|mixer_cmd_gen[0].mixer_cmd_master_inst|pipe_bridge_inst|axi_st_dout_tdata[49]|d         ;
;   2.435 ;   0.000 ; FF ; CELL   ; 1      ; FF_X83_Y38_N7       ; High Speed ; u0|intel_vvp_adv_tpg_0|intel_vvp_adv_tpg_0|scheduler|mixer_cmd_gen[0].mixer_cmd_master_inst|pipe_bridge_inst|axi_st_dout_tdata[49]           ;
+---------+---------+----+--------+--------+---------------------+------------+----------------------------------------------------------------------------------------------------------------------------------------------+

+----------------------------------------------------------------------------------------------------------------------------------------------------------------------------------------------------------------------+
; Data Required Path                                                                                                                                                                                                   ;
+---------+----------+----+--------+--------+--------------------+------------+----------------------------------------------------------------------------------------------------------------------------------------+
; Total   ; Incr     ; RF ; Type   ; Fanout ; Location           ; HS/LP      ; Element                                                                                                                                ;
+---------+----------+----+--------+--------+--------------------+------------+----------------------------------------------------------------------------------------------------------------------------------------+
; 0.000   ; 0.000    ;    ;        ;        ;                    ;            ; latch edge time                                                                                                                        ;
; 0.000   ; 0.000    ;    ; borrow ;        ;                    ;            ; time borrowed                                                                                                                          ;
; 2.168   ; 2.168    ;    ;        ;        ;                    ;            ; clock path                                                                                                                             ;
;   0.000 ;   0.000  ;    ;        ;        ;                    ;            ; source latency                                                                                                                         ;
;   0.000 ;   0.000  ;    ;        ; 1      ; PIN_L3             ;            ; clk                                                                                                                                    ;
;   0.000 ;   0.000  ; RR ; IC     ; 1      ; IOIBUF_X102_Y6_N47 ;            ; clk~input|i                                                                                                                            ;
;   0.261 ;   0.261  ; RR ; CELL   ; 1      ; IOIBUF_X102_Y6_N47 ;            ; clk~input|o                                                                                                                            ;
;   0.337 ;   0.076  ; RR ; CELL   ; 1      ; IOIBUF_X102_Y6_N47 ;            ; clk~input~io_48_lvds_tile_edge/ioclkin[2]                                                                                              ;
;   0.337 ;   0.000  ; RR ; IC     ; 2      ; CLKCTRL_3A_G_I23   ;            ; clk~inputCLKENA0|inclk                                                                                                                 ;
;   0.621 ;   0.284  ; RR ; CELL   ; 1155   ; CLKCTRL_3A_G_I23   ;            ; clk~inputCLKENA0|outclk                                                                                                                ;
;   2.358 ;   1.737  ; RR ; IC     ; 1      ; FF_X83_Y38_N7      ; High Speed ; u0|intel_vvp_adv_tpg_0|intel_vvp_adv_tpg_0|scheduler|mixer_cmd_gen[0].mixer_cmd_master_inst|pipe_bridge_inst|axi_st_dout_tdata[49]|clk ;
;   2.358 ;   0.000  ; RR ; CELL   ; 1      ; FF_X83_Y38_N7      ; High Speed ; u0|intel_vvp_adv_tpg_0|intel_vvp_adv_tpg_0|scheduler|mixer_cmd_gen[0].mixer_cmd_master_inst|pipe_bridge_inst|axi_st_dout_tdata[49]     ;
;   2.168 ;   -0.190 ;    ;        ;        ;                    ;            ; clock pessimism removed                                                                                                                ;
; 2.168   ; 0.000    ;    ;        ;        ;                    ;            ; clock uncertainty                                                                                                                      ;
; 2.420   ; 0.252    ;    ; uTh    ; 1      ; FF_X83_Y38_N7      ;            ; u0|intel_vvp_adv_tpg_0|intel_vvp_adv_tpg_0|scheduler|mixer_cmd_gen[0].mixer_cmd_master_inst|pipe_bridge_inst|axi_st_dout_tdata[49]     ;
+---------+----------+----+--------+--------+--------------------+------------+----------------------------------------------------------------------------------------------------------------------------------------+



Path #3: Hold slack is 0.015 
===============================================================================
+-------------------------------------------------------------------------------------------+
; Path Summary                                                                              ;
+---------------------------------+---------------------------------------------------------+
; Property                        ; Value                                                   ;
+---------------------------------+---------------------------------------------------------+
; From Node                       ; u0|intel_vvp_dil_0|intel_vvp_dil_0|duplicator|state.RUN ;
; To Node                         ; u0|intel_vvp_dil_0|intel_vvp_dil_0|duplicator|state.RUN ;
; Launch Clock                    ; clk~derived                                             ;
; Latch Clock                     ; clk~derived                                             ;
; SDC Exception                   ; No SDC Exception on Path                                ;
; Data Arrival Time               ; 2.442                                                   ;
; Data Required Time              ; 2.427                                                   ;
; Slack                           ; 0.015                                                   ;
; Worst-Case Operating Conditions ; Fast 900mV 0C Model                                     ;
+---------------------------------+---------------------------------------------------------+

+-----------------------------------------------------------------------------------+
; Statistics                                                                        ;
+------------------------+-------+-------+-------------+------------+-------+-------+
; Property               ; Value ; Count ; Total Delay ; % of Total ; Min   ; Max   ;
+------------------------+-------+-------+-------------+------------+-------+-------+
; Hold Relationship      ; 0.000 ;       ;             ;            ;       ;       ;
; Clock Skew             ; 0.000 ;       ;             ;            ;       ;       ;
; Data Delay             ; 0.266 ;       ;             ;            ;       ;       ;
; Number of Logic Levels ;       ; 1     ;             ;            ;       ;       ;
; Physical Delays        ;       ;       ;             ;            ;       ;       ;
;  Arrival Path          ;       ;       ;             ;            ;       ;       ;
;   Clock                ;       ;       ;             ;            ;       ;       ;
;    IC                  ;       ; 3     ; 1.618       ; 74         ; 0.000 ; 1.618 ;
;    Cell                ;       ; 4     ; 0.558       ; 26         ; 0.000 ; 0.261 ;
;   Data                 ;       ;       ;             ;            ;       ;       ;
;    Cell                ;       ; 4     ; 0.154       ; 58         ; 0.000 ; 0.154 ;
;    uTco                ;       ; 1     ; 0.112       ; 42         ; 0.112 ; 0.112 ;
;  Required Path         ;       ;       ;             ;            ;       ;       ;
;   Clock                ;       ;       ;             ;            ;       ;       ;
;    IC                  ;       ; 3     ; 1.746       ; 74         ; 0.000 ; 1.746 ;
;    Cell                ;       ; 4     ; 0.621       ; 26         ; 0.000 ; 0.284 ;
+------------------------+-------+-------+-------------+------------+-------+-------+
Note: Negative delays are omitted from totals when calculating percentages

+-----------------------------------------------------------------------------------------------------------------------------------------------------+
; Data Arrival Path                                                                                                                                   ;
+---------+---------+----+--------+--------+---------------------+------------+-----------------------------------------------------------------------+
; Total   ; Incr    ; RF ; Type   ; Fanout ; Location            ; HS/LP      ; Element                                                               ;
+---------+---------+----+--------+--------+---------------------+------------+-----------------------------------------------------------------------+
; 0.000   ; 0.000   ;    ;        ;        ;                     ;            ; launch edge time                                                      ;
; 0.000   ; 0.000   ;    ; borrow ;        ;                     ;            ; time borrowed                                                         ;
; 2.176   ; 2.176   ;    ;        ;        ;                     ;            ; clock path                                                            ;
;   0.000 ;   0.000 ;    ;        ;        ;                     ;            ; source latency                                                        ;
;   0.000 ;   0.000 ;    ;        ; 1      ; PIN_L3              ;            ; clk                                                                   ;
;   0.000 ;   0.000 ; RR ; IC     ; 1      ; IOIBUF_X102_Y6_N47  ;            ; clk~input|i                                                           ;
;   0.261 ;   0.261 ; RR ; CELL   ; 1      ; IOIBUF_X102_Y6_N47  ;            ; clk~input|o                                                           ;
;   0.323 ;   0.062 ; RR ; CELL   ; 1      ; IOIBUF_X102_Y6_N47  ;            ; clk~input~io_48_lvds_tile_edge/ioclkin[2]                             ;
;   0.323 ;   0.000 ; RR ; IC     ; 2      ; CLKCTRL_3A_G_I23    ;            ; clk~inputCLKENA0|inclk                                                ;
;   0.558 ;   0.235 ; RR ; CELL   ; 1155   ; CLKCTRL_3A_G_I23    ;            ; clk~inputCLKENA0|outclk                                               ;
;   2.176 ;   1.618 ; RR ; IC     ; 1      ; FF_X85_Y40_N7       ; High Speed ; u0|intel_vvp_dil_0|intel_vvp_dil_0|duplicator|state.RUN|clk           ;
;   2.176 ;   0.000 ; RR ; CELL   ; 1      ; FF_X85_Y40_N7       ; High Speed ; u0|intel_vvp_dil_0|intel_vvp_dil_0|duplicator|state.RUN               ;
; 2.442   ; 0.266   ;    ;        ;        ;                     ;            ; data path                                                             ;
;   2.288 ;   0.112 ; FF ; uTco   ; 2      ; FF_X85_Y40_N7       ;            ; u0|intel_vvp_dil_0|intel_vvp_dil_0|duplicator|state.RUN|q             ;
;   2.288 ;   0.000 ; FF ; CELL   ; 1      ; MLABCELL_X85_Y40_N6 ; High Speed ; u0|intel_vvp_dil_0|intel_vvp_dil_0|duplicator|state_nxt.RUN~1|datae   ;
;   2.442 ;   0.154 ; FF ; CELL   ; 1      ; MLABCELL_X85_Y40_N6 ; High Speed ; u0|intel_vvp_dil_0|intel_vvp_dil_0|duplicator|state_nxt.RUN~1|combout ;
;   2.442 ;   0.000 ; FF ; CELL   ; 1      ; FF_X85_Y40_N7       ; High Speed ; u0|intel_vvp_dil_0|intel_vvp_dil_0|duplicator|state.RUN|d             ;
;   2.442 ;   0.000 ; FF ; CELL   ; 1      ; FF_X85_Y40_N7       ; High Speed ; u0|intel_vvp_dil_0|intel_vvp_dil_0|duplicator|state.RUN               ;
+---------+---------+----+--------+--------+---------------------+------------+-----------------------------------------------------------------------+

+-------------------------------------------------------------------------------------------------------------------------------------------+
; Data Required Path                                                                                                                        ;
+---------+----------+----+--------+--------+--------------------+------------+-------------------------------------------------------------+
; Total   ; Incr     ; RF ; Type   ; Fanout ; Location           ; HS/LP      ; Element                                                     ;
+---------+----------+----+--------+--------+--------------------+------------+-------------------------------------------------------------+
; 0.000   ; 0.000    ;    ;        ;        ;                    ;            ; latch edge time                                             ;
; 0.000   ; 0.000    ;    ; borrow ;        ;                    ;            ; time borrowed                                               ;
; 2.176   ; 2.176    ;    ;        ;        ;                    ;            ; clock path                                                  ;
;   0.000 ;   0.000  ;    ;        ;        ;                    ;            ; source latency                                              ;
;   0.000 ;   0.000  ;    ;        ; 1      ; PIN_L3             ;            ; clk                                                         ;
;   0.000 ;   0.000  ; RR ; IC     ; 1      ; IOIBUF_X102_Y6_N47 ;            ; clk~input|i                                                 ;
;   0.261 ;   0.261  ; RR ; CELL   ; 1      ; IOIBUF_X102_Y6_N47 ;            ; clk~input|o                                                 ;
;   0.337 ;   0.076  ; RR ; CELL   ; 1      ; IOIBUF_X102_Y6_N47 ;            ; clk~input~io_48_lvds_tile_edge/ioclkin[2]                   ;
;   0.337 ;   0.000  ; RR ; IC     ; 2      ; CLKCTRL_3A_G_I23   ;            ; clk~inputCLKENA0|inclk                                      ;
;   0.621 ;   0.284  ; RR ; CELL   ; 1155   ; CLKCTRL_3A_G_I23   ;            ; clk~inputCLKENA0|outclk                                     ;
;   2.367 ;   1.746  ; RR ; IC     ; 1      ; FF_X85_Y40_N7      ; High Speed ; u0|intel_vvp_dil_0|intel_vvp_dil_0|duplicator|state.RUN|clk ;
;   2.367 ;   0.000  ; RR ; CELL   ; 1      ; FF_X85_Y40_N7      ; High Speed ; u0|intel_vvp_dil_0|intel_vvp_dil_0|duplicator|state.RUN     ;
;   2.176 ;   -0.191 ;    ;        ;        ;                    ;            ; clock pessimism removed                                     ;
; 2.176   ; 0.000    ;    ;        ;        ;                    ;            ; clock uncertainty                                           ;
; 2.427   ; 0.251    ;    ; uTh    ; 1      ; FF_X85_Y40_N7      ;            ; u0|intel_vvp_dil_0|intel_vvp_dil_0|duplicator|state.RUN     ;
+---------+----------+----+--------+--------+--------------------+------------+-------------------------------------------------------------+



Path #4: Hold slack is 0.016 
===============================================================================
+----------------------------------------------------------------------------------------------------+
; Path Summary                                                                                       ;
+---------------------------------+------------------------------------------------------------------+
; Property                        ; Value                                                            ;
+---------------------------------+------------------------------------------------------------------+
; From Node                       ; u0|intel_vvp_dil_0|intel_vvp_dil_0|scheduler|iip_beat_counter[0] ;
; To Node                         ; u0|intel_vvp_dil_0|intel_vvp_dil_0|scheduler|iip_beat_counter[0] ;
; Launch Clock                    ; clk~derived                                                      ;
; Latch Clock                     ; clk~derived                                                      ;
; SDC Exception                   ; No SDC Exception on Path                                         ;
; Data Arrival Time               ; 2.441                                                            ;
; Data Required Time              ; 2.425                                                            ;
; Slack                           ; 0.016                                                            ;
; Worst-Case Operating Conditions ; Fast 900mV 0C Model                                              ;
+---------------------------------+------------------------------------------------------------------+

+-----------------------------------------------------------------------------------+
; Statistics                                                                        ;
+------------------------+-------+-------+-------------+------------+-------+-------+
; Property               ; Value ; Count ; Total Delay ; % of Total ; Min   ; Max   ;
+------------------------+-------+-------+-------------+------------+-------+-------+
; Hold Relationship      ; 0.000 ;       ;             ;            ;       ;       ;
; Clock Skew             ; 0.000 ;       ;             ;            ;       ;       ;
; Data Delay             ; 0.261 ;       ;             ;            ;       ;       ;
; Number of Logic Levels ;       ; 1     ;             ;            ;       ;       ;
; Physical Delays        ;       ;       ;             ;            ;       ;       ;
;  Arrival Path          ;       ;       ;             ;            ;       ;       ;
;   Clock                ;       ;       ;             ;            ;       ;       ;
;    IC                  ;       ; 3     ; 1.622       ; 74         ; 0.000 ; 1.622 ;
;    Cell                ;       ; 4     ; 0.558       ; 26         ; 0.000 ; 0.261 ;
;   Data                 ;       ;       ;             ;            ;       ;       ;
;    Cell                ;       ; 4     ; 0.155       ; 59         ; 0.000 ; 0.155 ;
;    uTco                ;       ; 1     ; 0.106       ; 41         ; 0.106 ; 0.106 ;
;  Required Path         ;       ;       ;             ;            ;       ;       ;
;   Clock                ;       ;       ;             ;            ;       ;       ;
;    IC                  ;       ; 3     ; 1.750       ; 74         ; 0.000 ; 1.750 ;
;    Cell                ;       ; 4     ; 0.621       ; 26         ; 0.000 ; 0.284 ;
+------------------------+-------+-------+-------------+------------+-------+-------+
Note: Negative delays are omitted from totals when calculating percentages

+-----------------------------------------------------------------------------------------------------------------------------------------------------------+
; Data Arrival Path                                                                                                                                         ;
+---------+---------+----+--------+--------+----------------------+------------+----------------------------------------------------------------------------+
; Total   ; Incr    ; RF ; Type   ; Fanout ; Location             ; HS/LP      ; Element                                                                    ;
+---------+---------+----+--------+--------+----------------------+------------+----------------------------------------------------------------------------+
; 0.000   ; 0.000   ;    ;        ;        ;                      ;            ; launch edge time                                                           ;
; 0.000   ; 0.000   ;    ; borrow ;        ;                      ;            ; time borrowed                                                              ;
; 2.180   ; 2.180   ;    ;        ;        ;                      ;            ; clock path                                                                 ;
;   0.000 ;   0.000 ;    ;        ;        ;                      ;            ; source latency                                                             ;
;   0.000 ;   0.000 ;    ;        ; 1      ; PIN_L3               ;            ; clk                                                                        ;
;   0.000 ;   0.000 ; RR ; IC     ; 1      ; IOIBUF_X102_Y6_N47   ;            ; clk~input|i                                                                ;
;   0.261 ;   0.261 ; RR ; CELL   ; 1      ; IOIBUF_X102_Y6_N47   ;            ; clk~input|o                                                                ;
;   0.323 ;   0.062 ; RR ; CELL   ; 1      ; IOIBUF_X102_Y6_N47   ;            ; clk~input~io_48_lvds_tile_edge/ioclkin[2]                                  ;
;   0.323 ;   0.000 ; RR ; IC     ; 2      ; CLKCTRL_3A_G_I23     ;            ; clk~inputCLKENA0|inclk                                                     ;
;   0.558 ;   0.235 ; RR ; CELL   ; 1155   ; CLKCTRL_3A_G_I23     ;            ; clk~inputCLKENA0|outclk                                                    ;
;   2.180 ;   1.622 ; RR ; IC     ; 1      ; FF_X91_Y39_N49       ; High Speed ; u0|intel_vvp_dil_0|intel_vvp_dil_0|scheduler|iip_beat_counter[0]|clk       ;
;   2.180 ;   0.000 ; RR ; CELL   ; 1      ; FF_X91_Y39_N49       ; High Speed ; u0|intel_vvp_dil_0|intel_vvp_dil_0|scheduler|iip_beat_counter[0]           ;
; 2.441   ; 0.261   ;    ;        ;        ;                      ;            ; data path                                                                  ;
;   2.286 ;   0.106 ; FF ; uTco   ; 2      ; FF_X91_Y39_N49       ;            ; u0|intel_vvp_dil_0|intel_vvp_dil_0|scheduler|iip_beat_counter[0]|q         ;
;   2.286 ;   0.000 ; FF ; CELL   ; 1      ; MLABCELL_X91_Y39_N48 ; High Speed ; u0|intel_vvp_dil_0|intel_vvp_dil_0|scheduler|iip_beat_counter[0]~0|datae   ;
;   2.441 ;   0.155 ; FF ; CELL   ; 1      ; MLABCELL_X91_Y39_N48 ; High Speed ; u0|intel_vvp_dil_0|intel_vvp_dil_0|scheduler|iip_beat_counter[0]~0|combout ;
;   2.441 ;   0.000 ; FF ; CELL   ; 1      ; FF_X91_Y39_N49       ; High Speed ; u0|intel_vvp_dil_0|intel_vvp_dil_0|scheduler|iip_beat_counter[0]|d         ;
;   2.441 ;   0.000 ; FF ; CELL   ; 1      ; FF_X91_Y39_N49       ; High Speed ; u0|intel_vvp_dil_0|intel_vvp_dil_0|scheduler|iip_beat_counter[0]           ;
+---------+---------+----+--------+--------+----------------------+------------+----------------------------------------------------------------------------+

+----------------------------------------------------------------------------------------------------------------------------------------------------+
; Data Required Path                                                                                                                                 ;
+---------+----------+----+--------+--------+--------------------+------------+----------------------------------------------------------------------+
; Total   ; Incr     ; RF ; Type   ; Fanout ; Location           ; HS/LP      ; Element                                                              ;
+---------+----------+----+--------+--------+--------------------+------------+----------------------------------------------------------------------+
; 0.000   ; 0.000    ;    ;        ;        ;                    ;            ; latch edge time                                                      ;
; 0.000   ; 0.000    ;    ; borrow ;        ;                    ;            ; time borrowed                                                        ;
; 2.180   ; 2.180    ;    ;        ;        ;                    ;            ; clock path                                                           ;
;   0.000 ;   0.000  ;    ;        ;        ;                    ;            ; source latency                                                       ;
;   0.000 ;   0.000  ;    ;        ; 1      ; PIN_L3             ;            ; clk                                                                  ;
;   0.000 ;   0.000  ; RR ; IC     ; 1      ; IOIBUF_X102_Y6_N47 ;            ; clk~input|i                                                          ;
;   0.261 ;   0.261  ; RR ; CELL   ; 1      ; IOIBUF_X102_Y6_N47 ;            ; clk~input|o                                                          ;
;   0.337 ;   0.076  ; RR ; CELL   ; 1      ; IOIBUF_X102_Y6_N47 ;            ; clk~input~io_48_lvds_tile_edge/ioclkin[2]                            ;
;   0.337 ;   0.000  ; RR ; IC     ; 2      ; CLKCTRL_3A_G_I23   ;            ; clk~inputCLKENA0|inclk                                               ;
;   0.621 ;   0.284  ; RR ; CELL   ; 1155   ; CLKCTRL_3A_G_I23   ;            ; clk~inputCLKENA0|outclk                                              ;
;   2.371 ;   1.750  ; RR ; IC     ; 1      ; FF_X91_Y39_N49     ; High Speed ; u0|intel_vvp_dil_0|intel_vvp_dil_0|scheduler|iip_beat_counter[0]|clk ;
;   2.371 ;   0.000  ; RR ; CELL   ; 1      ; FF_X91_Y39_N49     ; High Speed ; u0|intel_vvp_dil_0|intel_vvp_dil_0|scheduler|iip_beat_counter[0]     ;
;   2.180 ;   -0.191 ;    ;        ;        ;                    ;            ; clock pessimism removed                                              ;
; 2.180   ; 0.000    ;    ;        ;        ;                    ;            ; clock uncertainty                                                    ;
; 2.425   ; 0.245    ;    ; uTh    ; 1      ; FF_X91_Y39_N49     ;            ; u0|intel_vvp_dil_0|intel_vvp_dil_0|scheduler|iip_beat_counter[0]     ;
+---------+----------+----+--------+--------+--------------------+------------+----------------------------------------------------------------------+



Path #5: Hold slack is 0.017 
===============================================================================
+--------------------------------------------------------------------------------------------------------------------+
; Path Summary                                                                                                       ;
+---------------------------------+----------------------------------------------------------------------------------+
; Property                        ; Value                                                                            ;
+---------------------------------+----------------------------------------------------------------------------------+
; From Node                       ; u0|intel_vvp_dil_0|intel_vvp_dil_0|line_buffer|resend_inst|read_state.READ_RESET ;
; To Node                         ; u0|intel_vvp_dil_0|intel_vvp_dil_0|line_buffer|resend_inst|read_state.READ_RESET ;
; Launch Clock                    ; clk~derived                                                                      ;
; Latch Clock                     ; clk~derived                                                                      ;
; SDC Exception                   ; No SDC Exception on Path                                                         ;
; Data Arrival Time               ; 2.467                                                                            ;
; Data Required Time              ; 2.450                                                                            ;
; Slack                           ; 0.017                                                                            ;
; Worst-Case Operating Conditions ; Fast 900mV 0C Model                                                              ;
+---------------------------------+----------------------------------------------------------------------------------+

+-----------------------------------------------------------------------------------+
; Statistics                                                                        ;
+------------------------+-------+-------+-------------+------------+-------+-------+
; Property               ; Value ; Count ; Total Delay ; % of Total ; Min   ; Max   ;
+------------------------+-------+-------+-------------+------------+-------+-------+
; Hold Relationship      ; 0.000 ;       ;             ;            ;       ;       ;
; Clock Skew             ; 0.000 ;       ;             ;            ;       ;       ;
; Data Delay             ; 0.275 ;       ;             ;            ;       ;       ;
; Number of Logic Levels ;       ; 1     ;             ;            ;       ;       ;
; Physical Delays        ;       ;       ;             ;            ;       ;       ;
;  Arrival Path          ;       ;       ;             ;            ;       ;       ;
;   Clock                ;       ;       ;             ;            ;       ;       ;
;    IC                  ;       ; 3     ; 1.634       ; 75         ; 0.000 ; 1.634 ;
;    Cell                ;       ; 4     ; 0.558       ; 25         ; 0.000 ; 0.261 ;
;   Data                 ;       ;       ;             ;            ;       ;       ;
;    Cell                ;       ; 4     ; 0.162       ; 59         ; 0.000 ; 0.162 ;
;    uTco                ;       ; 1     ; 0.113       ; 41         ; 0.113 ; 0.113 ;
;  Required Path         ;       ;       ;             ;            ;       ;       ;
;   Clock                ;       ;       ;             ;            ;       ;       ;
;    IC                  ;       ; 3     ; 1.763       ; 74         ; 0.000 ; 1.763 ;
;    Cell                ;       ; 4     ; 0.621       ; 26         ; 0.000 ; 0.284 ;
+------------------------+-------+-------+-------------+------------+-------+-------+
Note: Negative delays are omitted from totals when calculating percentages

+--------------------------------------------------------------------------------------------------------------------------------------------------------------------+
; Data Arrival Path                                                                                                                                                  ;
+---------+---------+----+--------+--------+----------------------+-----------+--------------------------------------------------------------------------------------+
; Total   ; Incr    ; RF ; Type   ; Fanout ; Location             ; HS/LP     ; Element                                                                              ;
+---------+---------+----+--------+--------+----------------------+-----------+--------------------------------------------------------------------------------------+
; 0.000   ; 0.000   ;    ;        ;        ;                      ;           ; launch edge time                                                                     ;
; 0.000   ; 0.000   ;    ; borrow ;        ;                      ;           ; time borrowed                                                                        ;
; 2.192   ; 2.192   ;    ;        ;        ;                      ;           ; clock path                                                                           ;
;   0.000 ;   0.000 ;    ;        ;        ;                      ;           ; source latency                                                                       ;
;   0.000 ;   0.000 ;    ;        ; 1      ; PIN_L3               ;           ; clk                                                                                  ;
;   0.000 ;   0.000 ; RR ; IC     ; 1      ; IOIBUF_X102_Y6_N47   ;           ; clk~input|i                                                                          ;
;   0.261 ;   0.261 ; RR ; CELL   ; 1      ; IOIBUF_X102_Y6_N47   ;           ; clk~input|o                                                                          ;
;   0.323 ;   0.062 ; RR ; CELL   ; 1      ; IOIBUF_X102_Y6_N47   ;           ; clk~input~io_48_lvds_tile_edge/ioclkin[2]                                            ;
;   0.323 ;   0.000 ; RR ; IC     ; 2      ; CLKCTRL_3A_G_I23     ;           ; clk~inputCLKENA0|inclk                                                               ;
;   0.558 ;   0.235 ; RR ; CELL   ; 1155   ; CLKCTRL_3A_G_I23     ;           ; clk~inputCLKENA0|outclk                                                              ;
;   2.192 ;   1.634 ; RR ; IC     ; 1      ; FF_X91_Y42_N43       ; Low Power ; u0|intel_vvp_dil_0|intel_vvp_dil_0|line_buffer|resend_inst|read_state.READ_RESET|clk ;
;   2.192 ;   0.000 ; RR ; CELL   ; 1      ; FF_X91_Y42_N43       ; Low Power ; u0|intel_vvp_dil_0|intel_vvp_dil_0|line_buffer|resend_inst|read_state.READ_RESET     ;
; 2.467   ; 0.275   ;    ;        ;        ;                      ;           ; data path                                                                            ;
;   2.305 ;   0.113 ; FF ; uTco   ; 2      ; FF_X91_Y42_N43       ;           ; u0|intel_vvp_dil_0|intel_vvp_dil_0|line_buffer|resend_inst|read_state.READ_RESET|q   ;
;   2.305 ;   0.000 ; FF ; CELL   ; 1      ; MLABCELL_X91_Y42_N42 ; Low Power ; u0|intel_vvp_dil_0|intel_vvp_dil_0|line_buffer|resend_inst|i161~2|datae              ;
;   2.467 ;   0.162 ; FF ; CELL   ; 1      ; MLABCELL_X91_Y42_N42 ; Low Power ; u0|intel_vvp_dil_0|intel_vvp_dil_0|line_buffer|resend_inst|i161~2|combout            ;
;   2.467 ;   0.000 ; FF ; CELL   ; 1      ; FF_X91_Y42_N43       ; Low Power ; u0|intel_vvp_dil_0|intel_vvp_dil_0|line_buffer|resend_inst|read_state.READ_RESET|d   ;
;   2.467 ;   0.000 ; FF ; CELL   ; 1      ; FF_X91_Y42_N43       ; Low Power ; u0|intel_vvp_dil_0|intel_vvp_dil_0|line_buffer|resend_inst|read_state.READ_RESET     ;
+---------+---------+----+--------+--------+----------------------+-----------+--------------------------------------------------------------------------------------+

+-------------------------------------------------------------------------------------------------------------------------------------------------------------------+
; Data Required Path                                                                                                                                                ;
+---------+----------+----+--------+--------+--------------------+-----------+--------------------------------------------------------------------------------------+
; Total   ; Incr     ; RF ; Type   ; Fanout ; Location           ; HS/LP     ; Element                                                                              ;
+---------+----------+----+--------+--------+--------------------+-----------+--------------------------------------------------------------------------------------+
; 0.000   ; 0.000    ;    ;        ;        ;                    ;           ; latch edge time                                                                      ;
; 0.000   ; 0.000    ;    ; borrow ;        ;                    ;           ; time borrowed                                                                        ;
; 2.192   ; 2.192    ;    ;        ;        ;                    ;           ; clock path                                                                           ;
;   0.000 ;   0.000  ;    ;        ;        ;                    ;           ; source latency                                                                       ;
;   0.000 ;   0.000  ;    ;        ; 1      ; PIN_L3             ;           ; clk                                                                                  ;
;   0.000 ;   0.000  ; RR ; IC     ; 1      ; IOIBUF_X102_Y6_N47 ;           ; clk~input|i                                                                          ;
;   0.261 ;   0.261  ; RR ; CELL   ; 1      ; IOIBUF_X102_Y6_N47 ;           ; clk~input|o                                                                          ;
;   0.337 ;   0.076  ; RR ; CELL   ; 1      ; IOIBUF_X102_Y6_N47 ;           ; clk~input~io_48_lvds_tile_edge/ioclkin[2]                                            ;
;   0.337 ;   0.000  ; RR ; IC     ; 2      ; CLKCTRL_3A_G_I23   ;           ; clk~inputCLKENA0|inclk                                                               ;
;   0.621 ;   0.284  ; RR ; CELL   ; 1155   ; CLKCTRL_3A_G_I23   ;           ; clk~inputCLKENA0|outclk                                                              ;
;   2.384 ;   1.763  ; RR ; IC     ; 1      ; FF_X91_Y42_N43     ; Low Power ; u0|intel_vvp_dil_0|intel_vvp_dil_0|line_buffer|resend_inst|read_state.READ_RESET|clk ;
;   2.384 ;   0.000  ; RR ; CELL   ; 1      ; FF_X91_Y42_N43     ; Low Power ; u0|intel_vvp_dil_0|intel_vvp_dil_0|line_buffer|resend_inst|read_state.READ_RESET     ;
;   2.192 ;   -0.192 ;    ;        ;        ;                    ;           ; clock pessimism removed                                                              ;
; 2.192   ; 0.000    ;    ;        ;        ;                    ;           ; clock uncertainty                                                                    ;
; 2.450   ; 0.258    ;    ; uTh    ; 1      ; FF_X91_Y42_N43     ;           ; u0|intel_vvp_dil_0|intel_vvp_dil_0|line_buffer|resend_inst|read_state.READ_RESET     ;
+---------+----------+----+--------+--------+--------------------+-----------+--------------------------------------------------------------------------------------+



Path #6: Hold slack is 0.017 
===============================================================================
+--------------------------------------------------------------------------------------------------------------------+
; Path Summary                                                                                                       ;
+---------------------------------+----------------------------------------------------------------------------------+
; Property                        ; Value                                                                            ;
+---------------------------------+----------------------------------------------------------------------------------+
; From Node                       ; u0|intel_vvp_dil_0|intel_vvp_dil_0|line_buffer|resend_inst|read_state.READ_FLUSH ;
; To Node                         ; u0|intel_vvp_dil_0|intel_vvp_dil_0|line_buffer|resend_inst|read_state.READ_FLUSH ;
; Launch Clock                    ; clk~derived                                                                      ;
; Latch Clock                     ; clk~derived                                                                      ;
; SDC Exception                   ; No SDC Exception on Path                                                         ;
; Data Arrival Time               ; 2.472                                                                            ;
; Data Required Time              ; 2.455                                                                            ;
; Slack                           ; 0.017                                                                            ;
; Worst-Case Operating Conditions ; Fast 900mV 0C Model                                                              ;
+---------------------------------+----------------------------------------------------------------------------------+

+-----------------------------------------------------------------------------------+
; Statistics                                                                        ;
+------------------------+-------+-------+-------------+------------+-------+-------+
; Property               ; Value ; Count ; Total Delay ; % of Total ; Min   ; Max   ;
+------------------------+-------+-------+-------------+------------+-------+-------+
; Hold Relationship      ; 0.000 ;       ;             ;            ;       ;       ;
; Clock Skew             ; 0.000 ;       ;             ;            ;       ;       ;
; Data Delay             ; 0.280 ;       ;             ;            ;       ;       ;
; Number of Logic Levels ;       ; 1     ;             ;            ;       ;       ;
; Physical Delays        ;       ;       ;             ;            ;       ;       ;
;  Arrival Path          ;       ;       ;             ;            ;       ;       ;
;   Clock                ;       ;       ;             ;            ;       ;       ;
;    IC                  ;       ; 3     ; 1.634       ; 75         ; 0.000 ; 1.634 ;
;    Cell                ;       ; 4     ; 0.558       ; 25         ; 0.000 ; 0.261 ;
;   Data                 ;       ;       ;             ;            ;       ;       ;
;    Cell                ;       ; 4     ; 0.162       ; 58         ; 0.000 ; 0.162 ;
;    uTco                ;       ; 1     ; 0.118       ; 42         ; 0.118 ; 0.118 ;
;  Required Path         ;       ;       ;             ;            ;       ;       ;
;   Clock                ;       ;       ;             ;            ;       ;       ;
;    IC                  ;       ; 3     ; 1.763       ; 74         ; 0.000 ; 1.763 ;
;    Cell                ;       ; 4     ; 0.621       ; 26         ; 0.000 ; 0.284 ;
+------------------------+-------+-------+-------------+------------+-------+-------+
Note: Negative delays are omitted from totals when calculating percentages

+--------------------------------------------------------------------------------------------------------------------------------------------------------------------+
; Data Arrival Path                                                                                                                                                  ;
+---------+---------+----+--------+--------+----------------------+-----------+--------------------------------------------------------------------------------------+
; Total   ; Incr    ; RF ; Type   ; Fanout ; Location             ; HS/LP     ; Element                                                                              ;
+---------+---------+----+--------+--------+----------------------+-----------+--------------------------------------------------------------------------------------+
; 0.000   ; 0.000   ;    ;        ;        ;                      ;           ; launch edge time                                                                     ;
; 0.000   ; 0.000   ;    ; borrow ;        ;                      ;           ; time borrowed                                                                        ;
; 2.192   ; 2.192   ;    ;        ;        ;                      ;           ; clock path                                                                           ;
;   0.000 ;   0.000 ;    ;        ;        ;                      ;           ; source latency                                                                       ;
;   0.000 ;   0.000 ;    ;        ; 1      ; PIN_L3               ;           ; clk                                                                                  ;
;   0.000 ;   0.000 ; RR ; IC     ; 1      ; IOIBUF_X102_Y6_N47   ;           ; clk~input|i                                                                          ;
;   0.261 ;   0.261 ; RR ; CELL   ; 1      ; IOIBUF_X102_Y6_N47   ;           ; clk~input|o                                                                          ;
;   0.323 ;   0.062 ; RR ; CELL   ; 1      ; IOIBUF_X102_Y6_N47   ;           ; clk~input~io_48_lvds_tile_edge/ioclkin[2]                                            ;
;   0.323 ;   0.000 ; RR ; IC     ; 2      ; CLKCTRL_3A_G_I23     ;           ; clk~inputCLKENA0|inclk                                                               ;
;   0.558 ;   0.235 ; RR ; CELL   ; 1155   ; CLKCTRL_3A_G_I23     ;           ; clk~inputCLKENA0|outclk                                                              ;
;   2.192 ;   1.634 ; RR ; IC     ; 1      ; FF_X91_Y42_N19       ; Low Power ; u0|intel_vvp_dil_0|intel_vvp_dil_0|line_buffer|resend_inst|read_state.READ_FLUSH|clk ;
;   2.192 ;   0.000 ; RR ; CELL   ; 1      ; FF_X91_Y42_N19       ; Low Power ; u0|intel_vvp_dil_0|intel_vvp_dil_0|line_buffer|resend_inst|read_state.READ_FLUSH     ;
; 2.472   ; 0.280   ;    ;        ;        ;                      ;           ; data path                                                                            ;
;   2.310 ;   0.118 ; FF ; uTco   ; 2      ; FF_X91_Y42_N19       ;           ; u0|intel_vvp_dil_0|intel_vvp_dil_0|line_buffer|resend_inst|read_state.READ_FLUSH|q   ;
;   2.310 ;   0.000 ; FF ; CELL   ; 1      ; MLABCELL_X91_Y42_N18 ; Low Power ; u0|intel_vvp_dil_0|intel_vvp_dil_0|line_buffer|resend_inst|Select_14~0|datad         ;
;   2.472 ;   0.162 ; FF ; CELL   ; 1      ; MLABCELL_X91_Y42_N18 ; Low Power ; u0|intel_vvp_dil_0|intel_vvp_dil_0|line_buffer|resend_inst|Select_14~0|combout       ;
;   2.472 ;   0.000 ; FF ; CELL   ; 1      ; FF_X91_Y42_N19       ; Low Power ; u0|intel_vvp_dil_0|intel_vvp_dil_0|line_buffer|resend_inst|read_state.READ_FLUSH|d   ;
;   2.472 ;   0.000 ; FF ; CELL   ; 1      ; FF_X91_Y42_N19       ; Low Power ; u0|intel_vvp_dil_0|intel_vvp_dil_0|line_buffer|resend_inst|read_state.READ_FLUSH     ;
+---------+---------+----+--------+--------+----------------------+-----------+--------------------------------------------------------------------------------------+

+-------------------------------------------------------------------------------------------------------------------------------------------------------------------+
; Data Required Path                                                                                                                                                ;
+---------+----------+----+--------+--------+--------------------+-----------+--------------------------------------------------------------------------------------+
; Total   ; Incr     ; RF ; Type   ; Fanout ; Location           ; HS/LP     ; Element                                                                              ;
+---------+----------+----+--------+--------+--------------------+-----------+--------------------------------------------------------------------------------------+
; 0.000   ; 0.000    ;    ;        ;        ;                    ;           ; latch edge time                                                                      ;
; 0.000   ; 0.000    ;    ; borrow ;        ;                    ;           ; time borrowed                                                                        ;
; 2.192   ; 2.192    ;    ;        ;        ;                    ;           ; clock path                                                                           ;
;   0.000 ;   0.000  ;    ;        ;        ;                    ;           ; source latency                                                                       ;
;   0.000 ;   0.000  ;    ;        ; 1      ; PIN_L3             ;           ; clk                                                                                  ;
;   0.000 ;   0.000  ; RR ; IC     ; 1      ; IOIBUF_X102_Y6_N47 ;           ; clk~input|i                                                                          ;
;   0.261 ;   0.261  ; RR ; CELL   ; 1      ; IOIBUF_X102_Y6_N47 ;           ; clk~input|o                                                                          ;
;   0.337 ;   0.076  ; RR ; CELL   ; 1      ; IOIBUF_X102_Y6_N47 ;           ; clk~input~io_48_lvds_tile_edge/ioclkin[2]                                            ;
;   0.337 ;   0.000  ; RR ; IC     ; 2      ; CLKCTRL_3A_G_I23   ;           ; clk~inputCLKENA0|inclk                                                               ;
;   0.621 ;   0.284  ; RR ; CELL   ; 1155   ; CLKCTRL_3A_G_I23   ;           ; clk~inputCLKENA0|outclk                                                              ;
;   2.384 ;   1.763  ; RR ; IC     ; 1      ; FF_X91_Y42_N19     ; Low Power ; u0|intel_vvp_dil_0|intel_vvp_dil_0|line_buffer|resend_inst|read_state.READ_FLUSH|clk ;
;   2.384 ;   0.000  ; RR ; CELL   ; 1      ; FF_X91_Y42_N19     ; Low Power ; u0|intel_vvp_dil_0|intel_vvp_dil_0|line_buffer|resend_inst|read_state.READ_FLUSH     ;
;   2.192 ;   -0.192 ;    ;        ;        ;                    ;           ; clock pessimism removed                                                              ;
; 2.192   ; 0.000    ;    ;        ;        ;                    ;           ; clock uncertainty                                                                    ;
; 2.455   ; 0.263    ;    ; uTh    ; 1      ; FF_X91_Y42_N19     ;           ; u0|intel_vvp_dil_0|intel_vvp_dil_0|line_buffer|resend_inst|read_state.READ_FLUSH     ;
+---------+----------+----+--------+--------+--------------------+-----------+--------------------------------------------------------------------------------------+



Path #7: Hold slack is 0.017 
===============================================================================
+--------------------------------------------------------------------------------------------+
; Path Summary                                                                               ;
+---------------------------------+----------------------------------------------------------+
; Property                        ; Value                                                    ;
+---------------------------------+----------------------------------------------------------+
; From Node                       ; u0|intel_vvp_dil_0|intel_vvp_dil_0|mux|selected_input[0] ;
; To Node                         ; u0|intel_vvp_dil_0|intel_vvp_dil_0|mux|selected_input[0] ;
; Launch Clock                    ; clk~derived                                              ;
; Latch Clock                     ; clk~derived                                              ;
; SDC Exception                   ; No SDC Exception on Path                                 ;
; Data Arrival Time               ; 2.445                                                    ;
; Data Required Time              ; 2.428                                                    ;
; Slack                           ; 0.017                                                    ;
; Worst-Case Operating Conditions ; Fast 900mV 0C Model                                      ;
+---------------------------------+----------------------------------------------------------+

+-----------------------------------------------------------------------------------+
; Statistics                                                                        ;
+------------------------+-------+-------+-------------+------------+-------+-------+
; Property               ; Value ; Count ; Total Delay ; % of Total ; Min   ; Max   ;
+------------------------+-------+-------+-------------+------------+-------+-------+
; Hold Relationship      ; 0.000 ;       ;             ;            ;       ;       ;
; Clock Skew             ; 0.000 ;       ;             ;            ;       ;       ;
; Data Delay             ; 0.267 ;       ;             ;            ;       ;       ;
; Number of Logic Levels ;       ; 1     ;             ;            ;       ;       ;
; Physical Delays        ;       ;       ;             ;            ;       ;       ;
;  Arrival Path          ;       ;       ;             ;            ;       ;       ;
;   Clock                ;       ;       ;             ;            ;       ;       ;
;    IC                  ;       ; 3     ; 1.620       ; 74         ; 0.000 ; 1.620 ;
;    Cell                ;       ; 4     ; 0.558       ; 26         ; 0.000 ; 0.261 ;
;   Data                 ;       ;       ;             ;            ;       ;       ;
;    Cell                ;       ; 4     ; 0.156       ; 58         ; 0.000 ; 0.156 ;
;    uTco                ;       ; 1     ; 0.111       ; 42         ; 0.111 ; 0.111 ;
;  Required Path         ;       ;       ;             ;            ;       ;       ;
;   Clock                ;       ;       ;             ;            ;       ;       ;
;    IC                  ;       ; 3     ; 1.748       ; 74         ; 0.000 ; 1.748 ;
;    Cell                ;       ; 4     ; 0.621       ; 26         ; 0.000 ; 0.284 ;
+------------------------+-------+-------+-------------+------------+-------+-------+
Note: Negative delays are omitted from totals when calculating percentages

+---------------------------------------------------------------------------------------------------------------------------------------------+
; Data Arrival Path                                                                                                                           ;
+---------+---------+----+--------+--------+----------------------+------------+--------------------------------------------------------------+
; Total   ; Incr    ; RF ; Type   ; Fanout ; Location             ; HS/LP      ; Element                                                      ;
+---------+---------+----+--------+--------+----------------------+------------+--------------------------------------------------------------+
; 0.000   ; 0.000   ;    ;        ;        ;                      ;            ; launch edge time                                             ;
; 0.000   ; 0.000   ;    ; borrow ;        ;                      ;            ; time borrowed                                                ;
; 2.178   ; 2.178   ;    ;        ;        ;                      ;            ; clock path                                                   ;
;   0.000 ;   0.000 ;    ;        ;        ;                      ;            ; source latency                                               ;
;   0.000 ;   0.000 ;    ;        ; 1      ; PIN_L3               ;            ; clk                                                          ;
;   0.000 ;   0.000 ; RR ; IC     ; 1      ; IOIBUF_X102_Y6_N47   ;            ; clk~input|i                                                  ;
;   0.261 ;   0.261 ; RR ; CELL   ; 1      ; IOIBUF_X102_Y6_N47   ;            ; clk~input|o                                                  ;
;   0.323 ;   0.062 ; RR ; CELL   ; 1      ; IOIBUF_X102_Y6_N47   ;            ; clk~input~io_48_lvds_tile_edge/ioclkin[2]                    ;
;   0.323 ;   0.000 ; RR ; IC     ; 2      ; CLKCTRL_3A_G_I23     ;            ; clk~inputCLKENA0|inclk                                       ;
;   0.558 ;   0.235 ; RR ; CELL   ; 1155   ; CLKCTRL_3A_G_I23     ;            ; clk~inputCLKENA0|outclk                                      ;
;   2.178 ;   1.620 ; RR ; IC     ; 1      ; FF_X87_Y40_N25       ; High Speed ; u0|intel_vvp_dil_0|intel_vvp_dil_0|mux|selected_input[0]|clk ;
;   2.178 ;   0.000 ; RR ; CELL   ; 1      ; FF_X87_Y40_N25       ; High Speed ; u0|intel_vvp_dil_0|intel_vvp_dil_0|mux|selected_input[0]     ;
; 2.445   ; 0.267   ;    ;        ;        ;                      ;            ; data path                                                    ;
;   2.289 ;   0.111 ; FF ; uTco   ; 2      ; FF_X87_Y40_N25       ;            ; u0|intel_vvp_dil_0|intel_vvp_dil_0|mux|selected_input[0]|q   ;
;   2.289 ;   0.000 ; FF ; CELL   ; 1      ; MLABCELL_X87_Y40_N24 ; High Speed ; u0|intel_vvp_dil_0|intel_vvp_dil_0|mux|i28~0|datae           ;
;   2.445 ;   0.156 ; FF ; CELL   ; 1      ; MLABCELL_X87_Y40_N24 ; High Speed ; u0|intel_vvp_dil_0|intel_vvp_dil_0|mux|i28~0|combout         ;
;   2.445 ;   0.000 ; FF ; CELL   ; 1      ; FF_X87_Y40_N25       ; High Speed ; u0|intel_vvp_dil_0|intel_vvp_dil_0|mux|selected_input[0]|d   ;
;   2.445 ;   0.000 ; FF ; CELL   ; 1      ; FF_X87_Y40_N25       ; High Speed ; u0|intel_vvp_dil_0|intel_vvp_dil_0|mux|selected_input[0]     ;
+---------+---------+----+--------+--------+----------------------+------------+--------------------------------------------------------------+

+--------------------------------------------------------------------------------------------------------------------------------------------+
; Data Required Path                                                                                                                         ;
+---------+----------+----+--------+--------+--------------------+------------+--------------------------------------------------------------+
; Total   ; Incr     ; RF ; Type   ; Fanout ; Location           ; HS/LP      ; Element                                                      ;
+---------+----------+----+--------+--------+--------------------+------------+--------------------------------------------------------------+
; 0.000   ; 0.000    ;    ;        ;        ;                    ;            ; latch edge time                                              ;
; 0.000   ; 0.000    ;    ; borrow ;        ;                    ;            ; time borrowed                                                ;
; 2.178   ; 2.178    ;    ;        ;        ;                    ;            ; clock path                                                   ;
;   0.000 ;   0.000  ;    ;        ;        ;                    ;            ; source latency                                               ;
;   0.000 ;   0.000  ;    ;        ; 1      ; PIN_L3             ;            ; clk                                                          ;
;   0.000 ;   0.000  ; RR ; IC     ; 1      ; IOIBUF_X102_Y6_N47 ;            ; clk~input|i                                                  ;
;   0.261 ;   0.261  ; RR ; CELL   ; 1      ; IOIBUF_X102_Y6_N47 ;            ; clk~input|o                                                  ;
;   0.337 ;   0.076  ; RR ; CELL   ; 1      ; IOIBUF_X102_Y6_N47 ;            ; clk~input~io_48_lvds_tile_edge/ioclkin[2]                    ;
;   0.337 ;   0.000  ; RR ; IC     ; 2      ; CLKCTRL_3A_G_I23   ;            ; clk~inputCLKENA0|inclk                                       ;
;   0.621 ;   0.284  ; RR ; CELL   ; 1155   ; CLKCTRL_3A_G_I23   ;            ; clk~inputCLKENA0|outclk                                      ;
;   2.369 ;   1.748  ; RR ; IC     ; 1      ; FF_X87_Y40_N25     ; High Speed ; u0|intel_vvp_dil_0|intel_vvp_dil_0|mux|selected_input[0]|clk ;
;   2.369 ;   0.000  ; RR ; CELL   ; 1      ; FF_X87_Y40_N25     ; High Speed ; u0|intel_vvp_dil_0|intel_vvp_dil_0|mux|selected_input[0]     ;
;   2.178 ;   -0.191 ;    ;        ;        ;                    ;            ; clock pessimism removed                                      ;
; 2.178   ; 0.000    ;    ;        ;        ;                    ;            ; clock uncertainty                                            ;
; 2.428   ; 0.250    ;    ; uTh    ; 1      ; FF_X87_Y40_N25     ;            ; u0|intel_vvp_dil_0|intel_vvp_dil_0|mux|selected_input[0]     ;
+---------+----------+----+--------+--------+--------------------+------------+--------------------------------------------------------------+



Path #8: Hold slack is 0.018 
===============================================================================
+-----------------------------------------------------------------------------------------------------------------+
; Path Summary                                                                                                    ;
+---------------------------------+-------------------------------------------------------------------------------+
; Property                        ; Value                                                                         ;
+---------------------------------+-------------------------------------------------------------------------------+
; From Node                       ; u0|intel_vvp_adv_tpg_0|intel_vvp_adv_tpg_0|core_inst_1|bar_pixel_count[0][12] ;
; To Node                         ; u0|intel_vvp_adv_tpg_0|intel_vvp_adv_tpg_0|core_inst_1|bar_pixel_count[0][12] ;
; Launch Clock                    ; clk~derived                                                                   ;
; Latch Clock                     ; clk~derived                                                                   ;
; SDC Exception                   ; No SDC Exception on Path                                                      ;
; Data Arrival Time               ; 2.440                                                                         ;
; Data Required Time              ; 2.422                                                                         ;
; Slack                           ; 0.018                                                                         ;
; Worst-Case Operating Conditions ; Fast 900mV 0C Model                                                           ;
+---------------------------------+-------------------------------------------------------------------------------+

+-----------------------------------------------------------------------------------+
; Statistics                                                                        ;
+------------------------+-------+-------+-------------+------------+-------+-------+
; Property               ; Value ; Count ; Total Delay ; % of Total ; Min   ; Max   ;
+------------------------+-------+-------+-------------+------------+-------+-------+
; Hold Relationship      ; 0.000 ;       ;             ;            ;       ;       ;
; Clock Skew             ; 0.000 ;       ;             ;            ;       ;       ;
; Data Delay             ; 0.265 ;       ;             ;            ;       ;       ;
; Number of Logic Levels ;       ; 1     ;             ;            ;       ;       ;
; Physical Delays        ;       ;       ;             ;            ;       ;       ;
;  Arrival Path          ;       ;       ;             ;            ;       ;       ;
;   Clock                ;       ;       ;             ;            ;       ;       ;
;    IC                  ;       ; 3     ; 1.617       ; 74         ; 0.000 ; 1.617 ;
;    Cell                ;       ; 4     ; 0.558       ; 26         ; 0.000 ; 0.261 ;
;   Data                 ;       ;       ;             ;            ;       ;       ;
;    Cell                ;       ; 4     ; 0.158       ; 60         ; 0.000 ; 0.158 ;
;    uTco                ;       ; 1     ; 0.107       ; 40         ; 0.107 ; 0.107 ;
;  Required Path         ;       ;       ;             ;            ;       ;       ;
;   Clock                ;       ;       ;             ;            ;       ;       ;
;    IC                  ;       ; 3     ; 1.745       ; 74         ; 0.000 ; 1.745 ;
;    Cell                ;       ; 4     ; 0.621       ; 26         ; 0.000 ; 0.284 ;
+------------------------+-------+-------+-------------+------------+-------+-------+
Note: Negative delays are omitted from totals when calculating percentages

+------------------------------------------------------------------------------------------------------------------------------------------------------------------+
; Data Arrival Path                                                                                                                                                ;
+---------+---------+----+--------+--------+----------------------+------------+-----------------------------------------------------------------------------------+
; Total   ; Incr    ; RF ; Type   ; Fanout ; Location             ; HS/LP      ; Element                                                                           ;
+---------+---------+----+--------+--------+----------------------+------------+-----------------------------------------------------------------------------------+
; 0.000   ; 0.000   ;    ;        ;        ;                      ;            ; launch edge time                                                                  ;
; 0.000   ; 0.000   ;    ; borrow ;        ;                      ;            ; time borrowed                                                                     ;
; 2.175   ; 2.175   ;    ;        ;        ;                      ;            ; clock path                                                                        ;
;   0.000 ;   0.000 ;    ;        ;        ;                      ;            ; source latency                                                                    ;
;   0.000 ;   0.000 ;    ;        ; 1      ; PIN_L3               ;            ; clk                                                                               ;
;   0.000 ;   0.000 ; RR ; IC     ; 1      ; IOIBUF_X102_Y6_N47   ;            ; clk~input|i                                                                       ;
;   0.261 ;   0.261 ; RR ; CELL   ; 1      ; IOIBUF_X102_Y6_N47   ;            ; clk~input|o                                                                       ;
;   0.323 ;   0.062 ; RR ; CELL   ; 1      ; IOIBUF_X102_Y6_N47   ;            ; clk~input~io_48_lvds_tile_edge/ioclkin[2]                                         ;
;   0.323 ;   0.000 ; RR ; IC     ; 2      ; CLKCTRL_3A_G_I23     ;            ; clk~inputCLKENA0|inclk                                                            ;
;   0.558 ;   0.235 ; RR ; CELL   ; 1155   ; CLKCTRL_3A_G_I23     ;            ; clk~inputCLKENA0|outclk                                                           ;
;   2.175 ;   1.617 ; RR ; IC     ; 1      ; FF_X83_Y39_N44       ; High Speed ; u0|intel_vvp_adv_tpg_0|intel_vvp_adv_tpg_0|core_inst_1|bar_pixel_count[0][12]|clk ;
;   2.175 ;   0.000 ; RR ; CELL   ; 1      ; FF_X83_Y39_N44       ; High Speed ; u0|intel_vvp_adv_tpg_0|intel_vvp_adv_tpg_0|core_inst_1|bar_pixel_count[0][12]     ;
; 2.440   ; 0.265   ;    ;        ;        ;                      ;            ; data path                                                                         ;
;   2.282 ;   0.107 ; FF ; uTco   ; 2      ; FF_X83_Y39_N44       ;            ; u0|intel_vvp_adv_tpg_0|intel_vvp_adv_tpg_0|core_inst_1|bar_pixel_count[0][12]|q   ;
;   2.282 ;   0.000 ; FF ; CELL   ; 1      ; MLABCELL_X83_Y39_N42 ; High Speed ; u0|intel_vvp_adv_tpg_0|intel_vvp_adv_tpg_0|core_inst_1|i273~0|datae               ;
;   2.440 ;   0.158 ; FF ; CELL   ; 1      ; MLABCELL_X83_Y39_N42 ; High Speed ; u0|intel_vvp_adv_tpg_0|intel_vvp_adv_tpg_0|core_inst_1|i273~0|combout             ;
;   2.440 ;   0.000 ; FF ; CELL   ; 1      ; FF_X83_Y39_N44       ; High Speed ; u0|intel_vvp_adv_tpg_0|intel_vvp_adv_tpg_0|core_inst_1|bar_pixel_count[0][12]|d   ;
;   2.440 ;   0.000 ; FF ; CELL   ; 1      ; FF_X83_Y39_N44       ; High Speed ; u0|intel_vvp_adv_tpg_0|intel_vvp_adv_tpg_0|core_inst_1|bar_pixel_count[0][12]     ;
+---------+---------+----+--------+--------+----------------------+------------+-----------------------------------------------------------------------------------+

+-----------------------------------------------------------------------------------------------------------------------------------------------------------------+
; Data Required Path                                                                                                                                              ;
+---------+----------+----+--------+--------+--------------------+------------+-----------------------------------------------------------------------------------+
; Total   ; Incr     ; RF ; Type   ; Fanout ; Location           ; HS/LP      ; Element                                                                           ;
+---------+----------+----+--------+--------+--------------------+------------+-----------------------------------------------------------------------------------+
; 0.000   ; 0.000    ;    ;        ;        ;                    ;            ; latch edge time                                                                   ;
; 0.000   ; 0.000    ;    ; borrow ;        ;                    ;            ; time borrowed                                                                     ;
; 2.175   ; 2.175    ;    ;        ;        ;                    ;            ; clock path                                                                        ;
;   0.000 ;   0.000  ;    ;        ;        ;                    ;            ; source latency                                                                    ;
;   0.000 ;   0.000  ;    ;        ; 1      ; PIN_L3             ;            ; clk                                                                               ;
;   0.000 ;   0.000  ; RR ; IC     ; 1      ; IOIBUF_X102_Y6_N47 ;            ; clk~input|i                                                                       ;
;   0.261 ;   0.261  ; RR ; CELL   ; 1      ; IOIBUF_X102_Y6_N47 ;            ; clk~input|o                                                                       ;
;   0.337 ;   0.076  ; RR ; CELL   ; 1      ; IOIBUF_X102_Y6_N47 ;            ; clk~input~io_48_lvds_tile_edge/ioclkin[2]                                         ;
;   0.337 ;   0.000  ; RR ; IC     ; 2      ; CLKCTRL_3A_G_I23   ;            ; clk~inputCLKENA0|inclk                                                            ;
;   0.621 ;   0.284  ; RR ; CELL   ; 1155   ; CLKCTRL_3A_G_I23   ;            ; clk~inputCLKENA0|outclk                                                           ;
;   2.366 ;   1.745  ; RR ; IC     ; 1      ; FF_X83_Y39_N44     ; High Speed ; u0|intel_vvp_adv_tpg_0|intel_vvp_adv_tpg_0|core_inst_1|bar_pixel_count[0][12]|clk ;
;   2.366 ;   0.000  ; RR ; CELL   ; 1      ; FF_X83_Y39_N44     ; High Speed ; u0|intel_vvp_adv_tpg_0|intel_vvp_adv_tpg_0|core_inst_1|bar_pixel_count[0][12]     ;
;   2.175 ;   -0.191 ;    ;        ;        ;                    ;            ; clock pessimism removed                                                           ;
; 2.175   ; 0.000    ;    ;        ;        ;                    ;            ; clock uncertainty                                                                 ;
; 2.422   ; 0.247    ;    ; uTh    ; 1      ; FF_X83_Y39_N44     ;            ; u0|intel_vvp_adv_tpg_0|intel_vvp_adv_tpg_0|core_inst_1|bar_pixel_count[0][12]     ;
+---------+----------+----+--------+--------+--------------------+------------+-----------------------------------------------------------------------------------+



Path #9: Hold slack is 0.018 
===============================================================================
+----------------------------------------------------------------------------------------------------+
; Path Summary                                                                                       ;
+---------------------------------+------------------------------------------------------------------+
; Property                        ; Value                                                            ;
+---------------------------------+------------------------------------------------------------------+
; From Node                       ; u0|intel_vvp_adv_tpg_0|intel_vvp_adv_tpg_0|core_inst_0|state.RUN ;
; To Node                         ; u0|intel_vvp_adv_tpg_0|intel_vvp_adv_tpg_0|core_inst_0|state.RUN ;
; Launch Clock                    ; clk~derived                                                      ;
; Latch Clock                     ; clk~derived                                                      ;
; SDC Exception                   ; No SDC Exception on Path                                         ;
; Data Arrival Time               ; 2.447                                                            ;
; Data Required Time              ; 2.429                                                            ;
; Slack                           ; 0.018                                                            ;
; Worst-Case Operating Conditions ; Fast 900mV 0C Model                                              ;
+---------------------------------+------------------------------------------------------------------+

+-----------------------------------------------------------------------------------+
; Statistics                                                                        ;
+------------------------+-------+-------+-------------+------------+-------+-------+
; Property               ; Value ; Count ; Total Delay ; % of Total ; Min   ; Max   ;
+------------------------+-------+-------+-------------+------------+-------+-------+
; Hold Relationship      ; 0.000 ;       ;             ;            ;       ;       ;
; Clock Skew             ; 0.000 ;       ;             ;            ;       ;       ;
; Data Delay             ; 0.270 ;       ;             ;            ;       ;       ;
; Number of Logic Levels ;       ; 1     ;             ;            ;       ;       ;
; Physical Delays        ;       ;       ;             ;            ;       ;       ;
;  Arrival Path          ;       ;       ;             ;            ;       ;       ;
;   Clock                ;       ;       ;             ;            ;       ;       ;
;    IC                  ;       ; 3     ; 1.619       ; 74         ; 0.000 ; 1.619 ;
;    Cell                ;       ; 4     ; 0.558       ; 26         ; 0.000 ; 0.261 ;
;   Data                 ;       ;       ;             ;            ;       ;       ;
;    Cell                ;       ; 4     ; 0.158       ; 59         ; 0.000 ; 0.158 ;
;    uTco                ;       ; 1     ; 0.112       ; 41         ; 0.112 ; 0.112 ;
;  Required Path         ;       ;       ;             ;            ;       ;       ;
;   Clock                ;       ;       ;             ;            ;       ;       ;
;    IC                  ;       ; 3     ; 1.747       ; 74         ; 0.000 ; 1.747 ;
;    Cell                ;       ; 4     ; 0.621       ; 26         ; 0.000 ; 0.284 ;
+------------------------+-------+-------+-------------+------------+-------+-------+
Note: Negative delays are omitted from totals when calculating percentages

+----------------------------------------------------------------------------------------------------------------------------------------------------------+
; Data Arrival Path                                                                                                                                        ;
+---------+---------+----+--------+--------+----------------------+------------+---------------------------------------------------------------------------+
; Total   ; Incr    ; RF ; Type   ; Fanout ; Location             ; HS/LP      ; Element                                                                   ;
+---------+---------+----+--------+--------+----------------------+------------+---------------------------------------------------------------------------+
; 0.000   ; 0.000   ;    ;        ;        ;                      ;            ; launch edge time                                                          ;
; 0.000   ; 0.000   ;    ; borrow ;        ;                      ;            ; time borrowed                                                             ;
; 2.177   ; 2.177   ;    ;        ;        ;                      ;            ; clock path                                                                ;
;   0.000 ;   0.000 ;    ;        ;        ;                      ;            ; source latency                                                            ;
;   0.000 ;   0.000 ;    ;        ; 1      ; PIN_L3               ;            ; clk                                                                       ;
;   0.000 ;   0.000 ; RR ; IC     ; 1      ; IOIBUF_X102_Y6_N47   ;            ; clk~input|i                                                               ;
;   0.261 ;   0.261 ; RR ; CELL   ; 1      ; IOIBUF_X102_Y6_N47   ;            ; clk~input|o                                                               ;
;   0.323 ;   0.062 ; RR ; CELL   ; 1      ; IOIBUF_X102_Y6_N47   ;            ; clk~input~io_48_lvds_tile_edge/ioclkin[2]                                 ;
;   0.323 ;   0.000 ; RR ; IC     ; 2      ; CLKCTRL_3A_G_I23     ;            ; clk~inputCLKENA0|inclk                                                    ;
;   0.558 ;   0.235 ; RR ; CELL   ; 1155   ; CLKCTRL_3A_G_I23     ;            ; clk~inputCLKENA0|outclk                                                   ;
;   2.177 ;   1.619 ; RR ; IC     ; 1      ; FF_X85_Y39_N20       ; High Speed ; u0|intel_vvp_adv_tpg_0|intel_vvp_adv_tpg_0|core_inst_0|state.RUN|clk      ;
;   2.177 ;   0.000 ; RR ; CELL   ; 1      ; FF_X85_Y39_N20       ; High Speed ; u0|intel_vvp_adv_tpg_0|intel_vvp_adv_tpg_0|core_inst_0|state.RUN          ;
; 2.447   ; 0.270   ;    ;        ;        ;                      ;            ; data path                                                                 ;
;   2.289 ;   0.112 ; FF ; uTco   ; 2      ; FF_X85_Y39_N20       ;            ; u0|intel_vvp_adv_tpg_0|intel_vvp_adv_tpg_0|core_inst_0|state.RUN|q        ;
;   2.289 ;   0.000 ; FF ; CELL   ; 1      ; MLABCELL_X85_Y39_N18 ; High Speed ; u0|intel_vvp_adv_tpg_0|intel_vvp_adv_tpg_0|core_inst_0|Select_4~0|datae   ;
;   2.447 ;   0.158 ; FF ; CELL   ; 1      ; MLABCELL_X85_Y39_N18 ; High Speed ; u0|intel_vvp_adv_tpg_0|intel_vvp_adv_tpg_0|core_inst_0|Select_4~0|combout ;
;   2.447 ;   0.000 ; FF ; CELL   ; 1      ; FF_X85_Y39_N20       ; High Speed ; u0|intel_vvp_adv_tpg_0|intel_vvp_adv_tpg_0|core_inst_0|state.RUN|d        ;
;   2.447 ;   0.000 ; FF ; CELL   ; 1      ; FF_X85_Y39_N20       ; High Speed ; u0|intel_vvp_adv_tpg_0|intel_vvp_adv_tpg_0|core_inst_0|state.RUN          ;
+---------+---------+----+--------+--------+----------------------+------------+---------------------------------------------------------------------------+

+----------------------------------------------------------------------------------------------------------------------------------------------------+
; Data Required Path                                                                                                                                 ;
+---------+----------+----+--------+--------+--------------------+------------+----------------------------------------------------------------------+
; Total   ; Incr     ; RF ; Type   ; Fanout ; Location           ; HS/LP      ; Element                                                              ;
+---------+----------+----+--------+--------+--------------------+------------+----------------------------------------------------------------------+
; 0.000   ; 0.000    ;    ;        ;        ;                    ;            ; latch edge time                                                      ;
; 0.000   ; 0.000    ;    ; borrow ;        ;                    ;            ; time borrowed                                                        ;
; 2.177   ; 2.177    ;    ;        ;        ;                    ;            ; clock path                                                           ;
;   0.000 ;   0.000  ;    ;        ;        ;                    ;            ; source latency                                                       ;
;   0.000 ;   0.000  ;    ;        ; 1      ; PIN_L3             ;            ; clk                                                                  ;
;   0.000 ;   0.000  ; RR ; IC     ; 1      ; IOIBUF_X102_Y6_N47 ;            ; clk~input|i                                                          ;
;   0.261 ;   0.261  ; RR ; CELL   ; 1      ; IOIBUF_X102_Y6_N47 ;            ; clk~input|o                                                          ;
;   0.337 ;   0.076  ; RR ; CELL   ; 1      ; IOIBUF_X102_Y6_N47 ;            ; clk~input~io_48_lvds_tile_edge/ioclkin[2]                            ;
;   0.337 ;   0.000  ; RR ; IC     ; 2      ; CLKCTRL_3A_G_I23   ;            ; clk~inputCLKENA0|inclk                                               ;
;   0.621 ;   0.284  ; RR ; CELL   ; 1155   ; CLKCTRL_3A_G_I23   ;            ; clk~inputCLKENA0|outclk                                              ;
;   2.368 ;   1.747  ; RR ; IC     ; 1      ; FF_X85_Y39_N20     ; High Speed ; u0|intel_vvp_adv_tpg_0|intel_vvp_adv_tpg_0|core_inst_0|state.RUN|clk ;
;   2.368 ;   0.000  ; RR ; CELL   ; 1      ; FF_X85_Y39_N20     ; High Speed ; u0|intel_vvp_adv_tpg_0|intel_vvp_adv_tpg_0|core_inst_0|state.RUN     ;
;   2.177 ;   -0.191 ;    ;        ;        ;                    ;            ; clock pessimism removed                                              ;
; 2.177   ; 0.000    ;    ;        ;        ;                    ;            ; clock uncertainty                                                    ;
; 2.429   ; 0.252    ;    ; uTh    ; 1      ; FF_X85_Y39_N20     ;            ; u0|intel_vvp_adv_tpg_0|intel_vvp_adv_tpg_0|core_inst_0|state.RUN     ;
+---------+----------+----+--------+--------+--------------------+------------+----------------------------------------------------------------------+



Path #10: Hold slack is 0.018 
===============================================================================
+--------------------------------------------------------------------------------------------------------------------------------------------------------------+
; Path Summary                                                                                                                                                 ;
+---------------------------------+----------------------------------------------------------------------------------------------------------------------------+
; Property                        ; Value                                                                                                                      ;
+---------------------------------+----------------------------------------------------------------------------------------------------------------------------+
; From Node                       ; u0|intel_vvp_adv_tpg_0|intel_vvp_adv_tpg_0|scheduler|mixer_cmd_gen[0].mixer_cmd_master_inst|pipe_bridge_inst|din_ready_dup ;
; To Node                         ; u0|intel_vvp_adv_tpg_0|intel_vvp_adv_tpg_0|scheduler|mixer_cmd_gen[0].mixer_cmd_master_inst|pipe_bridge_inst|din_ready_dup ;
; Launch Clock                    ; clk~derived                                                                                                                ;
; Latch Clock                     ; clk~derived                                                                                                                ;
; SDC Exception                   ; No SDC Exception on Path                                                                                                   ;
; Data Arrival Time               ; 2.434                                                                                                                      ;
; Data Required Time              ; 2.416                                                                                                                      ;
; Slack                           ; 0.018                                                                                                                      ;
; Worst-Case Operating Conditions ; Fast 900mV 0C Model                                                                                                        ;
+---------------------------------+----------------------------------------------------------------------------------------------------------------------------+

+-----------------------------------------------------------------------------------+
; Statistics                                                                        ;
+------------------------+-------+-------+-------------+------------+-------+-------+
; Property               ; Value ; Count ; Total Delay ; % of Total ; Min   ; Max   ;
+------------------------+-------+-------+-------------+------------+-------+-------+
; Hold Relationship      ; 0.000 ;       ;             ;            ;       ;       ;
; Clock Skew             ; 0.000 ;       ;             ;            ;       ;       ;
; Data Delay             ; 0.266 ;       ;             ;            ;       ;       ;
; Number of Logic Levels ;       ; 1     ;             ;            ;       ;       ;
; Physical Delays        ;       ;       ;             ;            ;       ;       ;
;  Arrival Path          ;       ;       ;             ;            ;       ;       ;
;   Clock                ;       ;       ;             ;            ;       ;       ;
;    IC                  ;       ; 3     ; 1.610       ; 74         ; 0.000 ; 1.610 ;
;    Cell                ;       ; 4     ; 0.558       ; 26         ; 0.000 ; 0.261 ;
;   Data                 ;       ;       ;             ;            ;       ;       ;
;    Cell                ;       ; 4     ; 0.158       ; 59         ; 0.000 ; 0.158 ;
;    uTco                ;       ; 1     ; 0.108       ; 41         ; 0.108 ; 0.108 ;
;  Required Path         ;       ;       ;             ;            ;       ;       ;
;   Clock                ;       ;       ;             ;            ;       ;       ;
;    IC                  ;       ; 3     ; 1.737       ; 74         ; 0.000 ; 1.737 ;
;    Cell                ;       ; 4     ; 0.621       ; 26         ; 0.000 ; 0.284 ;
+------------------------+-------+-------+-------------+------------+-------+-------+
Note: Negative delays are omitted from totals when calculating percentages

+---------------------------------------------------------------------------------------------------------------------------------------------------------------------------------------------------------------------+
; Data Arrival Path                                                                                                                                                                                                   ;
+---------+---------+----+--------+--------+----------------------+------------+--------------------------------------------------------------------------------------------------------------------------------------+
; Total   ; Incr    ; RF ; Type   ; Fanout ; Location             ; HS/LP      ; Element                                                                                                                              ;
+---------+---------+----+--------+--------+----------------------+------------+--------------------------------------------------------------------------------------------------------------------------------------+
; 0.000   ; 0.000   ;    ;        ;        ;                      ;            ; launch edge time                                                                                                                     ;
; 0.000   ; 0.000   ;    ; borrow ;        ;                      ;            ; time borrowed                                                                                                                        ;
; 2.168   ; 2.168   ;    ;        ;        ;                      ;            ; clock path                                                                                                                           ;
;   0.000 ;   0.000 ;    ;        ;        ;                      ;            ; source latency                                                                                                                       ;
;   0.000 ;   0.000 ;    ;        ; 1      ; PIN_L3               ;            ; clk                                                                                                                                  ;
;   0.000 ;   0.000 ; RR ; IC     ; 1      ; IOIBUF_X102_Y6_N47   ;            ; clk~input|i                                                                                                                          ;
;   0.261 ;   0.261 ; RR ; CELL   ; 1      ; IOIBUF_X102_Y6_N47   ;            ; clk~input|o                                                                                                                          ;
;   0.323 ;   0.062 ; RR ; CELL   ; 1      ; IOIBUF_X102_Y6_N47   ;            ; clk~input~io_48_lvds_tile_edge/ioclkin[2]                                                                                            ;
;   0.323 ;   0.000 ; RR ; IC     ; 2      ; CLKCTRL_3A_G_I23     ;            ; clk~inputCLKENA0|inclk                                                                                                               ;
;   0.558 ;   0.235 ; RR ; CELL   ; 1155   ; CLKCTRL_3A_G_I23     ;            ; clk~inputCLKENA0|outclk                                                                                                              ;
;   2.168 ;   1.610 ; RR ; IC     ; 1      ; FF_X83_Y38_N32       ; High Speed ; u0|intel_vvp_adv_tpg_0|intel_vvp_adv_tpg_0|scheduler|mixer_cmd_gen[0].mixer_cmd_master_inst|pipe_bridge_inst|din_ready_dup|clk       ;
;   2.168 ;   0.000 ; RR ; CELL   ; 1      ; FF_X83_Y38_N32       ; High Speed ; u0|intel_vvp_adv_tpg_0|intel_vvp_adv_tpg_0|scheduler|mixer_cmd_gen[0].mixer_cmd_master_inst|pipe_bridge_inst|din_ready_dup           ;
; 2.434   ; 0.266   ;    ;        ;        ;                      ;            ; data path                                                                                                                            ;
;   2.276 ;   0.108 ; FF ; uTco   ; 2      ; FF_X83_Y38_N32       ;            ; u0|intel_vvp_adv_tpg_0|intel_vvp_adv_tpg_0|scheduler|mixer_cmd_gen[0].mixer_cmd_master_inst|pipe_bridge_inst|din_ready_dup|q         ;
;   2.276 ;   0.000 ; FF ; CELL   ; 1      ; MLABCELL_X83_Y38_N30 ; High Speed ; u0|intel_vvp_adv_tpg_0|intel_vvp_adv_tpg_0|scheduler|mixer_cmd_gen[0].mixer_cmd_master_inst|pipe_bridge_inst|din_ready_raw~0|datae   ;
;   2.434 ;   0.158 ; FF ; CELL   ; 1      ; MLABCELL_X83_Y38_N30 ; High Speed ; u0|intel_vvp_adv_tpg_0|intel_vvp_adv_tpg_0|scheduler|mixer_cmd_gen[0].mixer_cmd_master_inst|pipe_bridge_inst|din_ready_raw~0|combout ;
;   2.434 ;   0.000 ; FF ; CELL   ; 1      ; FF_X83_Y38_N32       ; High Speed ; u0|intel_vvp_adv_tpg_0|intel_vvp_adv_tpg_0|scheduler|mixer_cmd_gen[0].mixer_cmd_master_inst|pipe_bridge_inst|din_ready_dup|d         ;
;   2.434 ;   0.000 ; FF ; CELL   ; 1      ; FF_X83_Y38_N32       ; High Speed ; u0|intel_vvp_adv_tpg_0|intel_vvp_adv_tpg_0|scheduler|mixer_cmd_gen[0].mixer_cmd_master_inst|pipe_bridge_inst|din_ready_dup           ;
+---------+---------+----+--------+--------+----------------------+------------+--------------------------------------------------------------------------------------------------------------------------------------+

+--------------------------------------------------------------------------------------------------------------------------------------------------------------------------------------------------------------+
; Data Required Path                                                                                                                                                                                           ;
+---------+----------+----+--------+--------+--------------------+------------+--------------------------------------------------------------------------------------------------------------------------------+
; Total   ; Incr     ; RF ; Type   ; Fanout ; Location           ; HS/LP      ; Element                                                                                                                        ;
+---------+----------+----+--------+--------+--------------------+------------+--------------------------------------------------------------------------------------------------------------------------------+
; 0.000   ; 0.000    ;    ;        ;        ;                    ;            ; latch edge time                                                                                                                ;
; 0.000   ; 0.000    ;    ; borrow ;        ;                    ;            ; time borrowed                                                                                                                  ;
; 2.168   ; 2.168    ;    ;        ;        ;                    ;            ; clock path                                                                                                                     ;
;   0.000 ;   0.000  ;    ;        ;        ;                    ;            ; source latency                                                                                                                 ;
;   0.000 ;   0.000  ;    ;        ; 1      ; PIN_L3             ;            ; clk                                                                                                                            ;
;   0.000 ;   0.000  ; RR ; IC     ; 1      ; IOIBUF_X102_Y6_N47 ;            ; clk~input|i                                                                                                                    ;
;   0.261 ;   0.261  ; RR ; CELL   ; 1      ; IOIBUF_X102_Y6_N47 ;            ; clk~input|o                                                                                                                    ;
;   0.337 ;   0.076  ; RR ; CELL   ; 1      ; IOIBUF_X102_Y6_N47 ;            ; clk~input~io_48_lvds_tile_edge/ioclkin[2]                                                                                      ;
;   0.337 ;   0.000  ; RR ; IC     ; 2      ; CLKCTRL_3A_G_I23   ;            ; clk~inputCLKENA0|inclk                                                                                                         ;
;   0.621 ;   0.284  ; RR ; CELL   ; 1155   ; CLKCTRL_3A_G_I23   ;            ; clk~inputCLKENA0|outclk                                                                                                        ;
;   2.358 ;   1.737  ; RR ; IC     ; 1      ; FF_X83_Y38_N32     ; High Speed ; u0|intel_vvp_adv_tpg_0|intel_vvp_adv_tpg_0|scheduler|mixer_cmd_gen[0].mixer_cmd_master_inst|pipe_bridge_inst|din_ready_dup|clk ;
;   2.358 ;   0.000  ; RR ; CELL   ; 1      ; FF_X83_Y38_N32     ; High Speed ; u0|intel_vvp_adv_tpg_0|intel_vvp_adv_tpg_0|scheduler|mixer_cmd_gen[0].mixer_cmd_master_inst|pipe_bridge_inst|din_ready_dup     ;
;   2.168 ;   -0.190 ;    ;        ;        ;                    ;            ; clock pessimism removed                                                                                                        ;
; 2.168   ; 0.000    ;    ;        ;        ;                    ;            ; clock uncertainty                                                                                                              ;
; 2.416   ; 0.248    ;    ; uTh    ; 1      ; FF_X83_Y38_N32     ;            ; u0|intel_vvp_adv_tpg_0|intel_vvp_adv_tpg_0|scheduler|mixer_cmd_gen[0].mixer_cmd_master_inst|pipe_bridge_inst|din_ready_dup     ;
+---------+----------+----+--------+--------+--------------------+------------+--------------------------------------------------------------------------------------------------------------------------------+



+--------------------------+
; Timing Analyzer Messages ;
+--------------------------+
Info (20030): Parallel compilation is enabled and will use 24 of the 32 processors detected
Info: *******************************************************************
Info: Running Quartus Prime Timing Analyzer
    Info: Version 25.1.1 Build 125 07/31/2025 Patches 1.31 SC Pro Edition
    Info: Processing started: Wed Apr 29 17:59:50 2026
    Info: System process ID: 583833
Info: Command: quartus_sta example_proj -c example_proj --mode=finalize
Info: qsta_default_script.tcl version: #1
Info (16677): Loading final database.
Info (16734): Loading "final" snapshot for partition "root_partition".
Info (16678): Successfully loaded final database: elapsed time is 00:00:04.
Info (21077): Low junction temperature is 0 degrees C
Info (21077): High junction temperature is 100 degrees C
Info (332164): Evaluating HDL-embedded SDC commands
    Info (332165): Entity intel_vvp_reset_sync
        Info (332166): set_false_path -to [get_registers {*intel_vvp_reset_sync*reset_sync[0]}]
Info (19539): Reading the HDL-embedded SDC files elapsed 00:00:00.
Info (18794): Reading SDC File: 'pl_sys/altera_reset_controller_1924/synth/altera_reset_controller.sdc' for instance: 'u0|rst_controller'
Info (19449): Reading SDC files elapsed 00:00:00.
Info (23800): Derived clock name suffix defaults to '~derived'.
Critical Warning (19317): No user constrained base clocks found in the design. Calling "derive_clocks -period 1.0 -suffix derived"
Info (332105): Deriving Clocks
    Info (332105): create_clock -period 1.000 -name clk~derived [get_ports {clk}]
Info (332143): No user constrained clock uncertainty found in the design. Calling "derive_clock_uncertainty"
Info (332123): Deriving Clock Uncertainty. Please refer to report_sdc in the Timing Analyzer to see clock uncertainties.
Info: Found TIMING_ANALYZER_REPORT_SCRIPT_INCLUDE_DEFAULT_ANALYSIS = ON
Critical Warning (332148): Timing requirements not met
Info (332146): Worst-case setup slack is -1.651
    Info (332119):     Slack       End Point TNS Failing End Points      Clock Worst-Case Operating Conditions 
    Info (332119): ========= =================== ========= ========== ===================== 
    Info (332119):    -1.651            -850.528      1078 clk~derived Slow 900mV 100C Model 
Info (332146): Worst-case hold slack is 0.013
    Info (332119):     Slack       End Point TNS Failing End Points      Clock Worst-Case Operating Conditions 
    Info (332119): ========= =================== ========= ========== ===================== 
    Info (332119):     0.013               0.000         0 clk~derived   Fast 900mV 0C Model 
Info (332140): No Recovery paths to report
Info (332140): No Removal paths to report
Info (332140): No Setup paths to report
Info (332140): No Recovery paths to report
Info (332146): Worst-case minimum pulse width slack is -1.180
    Info (332119):     Slack       End Point TNS Failing End Points      Clock Worst-Case Operating Conditions 
    Info (332119): ========= =================== ========= ========== ===================== 
    Info (332119):    -1.180             -68.122       100 clk~derived Slow 900mV 100C Model 
Info (332114): Report Metastability (Slow 900mV 100C Model): Found 4 synchronizer chains.
    Info (332114): The Design MTBF is not calculated because there are no specified synchronizers in the design.

    Info (332114): MTBF(design) = 1 / SUM(1 / MTBF(synchronizer chain))

    Info (332114): Number of Synchronizer Chains Found: 4
    Info (332114): Shortest Synchronizer Chain: 2 Registers
    Info (332114): Number of Chains For Which MTBFs Could Not be Calculated Due to Timing Violations: 0, or 0.0%.
    Info (332114): Number of Chains Excluded from MTBF Analysis: 4, or 100.0%
Info (332114): Report Metastability (Slow 900mV 0C Model): Found 4 synchronizer chains.
    Info (332114): The Design MTBF is not calculated because there are no specified synchronizers in the design.

    Info (332114): MTBF(design) = 1 / SUM(1 / MTBF(synchronizer chain))

    Info (332114): Number of Synchronizer Chains Found: 4
    Info (332114): Shortest Synchronizer Chain: 2 Registers
    Info (332114): Number of Chains For Which MTBFs Could Not be Calculated Due to Timing Violations: 0, or 0.0%.
    Info (332114): Number of Chains Excluded from MTBF Analysis: 4, or 100.0%
Info (332114): Report Metastability (Fast 900mV 100C Model): Found 4 synchronizer chains.
    Info (332114): The Design MTBF is not calculated because there are no specified synchronizers in the design.

    Info (332114): MTBF(design) = 1 / SUM(1 / MTBF(synchronizer chain))

    Info (332114): Number of Synchronizer Chains Found: 4
    Info (332114): Shortest Synchronizer Chain: 2 Registers
    Info (332114): Number of Chains For Which MTBFs Could Not be Calculated Due to Timing Violations: 0, or 0.0%.
    Info (332114): Number of Chains Excluded from MTBF Analysis: 4, or 100.0%
Info (332114): Report Metastability (Fast 900mV 0C Model): Found 4 synchronizer chains.
    Info (332114): The Design MTBF is not calculated because there are no specified synchronizers in the design.

    Info (332114): MTBF(design) = 1 / SUM(1 / MTBF(synchronizer chain))

    Info (332114): Number of Synchronizer Chains Found: 4
    Info (332114): Shortest Synchronizer Chain: 2 Registers
    Info (332114): Number of Chains For Which MTBFs Could Not be Calculated Due to Timing Violations: 0, or 0.0%.
    Info (332114): Number of Chains Excluded from MTBF Analysis: 4, or 100.0%
Info (332102): Design is not fully constrained for setup requirements
Info (332102): Design is not fully constrained for hold requirements
Info: Quartus Prime Timing Analyzer was successful. 0 errors, 2 warnings
    Info: Peak virtual memory: 3155 megabytes
    Info: Processing ended: Wed Apr 29 18:00:02 2026
    Info: Elapsed time: 00:00:12
    Info: System process ID: 583833


+------------------------------------------------------------------+
; Unconstrained Paths Summary                                      ;
+---------------------------------------------------+-------+------+
; Property                                          ; Setup ; Hold ;
+---------------------------------------------------+-------+------+
; Illegal Clocks                                    ; 0     ; 0    ;
; Unconstrained Clocks                              ; 0     ; 0    ;
; Unconstrained Input Ports                         ; 1     ; 1    ;
; Paths from Unconstrained Input Ports (Pairs-Only) ; 675   ; 675  ;
; Unconstrained Output Ports                        ; 28    ; 28   ;
; Paths to Unconstrained Output Ports (Pairs-Only)  ; 28    ; 28   ;
+---------------------------------------------------+-------+------+


+-------------------------------------------+
; Clock Status Summary                      ;
+--------+-------------+------+-------------+
; Target ; Clock       ; Type ; Status      ;
+--------+-------------+------+-------------+
; clk    ; clk~derived ; Base ; Constrained ;
+--------+-------------+------+-------------+


+------------------------------------------------------------------------------------------------------+
; Unconstrained Input Ports                                                                            ;
+---------------+--------------------------------------------------------------------------------------+
; Input Port    ; Comment                                                                              ;
+---------------+--------------------------------------------------------------------------------------+
; m_axis_tready ; No input delay, min/max delays, false-path exceptions, or max skew assignments found ;
+---------------+--------------------------------------------------------------------------------------+


+----------------------------------------------------------------------------------------------------------+
; Unconstrained Output Ports                                                                               ;
+------------------+---------------------------------------------------------------------------------------+
; Output Port      ; Comment                                                                               ;
+------------------+---------------------------------------------------------------------------------------+
; m_axis_tdata[0]  ; No output delay, min/max delays, false-path exceptions, or max skew assignments found ;
; m_axis_tdata[1]  ; No output delay, min/max delays, false-path exceptions, or max skew assignments found ;
; m_axis_tdata[2]  ; No output delay, min/max delays, false-path exceptions, or max skew assignments found ;
; m_axis_tdata[3]  ; No output delay, min/max delays, false-path exceptions, or max skew assignments found ;
; m_axis_tdata[4]  ; No output delay, min/max delays, false-path exceptions, or max skew assignments found ;
; m_axis_tdata[5]  ; No output delay, min/max delays, false-path exceptions, or max skew assignments found ;
; m_axis_tdata[6]  ; No output delay, min/max delays, false-path exceptions, or max skew assignments found ;
; m_axis_tdata[7]  ; No output delay, min/max delays, false-path exceptions, or max skew assignments found ;
; m_axis_tdata[8]  ; No output delay, min/max delays, false-path exceptions, or max skew assignments found ;
; m_axis_tdata[9]  ; No output delay, min/max delays, false-path exceptions, or max skew assignments found ;
; m_axis_tdata[10] ; No output delay, min/max delays, false-path exceptions, or max skew assignments found ;
; m_axis_tdata[11] ; No output delay, min/max delays, false-path exceptions, or max skew assignments found ;
; m_axis_tdata[12] ; No output delay, min/max delays, false-path exceptions, or max skew assignments found ;
; m_axis_tdata[13] ; No output delay, min/max delays, false-path exceptions, or max skew assignments found ;
; m_axis_tdata[14] ; No output delay, min/max delays, false-path exceptions, or max skew assignments found ;
; m_axis_tdata[15] ; No output delay, min/max delays, false-path exceptions, or max skew assignments found ;
; m_axis_tdata[16] ; No output delay, min/max delays, false-path exceptions, or max skew assignments found ;
; m_axis_tdata[17] ; No output delay, min/max delays, false-path exceptions, or max skew assignments found ;
; m_axis_tdata[18] ; No output delay, min/max delays, false-path exceptions, or max skew assignments found ;
; m_axis_tdata[19] ; No output delay, min/max delays, false-path exceptions, or max skew assignments found ;
; m_axis_tdata[20] ; No output delay, min/max delays, false-path exceptions, or max skew assignments found ;
; m_axis_tdata[21] ; No output delay, min/max delays, false-path exceptions, or max skew assignments found ;
; m_axis_tdata[22] ; No output delay, min/max delays, false-path exceptions, or max skew assignments found ;
; m_axis_tdata[23] ; No output delay, min/max delays, false-path exceptions, or max skew assignments found ;
; m_axis_tvalid    ; No output delay, min/max delays, false-path exceptions, or max skew assignments found ;
; m_axis_tlast     ; No output delay, min/max delays, false-path exceptions, or max skew assignments found ;
; m_axis_tuser[0]  ; No output delay, min/max delays, false-path exceptions, or max skew assignments found ;
; m_axis_tuser[1]  ; No output delay, min/max delays, false-path exceptions, or max skew assignments found ;
+------------------+---------------------------------------------------------------------------------------+


+------------------------------------------------------------------------------------------------------+
; Unconstrained Input Ports                                                                            ;
+---------------+--------------------------------------------------------------------------------------+
; Input Port    ; Comment                                                                              ;
+---------------+--------------------------------------------------------------------------------------+
; m_axis_tready ; No input delay, min/max delays, false-path exceptions, or max skew assignments found ;
+---------------+--------------------------------------------------------------------------------------+


+----------------------------------------------------------------------------------------------------------+
; Unconstrained Output Ports                                                                               ;
+------------------+---------------------------------------------------------------------------------------+
; Output Port      ; Comment                                                                               ;
+------------------+---------------------------------------------------------------------------------------+
; m_axis_tdata[0]  ; No output delay, min/max delays, false-path exceptions, or max skew assignments found ;
; m_axis_tdata[1]  ; No output delay, min/max delays, false-path exceptions, or max skew assignments found ;
; m_axis_tdata[2]  ; No output delay, min/max delays, false-path exceptions, or max skew assignments found ;
; m_axis_tdata[3]  ; No output delay, min/max delays, false-path exceptions, or max skew assignments found ;
; m_axis_tdata[4]  ; No output delay, min/max delays, false-path exceptions, or max skew assignments found ;
; m_axis_tdata[5]  ; No output delay, min/max delays, false-path exceptions, or max skew assignments found ;
; m_axis_tdata[6]  ; No output delay, min/max delays, false-path exceptions, or max skew assignments found ;
; m_axis_tdata[7]  ; No output delay, min/max delays, false-path exceptions, or max skew assignments found ;
; m_axis_tdata[8]  ; No output delay, min/max delays, false-path exceptions, or max skew assignments found ;
; m_axis_tdata[9]  ; No output delay, min/max delays, false-path exceptions, or max skew assignments found ;
; m_axis_tdata[10] ; No output delay, min/max delays, false-path exceptions, or max skew assignments found ;
; m_axis_tdata[11] ; No output delay, min/max delays, false-path exceptions, or max skew assignments found ;
; m_axis_tdata[12] ; No output delay, min/max delays, false-path exceptions, or max skew assignments found ;
; m_axis_tdata[13] ; No output delay, min/max delays, false-path exceptions, or max skew assignments found ;
; m_axis_tdata[14] ; No output delay, min/max delays, false-path exceptions, or max skew assignments found ;
; m_axis_tdata[15] ; No output delay, min/max delays, false-path exceptions, or max skew assignments found ;
; m_axis_tdata[16] ; No output delay, min/max delays, false-path exceptions, or max skew assignments found ;
; m_axis_tdata[17] ; No output delay, min/max delays, false-path exceptions, or max skew assignments found ;
; m_axis_tdata[18] ; No output delay, min/max delays, false-path exceptions, or max skew assignments found ;
; m_axis_tdata[19] ; No output delay, min/max delays, false-path exceptions, or max skew assignments found ;
; m_axis_tdata[20] ; No output delay, min/max delays, false-path exceptions, or max skew assignments found ;
; m_axis_tdata[21] ; No output delay, min/max delays, false-path exceptions, or max skew assignments found ;
; m_axis_tdata[22] ; No output delay, min/max delays, false-path exceptions, or max skew assignments found ;
; m_axis_tdata[23] ; No output delay, min/max delays, false-path exceptions, or max skew assignments found ;
; m_axis_tvalid    ; No output delay, min/max delays, false-path exceptions, or max skew assignments found ;
; m_axis_tlast     ; No output delay, min/max delays, false-path exceptions, or max skew assignments found ;
; m_axis_tuser[0]  ; No output delay, min/max delays, false-path exceptions, or max skew assignments found ;
; m_axis_tuser[1]  ; No output delay, min/max delays, false-path exceptions, or max skew assignments found ;
+------------------+---------------------------------------------------------------------------------------+


-------------
; INI Usage ;
-------------
Nothing to report.


+--------------------------------------------------------------------------------+
; Multicorner Timing Analysis Summary                                            ;
+------------------+----------+-------+----------+---------+---------------------+
; Clock            ; Setup    ; Hold  ; Recovery ; Removal ; Minimum Pulse Width ;
+------------------+----------+-------+----------+---------+---------------------+
; Worst-case Slack ; -1.651   ; 0.013 ; N/A      ; N/A     ; -1.180              ;
;  clk~derived     ; -1.651   ; 0.013 ; N/A      ; N/A     ; -1.180              ;
; Design-wide TNS  ; -850.528 ; 0.0   ; 0.0      ; 0.0     ; -68.122             ;
;  clk~derived     ; -850.528 ; 0.000 ; N/A      ; N/A     ; -68.122             ;
+------------------+----------+-------+----------+---------+---------------------+


