Fitter report for example_proj
Wed Apr 29 17:59:45 2026
Quartus Prime Version 25.1.1 Build 125 07/31/2025 Patches 1.31 SC Pro Edition


---------------------
; Table of Contents ;
---------------------
  1. Legal Notice
  2. Fitter Summary
  3. Fitter Settings
  4. Parallel Compilation
  5. Fitter Partition Summary
  6. Fitter Netlist Optimizations
---- Plan Stage Reports ----
       7. Fitter Device Options
       8. Operating Settings and Conditions
       9. Pin-Out File
      10. Input Pins
      11. Output Pins
      12. I/O Bank Usage
      13. Detailed I/O Block Info
      14. All Package Pins
      15. I/O Assignment Warnings
      16. Control Signals
      17. Global & Other Fast Signals Summary
      18. Global & Other Fast Signals Details
      19. Fixed Point DSP Register Packing Summary
      20. Fixed Point DSP Register Packing Details
---- Place Stage Reports ----
      21. Fitter RAM Summary
      22. Fitter Physical RAM Information
      23. Fitter DSP Block Usage Summary
      24. Fitter Resource Usage Summary
      25. Fitter Resource Utilization by Entity
---- Route Stage Reports ----
      26. Delay Chain Summary
      27. Routing Usage Summary
      28. Estimated Delay Added for Hold Timing Summary
      29. Estimated Delay Added for Hold Timing Details
---- Finalize Stage Reports ----
      30. Fitter HSLP Summary
 31. Fitter Messages



----------------
; Legal Notice ;
----------------
Copyright (C) 2025  Altera Corporation. All rights reserved.
Your use of Altera Corporation's design tools, logic functions 
and other software and tools, and any partner logic 
functions, and any output files from any of the foregoing 
(including device programming or simulation files), and any 
associated documentation or information are expressly subject 
to the terms and conditions of the Altera Program License 
Subscription Agreement, the Altera Quartus Prime License Agreement,
the Altera IP License Agreement, or other applicable license
agreement, including, without limitation, that your use is for
the sole purpose of programming logic devices manufactured by
Altera and sold by Altera or its authorized distributors.  Please
refer to the Altera Software License Subscription Agreements 
on the Quartus Prime software download page.



+---------------------------------------------------------------------------------------+
; Fitter Summary                                                                        ;
+-----------------------------+---------------------------------------------------------+
; Fitter Status               ; Successful - Wed Apr 29 17:59:45 2026                   ;
; Quartus Prime Version       ; 25.1.1 Build 125 07/31/2025 Patches 1.31 SC Pro Edition ;
; Revision Name               ; example_proj                                            ;
; Top-level Entity Name       ; top                                                     ;
; Family                      ; Cyclone 10 GX                                           ;
; Device                      ; 10CX220YF672E5G                                         ;
; Timing Models               ; Final                                                   ;
; Power Models                ; Final                                                   ;
; Device Status               ; Final                                                   ;
; Logic utilization (in ALMs) ; 609 / 80,330 ( < 1 % )                                  ;
; Total registers             ; 1056                                                    ;
; Total pins                  ; 32 / 284 ( 11 % )                                       ;
; Total virtual pins          ; 0                                                       ;
; Total block memory bits     ; 98,304 / 12,021,760 ( < 1 % )                           ;
; Total RAM Blocks            ; 6 / 587 ( 1 % )                                         ;
; Total DSP Blocks            ; 3 / 192 ( 2 % )                                         ;
; Total HSSI RX channels      ; 0 / 10 ( 0 % )                                          ;
; Total HSSI TX channels      ; 0 / 10 ( 0 % )                                          ;
; Total PLLs                  ; 0 / 27 ( 0 % )                                          ;
+-----------------------------+---------------------------------------------------------+


+--------------------------------------------------------------------------------------------------------------------------------------------------------------+
; Fitter Settings                                                                                                                                              ;
+------------------------------------------------------------------------------+---------------------------------------+---------------------------------------+
; Option                                                                       ; Setting                               ; Default Value                         ;
+------------------------------------------------------------------------------+---------------------------------------+---------------------------------------+
; Device                                                                       ; 10CX220YF672E5G                       ;                                       ;
; Minimum Core Junction Temperature                                            ; 0                                     ;                                       ;
; Maximum Core Junction Temperature                                            ; 100                                   ;                                       ;
; Enable parallel Assembler and Timing Analyzer during compilation             ; On                                    ; On                                    ;
; Enable compact report table                                                  ; Off                                   ; Off                                   ;
; Design Assistant include IP blocks                                           ; Off                                   ; Off                                   ;
; High fanout net threshold for RAM inference                                  ; 15                                    ; 15                                    ;
; Design Assistant limit on reported violations per rule                       ; 5000                                  ; 5000                                  ;
; Perform Simultaneous Multicorner Analysis                                    ; On                                    ; On                                    ;
; Optimization Mode                                                            ; Balanced                              ; Balanced                              ;
; Allow Register Merging                                                       ; On                                    ; On                                    ;
; Allow Register Duplication                                                   ; On                                    ; On                                    ;
; Allow Register Retiming                                                      ; On                                    ; On                                    ;
; Router Timing Optimization Level                                             ; Normal                                ; Normal                                ;
; Perform Clocking Topology Analysis During Routing                            ; Off                                   ; Off                                   ;
; Placement Effort Multiplier                                                  ; 1.0                                   ; 1.0                                   ;
; Advanced Physical Synthesis                                                  ; Off                                   ; Off                                   ;
; Enable unused RX clock workaround                                            ; Off                                   ; Off                                   ;
; Preserve unused RX/TX channels                                               ; Off                                   ; Off                                   ;
; Ignore the power supply of HSSI column when preserving unused RX/TX channels ; On                                    ; On                                    ;
; Automatically reserve CLKUSR pin for calibration purposes                    ; On                                    ; On                                    ;
; Configuration clock source                                                   ; INIT_INTOSC                           ; INIT_INTOSC                           ;
; Optimize Hold Timing                                                         ; All Paths                             ; All Paths                             ;
; Optimize Multi-Corner Timing                                                 ; On                                    ; On                                    ;
; Auto RAM to MLAB Conversion                                                  ; On                                    ; On                                    ;
; Report Packed DSP Register Names                                             ; On                                    ; On                                    ;
; Equivalent RAM and MLAB Power Up                                             ; Auto                                  ; Auto                                  ;
; Equivalent RAM and MLAB Paused Read Capabilities                             ; Care                                  ; Care                                  ;
; Programmable Power Technology Optimization                                   ; Automatic                             ; Automatic                             ;
; Programmable Power Maximum High-Speed Fraction of Used LAB Tiles             ; 1.0                                   ; 1.0                                   ;
; Power Optimization During Fitting                                            ; Normal compilation                    ; Normal compilation                    ;
; Optimize Timing                                                              ; Normal compilation                    ; Normal compilation                    ;
; Optimize IOC Register Placement for Timing                                   ; Normal                                ; Normal                                ;
; Final Placement Optimizations                                                ; Automatically                         ; Automatically                         ;
; Fitter Aggressive Routability Optimizations                                  ; Automatically                         ; Automatically                         ;
; Fitter Initial Placement Seed                                                ; 1                                     ; 1                                     ;
; Weak Pull-Up Resistor                                                        ; Off                                   ; Off                                   ;
; Enable Bus-Hold Circuitry                                                    ; Off                                   ; Off                                   ;
; Auto Packed Registers                                                        ; Auto                                  ; Auto                                  ;
; Auto Delay Chains                                                            ; On                                    ; On                                    ;
; Auto Delay Chains for High Fanout Input Pins                                 ; Off                                   ; Off                                   ;
; Treat Bidirectional Pin as Output Pin                                        ; Off                                   ; Off                                   ;
; Fitter Effort                                                                ; Auto Fit                              ; Auto Fit                              ;
; Logic Cell Insertion - Logic Duplication                                     ; Auto                                  ; Auto                                  ;
; Auto Register Duplication                                                    ; Auto                                  ; Auto                                  ;
; Auto Global Clock                                                            ; On                                    ; On                                    ;
; Auto Global Register Control Signals                                         ; On                                    ; On                                    ;
; Reserve all unused pins                                                      ; As input tri-stated with weak pull-up ; As input tri-stated with weak pull-up ;
; Synchronizer Identification                                                  ; Auto                                  ; Auto                                  ;
; Optimize Design for Metastability                                            ; On                                    ; On                                    ;
; Analyze Auto-Detected Synchronizers for Metastability                        ; Off                                   ; Off                                   ;
; Active Serial clock source                                                   ; FREQ_100MHz                           ; FREQ_100MHz                           ;
; Enable input tri-state on active configuration pins in user mode             ; Off                                   ; Off                                   ;
; Physical Placement Effort                                                    ; Normal                                ; Normal                                ;
; Number of Example Nodes Reported in Fitter Messages                          ; 50                                    ; 50                                    ;
; Enable Intermediate Fitter Snapshots                                         ; Off                                   ; Off                                   ;
; The Maximum physical M20Ks reported in the physical RAM report               ; 500                                   ; 500                                   ;
+------------------------------------------------------------------------------+---------------------------------------+---------------------------------------+


+-------------------------------------+
; Parallel Compilation                ;
+----------------------------+--------+
; Processors                 ; Number ;
+----------------------------+--------+
; Number detected on machine ; 64     ;
; Maximum allowed            ; 24     ;
+----------------------------+--------+


+--------------------------------------------------------------------------------------------+
; Fitter Partition Summary                                                                   ;
+----------------+----------------+---------+--------------+-------+-------------------------+
; Partition Name ; Hierarchy Path ; Type    ; Preservation ; Empty ; Partition Database File ;
+----------------+----------------+---------+--------------+-------+-------------------------+
; root_partition ; |              ; Default ;              ;       ;                         ;
+----------------+----------------+---------+--------------+-------+-------------------------+


+-------------------------------------------------------------------------------------------------------------------------------------------------------------------------------------------------------------------------------------------------------------------------------------------------------------------------------------------------------------------------------------------------------------------------------------------------------------------------------------------+
; Fitter Netlist Optimizations                                                                                                                                                                                                                                                                                                                                                                                                                                                              ;
+--------------------------------------------------------------------------------------------------------------------------------------------------------------------------------------+-----------------+---------------------------------------------------+--------------------------+-----------+--------------------------------------------------------------------------------------------------------------------------------------------------------------------+------------------+
; Node                                                                                                                                                                                 ; Action          ; Operation                                         ; Reason                   ; Node Port ; Destination Node                                                                                                                                                   ; Destination Port ;
+--------------------------------------------------------------------------------------------------------------------------------------------------------------------------------------+-----------------+---------------------------------------------------+--------------------------+-----------+--------------------------------------------------------------------------------------------------------------------------------------------------------------------+------------------+
; u0|intel_vvp_adv_tpg_0|intel_vvp_adv_tpg_0|mixer_inst_0|dp_inst|blended_pixel_gen[0].blended_col_gen[0].mult_add_inst|partial_gen[0].mult_2_inst|add_0[10]                           ; Packed Register ; Register Packing                                  ; Timing optimization      ; Q         ; u0|intel_vvp_adv_tpg_0|intel_vvp_adv_tpg_0|mixer_inst_0|dp_inst|blended_pixel_gen[0].blended_col_gen[0].mult_add_inst|partial_gen[0].mult_2_inst|add_0_0~DATAOUTA0 ; RESULTA          ;
; u0|intel_vvp_adv_tpg_0|intel_vvp_adv_tpg_0|mixer_inst_0|dp_inst|blended_pixel_gen[0].blended_col_gen[0].mult_add_inst|partial_gen[0].mult_2_inst|add_0[11]                           ; Packed Register ; Register Packing                                  ; Timing optimization      ; Q         ; u0|intel_vvp_adv_tpg_0|intel_vvp_adv_tpg_0|mixer_inst_0|dp_inst|blended_pixel_gen[0].blended_col_gen[0].mult_add_inst|partial_gen[0].mult_2_inst|add_0_0~DATAOUTA0 ; RESULTA          ;
; u0|intel_vvp_adv_tpg_0|intel_vvp_adv_tpg_0|mixer_inst_0|dp_inst|blended_pixel_gen[0].blended_col_gen[0].mult_add_inst|partial_gen[0].mult_2_inst|add_0[12]                           ; Packed Register ; Register Packing                                  ; Timing optimization      ; Q         ; u0|intel_vvp_adv_tpg_0|intel_vvp_adv_tpg_0|mixer_inst_0|dp_inst|blended_pixel_gen[0].blended_col_gen[0].mult_add_inst|partial_gen[0].mult_2_inst|add_0_0~DATAOUTA0 ; RESULTA          ;
; u0|intel_vvp_adv_tpg_0|intel_vvp_adv_tpg_0|mixer_inst_0|dp_inst|blended_pixel_gen[0].blended_col_gen[0].mult_add_inst|partial_gen[0].mult_2_inst|add_0[13]                           ; Packed Register ; Register Packing                                  ; Timing optimization      ; Q         ; u0|intel_vvp_adv_tpg_0|intel_vvp_adv_tpg_0|mixer_inst_0|dp_inst|blended_pixel_gen[0].blended_col_gen[0].mult_add_inst|partial_gen[0].mult_2_inst|add_0_0~DATAOUTA0 ; RESULTA          ;
; u0|intel_vvp_adv_tpg_0|intel_vvp_adv_tpg_0|mixer_inst_0|dp_inst|blended_pixel_gen[0].blended_col_gen[0].mult_add_inst|partial_gen[0].mult_2_inst|add_0[14]                           ; Packed Register ; Register Packing                                  ; Timing optimization      ; Q         ; u0|intel_vvp_adv_tpg_0|intel_vvp_adv_tpg_0|mixer_inst_0|dp_inst|blended_pixel_gen[0].blended_col_gen[0].mult_add_inst|partial_gen[0].mult_2_inst|add_0_0~DATAOUTA0 ; RESULTA          ;
; u0|intel_vvp_adv_tpg_0|intel_vvp_adv_tpg_0|mixer_inst_0|dp_inst|blended_pixel_gen[0].blended_col_gen[0].mult_add_inst|partial_gen[0].mult_2_inst|add_0[15]                           ; Packed Register ; Register Packing                                  ; Timing optimization      ; Q         ; u0|intel_vvp_adv_tpg_0|intel_vvp_adv_tpg_0|mixer_inst_0|dp_inst|blended_pixel_gen[0].blended_col_gen[0].mult_add_inst|partial_gen[0].mult_2_inst|add_0_0~DATAOUTA0 ; RESULTA          ;
; u0|intel_vvp_adv_tpg_0|intel_vvp_adv_tpg_0|mixer_inst_0|dp_inst|blended_pixel_gen[0].blended_col_gen[0].mult_add_inst|partial_gen[0].mult_2_inst|add_0[7]                            ; Packed Register ; Register Packing                                  ; Timing optimization      ; Q         ; u0|intel_vvp_adv_tpg_0|intel_vvp_adv_tpg_0|mixer_inst_0|dp_inst|blended_pixel_gen[0].blended_col_gen[0].mult_add_inst|partial_gen[0].mult_2_inst|add_0_0~DATAOUTA0 ; RESULTA          ;
; u0|intel_vvp_adv_tpg_0|intel_vvp_adv_tpg_0|mixer_inst_0|dp_inst|blended_pixel_gen[0].blended_col_gen[0].mult_add_inst|partial_gen[0].mult_2_inst|add_0[8]                            ; Packed Register ; Register Packing                                  ; Timing optimization      ; Q         ; u0|intel_vvp_adv_tpg_0|intel_vvp_adv_tpg_0|mixer_inst_0|dp_inst|blended_pixel_gen[0].blended_col_gen[0].mult_add_inst|partial_gen[0].mult_2_inst|add_0_0~DATAOUTA0 ; RESULTA          ;
; u0|intel_vvp_adv_tpg_0|intel_vvp_adv_tpg_0|mixer_inst_0|dp_inst|blended_pixel_gen[0].blended_col_gen[0].mult_add_inst|partial_gen[0].mult_2_inst|add_0[9]                            ; Packed Register ; Register Packing                                  ; Timing optimization      ; Q         ; u0|intel_vvp_adv_tpg_0|intel_vvp_adv_tpg_0|mixer_inst_0|dp_inst|blended_pixel_gen[0].blended_col_gen[0].mult_add_inst|partial_gen[0].mult_2_inst|add_0_0~DATAOUTA0 ; RESULTA          ;
; u0|intel_vvp_adv_tpg_0|intel_vvp_adv_tpg_0|mixer_inst_0|dp_inst|blended_pixel_gen[0].blended_col_gen[0].mult_add_inst|partial_gen[0].mult_2_inst|x_input_delay[0].x_delay_line[0][0] ; Packed Register ; Register Packing                                  ; Timing optimization      ; Q         ; u0|intel_vvp_adv_tpg_0|intel_vvp_adv_tpg_0|mixer_inst_0|dp_inst|blended_pixel_gen[0].blended_col_gen[0].mult_add_inst|partial_gen[0].mult_2_inst|add_0_0~DATAOUTA0 ; BX               ;
; u0|intel_vvp_adv_tpg_0|intel_vvp_adv_tpg_0|mixer_inst_0|dp_inst|blended_pixel_gen[0].blended_col_gen[0].mult_add_inst|partial_gen[0].mult_2_inst|x_input_delay[0].x_delay_line[0][1] ; Packed Register ; Register Packing                                  ; Timing optimization      ; Q         ; u0|intel_vvp_adv_tpg_0|intel_vvp_adv_tpg_0|mixer_inst_0|dp_inst|blended_pixel_gen[0].blended_col_gen[0].mult_add_inst|partial_gen[0].mult_2_inst|add_0_0~DATAOUTA0 ; BX               ;
; u0|intel_vvp_adv_tpg_0|intel_vvp_adv_tpg_0|mixer_inst_0|dp_inst|blended_pixel_gen[0].blended_col_gen[0].mult_add_inst|partial_gen[0].mult_2_inst|x_input_delay[0].x_delay_line[0][2] ; Packed Register ; Register Packing                                  ; Timing optimization      ; Q         ; u0|intel_vvp_adv_tpg_0|intel_vvp_adv_tpg_0|mixer_inst_0|dp_inst|blended_pixel_gen[0].blended_col_gen[0].mult_add_inst|partial_gen[0].mult_2_inst|add_0_0~DATAOUTA0 ; BX               ;
; u0|intel_vvp_adv_tpg_0|intel_vvp_adv_tpg_0|mixer_inst_0|dp_inst|blended_pixel_gen[0].blended_col_gen[0].mult_add_inst|partial_gen[0].mult_2_inst|x_input_delay[0].x_delay_line[0][3] ; Packed Register ; Register Packing                                  ; Timing optimization      ; Q         ; u0|intel_vvp_adv_tpg_0|intel_vvp_adv_tpg_0|mixer_inst_0|dp_inst|blended_pixel_gen[0].blended_col_gen[0].mult_add_inst|partial_gen[0].mult_2_inst|add_0_0~DATAOUTA0 ; BX               ;
; u0|intel_vvp_adv_tpg_0|intel_vvp_adv_tpg_0|mixer_inst_0|dp_inst|blended_pixel_gen[0].blended_col_gen[0].mult_add_inst|partial_gen[0].mult_2_inst|x_input_delay[0].x_delay_line[0][4] ; Packed Register ; Register Packing                                  ; Timing optimization      ; Q         ; u0|intel_vvp_adv_tpg_0|intel_vvp_adv_tpg_0|mixer_inst_0|dp_inst|blended_pixel_gen[0].blended_col_gen[0].mult_add_inst|partial_gen[0].mult_2_inst|add_0_0~DATAOUTA0 ; BX               ;
; u0|intel_vvp_adv_tpg_0|intel_vvp_adv_tpg_0|mixer_inst_0|dp_inst|blended_pixel_gen[0].blended_col_gen[0].mult_add_inst|partial_gen[0].mult_2_inst|x_input_delay[0].x_delay_line[0][5] ; Packed Register ; Register Packing                                  ; Timing optimization      ; Q         ; u0|intel_vvp_adv_tpg_0|intel_vvp_adv_tpg_0|mixer_inst_0|dp_inst|blended_pixel_gen[0].blended_col_gen[0].mult_add_inst|partial_gen[0].mult_2_inst|add_0_0~DATAOUTA0 ; BX               ;
; u0|intel_vvp_adv_tpg_0|intel_vvp_adv_tpg_0|mixer_inst_0|dp_inst|blended_pixel_gen[0].blended_col_gen[0].mult_add_inst|partial_gen[0].mult_2_inst|x_input_delay[0].x_delay_line[0][6] ; Packed Register ; Register Packing                                  ; Timing optimization      ; Q         ; u0|intel_vvp_adv_tpg_0|intel_vvp_adv_tpg_0|mixer_inst_0|dp_inst|blended_pixel_gen[0].blended_col_gen[0].mult_add_inst|partial_gen[0].mult_2_inst|add_0_0~DATAOUTA0 ; BX               ;
; u0|intel_vvp_adv_tpg_0|intel_vvp_adv_tpg_0|mixer_inst_0|dp_inst|blended_pixel_gen[0].blended_col_gen[0].mult_add_inst|partial_gen[0].mult_2_inst|x_input_delay[0].x_delay_line[0][7] ; Packed Register ; Register Packing                                  ; Timing optimization      ; Q         ; u0|intel_vvp_adv_tpg_0|intel_vvp_adv_tpg_0|mixer_inst_0|dp_inst|blended_pixel_gen[0].blended_col_gen[0].mult_add_inst|partial_gen[0].mult_2_inst|add_0_0~DATAOUTA0 ; BX               ;
; u0|intel_vvp_adv_tpg_0|intel_vvp_adv_tpg_0|mixer_inst_0|dp_inst|blended_pixel_gen[0].blended_col_gen[0].mult_add_inst|partial_gen[0].mult_2_inst|x_input_delay[0].x_delay_line[1][0] ; Packed Register ; Register Packing                                  ; Timing optimization      ; Q         ; u0|intel_vvp_adv_tpg_0|intel_vvp_adv_tpg_0|mixer_inst_0|dp_inst|blended_pixel_gen[0].blended_col_gen[0].mult_add_inst|partial_gen[0].mult_2_inst|add_0_0~DATAOUTA0 ; BX               ;
; u0|intel_vvp_adv_tpg_0|intel_vvp_adv_tpg_0|mixer_inst_0|dp_inst|blended_pixel_gen[0].blended_col_gen[0].mult_add_inst|partial_gen[0].mult_2_inst|x_input_delay[0].x_delay_line[1][1] ; Packed Register ; Register Packing                                  ; Timing optimization      ; Q         ; u0|intel_vvp_adv_tpg_0|intel_vvp_adv_tpg_0|mixer_inst_0|dp_inst|blended_pixel_gen[0].blended_col_gen[0].mult_add_inst|partial_gen[0].mult_2_inst|add_0_0~DATAOUTA0 ; BX               ;
; u0|intel_vvp_adv_tpg_0|intel_vvp_adv_tpg_0|mixer_inst_0|dp_inst|blended_pixel_gen[0].blended_col_gen[0].mult_add_inst|partial_gen[0].mult_2_inst|x_input_delay[0].x_delay_line[1][2] ; Packed Register ; Register Packing                                  ; Timing optimization      ; Q         ; u0|intel_vvp_adv_tpg_0|intel_vvp_adv_tpg_0|mixer_inst_0|dp_inst|blended_pixel_gen[0].blended_col_gen[0].mult_add_inst|partial_gen[0].mult_2_inst|add_0_0~DATAOUTA0 ; BX               ;
; u0|intel_vvp_adv_tpg_0|intel_vvp_adv_tpg_0|mixer_inst_0|dp_inst|blended_pixel_gen[0].blended_col_gen[0].mult_add_inst|partial_gen[0].mult_2_inst|x_input_delay[0].x_delay_line[1][3] ; Packed Register ; Register Packing                                  ; Timing optimization      ; Q         ; u0|intel_vvp_adv_tpg_0|intel_vvp_adv_tpg_0|mixer_inst_0|dp_inst|blended_pixel_gen[0].blended_col_gen[0].mult_add_inst|partial_gen[0].mult_2_inst|add_0_0~DATAOUTA0 ; BX               ;
; u0|intel_vvp_adv_tpg_0|intel_vvp_adv_tpg_0|mixer_inst_0|dp_inst|blended_pixel_gen[0].blended_col_gen[0].mult_add_inst|partial_gen[0].mult_2_inst|x_input_delay[0].x_delay_line[1][4] ; Packed Register ; Register Packing                                  ; Timing optimization      ; Q         ; u0|intel_vvp_adv_tpg_0|intel_vvp_adv_tpg_0|mixer_inst_0|dp_inst|blended_pixel_gen[0].blended_col_gen[0].mult_add_inst|partial_gen[0].mult_2_inst|add_0_0~DATAOUTA0 ; BX               ;
; u0|intel_vvp_adv_tpg_0|intel_vvp_adv_tpg_0|mixer_inst_0|dp_inst|blended_pixel_gen[0].blended_col_gen[0].mult_add_inst|partial_gen[0].mult_2_inst|x_input_delay[0].x_delay_line[1][5] ; Packed Register ; Register Packing                                  ; Timing optimization      ; Q         ; u0|intel_vvp_adv_tpg_0|intel_vvp_adv_tpg_0|mixer_inst_0|dp_inst|blended_pixel_gen[0].blended_col_gen[0].mult_add_inst|partial_gen[0].mult_2_inst|add_0_0~DATAOUTA0 ; BX               ;
; u0|intel_vvp_adv_tpg_0|intel_vvp_adv_tpg_0|mixer_inst_0|dp_inst|blended_pixel_gen[0].blended_col_gen[0].mult_add_inst|partial_gen[0].mult_2_inst|x_input_delay[0].x_delay_line[1][6] ; Packed Register ; Register Packing                                  ; Timing optimization      ; Q         ; u0|intel_vvp_adv_tpg_0|intel_vvp_adv_tpg_0|mixer_inst_0|dp_inst|blended_pixel_gen[0].blended_col_gen[0].mult_add_inst|partial_gen[0].mult_2_inst|add_0_0~DATAOUTA0 ; BX               ;
; u0|intel_vvp_adv_tpg_0|intel_vvp_adv_tpg_0|mixer_inst_0|dp_inst|blended_pixel_gen[0].blended_col_gen[0].mult_add_inst|partial_gen[0].mult_2_inst|x_input_delay[0].x_delay_line[1][7] ; Packed Register ; Register Packing                                  ; Timing optimization      ; Q         ; u0|intel_vvp_adv_tpg_0|intel_vvp_adv_tpg_0|mixer_inst_0|dp_inst|blended_pixel_gen[0].blended_col_gen[0].mult_add_inst|partial_gen[0].mult_2_inst|add_0_0~DATAOUTA0 ; BX               ;
; u0|intel_vvp_adv_tpg_0|intel_vvp_adv_tpg_0|mixer_inst_0|dp_inst|blended_pixel_gen[0].blended_col_gen[0].mult_add_inst|partial_gen[0].mult_2_inst|x_input_delay[1].x_delay_line[0][0] ; Packed Register ; Register Packing                                  ; Timing optimization      ; Q         ; u0|intel_vvp_adv_tpg_0|intel_vvp_adv_tpg_0|mixer_inst_0|dp_inst|blended_pixel_gen[0].blended_col_gen[0].mult_add_inst|partial_gen[0].mult_2_inst|add_0_0~DATAOUTA0 ; AX               ;
; u0|intel_vvp_adv_tpg_0|intel_vvp_adv_tpg_0|mixer_inst_0|dp_inst|blended_pixel_gen[0].blended_col_gen[0].mult_add_inst|partial_gen[0].mult_2_inst|x_input_delay[1].x_delay_line[0][1] ; Packed Register ; Register Packing                                  ; Timing optimization      ; Q         ; u0|intel_vvp_adv_tpg_0|intel_vvp_adv_tpg_0|mixer_inst_0|dp_inst|blended_pixel_gen[0].blended_col_gen[0].mult_add_inst|partial_gen[0].mult_2_inst|add_0_0~DATAOUTA0 ; AX               ;
; u0|intel_vvp_adv_tpg_0|intel_vvp_adv_tpg_0|mixer_inst_0|dp_inst|blended_pixel_gen[0].blended_col_gen[0].mult_add_inst|partial_gen[0].mult_2_inst|x_input_delay[1].x_delay_line[0][2] ; Packed Register ; Register Packing                                  ; Timing optimization      ; Q         ; u0|intel_vvp_adv_tpg_0|intel_vvp_adv_tpg_0|mixer_inst_0|dp_inst|blended_pixel_gen[0].blended_col_gen[0].mult_add_inst|partial_gen[0].mult_2_inst|add_0_0~DATAOUTA0 ; AX               ;
; u0|intel_vvp_adv_tpg_0|intel_vvp_adv_tpg_0|mixer_inst_0|dp_inst|blended_pixel_gen[0].blended_col_gen[0].mult_add_inst|partial_gen[0].mult_2_inst|x_input_delay[1].x_delay_line[0][3] ; Packed Register ; Register Packing                                  ; Timing optimization      ; Q         ; u0|intel_vvp_adv_tpg_0|intel_vvp_adv_tpg_0|mixer_inst_0|dp_inst|blended_pixel_gen[0].blended_col_gen[0].mult_add_inst|partial_gen[0].mult_2_inst|add_0_0~DATAOUTA0 ; AX               ;
; u0|intel_vvp_adv_tpg_0|intel_vvp_adv_tpg_0|mixer_inst_0|dp_inst|blended_pixel_gen[0].blended_col_gen[0].mult_add_inst|partial_gen[0].mult_2_inst|x_input_delay[1].x_delay_line[0][4] ; Packed Register ; Register Packing                                  ; Timing optimization      ; Q         ; u0|intel_vvp_adv_tpg_0|intel_vvp_adv_tpg_0|mixer_inst_0|dp_inst|blended_pixel_gen[0].blended_col_gen[0].mult_add_inst|partial_gen[0].mult_2_inst|add_0_0~DATAOUTA0 ; AX               ;
; u0|intel_vvp_adv_tpg_0|intel_vvp_adv_tpg_0|mixer_inst_0|dp_inst|blended_pixel_gen[0].blended_col_gen[0].mult_add_inst|partial_gen[0].mult_2_inst|x_input_delay[1].x_delay_line[0][5] ; Packed Register ; Register Packing                                  ; Timing optimization      ; Q         ; u0|intel_vvp_adv_tpg_0|intel_vvp_adv_tpg_0|mixer_inst_0|dp_inst|blended_pixel_gen[0].blended_col_gen[0].mult_add_inst|partial_gen[0].mult_2_inst|add_0_0~DATAOUTA0 ; AX               ;
; u0|intel_vvp_adv_tpg_0|intel_vvp_adv_tpg_0|mixer_inst_0|dp_inst|blended_pixel_gen[0].blended_col_gen[0].mult_add_inst|partial_gen[0].mult_2_inst|x_input_delay[1].x_delay_line[0][6] ; Packed Register ; Register Packing                                  ; Timing optimization      ; Q         ; u0|intel_vvp_adv_tpg_0|intel_vvp_adv_tpg_0|mixer_inst_0|dp_inst|blended_pixel_gen[0].blended_col_gen[0].mult_add_inst|partial_gen[0].mult_2_inst|add_0_0~DATAOUTA0 ; AX               ;
; u0|intel_vvp_adv_tpg_0|intel_vvp_adv_tpg_0|mixer_inst_0|dp_inst|blended_pixel_gen[0].blended_col_gen[0].mult_add_inst|partial_gen[0].mult_2_inst|x_input_delay[1].x_delay_line[0][7] ; Packed Register ; Register Packing                                  ; Timing optimization      ; Q         ; u0|intel_vvp_adv_tpg_0|intel_vvp_adv_tpg_0|mixer_inst_0|dp_inst|blended_pixel_gen[0].blended_col_gen[0].mult_add_inst|partial_gen[0].mult_2_inst|add_0_0~DATAOUTA0 ; AX               ;
; u0|intel_vvp_adv_tpg_0|intel_vvp_adv_tpg_0|mixer_inst_0|dp_inst|blended_pixel_gen[0].blended_col_gen[0].mult_add_inst|partial_gen[0].mult_2_inst|x_input_delay[1].x_delay_line[1][0] ; Packed Register ; Register Packing                                  ; Timing optimization      ; Q         ; u0|intel_vvp_adv_tpg_0|intel_vvp_adv_tpg_0|mixer_inst_0|dp_inst|blended_pixel_gen[0].blended_col_gen[0].mult_add_inst|partial_gen[0].mult_2_inst|add_0_0~DATAOUTA0 ; AX               ;
; u0|intel_vvp_adv_tpg_0|intel_vvp_adv_tpg_0|mixer_inst_0|dp_inst|blended_pixel_gen[0].blended_col_gen[0].mult_add_inst|partial_gen[0].mult_2_inst|x_input_delay[1].x_delay_line[1][1] ; Packed Register ; Register Packing                                  ; Timing optimization      ; Q         ; u0|intel_vvp_adv_tpg_0|intel_vvp_adv_tpg_0|mixer_inst_0|dp_inst|blended_pixel_gen[0].blended_col_gen[0].mult_add_inst|partial_gen[0].mult_2_inst|add_0_0~DATAOUTA0 ; AX               ;
; u0|intel_vvp_adv_tpg_0|intel_vvp_adv_tpg_0|mixer_inst_0|dp_inst|blended_pixel_gen[0].blended_col_gen[0].mult_add_inst|partial_gen[0].mult_2_inst|x_input_delay[1].x_delay_line[1][2] ; Packed Register ; Register Packing                                  ; Timing optimization      ; Q         ; u0|intel_vvp_adv_tpg_0|intel_vvp_adv_tpg_0|mixer_inst_0|dp_inst|blended_pixel_gen[0].blended_col_gen[0].mult_add_inst|partial_gen[0].mult_2_inst|add_0_0~DATAOUTA0 ; AX               ;
; u0|intel_vvp_adv_tpg_0|intel_vvp_adv_tpg_0|mixer_inst_0|dp_inst|blended_pixel_gen[0].blended_col_gen[0].mult_add_inst|partial_gen[0].mult_2_inst|x_input_delay[1].x_delay_line[1][3] ; Packed Register ; Register Packing                                  ; Timing optimization      ; Q         ; u0|intel_vvp_adv_tpg_0|intel_vvp_adv_tpg_0|mixer_inst_0|dp_inst|blended_pixel_gen[0].blended_col_gen[0].mult_add_inst|partial_gen[0].mult_2_inst|add_0_0~DATAOUTA0 ; AX               ;
; u0|intel_vvp_adv_tpg_0|intel_vvp_adv_tpg_0|mixer_inst_0|dp_inst|blended_pixel_gen[0].blended_col_gen[0].mult_add_inst|partial_gen[0].mult_2_inst|x_input_delay[1].x_delay_line[1][4] ; Packed Register ; Register Packing                                  ; Timing optimization      ; Q         ; u0|intel_vvp_adv_tpg_0|intel_vvp_adv_tpg_0|mixer_inst_0|dp_inst|blended_pixel_gen[0].blended_col_gen[0].mult_add_inst|partial_gen[0].mult_2_inst|add_0_0~DATAOUTA0 ; AX               ;
; u0|intel_vvp_adv_tpg_0|intel_vvp_adv_tpg_0|mixer_inst_0|dp_inst|blended_pixel_gen[0].blended_col_gen[0].mult_add_inst|partial_gen[0].mult_2_inst|x_input_delay[1].x_delay_line[1][5] ; Packed Register ; Register Packing                                  ; Timing optimization      ; Q         ; u0|intel_vvp_adv_tpg_0|intel_vvp_adv_tpg_0|mixer_inst_0|dp_inst|blended_pixel_gen[0].blended_col_gen[0].mult_add_inst|partial_gen[0].mult_2_inst|add_0_0~DATAOUTA0 ; AX               ;
; u0|intel_vvp_adv_tpg_0|intel_vvp_adv_tpg_0|mixer_inst_0|dp_inst|blended_pixel_gen[0].blended_col_gen[0].mult_add_inst|partial_gen[0].mult_2_inst|x_input_delay[1].x_delay_line[1][6] ; Packed Register ; Register Packing                                  ; Timing optimization      ; Q         ; u0|intel_vvp_adv_tpg_0|intel_vvp_adv_tpg_0|mixer_inst_0|dp_inst|blended_pixel_gen[0].blended_col_gen[0].mult_add_inst|partial_gen[0].mult_2_inst|add_0_0~DATAOUTA0 ; AX               ;
; u0|intel_vvp_adv_tpg_0|intel_vvp_adv_tpg_0|mixer_inst_0|dp_inst|blended_pixel_gen[0].blended_col_gen[0].mult_add_inst|partial_gen[0].mult_2_inst|x_input_delay[1].x_delay_line[1][7] ; Packed Register ; Register Packing                                  ; Timing optimization      ; Q         ; u0|intel_vvp_adv_tpg_0|intel_vvp_adv_tpg_0|mixer_inst_0|dp_inst|blended_pixel_gen[0].blended_col_gen[0].mult_add_inst|partial_gen[0].mult_2_inst|add_0_0~DATAOUTA0 ; AX               ;
; u0|intel_vvp_adv_tpg_0|intel_vvp_adv_tpg_0|mixer_inst_0|dp_inst|blended_pixel_gen[0].blended_col_gen[0].mult_add_inst|partial_gen[0].mult_2_inst|y_input_delay[0].y_delay_line[0][0] ; Packed Register ; Register Packing                                  ; Timing optimization      ; Q         ; u0|intel_vvp_adv_tpg_0|intel_vvp_adv_tpg_0|mixer_inst_0|dp_inst|blended_pixel_gen[0].blended_col_gen[0].mult_add_inst|partial_gen[0].mult_2_inst|add_0_0~DATAOUTA0 ; BY               ;
; u0|intel_vvp_adv_tpg_0|intel_vvp_adv_tpg_0|mixer_inst_0|dp_inst|blended_pixel_gen[0].blended_col_gen[0].mult_add_inst|partial_gen[0].mult_2_inst|y_input_delay[0].y_delay_line[0][1] ; Packed Register ; Register Packing                                  ; Timing optimization      ; Q         ; u0|intel_vvp_adv_tpg_0|intel_vvp_adv_tpg_0|mixer_inst_0|dp_inst|blended_pixel_gen[0].blended_col_gen[0].mult_add_inst|partial_gen[0].mult_2_inst|add_0_0~DATAOUTA0 ; BY               ;
; u0|intel_vvp_adv_tpg_0|intel_vvp_adv_tpg_0|mixer_inst_0|dp_inst|blended_pixel_gen[0].blended_col_gen[0].mult_add_inst|partial_gen[0].mult_2_inst|y_input_delay[0].y_delay_line[0][2] ; Packed Register ; Register Packing                                  ; Timing optimization      ; Q         ; u0|intel_vvp_adv_tpg_0|intel_vvp_adv_tpg_0|mixer_inst_0|dp_inst|blended_pixel_gen[0].blended_col_gen[0].mult_add_inst|partial_gen[0].mult_2_inst|add_0_0~DATAOUTA0 ; BY               ;
; u0|intel_vvp_adv_tpg_0|intel_vvp_adv_tpg_0|mixer_inst_0|dp_inst|blended_pixel_gen[0].blended_col_gen[0].mult_add_inst|partial_gen[0].mult_2_inst|y_input_delay[0].y_delay_line[0][3] ; Packed Register ; Register Packing                                  ; Timing optimization      ; Q         ; u0|intel_vvp_adv_tpg_0|intel_vvp_adv_tpg_0|mixer_inst_0|dp_inst|blended_pixel_gen[0].blended_col_gen[0].mult_add_inst|partial_gen[0].mult_2_inst|add_0_0~DATAOUTA0 ; BY               ;
; u0|intel_vvp_adv_tpg_0|intel_vvp_adv_tpg_0|mixer_inst_0|dp_inst|blended_pixel_gen[0].blended_col_gen[0].mult_add_inst|partial_gen[0].mult_2_inst|y_input_delay[0].y_delay_line[0][4] ; Packed Register ; Register Packing                                  ; Timing optimization      ; Q         ; u0|intel_vvp_adv_tpg_0|intel_vvp_adv_tpg_0|mixer_inst_0|dp_inst|blended_pixel_gen[0].blended_col_gen[0].mult_add_inst|partial_gen[0].mult_2_inst|add_0_0~DATAOUTA0 ; BY               ;
; u0|intel_vvp_adv_tpg_0|intel_vvp_adv_tpg_0|mixer_inst_0|dp_inst|blended_pixel_gen[0].blended_col_gen[0].mult_add_inst|partial_gen[0].mult_2_inst|y_input_delay[0].y_delay_line[0][5] ; Packed Register ; Register Packing                                  ; Timing optimization      ; Q         ; u0|intel_vvp_adv_tpg_0|intel_vvp_adv_tpg_0|mixer_inst_0|dp_inst|blended_pixel_gen[0].blended_col_gen[0].mult_add_inst|partial_gen[0].mult_2_inst|add_0_0~DATAOUTA0 ; BY               ;
; u0|intel_vvp_adv_tpg_0|intel_vvp_adv_tpg_0|mixer_inst_0|dp_inst|blended_pixel_gen[0].blended_col_gen[0].mult_add_inst|partial_gen[0].mult_2_inst|y_input_delay[0].y_delay_line[0][6] ; Packed Register ; Register Packing                                  ; Timing optimization      ; Q         ; u0|intel_vvp_adv_tpg_0|intel_vvp_adv_tpg_0|mixer_inst_0|dp_inst|blended_pixel_gen[0].blended_col_gen[0].mult_add_inst|partial_gen[0].mult_2_inst|add_0_0~DATAOUTA0 ; BY               ;
; u0|intel_vvp_adv_tpg_0|intel_vvp_adv_tpg_0|mixer_inst_0|dp_inst|blended_pixel_gen[0].blended_col_gen[0].mult_add_inst|partial_gen[0].mult_2_inst|y_input_delay[0].y_delay_line[0][7] ; Packed Register ; Register Packing                                  ; Timing optimization      ; Q         ; u0|intel_vvp_adv_tpg_0|intel_vvp_adv_tpg_0|mixer_inst_0|dp_inst|blended_pixel_gen[0].blended_col_gen[0].mult_add_inst|partial_gen[0].mult_2_inst|add_0_0~DATAOUTA0 ; BY               ;
; u0|intel_vvp_adv_tpg_0|intel_vvp_adv_tpg_0|mixer_inst_0|dp_inst|blended_pixel_gen[0].blended_col_gen[0].mult_add_inst|partial_gen[0].mult_2_inst|y_input_delay[0].y_delay_line[0][8] ; Packed Register ; Register Packing                                  ; Timing optimization      ; Q         ; u0|intel_vvp_adv_tpg_0|intel_vvp_adv_tpg_0|mixer_inst_0|dp_inst|blended_pixel_gen[0].blended_col_gen[0].mult_add_inst|partial_gen[0].mult_2_inst|add_0_0~DATAOUTA0 ; BY               ;
; u0|intel_vvp_adv_tpg_0|intel_vvp_adv_tpg_0|mixer_inst_0|dp_inst|blended_pixel_gen[0].blended_col_gen[0].mult_add_inst|partial_gen[0].mult_2_inst|y_input_delay[0].y_delay_line[1][0] ; Packed Register ; Register Packing                                  ; Timing optimization      ; Q         ; u0|intel_vvp_adv_tpg_0|intel_vvp_adv_tpg_0|mixer_inst_0|dp_inst|blended_pixel_gen[0].blended_col_gen[0].mult_add_inst|partial_gen[0].mult_2_inst|add_0_0~DATAOUTA0 ; BY               ;
; u0|intel_vvp_adv_tpg_0|intel_vvp_adv_tpg_0|mixer_inst_0|dp_inst|blended_pixel_gen[0].blended_col_gen[0].mult_add_inst|partial_gen[0].mult_2_inst|y_input_delay[0].y_delay_line[1][1] ; Packed Register ; Register Packing                                  ; Timing optimization      ; Q         ; u0|intel_vvp_adv_tpg_0|intel_vvp_adv_tpg_0|mixer_inst_0|dp_inst|blended_pixel_gen[0].blended_col_gen[0].mult_add_inst|partial_gen[0].mult_2_inst|add_0_0~DATAOUTA0 ; BY               ;
; u0|intel_vvp_adv_tpg_0|intel_vvp_adv_tpg_0|mixer_inst_0|dp_inst|blended_pixel_gen[0].blended_col_gen[0].mult_add_inst|partial_gen[0].mult_2_inst|y_input_delay[0].y_delay_line[1][2] ; Packed Register ; Register Packing                                  ; Timing optimization      ; Q         ; u0|intel_vvp_adv_tpg_0|intel_vvp_adv_tpg_0|mixer_inst_0|dp_inst|blended_pixel_gen[0].blended_col_gen[0].mult_add_inst|partial_gen[0].mult_2_inst|add_0_0~DATAOUTA0 ; BY               ;
; u0|intel_vvp_adv_tpg_0|intel_vvp_adv_tpg_0|mixer_inst_0|dp_inst|blended_pixel_gen[0].blended_col_gen[0].mult_add_inst|partial_gen[0].mult_2_inst|y_input_delay[0].y_delay_line[1][3] ; Packed Register ; Register Packing                                  ; Timing optimization      ; Q         ; u0|intel_vvp_adv_tpg_0|intel_vvp_adv_tpg_0|mixer_inst_0|dp_inst|blended_pixel_gen[0].blended_col_gen[0].mult_add_inst|partial_gen[0].mult_2_inst|add_0_0~DATAOUTA0 ; BY               ;
; u0|intel_vvp_adv_tpg_0|intel_vvp_adv_tpg_0|mixer_inst_0|dp_inst|blended_pixel_gen[0].blended_col_gen[0].mult_add_inst|partial_gen[0].mult_2_inst|y_input_delay[0].y_delay_line[1][4] ; Packed Register ; Register Packing                                  ; Timing optimization      ; Q         ; u0|intel_vvp_adv_tpg_0|intel_vvp_adv_tpg_0|mixer_inst_0|dp_inst|blended_pixel_gen[0].blended_col_gen[0].mult_add_inst|partial_gen[0].mult_2_inst|add_0_0~DATAOUTA0 ; BY               ;
; u0|intel_vvp_adv_tpg_0|intel_vvp_adv_tpg_0|mixer_inst_0|dp_inst|blended_pixel_gen[0].blended_col_gen[0].mult_add_inst|partial_gen[0].mult_2_inst|y_input_delay[0].y_delay_line[1][5] ; Packed Register ; Register Packing                                  ; Timing optimization      ; Q         ; u0|intel_vvp_adv_tpg_0|intel_vvp_adv_tpg_0|mixer_inst_0|dp_inst|blended_pixel_gen[0].blended_col_gen[0].mult_add_inst|partial_gen[0].mult_2_inst|add_0_0~DATAOUTA0 ; BY               ;
; u0|intel_vvp_adv_tpg_0|intel_vvp_adv_tpg_0|mixer_inst_0|dp_inst|blended_pixel_gen[0].blended_col_gen[0].mult_add_inst|partial_gen[0].mult_2_inst|y_input_delay[0].y_delay_line[1][6] ; Packed Register ; Register Packing                                  ; Timing optimization      ; Q         ; u0|intel_vvp_adv_tpg_0|intel_vvp_adv_tpg_0|mixer_inst_0|dp_inst|blended_pixel_gen[0].blended_col_gen[0].mult_add_inst|partial_gen[0].mult_2_inst|add_0_0~DATAOUTA0 ; BY               ;
; u0|intel_vvp_adv_tpg_0|intel_vvp_adv_tpg_0|mixer_inst_0|dp_inst|blended_pixel_gen[0].blended_col_gen[0].mult_add_inst|partial_gen[0].mult_2_inst|y_input_delay[0].y_delay_line[1][7] ; Packed Register ; Register Packing                                  ; Timing optimization      ; Q         ; u0|intel_vvp_adv_tpg_0|intel_vvp_adv_tpg_0|mixer_inst_0|dp_inst|blended_pixel_gen[0].blended_col_gen[0].mult_add_inst|partial_gen[0].mult_2_inst|add_0_0~DATAOUTA0 ; BY               ;
; u0|intel_vvp_adv_tpg_0|intel_vvp_adv_tpg_0|mixer_inst_0|dp_inst|blended_pixel_gen[0].blended_col_gen[0].mult_add_inst|partial_gen[0].mult_2_inst|y_input_delay[0].y_delay_line[1][8] ; Packed Register ; Register Packing                                  ; Timing optimization      ; Q         ; u0|intel_vvp_adv_tpg_0|intel_vvp_adv_tpg_0|mixer_inst_0|dp_inst|blended_pixel_gen[0].blended_col_gen[0].mult_add_inst|partial_gen[0].mult_2_inst|add_0_0~DATAOUTA0 ; BY               ;
; u0|intel_vvp_adv_tpg_0|intel_vvp_adv_tpg_0|mixer_inst_0|dp_inst|blended_pixel_gen[0].blended_col_gen[0].mult_add_inst|partial_gen[0].mult_2_inst|y_input_delay[1].y_delay_line[0][0] ; Packed Register ; Register Packing                                  ; Timing optimization      ; Q         ; u0|intel_vvp_adv_tpg_0|intel_vvp_adv_tpg_0|mixer_inst_0|dp_inst|blended_pixel_gen[0].blended_col_gen[0].mult_add_inst|partial_gen[0].mult_2_inst|add_0_0~DATAOUTA0 ; AY               ;
; u0|intel_vvp_adv_tpg_0|intel_vvp_adv_tpg_0|mixer_inst_0|dp_inst|blended_pixel_gen[0].blended_col_gen[0].mult_add_inst|partial_gen[0].mult_2_inst|y_input_delay[1].y_delay_line[0][1] ; Packed Register ; Register Packing                                  ; Timing optimization      ; Q         ; u0|intel_vvp_adv_tpg_0|intel_vvp_adv_tpg_0|mixer_inst_0|dp_inst|blended_pixel_gen[0].blended_col_gen[0].mult_add_inst|partial_gen[0].mult_2_inst|add_0_0~DATAOUTA0 ; AY               ;
; u0|intel_vvp_adv_tpg_0|intel_vvp_adv_tpg_0|mixer_inst_0|dp_inst|blended_pixel_gen[0].blended_col_gen[0].mult_add_inst|partial_gen[0].mult_2_inst|y_input_delay[1].y_delay_line[0][2] ; Packed Register ; Register Packing                                  ; Timing optimization      ; Q         ; u0|intel_vvp_adv_tpg_0|intel_vvp_adv_tpg_0|mixer_inst_0|dp_inst|blended_pixel_gen[0].blended_col_gen[0].mult_add_inst|partial_gen[0].mult_2_inst|add_0_0~DATAOUTA0 ; AY               ;
; u0|intel_vvp_adv_tpg_0|intel_vvp_adv_tpg_0|mixer_inst_0|dp_inst|blended_pixel_gen[0].blended_col_gen[0].mult_add_inst|partial_gen[0].mult_2_inst|y_input_delay[1].y_delay_line[0][3] ; Packed Register ; Register Packing                                  ; Timing optimization      ; Q         ; u0|intel_vvp_adv_tpg_0|intel_vvp_adv_tpg_0|mixer_inst_0|dp_inst|blended_pixel_gen[0].blended_col_gen[0].mult_add_inst|partial_gen[0].mult_2_inst|add_0_0~DATAOUTA0 ; AY               ;
; u0|intel_vvp_adv_tpg_0|intel_vvp_adv_tpg_0|mixer_inst_0|dp_inst|blended_pixel_gen[0].blended_col_gen[0].mult_add_inst|partial_gen[0].mult_2_inst|y_input_delay[1].y_delay_line[0][4] ; Packed Register ; Register Packing                                  ; Timing optimization      ; Q         ; u0|intel_vvp_adv_tpg_0|intel_vvp_adv_tpg_0|mixer_inst_0|dp_inst|blended_pixel_gen[0].blended_col_gen[0].mult_add_inst|partial_gen[0].mult_2_inst|add_0_0~DATAOUTA0 ; AY               ;
; u0|intel_vvp_adv_tpg_0|intel_vvp_adv_tpg_0|mixer_inst_0|dp_inst|blended_pixel_gen[0].blended_col_gen[0].mult_add_inst|partial_gen[0].mult_2_inst|y_input_delay[1].y_delay_line[0][5] ; Packed Register ; Register Packing                                  ; Timing optimization      ; Q         ; u0|intel_vvp_adv_tpg_0|intel_vvp_adv_tpg_0|mixer_inst_0|dp_inst|blended_pixel_gen[0].blended_col_gen[0].mult_add_inst|partial_gen[0].mult_2_inst|add_0_0~DATAOUTA0 ; AY               ;
; u0|intel_vvp_adv_tpg_0|intel_vvp_adv_tpg_0|mixer_inst_0|dp_inst|blended_pixel_gen[0].blended_col_gen[0].mult_add_inst|partial_gen[0].mult_2_inst|y_input_delay[1].y_delay_line[0][6] ; Packed Register ; Register Packing                                  ; Timing optimization      ; Q         ; u0|intel_vvp_adv_tpg_0|intel_vvp_adv_tpg_0|mixer_inst_0|dp_inst|blended_pixel_gen[0].blended_col_gen[0].mult_add_inst|partial_gen[0].mult_2_inst|add_0_0~DATAOUTA0 ; AY               ;
; u0|intel_vvp_adv_tpg_0|intel_vvp_adv_tpg_0|mixer_inst_0|dp_inst|blended_pixel_gen[0].blended_col_gen[0].mult_add_inst|partial_gen[0].mult_2_inst|y_input_delay[1].y_delay_line[0][7] ; Packed Register ; Register Packing                                  ; Timing optimization      ; Q         ; u0|intel_vvp_adv_tpg_0|intel_vvp_adv_tpg_0|mixer_inst_0|dp_inst|blended_pixel_gen[0].blended_col_gen[0].mult_add_inst|partial_gen[0].mult_2_inst|add_0_0~DATAOUTA0 ; AY               ;
; u0|intel_vvp_adv_tpg_0|intel_vvp_adv_tpg_0|mixer_inst_0|dp_inst|blended_pixel_gen[0].blended_col_gen[0].mult_add_inst|partial_gen[0].mult_2_inst|y_input_delay[1].y_delay_line[0][8] ; Packed Register ; Register Packing                                  ; Timing optimization      ; Q         ; u0|intel_vvp_adv_tpg_0|intel_vvp_adv_tpg_0|mixer_inst_0|dp_inst|blended_pixel_gen[0].blended_col_gen[0].mult_add_inst|partial_gen[0].mult_2_inst|add_0_0~DATAOUTA0 ; AY               ;
; u0|intel_vvp_adv_tpg_0|intel_vvp_adv_tpg_0|mixer_inst_0|dp_inst|blended_pixel_gen[0].blended_col_gen[0].mult_add_inst|partial_gen[0].mult_2_inst|y_input_delay[1].y_delay_line[1][0] ; Packed Register ; Register Packing                                  ; Timing optimization      ; Q         ; u0|intel_vvp_adv_tpg_0|intel_vvp_adv_tpg_0|mixer_inst_0|dp_inst|blended_pixel_gen[0].blended_col_gen[0].mult_add_inst|partial_gen[0].mult_2_inst|add_0_0~DATAOUTA0 ; AY               ;
; u0|intel_vvp_adv_tpg_0|intel_vvp_adv_tpg_0|mixer_inst_0|dp_inst|blended_pixel_gen[0].blended_col_gen[0].mult_add_inst|partial_gen[0].mult_2_inst|y_input_delay[1].y_delay_line[1][1] ; Packed Register ; Register Packing                                  ; Timing optimization      ; Q         ; u0|intel_vvp_adv_tpg_0|intel_vvp_adv_tpg_0|mixer_inst_0|dp_inst|blended_pixel_gen[0].blended_col_gen[0].mult_add_inst|partial_gen[0].mult_2_inst|add_0_0~DATAOUTA0 ; AY               ;
; u0|intel_vvp_adv_tpg_0|intel_vvp_adv_tpg_0|mixer_inst_0|dp_inst|blended_pixel_gen[0].blended_col_gen[0].mult_add_inst|partial_gen[0].mult_2_inst|y_input_delay[1].y_delay_line[1][2] ; Packed Register ; Register Packing                                  ; Timing optimization      ; Q         ; u0|intel_vvp_adv_tpg_0|intel_vvp_adv_tpg_0|mixer_inst_0|dp_inst|blended_pixel_gen[0].blended_col_gen[0].mult_add_inst|partial_gen[0].mult_2_inst|add_0_0~DATAOUTA0 ; AY               ;
; u0|intel_vvp_adv_tpg_0|intel_vvp_adv_tpg_0|mixer_inst_0|dp_inst|blended_pixel_gen[0].blended_col_gen[0].mult_add_inst|partial_gen[0].mult_2_inst|y_input_delay[1].y_delay_line[1][3] ; Packed Register ; Register Packing                                  ; Timing optimization      ; Q         ; u0|intel_vvp_adv_tpg_0|intel_vvp_adv_tpg_0|mixer_inst_0|dp_inst|blended_pixel_gen[0].blended_col_gen[0].mult_add_inst|partial_gen[0].mult_2_inst|add_0_0~DATAOUTA0 ; AY               ;
; u0|intel_vvp_adv_tpg_0|intel_vvp_adv_tpg_0|mixer_inst_0|dp_inst|blended_pixel_gen[0].blended_col_gen[0].mult_add_inst|partial_gen[0].mult_2_inst|y_input_delay[1].y_delay_line[1][4] ; Packed Register ; Register Packing                                  ; Timing optimization      ; Q         ; u0|intel_vvp_adv_tpg_0|intel_vvp_adv_tpg_0|mixer_inst_0|dp_inst|blended_pixel_gen[0].blended_col_gen[0].mult_add_inst|partial_gen[0].mult_2_inst|add_0_0~DATAOUTA0 ; AY               ;
; u0|intel_vvp_adv_tpg_0|intel_vvp_adv_tpg_0|mixer_inst_0|dp_inst|blended_pixel_gen[0].blended_col_gen[0].mult_add_inst|partial_gen[0].mult_2_inst|y_input_delay[1].y_delay_line[1][5] ; Packed Register ; Register Packing                                  ; Timing optimization      ; Q         ; u0|intel_vvp_adv_tpg_0|intel_vvp_adv_tpg_0|mixer_inst_0|dp_inst|blended_pixel_gen[0].blended_col_gen[0].mult_add_inst|partial_gen[0].mult_2_inst|add_0_0~DATAOUTA0 ; AY               ;
; u0|intel_vvp_adv_tpg_0|intel_vvp_adv_tpg_0|mixer_inst_0|dp_inst|blended_pixel_gen[0].blended_col_gen[0].mult_add_inst|partial_gen[0].mult_2_inst|y_input_delay[1].y_delay_line[1][6] ; Packed Register ; Register Packing                                  ; Timing optimization      ; Q         ; u0|intel_vvp_adv_tpg_0|intel_vvp_adv_tpg_0|mixer_inst_0|dp_inst|blended_pixel_gen[0].blended_col_gen[0].mult_add_inst|partial_gen[0].mult_2_inst|add_0_0~DATAOUTA0 ; AY               ;
; u0|intel_vvp_adv_tpg_0|intel_vvp_adv_tpg_0|mixer_inst_0|dp_inst|blended_pixel_gen[0].blended_col_gen[0].mult_add_inst|partial_gen[0].mult_2_inst|y_input_delay[1].y_delay_line[1][7] ; Packed Register ; Register Packing                                  ; Timing optimization      ; Q         ; u0|intel_vvp_adv_tpg_0|intel_vvp_adv_tpg_0|mixer_inst_0|dp_inst|blended_pixel_gen[0].blended_col_gen[0].mult_add_inst|partial_gen[0].mult_2_inst|add_0_0~DATAOUTA0 ; AY               ;
; u0|intel_vvp_adv_tpg_0|intel_vvp_adv_tpg_0|mixer_inst_0|dp_inst|blended_pixel_gen[0].blended_col_gen[0].mult_add_inst|partial_gen[0].mult_2_inst|y_input_delay[1].y_delay_line[1][8] ; Packed Register ; Register Packing                                  ; Timing optimization      ; Q         ; u0|intel_vvp_adv_tpg_0|intel_vvp_adv_tpg_0|mixer_inst_0|dp_inst|blended_pixel_gen[0].blended_col_gen[0].mult_add_inst|partial_gen[0].mult_2_inst|add_0_0~DATAOUTA0 ; AY               ;
; u0|intel_vvp_adv_tpg_0|intel_vvp_adv_tpg_0|mixer_inst_0|dp_inst|blended_pixel_gen[0].blended_col_gen[1].mult_add_inst|partial_gen[0].mult_2_inst|add_0[10]                           ; Packed Register ; Register Packing                                  ; Timing optimization      ; Q         ; u0|intel_vvp_adv_tpg_0|intel_vvp_adv_tpg_0|mixer_inst_0|dp_inst|blended_pixel_gen[0].blended_col_gen[1].mult_add_inst|partial_gen[0].mult_2_inst|add_0_0~DATAOUTA0 ; RESULTA          ;
; u0|intel_vvp_adv_tpg_0|intel_vvp_adv_tpg_0|mixer_inst_0|dp_inst|blended_pixel_gen[0].blended_col_gen[1].mult_add_inst|partial_gen[0].mult_2_inst|add_0[11]                           ; Packed Register ; Register Packing                                  ; Timing optimization      ; Q         ; u0|intel_vvp_adv_tpg_0|intel_vvp_adv_tpg_0|mixer_inst_0|dp_inst|blended_pixel_gen[0].blended_col_gen[1].mult_add_inst|partial_gen[0].mult_2_inst|add_0_0~DATAOUTA0 ; RESULTA          ;
; u0|intel_vvp_adv_tpg_0|intel_vvp_adv_tpg_0|mixer_inst_0|dp_inst|blended_pixel_gen[0].blended_col_gen[1].mult_add_inst|partial_gen[0].mult_2_inst|add_0[12]                           ; Packed Register ; Register Packing                                  ; Timing optimization      ; Q         ; u0|intel_vvp_adv_tpg_0|intel_vvp_adv_tpg_0|mixer_inst_0|dp_inst|blended_pixel_gen[0].blended_col_gen[1].mult_add_inst|partial_gen[0].mult_2_inst|add_0_0~DATAOUTA0 ; RESULTA          ;
; u0|intel_vvp_adv_tpg_0|intel_vvp_adv_tpg_0|mixer_inst_0|dp_inst|blended_pixel_gen[0].blended_col_gen[1].mult_add_inst|partial_gen[0].mult_2_inst|add_0[13]                           ; Packed Register ; Register Packing                                  ; Timing optimization      ; Q         ; u0|intel_vvp_adv_tpg_0|intel_vvp_adv_tpg_0|mixer_inst_0|dp_inst|blended_pixel_gen[0].blended_col_gen[1].mult_add_inst|partial_gen[0].mult_2_inst|add_0_0~DATAOUTA0 ; RESULTA          ;
; u0|intel_vvp_adv_tpg_0|intel_vvp_adv_tpg_0|mixer_inst_0|dp_inst|blended_pixel_gen[0].blended_col_gen[1].mult_add_inst|partial_gen[0].mult_2_inst|add_0[14]                           ; Packed Register ; Register Packing                                  ; Timing optimization      ; Q         ; u0|intel_vvp_adv_tpg_0|intel_vvp_adv_tpg_0|mixer_inst_0|dp_inst|blended_pixel_gen[0].blended_col_gen[1].mult_add_inst|partial_gen[0].mult_2_inst|add_0_0~DATAOUTA0 ; RESULTA          ;
; u0|intel_vvp_adv_tpg_0|intel_vvp_adv_tpg_0|mixer_inst_0|dp_inst|blended_pixel_gen[0].blended_col_gen[1].mult_add_inst|partial_gen[0].mult_2_inst|add_0[15]                           ; Packed Register ; Register Packing                                  ; Timing optimization      ; Q         ; u0|intel_vvp_adv_tpg_0|intel_vvp_adv_tpg_0|mixer_inst_0|dp_inst|blended_pixel_gen[0].blended_col_gen[1].mult_add_inst|partial_gen[0].mult_2_inst|add_0_0~DATAOUTA0 ; RESULTA          ;
; u0|intel_vvp_adv_tpg_0|intel_vvp_adv_tpg_0|mixer_inst_0|dp_inst|blended_pixel_gen[0].blended_col_gen[1].mult_add_inst|partial_gen[0].mult_2_inst|add_0[7]                            ; Packed Register ; Register Packing                                  ; Timing optimization      ; Q         ; u0|intel_vvp_adv_tpg_0|intel_vvp_adv_tpg_0|mixer_inst_0|dp_inst|blended_pixel_gen[0].blended_col_gen[1].mult_add_inst|partial_gen[0].mult_2_inst|add_0_0~DATAOUTA0 ; RESULTA          ;
; u0|intel_vvp_adv_tpg_0|intel_vvp_adv_tpg_0|mixer_inst_0|dp_inst|blended_pixel_gen[0].blended_col_gen[1].mult_add_inst|partial_gen[0].mult_2_inst|add_0[8]                            ; Packed Register ; Register Packing                                  ; Timing optimization      ; Q         ; u0|intel_vvp_adv_tpg_0|intel_vvp_adv_tpg_0|mixer_inst_0|dp_inst|blended_pixel_gen[0].blended_col_gen[1].mult_add_inst|partial_gen[0].mult_2_inst|add_0_0~DATAOUTA0 ; RESULTA          ;
; u0|intel_vvp_adv_tpg_0|intel_vvp_adv_tpg_0|mixer_inst_0|dp_inst|blended_pixel_gen[0].blended_col_gen[1].mult_add_inst|partial_gen[0].mult_2_inst|add_0[9]                            ; Packed Register ; Register Packing                                  ; Timing optimization      ; Q         ; u0|intel_vvp_adv_tpg_0|intel_vvp_adv_tpg_0|mixer_inst_0|dp_inst|blended_pixel_gen[0].blended_col_gen[1].mult_add_inst|partial_gen[0].mult_2_inst|add_0_0~DATAOUTA0 ; RESULTA          ;
; u0|intel_vvp_adv_tpg_0|intel_vvp_adv_tpg_0|mixer_inst_0|dp_inst|blended_pixel_gen[0].blended_col_gen[1].mult_add_inst|partial_gen[0].mult_2_inst|x_input_delay[0].x_delay_line[0][0] ; Packed Register ; Register Packing                                  ; Timing optimization      ; Q         ; u0|intel_vvp_adv_tpg_0|intel_vvp_adv_tpg_0|mixer_inst_0|dp_inst|blended_pixel_gen[0].blended_col_gen[1].mult_add_inst|partial_gen[0].mult_2_inst|add_0_0~DATAOUTA0 ; BX               ;
; u0|intel_vvp_adv_tpg_0|intel_vvp_adv_tpg_0|mixer_inst_0|dp_inst|blended_pixel_gen[0].blended_col_gen[1].mult_add_inst|partial_gen[0].mult_2_inst|x_input_delay[0].x_delay_line[0][1] ; Packed Register ; Register Packing                                  ; Timing optimization      ; Q         ; u0|intel_vvp_adv_tpg_0|intel_vvp_adv_tpg_0|mixer_inst_0|dp_inst|blended_pixel_gen[0].blended_col_gen[1].mult_add_inst|partial_gen[0].mult_2_inst|add_0_0~DATAOUTA0 ; BX               ;
; u0|intel_vvp_adv_tpg_0|intel_vvp_adv_tpg_0|mixer_inst_0|dp_inst|blended_pixel_gen[0].blended_col_gen[1].mult_add_inst|partial_gen[0].mult_2_inst|x_input_delay[0].x_delay_line[0][2] ; Packed Register ; Register Packing                                  ; Timing optimization      ; Q         ; u0|intel_vvp_adv_tpg_0|intel_vvp_adv_tpg_0|mixer_inst_0|dp_inst|blended_pixel_gen[0].blended_col_gen[1].mult_add_inst|partial_gen[0].mult_2_inst|add_0_0~DATAOUTA0 ; BX               ;
; u0|intel_vvp_adv_tpg_0|intel_vvp_adv_tpg_0|mixer_inst_0|dp_inst|blended_pixel_gen[0].blended_col_gen[1].mult_add_inst|partial_gen[0].mult_2_inst|x_input_delay[0].x_delay_line[0][3] ; Packed Register ; Register Packing                                  ; Timing optimization      ; Q         ; u0|intel_vvp_adv_tpg_0|intel_vvp_adv_tpg_0|mixer_inst_0|dp_inst|blended_pixel_gen[0].blended_col_gen[1].mult_add_inst|partial_gen[0].mult_2_inst|add_0_0~DATAOUTA0 ; BX               ;
; u0|intel_vvp_adv_tpg_0|intel_vvp_adv_tpg_0|mixer_inst_0|dp_inst|blended_pixel_gen[0].blended_col_gen[1].mult_add_inst|partial_gen[0].mult_2_inst|x_input_delay[0].x_delay_line[0][4] ; Packed Register ; Register Packing                                  ; Timing optimization      ; Q         ; u0|intel_vvp_adv_tpg_0|intel_vvp_adv_tpg_0|mixer_inst_0|dp_inst|blended_pixel_gen[0].blended_col_gen[1].mult_add_inst|partial_gen[0].mult_2_inst|add_0_0~DATAOUTA0 ; BX               ;
; u0|intel_vvp_adv_tpg_0|intel_vvp_adv_tpg_0|mixer_inst_0|dp_inst|blended_pixel_gen[0].blended_col_gen[1].mult_add_inst|partial_gen[0].mult_2_inst|x_input_delay[0].x_delay_line[0][5] ; Packed Register ; Register Packing                                  ; Timing optimization      ; Q         ; u0|intel_vvp_adv_tpg_0|intel_vvp_adv_tpg_0|mixer_inst_0|dp_inst|blended_pixel_gen[0].blended_col_gen[1].mult_add_inst|partial_gen[0].mult_2_inst|add_0_0~DATAOUTA0 ; BX               ;
; u0|intel_vvp_adv_tpg_0|intel_vvp_adv_tpg_0|mixer_inst_0|dp_inst|blended_pixel_gen[0].blended_col_gen[1].mult_add_inst|partial_gen[0].mult_2_inst|x_input_delay[0].x_delay_line[0][6] ; Packed Register ; Register Packing                                  ; Timing optimization      ; Q         ; u0|intel_vvp_adv_tpg_0|intel_vvp_adv_tpg_0|mixer_inst_0|dp_inst|blended_pixel_gen[0].blended_col_gen[1].mult_add_inst|partial_gen[0].mult_2_inst|add_0_0~DATAOUTA0 ; BX               ;
; u0|intel_vvp_adv_tpg_0|intel_vvp_adv_tpg_0|mixer_inst_0|dp_inst|blended_pixel_gen[0].blended_col_gen[1].mult_add_inst|partial_gen[0].mult_2_inst|x_input_delay[0].x_delay_line[0][7] ; Packed Register ; Register Packing                                  ; Timing optimization      ; Q         ; u0|intel_vvp_adv_tpg_0|intel_vvp_adv_tpg_0|mixer_inst_0|dp_inst|blended_pixel_gen[0].blended_col_gen[1].mult_add_inst|partial_gen[0].mult_2_inst|add_0_0~DATAOUTA0 ; BX               ;
; u0|intel_vvp_adv_tpg_0|intel_vvp_adv_tpg_0|mixer_inst_0|dp_inst|blended_pixel_gen[0].blended_col_gen[1].mult_add_inst|partial_gen[0].mult_2_inst|x_input_delay[0].x_delay_line[1][0] ; Packed Register ; Register Packing                                  ; Timing optimization      ; Q         ; u0|intel_vvp_adv_tpg_0|intel_vvp_adv_tpg_0|mixer_inst_0|dp_inst|blended_pixel_gen[0].blended_col_gen[1].mult_add_inst|partial_gen[0].mult_2_inst|add_0_0~DATAOUTA0 ; BX               ;
; u0|intel_vvp_adv_tpg_0|intel_vvp_adv_tpg_0|mixer_inst_0|dp_inst|blended_pixel_gen[0].blended_col_gen[1].mult_add_inst|partial_gen[0].mult_2_inst|x_input_delay[0].x_delay_line[1][1] ; Packed Register ; Register Packing                                  ; Timing optimization      ; Q         ; u0|intel_vvp_adv_tpg_0|intel_vvp_adv_tpg_0|mixer_inst_0|dp_inst|blended_pixel_gen[0].blended_col_gen[1].mult_add_inst|partial_gen[0].mult_2_inst|add_0_0~DATAOUTA0 ; BX               ;
; u0|intel_vvp_adv_tpg_0|intel_vvp_adv_tpg_0|mixer_inst_0|dp_inst|blended_pixel_gen[0].blended_col_gen[1].mult_add_inst|partial_gen[0].mult_2_inst|x_input_delay[0].x_delay_line[1][2] ; Packed Register ; Register Packing                                  ; Timing optimization      ; Q         ; u0|intel_vvp_adv_tpg_0|intel_vvp_adv_tpg_0|mixer_inst_0|dp_inst|blended_pixel_gen[0].blended_col_gen[1].mult_add_inst|partial_gen[0].mult_2_inst|add_0_0~DATAOUTA0 ; BX               ;
; u0|intel_vvp_adv_tpg_0|intel_vvp_adv_tpg_0|mixer_inst_0|dp_inst|blended_pixel_gen[0].blended_col_gen[1].mult_add_inst|partial_gen[0].mult_2_inst|x_input_delay[0].x_delay_line[1][3] ; Packed Register ; Register Packing                                  ; Timing optimization      ; Q         ; u0|intel_vvp_adv_tpg_0|intel_vvp_adv_tpg_0|mixer_inst_0|dp_inst|blended_pixel_gen[0].blended_col_gen[1].mult_add_inst|partial_gen[0].mult_2_inst|add_0_0~DATAOUTA0 ; BX               ;
; u0|intel_vvp_adv_tpg_0|intel_vvp_adv_tpg_0|mixer_inst_0|dp_inst|blended_pixel_gen[0].blended_col_gen[1].mult_add_inst|partial_gen[0].mult_2_inst|x_input_delay[0].x_delay_line[1][4] ; Packed Register ; Register Packing                                  ; Timing optimization      ; Q         ; u0|intel_vvp_adv_tpg_0|intel_vvp_adv_tpg_0|mixer_inst_0|dp_inst|blended_pixel_gen[0].blended_col_gen[1].mult_add_inst|partial_gen[0].mult_2_inst|add_0_0~DATAOUTA0 ; BX               ;
; u0|intel_vvp_adv_tpg_0|intel_vvp_adv_tpg_0|mixer_inst_0|dp_inst|blended_pixel_gen[0].blended_col_gen[1].mult_add_inst|partial_gen[0].mult_2_inst|x_input_delay[0].x_delay_line[1][5] ; Packed Register ; Register Packing                                  ; Timing optimization      ; Q         ; u0|intel_vvp_adv_tpg_0|intel_vvp_adv_tpg_0|mixer_inst_0|dp_inst|blended_pixel_gen[0].blended_col_gen[1].mult_add_inst|partial_gen[0].mult_2_inst|add_0_0~DATAOUTA0 ; BX               ;
; u0|intel_vvp_adv_tpg_0|intel_vvp_adv_tpg_0|mixer_inst_0|dp_inst|blended_pixel_gen[0].blended_col_gen[1].mult_add_inst|partial_gen[0].mult_2_inst|x_input_delay[0].x_delay_line[1][6] ; Packed Register ; Register Packing                                  ; Timing optimization      ; Q         ; u0|intel_vvp_adv_tpg_0|intel_vvp_adv_tpg_0|mixer_inst_0|dp_inst|blended_pixel_gen[0].blended_col_gen[1].mult_add_inst|partial_gen[0].mult_2_inst|add_0_0~DATAOUTA0 ; BX               ;
; u0|intel_vvp_adv_tpg_0|intel_vvp_adv_tpg_0|mixer_inst_0|dp_inst|blended_pixel_gen[0].blended_col_gen[1].mult_add_inst|partial_gen[0].mult_2_inst|x_input_delay[0].x_delay_line[1][7] ; Packed Register ; Register Packing                                  ; Timing optimization      ; Q         ; u0|intel_vvp_adv_tpg_0|intel_vvp_adv_tpg_0|mixer_inst_0|dp_inst|blended_pixel_gen[0].blended_col_gen[1].mult_add_inst|partial_gen[0].mult_2_inst|add_0_0~DATAOUTA0 ; BX               ;
; u0|intel_vvp_adv_tpg_0|intel_vvp_adv_tpg_0|mixer_inst_0|dp_inst|blended_pixel_gen[0].blended_col_gen[1].mult_add_inst|partial_gen[0].mult_2_inst|x_input_delay[1].x_delay_line[0][0] ; Packed Register ; Register Packing                                  ; Timing optimization      ; Q         ; u0|intel_vvp_adv_tpg_0|intel_vvp_adv_tpg_0|mixer_inst_0|dp_inst|blended_pixel_gen[0].blended_col_gen[1].mult_add_inst|partial_gen[0].mult_2_inst|add_0_0~DATAOUTA0 ; AX               ;
; u0|intel_vvp_adv_tpg_0|intel_vvp_adv_tpg_0|mixer_inst_0|dp_inst|blended_pixel_gen[0].blended_col_gen[1].mult_add_inst|partial_gen[0].mult_2_inst|x_input_delay[1].x_delay_line[0][1] ; Packed Register ; Register Packing                                  ; Timing optimization      ; Q         ; u0|intel_vvp_adv_tpg_0|intel_vvp_adv_tpg_0|mixer_inst_0|dp_inst|blended_pixel_gen[0].blended_col_gen[1].mult_add_inst|partial_gen[0].mult_2_inst|add_0_0~DATAOUTA0 ; AX               ;
; u0|intel_vvp_adv_tpg_0|intel_vvp_adv_tpg_0|mixer_inst_0|dp_inst|blended_pixel_gen[0].blended_col_gen[1].mult_add_inst|partial_gen[0].mult_2_inst|x_input_delay[1].x_delay_line[0][2] ; Packed Register ; Register Packing                                  ; Timing optimization      ; Q         ; u0|intel_vvp_adv_tpg_0|intel_vvp_adv_tpg_0|mixer_inst_0|dp_inst|blended_pixel_gen[0].blended_col_gen[1].mult_add_inst|partial_gen[0].mult_2_inst|add_0_0~DATAOUTA0 ; AX               ;
; u0|intel_vvp_adv_tpg_0|intel_vvp_adv_tpg_0|mixer_inst_0|dp_inst|blended_pixel_gen[0].blended_col_gen[1].mult_add_inst|partial_gen[0].mult_2_inst|x_input_delay[1].x_delay_line[0][3] ; Packed Register ; Register Packing                                  ; Timing optimization      ; Q         ; u0|intel_vvp_adv_tpg_0|intel_vvp_adv_tpg_0|mixer_inst_0|dp_inst|blended_pixel_gen[0].blended_col_gen[1].mult_add_inst|partial_gen[0].mult_2_inst|add_0_0~DATAOUTA0 ; AX               ;
; u0|intel_vvp_adv_tpg_0|intel_vvp_adv_tpg_0|mixer_inst_0|dp_inst|blended_pixel_gen[0].blended_col_gen[1].mult_add_inst|partial_gen[0].mult_2_inst|x_input_delay[1].x_delay_line[0][4] ; Packed Register ; Register Packing                                  ; Timing optimization      ; Q         ; u0|intel_vvp_adv_tpg_0|intel_vvp_adv_tpg_0|mixer_inst_0|dp_inst|blended_pixel_gen[0].blended_col_gen[1].mult_add_inst|partial_gen[0].mult_2_inst|add_0_0~DATAOUTA0 ; AX               ;
; u0|intel_vvp_adv_tpg_0|intel_vvp_adv_tpg_0|mixer_inst_0|dp_inst|blended_pixel_gen[0].blended_col_gen[1].mult_add_inst|partial_gen[0].mult_2_inst|x_input_delay[1].x_delay_line[0][5] ; Packed Register ; Register Packing                                  ; Timing optimization      ; Q         ; u0|intel_vvp_adv_tpg_0|intel_vvp_adv_tpg_0|mixer_inst_0|dp_inst|blended_pixel_gen[0].blended_col_gen[1].mult_add_inst|partial_gen[0].mult_2_inst|add_0_0~DATAOUTA0 ; AX               ;
; u0|intel_vvp_adv_tpg_0|intel_vvp_adv_tpg_0|mixer_inst_0|dp_inst|blended_pixel_gen[0].blended_col_gen[1].mult_add_inst|partial_gen[0].mult_2_inst|x_input_delay[1].x_delay_line[0][6] ; Packed Register ; Register Packing                                  ; Timing optimization      ; Q         ; u0|intel_vvp_adv_tpg_0|intel_vvp_adv_tpg_0|mixer_inst_0|dp_inst|blended_pixel_gen[0].blended_col_gen[1].mult_add_inst|partial_gen[0].mult_2_inst|add_0_0~DATAOUTA0 ; AX               ;
; u0|intel_vvp_adv_tpg_0|intel_vvp_adv_tpg_0|mixer_inst_0|dp_inst|blended_pixel_gen[0].blended_col_gen[1].mult_add_inst|partial_gen[0].mult_2_inst|x_input_delay[1].x_delay_line[0][7] ; Packed Register ; Register Packing                                  ; Timing optimization      ; Q         ; u0|intel_vvp_adv_tpg_0|intel_vvp_adv_tpg_0|mixer_inst_0|dp_inst|blended_pixel_gen[0].blended_col_gen[1].mult_add_inst|partial_gen[0].mult_2_inst|add_0_0~DATAOUTA0 ; AX               ;
; u0|intel_vvp_adv_tpg_0|intel_vvp_adv_tpg_0|mixer_inst_0|dp_inst|blended_pixel_gen[0].blended_col_gen[1].mult_add_inst|partial_gen[0].mult_2_inst|x_input_delay[1].x_delay_line[1][0] ; Packed Register ; Register Packing                                  ; Timing optimization      ; Q         ; u0|intel_vvp_adv_tpg_0|intel_vvp_adv_tpg_0|mixer_inst_0|dp_inst|blended_pixel_gen[0].blended_col_gen[1].mult_add_inst|partial_gen[0].mult_2_inst|add_0_0~DATAOUTA0 ; AX               ;
; u0|intel_vvp_adv_tpg_0|intel_vvp_adv_tpg_0|mixer_inst_0|dp_inst|blended_pixel_gen[0].blended_col_gen[1].mult_add_inst|partial_gen[0].mult_2_inst|x_input_delay[1].x_delay_line[1][1] ; Packed Register ; Register Packing                                  ; Timing optimization      ; Q         ; u0|intel_vvp_adv_tpg_0|intel_vvp_adv_tpg_0|mixer_inst_0|dp_inst|blended_pixel_gen[0].blended_col_gen[1].mult_add_inst|partial_gen[0].mult_2_inst|add_0_0~DATAOUTA0 ; AX               ;
; u0|intel_vvp_adv_tpg_0|intel_vvp_adv_tpg_0|mixer_inst_0|dp_inst|blended_pixel_gen[0].blended_col_gen[1].mult_add_inst|partial_gen[0].mult_2_inst|x_input_delay[1].x_delay_line[1][2] ; Packed Register ; Register Packing                                  ; Timing optimization      ; Q         ; u0|intel_vvp_adv_tpg_0|intel_vvp_adv_tpg_0|mixer_inst_0|dp_inst|blended_pixel_gen[0].blended_col_gen[1].mult_add_inst|partial_gen[0].mult_2_inst|add_0_0~DATAOUTA0 ; AX               ;
; u0|intel_vvp_adv_tpg_0|intel_vvp_adv_tpg_0|mixer_inst_0|dp_inst|blended_pixel_gen[0].blended_col_gen[1].mult_add_inst|partial_gen[0].mult_2_inst|x_input_delay[1].x_delay_line[1][3] ; Packed Register ; Register Packing                                  ; Timing optimization      ; Q         ; u0|intel_vvp_adv_tpg_0|intel_vvp_adv_tpg_0|mixer_inst_0|dp_inst|blended_pixel_gen[0].blended_col_gen[1].mult_add_inst|partial_gen[0].mult_2_inst|add_0_0~DATAOUTA0 ; AX               ;
; u0|intel_vvp_adv_tpg_0|intel_vvp_adv_tpg_0|mixer_inst_0|dp_inst|blended_pixel_gen[0].blended_col_gen[1].mult_add_inst|partial_gen[0].mult_2_inst|x_input_delay[1].x_delay_line[1][4] ; Packed Register ; Register Packing                                  ; Timing optimization      ; Q         ; u0|intel_vvp_adv_tpg_0|intel_vvp_adv_tpg_0|mixer_inst_0|dp_inst|blended_pixel_gen[0].blended_col_gen[1].mult_add_inst|partial_gen[0].mult_2_inst|add_0_0~DATAOUTA0 ; AX               ;
; u0|intel_vvp_adv_tpg_0|intel_vvp_adv_tpg_0|mixer_inst_0|dp_inst|blended_pixel_gen[0].blended_col_gen[1].mult_add_inst|partial_gen[0].mult_2_inst|x_input_delay[1].x_delay_line[1][5] ; Packed Register ; Register Packing                                  ; Timing optimization      ; Q         ; u0|intel_vvp_adv_tpg_0|intel_vvp_adv_tpg_0|mixer_inst_0|dp_inst|blended_pixel_gen[0].blended_col_gen[1].mult_add_inst|partial_gen[0].mult_2_inst|add_0_0~DATAOUTA0 ; AX               ;
; u0|intel_vvp_adv_tpg_0|intel_vvp_adv_tpg_0|mixer_inst_0|dp_inst|blended_pixel_gen[0].blended_col_gen[1].mult_add_inst|partial_gen[0].mult_2_inst|x_input_delay[1].x_delay_line[1][6] ; Packed Register ; Register Packing                                  ; Timing optimization      ; Q         ; u0|intel_vvp_adv_tpg_0|intel_vvp_adv_tpg_0|mixer_inst_0|dp_inst|blended_pixel_gen[0].blended_col_gen[1].mult_add_inst|partial_gen[0].mult_2_inst|add_0_0~DATAOUTA0 ; AX               ;
; u0|intel_vvp_adv_tpg_0|intel_vvp_adv_tpg_0|mixer_inst_0|dp_inst|blended_pixel_gen[0].blended_col_gen[1].mult_add_inst|partial_gen[0].mult_2_inst|x_input_delay[1].x_delay_line[1][7] ; Packed Register ; Register Packing                                  ; Timing optimization      ; Q         ; u0|intel_vvp_adv_tpg_0|intel_vvp_adv_tpg_0|mixer_inst_0|dp_inst|blended_pixel_gen[0].blended_col_gen[1].mult_add_inst|partial_gen[0].mult_2_inst|add_0_0~DATAOUTA0 ; AX               ;
; u0|intel_vvp_adv_tpg_0|intel_vvp_adv_tpg_0|mixer_inst_0|dp_inst|blended_pixel_gen[0].blended_col_gen[1].mult_add_inst|partial_gen[0].mult_2_inst|y_input_delay[0].y_delay_line[0][0] ; Packed Register ; Register Packing                                  ; Timing optimization      ; Q         ; u0|intel_vvp_adv_tpg_0|intel_vvp_adv_tpg_0|mixer_inst_0|dp_inst|blended_pixel_gen[0].blended_col_gen[1].mult_add_inst|partial_gen[0].mult_2_inst|add_0_0~DATAOUTA0 ; BY               ;
; u0|intel_vvp_adv_tpg_0|intel_vvp_adv_tpg_0|mixer_inst_0|dp_inst|blended_pixel_gen[0].blended_col_gen[1].mult_add_inst|partial_gen[0].mult_2_inst|y_input_delay[0].y_delay_line[0][1] ; Packed Register ; Register Packing                                  ; Timing optimization      ; Q         ; u0|intel_vvp_adv_tpg_0|intel_vvp_adv_tpg_0|mixer_inst_0|dp_inst|blended_pixel_gen[0].blended_col_gen[1].mult_add_inst|partial_gen[0].mult_2_inst|add_0_0~DATAOUTA0 ; BY               ;
; u0|intel_vvp_adv_tpg_0|intel_vvp_adv_tpg_0|mixer_inst_0|dp_inst|blended_pixel_gen[0].blended_col_gen[1].mult_add_inst|partial_gen[0].mult_2_inst|y_input_delay[0].y_delay_line[0][2] ; Packed Register ; Register Packing                                  ; Timing optimization      ; Q         ; u0|intel_vvp_adv_tpg_0|intel_vvp_adv_tpg_0|mixer_inst_0|dp_inst|blended_pixel_gen[0].blended_col_gen[1].mult_add_inst|partial_gen[0].mult_2_inst|add_0_0~DATAOUTA0 ; BY               ;
; u0|intel_vvp_adv_tpg_0|intel_vvp_adv_tpg_0|mixer_inst_0|dp_inst|blended_pixel_gen[0].blended_col_gen[1].mult_add_inst|partial_gen[0].mult_2_inst|y_input_delay[0].y_delay_line[0][3] ; Packed Register ; Register Packing                                  ; Timing optimization      ; Q         ; u0|intel_vvp_adv_tpg_0|intel_vvp_adv_tpg_0|mixer_inst_0|dp_inst|blended_pixel_gen[0].blended_col_gen[1].mult_add_inst|partial_gen[0].mult_2_inst|add_0_0~DATAOUTA0 ; BY               ;
; u0|intel_vvp_adv_tpg_0|intel_vvp_adv_tpg_0|mixer_inst_0|dp_inst|blended_pixel_gen[0].blended_col_gen[1].mult_add_inst|partial_gen[0].mult_2_inst|y_input_delay[0].y_delay_line[0][4] ; Packed Register ; Register Packing                                  ; Timing optimization      ; Q         ; u0|intel_vvp_adv_tpg_0|intel_vvp_adv_tpg_0|mixer_inst_0|dp_inst|blended_pixel_gen[0].blended_col_gen[1].mult_add_inst|partial_gen[0].mult_2_inst|add_0_0~DATAOUTA0 ; BY               ;
; u0|intel_vvp_adv_tpg_0|intel_vvp_adv_tpg_0|mixer_inst_0|dp_inst|blended_pixel_gen[0].blended_col_gen[1].mult_add_inst|partial_gen[0].mult_2_inst|y_input_delay[0].y_delay_line[0][5] ; Packed Register ; Register Packing                                  ; Timing optimization      ; Q         ; u0|intel_vvp_adv_tpg_0|intel_vvp_adv_tpg_0|mixer_inst_0|dp_inst|blended_pixel_gen[0].blended_col_gen[1].mult_add_inst|partial_gen[0].mult_2_inst|add_0_0~DATAOUTA0 ; BY               ;
; u0|intel_vvp_adv_tpg_0|intel_vvp_adv_tpg_0|mixer_inst_0|dp_inst|blended_pixel_gen[0].blended_col_gen[1].mult_add_inst|partial_gen[0].mult_2_inst|y_input_delay[0].y_delay_line[0][6] ; Packed Register ; Register Packing                                  ; Timing optimization      ; Q         ; u0|intel_vvp_adv_tpg_0|intel_vvp_adv_tpg_0|mixer_inst_0|dp_inst|blended_pixel_gen[0].blended_col_gen[1].mult_add_inst|partial_gen[0].mult_2_inst|add_0_0~DATAOUTA0 ; BY               ;
; u0|intel_vvp_adv_tpg_0|intel_vvp_adv_tpg_0|mixer_inst_0|dp_inst|blended_pixel_gen[0].blended_col_gen[1].mult_add_inst|partial_gen[0].mult_2_inst|y_input_delay[0].y_delay_line[0][7] ; Packed Register ; Register Packing                                  ; Timing optimization      ; Q         ; u0|intel_vvp_adv_tpg_0|intel_vvp_adv_tpg_0|mixer_inst_0|dp_inst|blended_pixel_gen[0].blended_col_gen[1].mult_add_inst|partial_gen[0].mult_2_inst|add_0_0~DATAOUTA0 ; BY               ;
; u0|intel_vvp_adv_tpg_0|intel_vvp_adv_tpg_0|mixer_inst_0|dp_inst|blended_pixel_gen[0].blended_col_gen[1].mult_add_inst|partial_gen[0].mult_2_inst|y_input_delay[0].y_delay_line[0][8] ; Packed Register ; Register Packing                                  ; Timing optimization      ; Q         ; u0|intel_vvp_adv_tpg_0|intel_vvp_adv_tpg_0|mixer_inst_0|dp_inst|blended_pixel_gen[0].blended_col_gen[1].mult_add_inst|partial_gen[0].mult_2_inst|add_0_0~DATAOUTA0 ; BY               ;
; u0|intel_vvp_adv_tpg_0|intel_vvp_adv_tpg_0|mixer_inst_0|dp_inst|blended_pixel_gen[0].blended_col_gen[1].mult_add_inst|partial_gen[0].mult_2_inst|y_input_delay[0].y_delay_line[1][0] ; Packed Register ; Register Packing                                  ; Timing optimization      ; Q         ; u0|intel_vvp_adv_tpg_0|intel_vvp_adv_tpg_0|mixer_inst_0|dp_inst|blended_pixel_gen[0].blended_col_gen[1].mult_add_inst|partial_gen[0].mult_2_inst|add_0_0~DATAOUTA0 ; BY               ;
; u0|intel_vvp_adv_tpg_0|intel_vvp_adv_tpg_0|mixer_inst_0|dp_inst|blended_pixel_gen[0].blended_col_gen[1].mult_add_inst|partial_gen[0].mult_2_inst|y_input_delay[0].y_delay_line[1][1] ; Packed Register ; Register Packing                                  ; Timing optimization      ; Q         ; u0|intel_vvp_adv_tpg_0|intel_vvp_adv_tpg_0|mixer_inst_0|dp_inst|blended_pixel_gen[0].blended_col_gen[1].mult_add_inst|partial_gen[0].mult_2_inst|add_0_0~DATAOUTA0 ; BY               ;
; u0|intel_vvp_adv_tpg_0|intel_vvp_adv_tpg_0|mixer_inst_0|dp_inst|blended_pixel_gen[0].blended_col_gen[1].mult_add_inst|partial_gen[0].mult_2_inst|y_input_delay[0].y_delay_line[1][2] ; Packed Register ; Register Packing                                  ; Timing optimization      ; Q         ; u0|intel_vvp_adv_tpg_0|intel_vvp_adv_tpg_0|mixer_inst_0|dp_inst|blended_pixel_gen[0].blended_col_gen[1].mult_add_inst|partial_gen[0].mult_2_inst|add_0_0~DATAOUTA0 ; BY               ;
; u0|intel_vvp_adv_tpg_0|intel_vvp_adv_tpg_0|mixer_inst_0|dp_inst|blended_pixel_gen[0].blended_col_gen[1].mult_add_inst|partial_gen[0].mult_2_inst|y_input_delay[0].y_delay_line[1][3] ; Packed Register ; Register Packing                                  ; Timing optimization      ; Q         ; u0|intel_vvp_adv_tpg_0|intel_vvp_adv_tpg_0|mixer_inst_0|dp_inst|blended_pixel_gen[0].blended_col_gen[1].mult_add_inst|partial_gen[0].mult_2_inst|add_0_0~DATAOUTA0 ; BY               ;
; u0|intel_vvp_adv_tpg_0|intel_vvp_adv_tpg_0|mixer_inst_0|dp_inst|blended_pixel_gen[0].blended_col_gen[1].mult_add_inst|partial_gen[0].mult_2_inst|y_input_delay[0].y_delay_line[1][4] ; Packed Register ; Register Packing                                  ; Timing optimization      ; Q         ; u0|intel_vvp_adv_tpg_0|intel_vvp_adv_tpg_0|mixer_inst_0|dp_inst|blended_pixel_gen[0].blended_col_gen[1].mult_add_inst|partial_gen[0].mult_2_inst|add_0_0~DATAOUTA0 ; BY               ;
; u0|intel_vvp_adv_tpg_0|intel_vvp_adv_tpg_0|mixer_inst_0|dp_inst|blended_pixel_gen[0].blended_col_gen[1].mult_add_inst|partial_gen[0].mult_2_inst|y_input_delay[0].y_delay_line[1][5] ; Packed Register ; Register Packing                                  ; Timing optimization      ; Q         ; u0|intel_vvp_adv_tpg_0|intel_vvp_adv_tpg_0|mixer_inst_0|dp_inst|blended_pixel_gen[0].blended_col_gen[1].mult_add_inst|partial_gen[0].mult_2_inst|add_0_0~DATAOUTA0 ; BY               ;
; u0|intel_vvp_adv_tpg_0|intel_vvp_adv_tpg_0|mixer_inst_0|dp_inst|blended_pixel_gen[0].blended_col_gen[1].mult_add_inst|partial_gen[0].mult_2_inst|y_input_delay[0].y_delay_line[1][6] ; Packed Register ; Register Packing                                  ; Timing optimization      ; Q         ; u0|intel_vvp_adv_tpg_0|intel_vvp_adv_tpg_0|mixer_inst_0|dp_inst|blended_pixel_gen[0].blended_col_gen[1].mult_add_inst|partial_gen[0].mult_2_inst|add_0_0~DATAOUTA0 ; BY               ;
; u0|intel_vvp_adv_tpg_0|intel_vvp_adv_tpg_0|mixer_inst_0|dp_inst|blended_pixel_gen[0].blended_col_gen[1].mult_add_inst|partial_gen[0].mult_2_inst|y_input_delay[0].y_delay_line[1][7] ; Packed Register ; Register Packing                                  ; Timing optimization      ; Q         ; u0|intel_vvp_adv_tpg_0|intel_vvp_adv_tpg_0|mixer_inst_0|dp_inst|blended_pixel_gen[0].blended_col_gen[1].mult_add_inst|partial_gen[0].mult_2_inst|add_0_0~DATAOUTA0 ; BY               ;
; u0|intel_vvp_adv_tpg_0|intel_vvp_adv_tpg_0|mixer_inst_0|dp_inst|blended_pixel_gen[0].blended_col_gen[1].mult_add_inst|partial_gen[0].mult_2_inst|y_input_delay[0].y_delay_line[1][8] ; Packed Register ; Register Packing                                  ; Timing optimization      ; Q         ; u0|intel_vvp_adv_tpg_0|intel_vvp_adv_tpg_0|mixer_inst_0|dp_inst|blended_pixel_gen[0].blended_col_gen[1].mult_add_inst|partial_gen[0].mult_2_inst|add_0_0~DATAOUTA0 ; BY               ;
; u0|intel_vvp_adv_tpg_0|intel_vvp_adv_tpg_0|mixer_inst_0|dp_inst|blended_pixel_gen[0].blended_col_gen[1].mult_add_inst|partial_gen[0].mult_2_inst|y_input_delay[1].y_delay_line[0][0] ; Packed Register ; Register Packing                                  ; Timing optimization      ; Q         ; u0|intel_vvp_adv_tpg_0|intel_vvp_adv_tpg_0|mixer_inst_0|dp_inst|blended_pixel_gen[0].blended_col_gen[1].mult_add_inst|partial_gen[0].mult_2_inst|add_0_0~DATAOUTA0 ; AY               ;
; u0|intel_vvp_adv_tpg_0|intel_vvp_adv_tpg_0|mixer_inst_0|dp_inst|blended_pixel_gen[0].blended_col_gen[1].mult_add_inst|partial_gen[0].mult_2_inst|y_input_delay[1].y_delay_line[0][1] ; Packed Register ; Register Packing                                  ; Timing optimization      ; Q         ; u0|intel_vvp_adv_tpg_0|intel_vvp_adv_tpg_0|mixer_inst_0|dp_inst|blended_pixel_gen[0].blended_col_gen[1].mult_add_inst|partial_gen[0].mult_2_inst|add_0_0~DATAOUTA0 ; AY               ;
; u0|intel_vvp_adv_tpg_0|intel_vvp_adv_tpg_0|mixer_inst_0|dp_inst|blended_pixel_gen[0].blended_col_gen[1].mult_add_inst|partial_gen[0].mult_2_inst|y_input_delay[1].y_delay_line[0][2] ; Packed Register ; Register Packing                                  ; Timing optimization      ; Q         ; u0|intel_vvp_adv_tpg_0|intel_vvp_adv_tpg_0|mixer_inst_0|dp_inst|blended_pixel_gen[0].blended_col_gen[1].mult_add_inst|partial_gen[0].mult_2_inst|add_0_0~DATAOUTA0 ; AY               ;
; u0|intel_vvp_adv_tpg_0|intel_vvp_adv_tpg_0|mixer_inst_0|dp_inst|blended_pixel_gen[0].blended_col_gen[1].mult_add_inst|partial_gen[0].mult_2_inst|y_input_delay[1].y_delay_line[0][3] ; Packed Register ; Register Packing                                  ; Timing optimization      ; Q         ; u0|intel_vvp_adv_tpg_0|intel_vvp_adv_tpg_0|mixer_inst_0|dp_inst|blended_pixel_gen[0].blended_col_gen[1].mult_add_inst|partial_gen[0].mult_2_inst|add_0_0~DATAOUTA0 ; AY               ;
; u0|intel_vvp_adv_tpg_0|intel_vvp_adv_tpg_0|mixer_inst_0|dp_inst|blended_pixel_gen[0].blended_col_gen[1].mult_add_inst|partial_gen[0].mult_2_inst|y_input_delay[1].y_delay_line[0][4] ; Packed Register ; Register Packing                                  ; Timing optimization      ; Q         ; u0|intel_vvp_adv_tpg_0|intel_vvp_adv_tpg_0|mixer_inst_0|dp_inst|blended_pixel_gen[0].blended_col_gen[1].mult_add_inst|partial_gen[0].mult_2_inst|add_0_0~DATAOUTA0 ; AY               ;
; u0|intel_vvp_adv_tpg_0|intel_vvp_adv_tpg_0|mixer_inst_0|dp_inst|blended_pixel_gen[0].blended_col_gen[1].mult_add_inst|partial_gen[0].mult_2_inst|y_input_delay[1].y_delay_line[0][5] ; Packed Register ; Register Packing                                  ; Timing optimization      ; Q         ; u0|intel_vvp_adv_tpg_0|intel_vvp_adv_tpg_0|mixer_inst_0|dp_inst|blended_pixel_gen[0].blended_col_gen[1].mult_add_inst|partial_gen[0].mult_2_inst|add_0_0~DATAOUTA0 ; AY               ;
; u0|intel_vvp_adv_tpg_0|intel_vvp_adv_tpg_0|mixer_inst_0|dp_inst|blended_pixel_gen[0].blended_col_gen[1].mult_add_inst|partial_gen[0].mult_2_inst|y_input_delay[1].y_delay_line[0][6] ; Packed Register ; Register Packing                                  ; Timing optimization      ; Q         ; u0|intel_vvp_adv_tpg_0|intel_vvp_adv_tpg_0|mixer_inst_0|dp_inst|blended_pixel_gen[0].blended_col_gen[1].mult_add_inst|partial_gen[0].mult_2_inst|add_0_0~DATAOUTA0 ; AY               ;
; u0|intel_vvp_adv_tpg_0|intel_vvp_adv_tpg_0|mixer_inst_0|dp_inst|blended_pixel_gen[0].blended_col_gen[1].mult_add_inst|partial_gen[0].mult_2_inst|y_input_delay[1].y_delay_line[0][7] ; Packed Register ; Register Packing                                  ; Timing optimization      ; Q         ; u0|intel_vvp_adv_tpg_0|intel_vvp_adv_tpg_0|mixer_inst_0|dp_inst|blended_pixel_gen[0].blended_col_gen[1].mult_add_inst|partial_gen[0].mult_2_inst|add_0_0~DATAOUTA0 ; AY               ;
; u0|intel_vvp_adv_tpg_0|intel_vvp_adv_tpg_0|mixer_inst_0|dp_inst|blended_pixel_gen[0].blended_col_gen[1].mult_add_inst|partial_gen[0].mult_2_inst|y_input_delay[1].y_delay_line[0][8] ; Packed Register ; Register Packing                                  ; Timing optimization      ; Q         ; u0|intel_vvp_adv_tpg_0|intel_vvp_adv_tpg_0|mixer_inst_0|dp_inst|blended_pixel_gen[0].blended_col_gen[1].mult_add_inst|partial_gen[0].mult_2_inst|add_0_0~DATAOUTA0 ; AY               ;
; u0|intel_vvp_adv_tpg_0|intel_vvp_adv_tpg_0|mixer_inst_0|dp_inst|blended_pixel_gen[0].blended_col_gen[1].mult_add_inst|partial_gen[0].mult_2_inst|y_input_delay[1].y_delay_line[1][0] ; Packed Register ; Register Packing                                  ; Timing optimization      ; Q         ; u0|intel_vvp_adv_tpg_0|intel_vvp_adv_tpg_0|mixer_inst_0|dp_inst|blended_pixel_gen[0].blended_col_gen[1].mult_add_inst|partial_gen[0].mult_2_inst|add_0_0~DATAOUTA0 ; AY               ;
; u0|intel_vvp_adv_tpg_0|intel_vvp_adv_tpg_0|mixer_inst_0|dp_inst|blended_pixel_gen[0].blended_col_gen[1].mult_add_inst|partial_gen[0].mult_2_inst|y_input_delay[1].y_delay_line[1][1] ; Packed Register ; Register Packing                                  ; Timing optimization      ; Q         ; u0|intel_vvp_adv_tpg_0|intel_vvp_adv_tpg_0|mixer_inst_0|dp_inst|blended_pixel_gen[0].blended_col_gen[1].mult_add_inst|partial_gen[0].mult_2_inst|add_0_0~DATAOUTA0 ; AY               ;
; u0|intel_vvp_adv_tpg_0|intel_vvp_adv_tpg_0|mixer_inst_0|dp_inst|blended_pixel_gen[0].blended_col_gen[1].mult_add_inst|partial_gen[0].mult_2_inst|y_input_delay[1].y_delay_line[1][2] ; Packed Register ; Register Packing                                  ; Timing optimization      ; Q         ; u0|intel_vvp_adv_tpg_0|intel_vvp_adv_tpg_0|mixer_inst_0|dp_inst|blended_pixel_gen[0].blended_col_gen[1].mult_add_inst|partial_gen[0].mult_2_inst|add_0_0~DATAOUTA0 ; AY               ;
; u0|intel_vvp_adv_tpg_0|intel_vvp_adv_tpg_0|mixer_inst_0|dp_inst|blended_pixel_gen[0].blended_col_gen[1].mult_add_inst|partial_gen[0].mult_2_inst|y_input_delay[1].y_delay_line[1][3] ; Packed Register ; Register Packing                                  ; Timing optimization      ; Q         ; u0|intel_vvp_adv_tpg_0|intel_vvp_adv_tpg_0|mixer_inst_0|dp_inst|blended_pixel_gen[0].blended_col_gen[1].mult_add_inst|partial_gen[0].mult_2_inst|add_0_0~DATAOUTA0 ; AY               ;
; u0|intel_vvp_adv_tpg_0|intel_vvp_adv_tpg_0|mixer_inst_0|dp_inst|blended_pixel_gen[0].blended_col_gen[1].mult_add_inst|partial_gen[0].mult_2_inst|y_input_delay[1].y_delay_line[1][4] ; Packed Register ; Register Packing                                  ; Timing optimization      ; Q         ; u0|intel_vvp_adv_tpg_0|intel_vvp_adv_tpg_0|mixer_inst_0|dp_inst|blended_pixel_gen[0].blended_col_gen[1].mult_add_inst|partial_gen[0].mult_2_inst|add_0_0~DATAOUTA0 ; AY               ;
; u0|intel_vvp_adv_tpg_0|intel_vvp_adv_tpg_0|mixer_inst_0|dp_inst|blended_pixel_gen[0].blended_col_gen[1].mult_add_inst|partial_gen[0].mult_2_inst|y_input_delay[1].y_delay_line[1][5] ; Packed Register ; Register Packing                                  ; Timing optimization      ; Q         ; u0|intel_vvp_adv_tpg_0|intel_vvp_adv_tpg_0|mixer_inst_0|dp_inst|blended_pixel_gen[0].blended_col_gen[1].mult_add_inst|partial_gen[0].mult_2_inst|add_0_0~DATAOUTA0 ; AY               ;
; u0|intel_vvp_adv_tpg_0|intel_vvp_adv_tpg_0|mixer_inst_0|dp_inst|blended_pixel_gen[0].blended_col_gen[1].mult_add_inst|partial_gen[0].mult_2_inst|y_input_delay[1].y_delay_line[1][6] ; Packed Register ; Register Packing                                  ; Timing optimization      ; Q         ; u0|intel_vvp_adv_tpg_0|intel_vvp_adv_tpg_0|mixer_inst_0|dp_inst|blended_pixel_gen[0].blended_col_gen[1].mult_add_inst|partial_gen[0].mult_2_inst|add_0_0~DATAOUTA0 ; AY               ;
; u0|intel_vvp_adv_tpg_0|intel_vvp_adv_tpg_0|mixer_inst_0|dp_inst|blended_pixel_gen[0].blended_col_gen[1].mult_add_inst|partial_gen[0].mult_2_inst|y_input_delay[1].y_delay_line[1][7] ; Packed Register ; Register Packing                                  ; Timing optimization      ; Q         ; u0|intel_vvp_adv_tpg_0|intel_vvp_adv_tpg_0|mixer_inst_0|dp_inst|blended_pixel_gen[0].blended_col_gen[1].mult_add_inst|partial_gen[0].mult_2_inst|add_0_0~DATAOUTA0 ; AY               ;
; u0|intel_vvp_adv_tpg_0|intel_vvp_adv_tpg_0|mixer_inst_0|dp_inst|blended_pixel_gen[0].blended_col_gen[1].mult_add_inst|partial_gen[0].mult_2_inst|y_input_delay[1].y_delay_line[1][8] ; Packed Register ; Register Packing                                  ; Timing optimization      ; Q         ; u0|intel_vvp_adv_tpg_0|intel_vvp_adv_tpg_0|mixer_inst_0|dp_inst|blended_pixel_gen[0].blended_col_gen[1].mult_add_inst|partial_gen[0].mult_2_inst|add_0_0~DATAOUTA0 ; AY               ;
; u0|intel_vvp_adv_tpg_0|intel_vvp_adv_tpg_0|mixer_inst_0|dp_inst|blended_pixel_gen[0].blended_col_gen[2].mult_add_inst|partial_gen[0].mult_2_inst|add_0[10]                           ; Packed Register ; Register Packing                                  ; Timing optimization      ; Q         ; u0|intel_vvp_adv_tpg_0|intel_vvp_adv_tpg_0|mixer_inst_0|dp_inst|blended_pixel_gen[0].blended_col_gen[2].mult_add_inst|partial_gen[0].mult_2_inst|add_0_0~DATAOUTA0 ; RESULTA          ;
; u0|intel_vvp_adv_tpg_0|intel_vvp_adv_tpg_0|mixer_inst_0|dp_inst|blended_pixel_gen[0].blended_col_gen[2].mult_add_inst|partial_gen[0].mult_2_inst|add_0[11]                           ; Packed Register ; Register Packing                                  ; Timing optimization      ; Q         ; u0|intel_vvp_adv_tpg_0|intel_vvp_adv_tpg_0|mixer_inst_0|dp_inst|blended_pixel_gen[0].blended_col_gen[2].mult_add_inst|partial_gen[0].mult_2_inst|add_0_0~DATAOUTA0 ; RESULTA          ;
; u0|intel_vvp_adv_tpg_0|intel_vvp_adv_tpg_0|mixer_inst_0|dp_inst|blended_pixel_gen[0].blended_col_gen[2].mult_add_inst|partial_gen[0].mult_2_inst|add_0[12]                           ; Packed Register ; Register Packing                                  ; Timing optimization      ; Q         ; u0|intel_vvp_adv_tpg_0|intel_vvp_adv_tpg_0|mixer_inst_0|dp_inst|blended_pixel_gen[0].blended_col_gen[2].mult_add_inst|partial_gen[0].mult_2_inst|add_0_0~DATAOUTA0 ; RESULTA          ;
; u0|intel_vvp_adv_tpg_0|intel_vvp_adv_tpg_0|mixer_inst_0|dp_inst|blended_pixel_gen[0].blended_col_gen[2].mult_add_inst|partial_gen[0].mult_2_inst|add_0[13]                           ; Packed Register ; Register Packing                                  ; Timing optimization      ; Q         ; u0|intel_vvp_adv_tpg_0|intel_vvp_adv_tpg_0|mixer_inst_0|dp_inst|blended_pixel_gen[0].blended_col_gen[2].mult_add_inst|partial_gen[0].mult_2_inst|add_0_0~DATAOUTA0 ; RESULTA          ;
; u0|intel_vvp_adv_tpg_0|intel_vvp_adv_tpg_0|mixer_inst_0|dp_inst|blended_pixel_gen[0].blended_col_gen[2].mult_add_inst|partial_gen[0].mult_2_inst|add_0[14]                           ; Packed Register ; Register Packing                                  ; Timing optimization      ; Q         ; u0|intel_vvp_adv_tpg_0|intel_vvp_adv_tpg_0|mixer_inst_0|dp_inst|blended_pixel_gen[0].blended_col_gen[2].mult_add_inst|partial_gen[0].mult_2_inst|add_0_0~DATAOUTA0 ; RESULTA          ;
; u0|intel_vvp_adv_tpg_0|intel_vvp_adv_tpg_0|mixer_inst_0|dp_inst|blended_pixel_gen[0].blended_col_gen[2].mult_add_inst|partial_gen[0].mult_2_inst|add_0[15]                           ; Packed Register ; Register Packing                                  ; Timing optimization      ; Q         ; u0|intel_vvp_adv_tpg_0|intel_vvp_adv_tpg_0|mixer_inst_0|dp_inst|blended_pixel_gen[0].blended_col_gen[2].mult_add_inst|partial_gen[0].mult_2_inst|add_0_0~DATAOUTA0 ; RESULTA          ;
; u0|intel_vvp_adv_tpg_0|intel_vvp_adv_tpg_0|mixer_inst_0|dp_inst|blended_pixel_gen[0].blended_col_gen[2].mult_add_inst|partial_gen[0].mult_2_inst|add_0[7]                            ; Packed Register ; Register Packing                                  ; Timing optimization      ; Q         ; u0|intel_vvp_adv_tpg_0|intel_vvp_adv_tpg_0|mixer_inst_0|dp_inst|blended_pixel_gen[0].blended_col_gen[2].mult_add_inst|partial_gen[0].mult_2_inst|add_0_0~DATAOUTA0 ; RESULTA          ;
; u0|intel_vvp_adv_tpg_0|intel_vvp_adv_tpg_0|mixer_inst_0|dp_inst|blended_pixel_gen[0].blended_col_gen[2].mult_add_inst|partial_gen[0].mult_2_inst|add_0[8]                            ; Packed Register ; Register Packing                                  ; Timing optimization      ; Q         ; u0|intel_vvp_adv_tpg_0|intel_vvp_adv_tpg_0|mixer_inst_0|dp_inst|blended_pixel_gen[0].blended_col_gen[2].mult_add_inst|partial_gen[0].mult_2_inst|add_0_0~DATAOUTA0 ; RESULTA          ;
; u0|intel_vvp_adv_tpg_0|intel_vvp_adv_tpg_0|mixer_inst_0|dp_inst|blended_pixel_gen[0].blended_col_gen[2].mult_add_inst|partial_gen[0].mult_2_inst|add_0[9]                            ; Packed Register ; Register Packing                                  ; Timing optimization      ; Q         ; u0|intel_vvp_adv_tpg_0|intel_vvp_adv_tpg_0|mixer_inst_0|dp_inst|blended_pixel_gen[0].blended_col_gen[2].mult_add_inst|partial_gen[0].mult_2_inst|add_0_0~DATAOUTA0 ; RESULTA          ;
; u0|intel_vvp_adv_tpg_0|intel_vvp_adv_tpg_0|mixer_inst_0|dp_inst|blended_pixel_gen[0].blended_col_gen[2].mult_add_inst|partial_gen[0].mult_2_inst|x_input_delay[0].x_delay_line[0][0] ; Packed Register ; Register Packing                                  ; Timing optimization      ; Q         ; u0|intel_vvp_adv_tpg_0|intel_vvp_adv_tpg_0|mixer_inst_0|dp_inst|blended_pixel_gen[0].blended_col_gen[2].mult_add_inst|partial_gen[0].mult_2_inst|add_0_0~DATAOUTA0 ; BX               ;
; u0|intel_vvp_adv_tpg_0|intel_vvp_adv_tpg_0|mixer_inst_0|dp_inst|blended_pixel_gen[0].blended_col_gen[2].mult_add_inst|partial_gen[0].mult_2_inst|x_input_delay[0].x_delay_line[0][1] ; Packed Register ; Register Packing                                  ; Timing optimization      ; Q         ; u0|intel_vvp_adv_tpg_0|intel_vvp_adv_tpg_0|mixer_inst_0|dp_inst|blended_pixel_gen[0].blended_col_gen[2].mult_add_inst|partial_gen[0].mult_2_inst|add_0_0~DATAOUTA0 ; BX               ;
; u0|intel_vvp_adv_tpg_0|intel_vvp_adv_tpg_0|mixer_inst_0|dp_inst|blended_pixel_gen[0].blended_col_gen[2].mult_add_inst|partial_gen[0].mult_2_inst|x_input_delay[0].x_delay_line[0][2] ; Packed Register ; Register Packing                                  ; Timing optimization      ; Q         ; u0|intel_vvp_adv_tpg_0|intel_vvp_adv_tpg_0|mixer_inst_0|dp_inst|blended_pixel_gen[0].blended_col_gen[2].mult_add_inst|partial_gen[0].mult_2_inst|add_0_0~DATAOUTA0 ; BX               ;
; u0|intel_vvp_adv_tpg_0|intel_vvp_adv_tpg_0|mixer_inst_0|dp_inst|blended_pixel_gen[0].blended_col_gen[2].mult_add_inst|partial_gen[0].mult_2_inst|x_input_delay[0].x_delay_line[0][3] ; Packed Register ; Register Packing                                  ; Timing optimization      ; Q         ; u0|intel_vvp_adv_tpg_0|intel_vvp_adv_tpg_0|mixer_inst_0|dp_inst|blended_pixel_gen[0].blended_col_gen[2].mult_add_inst|partial_gen[0].mult_2_inst|add_0_0~DATAOUTA0 ; BX               ;
; u0|intel_vvp_adv_tpg_0|intel_vvp_adv_tpg_0|mixer_inst_0|dp_inst|blended_pixel_gen[0].blended_col_gen[2].mult_add_inst|partial_gen[0].mult_2_inst|x_input_delay[0].x_delay_line[0][4] ; Packed Register ; Register Packing                                  ; Timing optimization      ; Q         ; u0|intel_vvp_adv_tpg_0|intel_vvp_adv_tpg_0|mixer_inst_0|dp_inst|blended_pixel_gen[0].blended_col_gen[2].mult_add_inst|partial_gen[0].mult_2_inst|add_0_0~DATAOUTA0 ; BX               ;
; u0|intel_vvp_adv_tpg_0|intel_vvp_adv_tpg_0|mixer_inst_0|dp_inst|blended_pixel_gen[0].blended_col_gen[2].mult_add_inst|partial_gen[0].mult_2_inst|x_input_delay[0].x_delay_line[0][5] ; Packed Register ; Register Packing                                  ; Timing optimization      ; Q         ; u0|intel_vvp_adv_tpg_0|intel_vvp_adv_tpg_0|mixer_inst_0|dp_inst|blended_pixel_gen[0].blended_col_gen[2].mult_add_inst|partial_gen[0].mult_2_inst|add_0_0~DATAOUTA0 ; BX               ;
; u0|intel_vvp_adv_tpg_0|intel_vvp_adv_tpg_0|mixer_inst_0|dp_inst|blended_pixel_gen[0].blended_col_gen[2].mult_add_inst|partial_gen[0].mult_2_inst|x_input_delay[0].x_delay_line[0][6] ; Packed Register ; Register Packing                                  ; Timing optimization      ; Q         ; u0|intel_vvp_adv_tpg_0|intel_vvp_adv_tpg_0|mixer_inst_0|dp_inst|blended_pixel_gen[0].blended_col_gen[2].mult_add_inst|partial_gen[0].mult_2_inst|add_0_0~DATAOUTA0 ; BX               ;
; u0|intel_vvp_adv_tpg_0|intel_vvp_adv_tpg_0|mixer_inst_0|dp_inst|blended_pixel_gen[0].blended_col_gen[2].mult_add_inst|partial_gen[0].mult_2_inst|x_input_delay[0].x_delay_line[0][7] ; Packed Register ; Register Packing                                  ; Timing optimization      ; Q         ; u0|intel_vvp_adv_tpg_0|intel_vvp_adv_tpg_0|mixer_inst_0|dp_inst|blended_pixel_gen[0].blended_col_gen[2].mult_add_inst|partial_gen[0].mult_2_inst|add_0_0~DATAOUTA0 ; BX               ;
; u0|intel_vvp_adv_tpg_0|intel_vvp_adv_tpg_0|mixer_inst_0|dp_inst|blended_pixel_gen[0].blended_col_gen[2].mult_add_inst|partial_gen[0].mult_2_inst|x_input_delay[0].x_delay_line[1][0] ; Packed Register ; Register Packing                                  ; Timing optimization      ; Q         ; u0|intel_vvp_adv_tpg_0|intel_vvp_adv_tpg_0|mixer_inst_0|dp_inst|blended_pixel_gen[0].blended_col_gen[2].mult_add_inst|partial_gen[0].mult_2_inst|add_0_0~DATAOUTA0 ; BX               ;
; u0|intel_vvp_adv_tpg_0|intel_vvp_adv_tpg_0|mixer_inst_0|dp_inst|blended_pixel_gen[0].blended_col_gen[2].mult_add_inst|partial_gen[0].mult_2_inst|x_input_delay[0].x_delay_line[1][1] ; Packed Register ; Register Packing                                  ; Timing optimization      ; Q         ; u0|intel_vvp_adv_tpg_0|intel_vvp_adv_tpg_0|mixer_inst_0|dp_inst|blended_pixel_gen[0].blended_col_gen[2].mult_add_inst|partial_gen[0].mult_2_inst|add_0_0~DATAOUTA0 ; BX               ;
; u0|intel_vvp_adv_tpg_0|intel_vvp_adv_tpg_0|mixer_inst_0|dp_inst|blended_pixel_gen[0].blended_col_gen[2].mult_add_inst|partial_gen[0].mult_2_inst|x_input_delay[0].x_delay_line[1][2] ; Packed Register ; Register Packing                                  ; Timing optimization      ; Q         ; u0|intel_vvp_adv_tpg_0|intel_vvp_adv_tpg_0|mixer_inst_0|dp_inst|blended_pixel_gen[0].blended_col_gen[2].mult_add_inst|partial_gen[0].mult_2_inst|add_0_0~DATAOUTA0 ; BX               ;
; u0|intel_vvp_adv_tpg_0|intel_vvp_adv_tpg_0|mixer_inst_0|dp_inst|blended_pixel_gen[0].blended_col_gen[2].mult_add_inst|partial_gen[0].mult_2_inst|x_input_delay[0].x_delay_line[1][3] ; Packed Register ; Register Packing                                  ; Timing optimization      ; Q         ; u0|intel_vvp_adv_tpg_0|intel_vvp_adv_tpg_0|mixer_inst_0|dp_inst|blended_pixel_gen[0].blended_col_gen[2].mult_add_inst|partial_gen[0].mult_2_inst|add_0_0~DATAOUTA0 ; BX               ;
; u0|intel_vvp_adv_tpg_0|intel_vvp_adv_tpg_0|mixer_inst_0|dp_inst|blended_pixel_gen[0].blended_col_gen[2].mult_add_inst|partial_gen[0].mult_2_inst|x_input_delay[0].x_delay_line[1][4] ; Packed Register ; Register Packing                                  ; Timing optimization      ; Q         ; u0|intel_vvp_adv_tpg_0|intel_vvp_adv_tpg_0|mixer_inst_0|dp_inst|blended_pixel_gen[0].blended_col_gen[2].mult_add_inst|partial_gen[0].mult_2_inst|add_0_0~DATAOUTA0 ; BX               ;
; u0|intel_vvp_adv_tpg_0|intel_vvp_adv_tpg_0|mixer_inst_0|dp_inst|blended_pixel_gen[0].blended_col_gen[2].mult_add_inst|partial_gen[0].mult_2_inst|x_input_delay[0].x_delay_line[1][5] ; Packed Register ; Register Packing                                  ; Timing optimization      ; Q         ; u0|intel_vvp_adv_tpg_0|intel_vvp_adv_tpg_0|mixer_inst_0|dp_inst|blended_pixel_gen[0].blended_col_gen[2].mult_add_inst|partial_gen[0].mult_2_inst|add_0_0~DATAOUTA0 ; BX               ;
; u0|intel_vvp_adv_tpg_0|intel_vvp_adv_tpg_0|mixer_inst_0|dp_inst|blended_pixel_gen[0].blended_col_gen[2].mult_add_inst|partial_gen[0].mult_2_inst|x_input_delay[0].x_delay_line[1][6] ; Packed Register ; Register Packing                                  ; Timing optimization      ; Q         ; u0|intel_vvp_adv_tpg_0|intel_vvp_adv_tpg_0|mixer_inst_0|dp_inst|blended_pixel_gen[0].blended_col_gen[2].mult_add_inst|partial_gen[0].mult_2_inst|add_0_0~DATAOUTA0 ; BX               ;
; u0|intel_vvp_adv_tpg_0|intel_vvp_adv_tpg_0|mixer_inst_0|dp_inst|blended_pixel_gen[0].blended_col_gen[2].mult_add_inst|partial_gen[0].mult_2_inst|x_input_delay[0].x_delay_line[1][7] ; Packed Register ; Register Packing                                  ; Timing optimization      ; Q         ; u0|intel_vvp_adv_tpg_0|intel_vvp_adv_tpg_0|mixer_inst_0|dp_inst|blended_pixel_gen[0].blended_col_gen[2].mult_add_inst|partial_gen[0].mult_2_inst|add_0_0~DATAOUTA0 ; BX               ;
; u0|intel_vvp_adv_tpg_0|intel_vvp_adv_tpg_0|mixer_inst_0|dp_inst|blended_pixel_gen[0].blended_col_gen[2].mult_add_inst|partial_gen[0].mult_2_inst|x_input_delay[1].x_delay_line[0][0] ; Packed Register ; Register Packing                                  ; Timing optimization      ; Q         ; u0|intel_vvp_adv_tpg_0|intel_vvp_adv_tpg_0|mixer_inst_0|dp_inst|blended_pixel_gen[0].blended_col_gen[2].mult_add_inst|partial_gen[0].mult_2_inst|add_0_0~DATAOUTA0 ; AX               ;
; u0|intel_vvp_adv_tpg_0|intel_vvp_adv_tpg_0|mixer_inst_0|dp_inst|blended_pixel_gen[0].blended_col_gen[2].mult_add_inst|partial_gen[0].mult_2_inst|x_input_delay[1].x_delay_line[0][1] ; Packed Register ; Register Packing                                  ; Timing optimization      ; Q         ; u0|intel_vvp_adv_tpg_0|intel_vvp_adv_tpg_0|mixer_inst_0|dp_inst|blended_pixel_gen[0].blended_col_gen[2].mult_add_inst|partial_gen[0].mult_2_inst|add_0_0~DATAOUTA0 ; AX               ;
; u0|intel_vvp_adv_tpg_0|intel_vvp_adv_tpg_0|mixer_inst_0|dp_inst|blended_pixel_gen[0].blended_col_gen[2].mult_add_inst|partial_gen[0].mult_2_inst|x_input_delay[1].x_delay_line[0][2] ; Packed Register ; Register Packing                                  ; Timing optimization      ; Q         ; u0|intel_vvp_adv_tpg_0|intel_vvp_adv_tpg_0|mixer_inst_0|dp_inst|blended_pixel_gen[0].blended_col_gen[2].mult_add_inst|partial_gen[0].mult_2_inst|add_0_0~DATAOUTA0 ; AX               ;
; u0|intel_vvp_adv_tpg_0|intel_vvp_adv_tpg_0|mixer_inst_0|dp_inst|blended_pixel_gen[0].blended_col_gen[2].mult_add_inst|partial_gen[0].mult_2_inst|x_input_delay[1].x_delay_line[0][3] ; Packed Register ; Register Packing                                  ; Timing optimization      ; Q         ; u0|intel_vvp_adv_tpg_0|intel_vvp_adv_tpg_0|mixer_inst_0|dp_inst|blended_pixel_gen[0].blended_col_gen[2].mult_add_inst|partial_gen[0].mult_2_inst|add_0_0~DATAOUTA0 ; AX               ;
; u0|intel_vvp_adv_tpg_0|intel_vvp_adv_tpg_0|mixer_inst_0|dp_inst|blended_pixel_gen[0].blended_col_gen[2].mult_add_inst|partial_gen[0].mult_2_inst|x_input_delay[1].x_delay_line[0][4] ; Packed Register ; Register Packing                                  ; Timing optimization      ; Q         ; u0|intel_vvp_adv_tpg_0|intel_vvp_adv_tpg_0|mixer_inst_0|dp_inst|blended_pixel_gen[0].blended_col_gen[2].mult_add_inst|partial_gen[0].mult_2_inst|add_0_0~DATAOUTA0 ; AX               ;
; u0|intel_vvp_adv_tpg_0|intel_vvp_adv_tpg_0|mixer_inst_0|dp_inst|blended_pixel_gen[0].blended_col_gen[2].mult_add_inst|partial_gen[0].mult_2_inst|x_input_delay[1].x_delay_line[0][5] ; Packed Register ; Register Packing                                  ; Timing optimization      ; Q         ; u0|intel_vvp_adv_tpg_0|intel_vvp_adv_tpg_0|mixer_inst_0|dp_inst|blended_pixel_gen[0].blended_col_gen[2].mult_add_inst|partial_gen[0].mult_2_inst|add_0_0~DATAOUTA0 ; AX               ;
; u0|intel_vvp_adv_tpg_0|intel_vvp_adv_tpg_0|mixer_inst_0|dp_inst|blended_pixel_gen[0].blended_col_gen[2].mult_add_inst|partial_gen[0].mult_2_inst|x_input_delay[1].x_delay_line[0][6] ; Packed Register ; Register Packing                                  ; Timing optimization      ; Q         ; u0|intel_vvp_adv_tpg_0|intel_vvp_adv_tpg_0|mixer_inst_0|dp_inst|blended_pixel_gen[0].blended_col_gen[2].mult_add_inst|partial_gen[0].mult_2_inst|add_0_0~DATAOUTA0 ; AX               ;
; u0|intel_vvp_adv_tpg_0|intel_vvp_adv_tpg_0|mixer_inst_0|dp_inst|blended_pixel_gen[0].blended_col_gen[2].mult_add_inst|partial_gen[0].mult_2_inst|x_input_delay[1].x_delay_line[0][7] ; Packed Register ; Register Packing                                  ; Timing optimization      ; Q         ; u0|intel_vvp_adv_tpg_0|intel_vvp_adv_tpg_0|mixer_inst_0|dp_inst|blended_pixel_gen[0].blended_col_gen[2].mult_add_inst|partial_gen[0].mult_2_inst|add_0_0~DATAOUTA0 ; AX               ;
; u0|intel_vvp_adv_tpg_0|intel_vvp_adv_tpg_0|mixer_inst_0|dp_inst|blended_pixel_gen[0].blended_col_gen[2].mult_add_inst|partial_gen[0].mult_2_inst|x_input_delay[1].x_delay_line[1][0] ; Packed Register ; Register Packing                                  ; Timing optimization      ; Q         ; u0|intel_vvp_adv_tpg_0|intel_vvp_adv_tpg_0|mixer_inst_0|dp_inst|blended_pixel_gen[0].blended_col_gen[2].mult_add_inst|partial_gen[0].mult_2_inst|add_0_0~DATAOUTA0 ; AX               ;
; u0|intel_vvp_adv_tpg_0|intel_vvp_adv_tpg_0|mixer_inst_0|dp_inst|blended_pixel_gen[0].blended_col_gen[2].mult_add_inst|partial_gen[0].mult_2_inst|x_input_delay[1].x_delay_line[1][1] ; Packed Register ; Register Packing                                  ; Timing optimization      ; Q         ; u0|intel_vvp_adv_tpg_0|intel_vvp_adv_tpg_0|mixer_inst_0|dp_inst|blended_pixel_gen[0].blended_col_gen[2].mult_add_inst|partial_gen[0].mult_2_inst|add_0_0~DATAOUTA0 ; AX               ;
; u0|intel_vvp_adv_tpg_0|intel_vvp_adv_tpg_0|mixer_inst_0|dp_inst|blended_pixel_gen[0].blended_col_gen[2].mult_add_inst|partial_gen[0].mult_2_inst|x_input_delay[1].x_delay_line[1][2] ; Packed Register ; Register Packing                                  ; Timing optimization      ; Q         ; u0|intel_vvp_adv_tpg_0|intel_vvp_adv_tpg_0|mixer_inst_0|dp_inst|blended_pixel_gen[0].blended_col_gen[2].mult_add_inst|partial_gen[0].mult_2_inst|add_0_0~DATAOUTA0 ; AX               ;
; u0|intel_vvp_adv_tpg_0|intel_vvp_adv_tpg_0|mixer_inst_0|dp_inst|blended_pixel_gen[0].blended_col_gen[2].mult_add_inst|partial_gen[0].mult_2_inst|x_input_delay[1].x_delay_line[1][3] ; Packed Register ; Register Packing                                  ; Timing optimization      ; Q         ; u0|intel_vvp_adv_tpg_0|intel_vvp_adv_tpg_0|mixer_inst_0|dp_inst|blended_pixel_gen[0].blended_col_gen[2].mult_add_inst|partial_gen[0].mult_2_inst|add_0_0~DATAOUTA0 ; AX               ;
; u0|intel_vvp_adv_tpg_0|intel_vvp_adv_tpg_0|mixer_inst_0|dp_inst|blended_pixel_gen[0].blended_col_gen[2].mult_add_inst|partial_gen[0].mult_2_inst|x_input_delay[1].x_delay_line[1][4] ; Packed Register ; Register Packing                                  ; Timing optimization      ; Q         ; u0|intel_vvp_adv_tpg_0|intel_vvp_adv_tpg_0|mixer_inst_0|dp_inst|blended_pixel_gen[0].blended_col_gen[2].mult_add_inst|partial_gen[0].mult_2_inst|add_0_0~DATAOUTA0 ; AX               ;
; u0|intel_vvp_adv_tpg_0|intel_vvp_adv_tpg_0|mixer_inst_0|dp_inst|blended_pixel_gen[0].blended_col_gen[2].mult_add_inst|partial_gen[0].mult_2_inst|x_input_delay[1].x_delay_line[1][5] ; Packed Register ; Register Packing                                  ; Timing optimization      ; Q         ; u0|intel_vvp_adv_tpg_0|intel_vvp_adv_tpg_0|mixer_inst_0|dp_inst|blended_pixel_gen[0].blended_col_gen[2].mult_add_inst|partial_gen[0].mult_2_inst|add_0_0~DATAOUTA0 ; AX               ;
; u0|intel_vvp_adv_tpg_0|intel_vvp_adv_tpg_0|mixer_inst_0|dp_inst|blended_pixel_gen[0].blended_col_gen[2].mult_add_inst|partial_gen[0].mult_2_inst|x_input_delay[1].x_delay_line[1][6] ; Packed Register ; Register Packing                                  ; Timing optimization      ; Q         ; u0|intel_vvp_adv_tpg_0|intel_vvp_adv_tpg_0|mixer_inst_0|dp_inst|blended_pixel_gen[0].blended_col_gen[2].mult_add_inst|partial_gen[0].mult_2_inst|add_0_0~DATAOUTA0 ; AX               ;
; u0|intel_vvp_adv_tpg_0|intel_vvp_adv_tpg_0|mixer_inst_0|dp_inst|blended_pixel_gen[0].blended_col_gen[2].mult_add_inst|partial_gen[0].mult_2_inst|x_input_delay[1].x_delay_line[1][7] ; Packed Register ; Register Packing                                  ; Timing optimization      ; Q         ; u0|intel_vvp_adv_tpg_0|intel_vvp_adv_tpg_0|mixer_inst_0|dp_inst|blended_pixel_gen[0].blended_col_gen[2].mult_add_inst|partial_gen[0].mult_2_inst|add_0_0~DATAOUTA0 ; AX               ;
; u0|intel_vvp_adv_tpg_0|intel_vvp_adv_tpg_0|mixer_inst_0|dp_inst|blended_pixel_gen[0].blended_col_gen[2].mult_add_inst|partial_gen[0].mult_2_inst|y_input_delay[0].y_delay_line[0][0] ; Packed Register ; Register Packing                                  ; Timing optimization      ; Q         ; u0|intel_vvp_adv_tpg_0|intel_vvp_adv_tpg_0|mixer_inst_0|dp_inst|blended_pixel_gen[0].blended_col_gen[2].mult_add_inst|partial_gen[0].mult_2_inst|add_0_0~DATAOUTA0 ; BY               ;
; u0|intel_vvp_adv_tpg_0|intel_vvp_adv_tpg_0|mixer_inst_0|dp_inst|blended_pixel_gen[0].blended_col_gen[2].mult_add_inst|partial_gen[0].mult_2_inst|y_input_delay[0].y_delay_line[0][1] ; Packed Register ; Register Packing                                  ; Timing optimization      ; Q         ; u0|intel_vvp_adv_tpg_0|intel_vvp_adv_tpg_0|mixer_inst_0|dp_inst|blended_pixel_gen[0].blended_col_gen[2].mult_add_inst|partial_gen[0].mult_2_inst|add_0_0~DATAOUTA0 ; BY               ;
; u0|intel_vvp_adv_tpg_0|intel_vvp_adv_tpg_0|mixer_inst_0|dp_inst|blended_pixel_gen[0].blended_col_gen[2].mult_add_inst|partial_gen[0].mult_2_inst|y_input_delay[0].y_delay_line[0][2] ; Packed Register ; Register Packing                                  ; Timing optimization      ; Q         ; u0|intel_vvp_adv_tpg_0|intel_vvp_adv_tpg_0|mixer_inst_0|dp_inst|blended_pixel_gen[0].blended_col_gen[2].mult_add_inst|partial_gen[0].mult_2_inst|add_0_0~DATAOUTA0 ; BY               ;
; u0|intel_vvp_adv_tpg_0|intel_vvp_adv_tpg_0|mixer_inst_0|dp_inst|blended_pixel_gen[0].blended_col_gen[2].mult_add_inst|partial_gen[0].mult_2_inst|y_input_delay[0].y_delay_line[0][3] ; Packed Register ; Register Packing                                  ; Timing optimization      ; Q         ; u0|intel_vvp_adv_tpg_0|intel_vvp_adv_tpg_0|mixer_inst_0|dp_inst|blended_pixel_gen[0].blended_col_gen[2].mult_add_inst|partial_gen[0].mult_2_inst|add_0_0~DATAOUTA0 ; BY               ;
; u0|intel_vvp_adv_tpg_0|intel_vvp_adv_tpg_0|mixer_inst_0|dp_inst|blended_pixel_gen[0].blended_col_gen[2].mult_add_inst|partial_gen[0].mult_2_inst|y_input_delay[0].y_delay_line[0][4] ; Packed Register ; Register Packing                                  ; Timing optimization      ; Q         ; u0|intel_vvp_adv_tpg_0|intel_vvp_adv_tpg_0|mixer_inst_0|dp_inst|blended_pixel_gen[0].blended_col_gen[2].mult_add_inst|partial_gen[0].mult_2_inst|add_0_0~DATAOUTA0 ; BY               ;
; u0|intel_vvp_adv_tpg_0|intel_vvp_adv_tpg_0|mixer_inst_0|dp_inst|blended_pixel_gen[0].blended_col_gen[2].mult_add_inst|partial_gen[0].mult_2_inst|y_input_delay[0].y_delay_line[0][5] ; Packed Register ; Register Packing                                  ; Timing optimization      ; Q         ; u0|intel_vvp_adv_tpg_0|intel_vvp_adv_tpg_0|mixer_inst_0|dp_inst|blended_pixel_gen[0].blended_col_gen[2].mult_add_inst|partial_gen[0].mult_2_inst|add_0_0~DATAOUTA0 ; BY               ;
; u0|intel_vvp_adv_tpg_0|intel_vvp_adv_tpg_0|mixer_inst_0|dp_inst|blended_pixel_gen[0].blended_col_gen[2].mult_add_inst|partial_gen[0].mult_2_inst|y_input_delay[0].y_delay_line[0][6] ; Packed Register ; Register Packing                                  ; Timing optimization      ; Q         ; u0|intel_vvp_adv_tpg_0|intel_vvp_adv_tpg_0|mixer_inst_0|dp_inst|blended_pixel_gen[0].blended_col_gen[2].mult_add_inst|partial_gen[0].mult_2_inst|add_0_0~DATAOUTA0 ; BY               ;
; u0|intel_vvp_adv_tpg_0|intel_vvp_adv_tpg_0|mixer_inst_0|dp_inst|blended_pixel_gen[0].blended_col_gen[2].mult_add_inst|partial_gen[0].mult_2_inst|y_input_delay[0].y_delay_line[0][7] ; Packed Register ; Register Packing                                  ; Timing optimization      ; Q         ; u0|intel_vvp_adv_tpg_0|intel_vvp_adv_tpg_0|mixer_inst_0|dp_inst|blended_pixel_gen[0].blended_col_gen[2].mult_add_inst|partial_gen[0].mult_2_inst|add_0_0~DATAOUTA0 ; BY               ;
; u0|intel_vvp_adv_tpg_0|intel_vvp_adv_tpg_0|mixer_inst_0|dp_inst|blended_pixel_gen[0].blended_col_gen[2].mult_add_inst|partial_gen[0].mult_2_inst|y_input_delay[0].y_delay_line[0][8] ; Packed Register ; Register Packing                                  ; Timing optimization      ; Q         ; u0|intel_vvp_adv_tpg_0|intel_vvp_adv_tpg_0|mixer_inst_0|dp_inst|blended_pixel_gen[0].blended_col_gen[2].mult_add_inst|partial_gen[0].mult_2_inst|add_0_0~DATAOUTA0 ; BY               ;
; u0|intel_vvp_adv_tpg_0|intel_vvp_adv_tpg_0|mixer_inst_0|dp_inst|blended_pixel_gen[0].blended_col_gen[2].mult_add_inst|partial_gen[0].mult_2_inst|y_input_delay[0].y_delay_line[1][0] ; Packed Register ; Register Packing                                  ; Timing optimization      ; Q         ; u0|intel_vvp_adv_tpg_0|intel_vvp_adv_tpg_0|mixer_inst_0|dp_inst|blended_pixel_gen[0].blended_col_gen[2].mult_add_inst|partial_gen[0].mult_2_inst|add_0_0~DATAOUTA0 ; BY               ;
; u0|intel_vvp_adv_tpg_0|intel_vvp_adv_tpg_0|mixer_inst_0|dp_inst|blended_pixel_gen[0].blended_col_gen[2].mult_add_inst|partial_gen[0].mult_2_inst|y_input_delay[0].y_delay_line[1][1] ; Packed Register ; Register Packing                                  ; Timing optimization      ; Q         ; u0|intel_vvp_adv_tpg_0|intel_vvp_adv_tpg_0|mixer_inst_0|dp_inst|blended_pixel_gen[0].blended_col_gen[2].mult_add_inst|partial_gen[0].mult_2_inst|add_0_0~DATAOUTA0 ; BY               ;
; u0|intel_vvp_adv_tpg_0|intel_vvp_adv_tpg_0|mixer_inst_0|dp_inst|blended_pixel_gen[0].blended_col_gen[2].mult_add_inst|partial_gen[0].mult_2_inst|y_input_delay[0].y_delay_line[1][2] ; Packed Register ; Register Packing                                  ; Timing optimization      ; Q         ; u0|intel_vvp_adv_tpg_0|intel_vvp_adv_tpg_0|mixer_inst_0|dp_inst|blended_pixel_gen[0].blended_col_gen[2].mult_add_inst|partial_gen[0].mult_2_inst|add_0_0~DATAOUTA0 ; BY               ;
; u0|intel_vvp_adv_tpg_0|intel_vvp_adv_tpg_0|mixer_inst_0|dp_inst|blended_pixel_gen[0].blended_col_gen[2].mult_add_inst|partial_gen[0].mult_2_inst|y_input_delay[0].y_delay_line[1][3] ; Packed Register ; Register Packing                                  ; Timing optimization      ; Q         ; u0|intel_vvp_adv_tpg_0|intel_vvp_adv_tpg_0|mixer_inst_0|dp_inst|blended_pixel_gen[0].blended_col_gen[2].mult_add_inst|partial_gen[0].mult_2_inst|add_0_0~DATAOUTA0 ; BY               ;
; u0|intel_vvp_adv_tpg_0|intel_vvp_adv_tpg_0|mixer_inst_0|dp_inst|blended_pixel_gen[0].blended_col_gen[2].mult_add_inst|partial_gen[0].mult_2_inst|y_input_delay[0].y_delay_line[1][4] ; Packed Register ; Register Packing                                  ; Timing optimization      ; Q         ; u0|intel_vvp_adv_tpg_0|intel_vvp_adv_tpg_0|mixer_inst_0|dp_inst|blended_pixel_gen[0].blended_col_gen[2].mult_add_inst|partial_gen[0].mult_2_inst|add_0_0~DATAOUTA0 ; BY               ;
; u0|intel_vvp_adv_tpg_0|intel_vvp_adv_tpg_0|mixer_inst_0|dp_inst|blended_pixel_gen[0].blended_col_gen[2].mult_add_inst|partial_gen[0].mult_2_inst|y_input_delay[0].y_delay_line[1][5] ; Packed Register ; Register Packing                                  ; Timing optimization      ; Q         ; u0|intel_vvp_adv_tpg_0|intel_vvp_adv_tpg_0|mixer_inst_0|dp_inst|blended_pixel_gen[0].blended_col_gen[2].mult_add_inst|partial_gen[0].mult_2_inst|add_0_0~DATAOUTA0 ; BY               ;
; u0|intel_vvp_adv_tpg_0|intel_vvp_adv_tpg_0|mixer_inst_0|dp_inst|blended_pixel_gen[0].blended_col_gen[2].mult_add_inst|partial_gen[0].mult_2_inst|y_input_delay[0].y_delay_line[1][6] ; Packed Register ; Register Packing                                  ; Timing optimization      ; Q         ; u0|intel_vvp_adv_tpg_0|intel_vvp_adv_tpg_0|mixer_inst_0|dp_inst|blended_pixel_gen[0].blended_col_gen[2].mult_add_inst|partial_gen[0].mult_2_inst|add_0_0~DATAOUTA0 ; BY               ;
; u0|intel_vvp_adv_tpg_0|intel_vvp_adv_tpg_0|mixer_inst_0|dp_inst|blended_pixel_gen[0].blended_col_gen[2].mult_add_inst|partial_gen[0].mult_2_inst|y_input_delay[0].y_delay_line[1][7] ; Packed Register ; Register Packing                                  ; Timing optimization      ; Q         ; u0|intel_vvp_adv_tpg_0|intel_vvp_adv_tpg_0|mixer_inst_0|dp_inst|blended_pixel_gen[0].blended_col_gen[2].mult_add_inst|partial_gen[0].mult_2_inst|add_0_0~DATAOUTA0 ; BY               ;
; u0|intel_vvp_adv_tpg_0|intel_vvp_adv_tpg_0|mixer_inst_0|dp_inst|blended_pixel_gen[0].blended_col_gen[2].mult_add_inst|partial_gen[0].mult_2_inst|y_input_delay[0].y_delay_line[1][8] ; Packed Register ; Register Packing                                  ; Timing optimization      ; Q         ; u0|intel_vvp_adv_tpg_0|intel_vvp_adv_tpg_0|mixer_inst_0|dp_inst|blended_pixel_gen[0].blended_col_gen[2].mult_add_inst|partial_gen[0].mult_2_inst|add_0_0~DATAOUTA0 ; BY               ;
; u0|intel_vvp_adv_tpg_0|intel_vvp_adv_tpg_0|mixer_inst_0|dp_inst|blended_pixel_gen[0].blended_col_gen[2].mult_add_inst|partial_gen[0].mult_2_inst|y_input_delay[1].y_delay_line[0][0] ; Packed Register ; Register Packing                                  ; Timing optimization      ; Q         ; u0|intel_vvp_adv_tpg_0|intel_vvp_adv_tpg_0|mixer_inst_0|dp_inst|blended_pixel_gen[0].blended_col_gen[2].mult_add_inst|partial_gen[0].mult_2_inst|add_0_0~DATAOUTA0 ; AY               ;
; u0|intel_vvp_adv_tpg_0|intel_vvp_adv_tpg_0|mixer_inst_0|dp_inst|blended_pixel_gen[0].blended_col_gen[2].mult_add_inst|partial_gen[0].mult_2_inst|y_input_delay[1].y_delay_line[0][1] ; Packed Register ; Register Packing                                  ; Timing optimization      ; Q         ; u0|intel_vvp_adv_tpg_0|intel_vvp_adv_tpg_0|mixer_inst_0|dp_inst|blended_pixel_gen[0].blended_col_gen[2].mult_add_inst|partial_gen[0].mult_2_inst|add_0_0~DATAOUTA0 ; AY               ;
; u0|intel_vvp_adv_tpg_0|intel_vvp_adv_tpg_0|mixer_inst_0|dp_inst|blended_pixel_gen[0].blended_col_gen[2].mult_add_inst|partial_gen[0].mult_2_inst|y_input_delay[1].y_delay_line[0][2] ; Packed Register ; Register Packing                                  ; Timing optimization      ; Q         ; u0|intel_vvp_adv_tpg_0|intel_vvp_adv_tpg_0|mixer_inst_0|dp_inst|blended_pixel_gen[0].blended_col_gen[2].mult_add_inst|partial_gen[0].mult_2_inst|add_0_0~DATAOUTA0 ; AY               ;
; u0|intel_vvp_adv_tpg_0|intel_vvp_adv_tpg_0|mixer_inst_0|dp_inst|blended_pixel_gen[0].blended_col_gen[2].mult_add_inst|partial_gen[0].mult_2_inst|y_input_delay[1].y_delay_line[0][3] ; Packed Register ; Register Packing                                  ; Timing optimization      ; Q         ; u0|intel_vvp_adv_tpg_0|intel_vvp_adv_tpg_0|mixer_inst_0|dp_inst|blended_pixel_gen[0].blended_col_gen[2].mult_add_inst|partial_gen[0].mult_2_inst|add_0_0~DATAOUTA0 ; AY               ;
; u0|intel_vvp_adv_tpg_0|intel_vvp_adv_tpg_0|mixer_inst_0|dp_inst|blended_pixel_gen[0].blended_col_gen[2].mult_add_inst|partial_gen[0].mult_2_inst|y_input_delay[1].y_delay_line[0][4] ; Packed Register ; Register Packing                                  ; Timing optimization      ; Q         ; u0|intel_vvp_adv_tpg_0|intel_vvp_adv_tpg_0|mixer_inst_0|dp_inst|blended_pixel_gen[0].blended_col_gen[2].mult_add_inst|partial_gen[0].mult_2_inst|add_0_0~DATAOUTA0 ; AY               ;
; u0|intel_vvp_adv_tpg_0|intel_vvp_adv_tpg_0|mixer_inst_0|dp_inst|blended_pixel_gen[0].blended_col_gen[2].mult_add_inst|partial_gen[0].mult_2_inst|y_input_delay[1].y_delay_line[0][5] ; Packed Register ; Register Packing                                  ; Timing optimization      ; Q         ; u0|intel_vvp_adv_tpg_0|intel_vvp_adv_tpg_0|mixer_inst_0|dp_inst|blended_pixel_gen[0].blended_col_gen[2].mult_add_inst|partial_gen[0].mult_2_inst|add_0_0~DATAOUTA0 ; AY               ;
; u0|intel_vvp_adv_tpg_0|intel_vvp_adv_tpg_0|mixer_inst_0|dp_inst|blended_pixel_gen[0].blended_col_gen[2].mult_add_inst|partial_gen[0].mult_2_inst|y_input_delay[1].y_delay_line[0][6] ; Packed Register ; Register Packing                                  ; Timing optimization      ; Q         ; u0|intel_vvp_adv_tpg_0|intel_vvp_adv_tpg_0|mixer_inst_0|dp_inst|blended_pixel_gen[0].blended_col_gen[2].mult_add_inst|partial_gen[0].mult_2_inst|add_0_0~DATAOUTA0 ; AY               ;
; u0|intel_vvp_adv_tpg_0|intel_vvp_adv_tpg_0|mixer_inst_0|dp_inst|blended_pixel_gen[0].blended_col_gen[2].mult_add_inst|partial_gen[0].mult_2_inst|y_input_delay[1].y_delay_line[0][7] ; Packed Register ; Register Packing                                  ; Timing optimization      ; Q         ; u0|intel_vvp_adv_tpg_0|intel_vvp_adv_tpg_0|mixer_inst_0|dp_inst|blended_pixel_gen[0].blended_col_gen[2].mult_add_inst|partial_gen[0].mult_2_inst|add_0_0~DATAOUTA0 ; AY               ;
; u0|intel_vvp_adv_tpg_0|intel_vvp_adv_tpg_0|mixer_inst_0|dp_inst|blended_pixel_gen[0].blended_col_gen[2].mult_add_inst|partial_gen[0].mult_2_inst|y_input_delay[1].y_delay_line[0][8] ; Packed Register ; Register Packing                                  ; Timing optimization      ; Q         ; u0|intel_vvp_adv_tpg_0|intel_vvp_adv_tpg_0|mixer_inst_0|dp_inst|blended_pixel_gen[0].blended_col_gen[2].mult_add_inst|partial_gen[0].mult_2_inst|add_0_0~DATAOUTA0 ; AY               ;
; u0|intel_vvp_adv_tpg_0|intel_vvp_adv_tpg_0|mixer_inst_0|dp_inst|blended_pixel_gen[0].blended_col_gen[2].mult_add_inst|partial_gen[0].mult_2_inst|y_input_delay[1].y_delay_line[1][0] ; Packed Register ; Register Packing                                  ; Timing optimization      ; Q         ; u0|intel_vvp_adv_tpg_0|intel_vvp_adv_tpg_0|mixer_inst_0|dp_inst|blended_pixel_gen[0].blended_col_gen[2].mult_add_inst|partial_gen[0].mult_2_inst|add_0_0~DATAOUTA0 ; AY               ;
; u0|intel_vvp_adv_tpg_0|intel_vvp_adv_tpg_0|mixer_inst_0|dp_inst|blended_pixel_gen[0].blended_col_gen[2].mult_add_inst|partial_gen[0].mult_2_inst|y_input_delay[1].y_delay_line[1][1] ; Packed Register ; Register Packing                                  ; Timing optimization      ; Q         ; u0|intel_vvp_adv_tpg_0|intel_vvp_adv_tpg_0|mixer_inst_0|dp_inst|blended_pixel_gen[0].blended_col_gen[2].mult_add_inst|partial_gen[0].mult_2_inst|add_0_0~DATAOUTA0 ; AY               ;
; u0|intel_vvp_adv_tpg_0|intel_vvp_adv_tpg_0|mixer_inst_0|dp_inst|blended_pixel_gen[0].blended_col_gen[2].mult_add_inst|partial_gen[0].mult_2_inst|y_input_delay[1].y_delay_line[1][2] ; Packed Register ; Register Packing                                  ; Timing optimization      ; Q         ; u0|intel_vvp_adv_tpg_0|intel_vvp_adv_tpg_0|mixer_inst_0|dp_inst|blended_pixel_gen[0].blended_col_gen[2].mult_add_inst|partial_gen[0].mult_2_inst|add_0_0~DATAOUTA0 ; AY               ;
; u0|intel_vvp_adv_tpg_0|intel_vvp_adv_tpg_0|mixer_inst_0|dp_inst|blended_pixel_gen[0].blended_col_gen[2].mult_add_inst|partial_gen[0].mult_2_inst|y_input_delay[1].y_delay_line[1][3] ; Packed Register ; Register Packing                                  ; Timing optimization      ; Q         ; u0|intel_vvp_adv_tpg_0|intel_vvp_adv_tpg_0|mixer_inst_0|dp_inst|blended_pixel_gen[0].blended_col_gen[2].mult_add_inst|partial_gen[0].mult_2_inst|add_0_0~DATAOUTA0 ; AY               ;
; u0|intel_vvp_adv_tpg_0|intel_vvp_adv_tpg_0|mixer_inst_0|dp_inst|blended_pixel_gen[0].blended_col_gen[2].mult_add_inst|partial_gen[0].mult_2_inst|y_input_delay[1].y_delay_line[1][4] ; Packed Register ; Register Packing                                  ; Timing optimization      ; Q         ; u0|intel_vvp_adv_tpg_0|intel_vvp_adv_tpg_0|mixer_inst_0|dp_inst|blended_pixel_gen[0].blended_col_gen[2].mult_add_inst|partial_gen[0].mult_2_inst|add_0_0~DATAOUTA0 ; AY               ;
; u0|intel_vvp_adv_tpg_0|intel_vvp_adv_tpg_0|mixer_inst_0|dp_inst|blended_pixel_gen[0].blended_col_gen[2].mult_add_inst|partial_gen[0].mult_2_inst|y_input_delay[1].y_delay_line[1][5] ; Packed Register ; Register Packing                                  ; Timing optimization      ; Q         ; u0|intel_vvp_adv_tpg_0|intel_vvp_adv_tpg_0|mixer_inst_0|dp_inst|blended_pixel_gen[0].blended_col_gen[2].mult_add_inst|partial_gen[0].mult_2_inst|add_0_0~DATAOUTA0 ; AY               ;
; u0|intel_vvp_adv_tpg_0|intel_vvp_adv_tpg_0|mixer_inst_0|dp_inst|blended_pixel_gen[0].blended_col_gen[2].mult_add_inst|partial_gen[0].mult_2_inst|y_input_delay[1].y_delay_line[1][6] ; Packed Register ; Register Packing                                  ; Timing optimization      ; Q         ; u0|intel_vvp_adv_tpg_0|intel_vvp_adv_tpg_0|mixer_inst_0|dp_inst|blended_pixel_gen[0].blended_col_gen[2].mult_add_inst|partial_gen[0].mult_2_inst|add_0_0~DATAOUTA0 ; AY               ;
; u0|intel_vvp_adv_tpg_0|intel_vvp_adv_tpg_0|mixer_inst_0|dp_inst|blended_pixel_gen[0].blended_col_gen[2].mult_add_inst|partial_gen[0].mult_2_inst|y_input_delay[1].y_delay_line[1][7] ; Packed Register ; Register Packing                                  ; Timing optimization      ; Q         ; u0|intel_vvp_adv_tpg_0|intel_vvp_adv_tpg_0|mixer_inst_0|dp_inst|blended_pixel_gen[0].blended_col_gen[2].mult_add_inst|partial_gen[0].mult_2_inst|add_0_0~DATAOUTA0 ; AY               ;
; u0|intel_vvp_adv_tpg_0|intel_vvp_adv_tpg_0|mixer_inst_0|dp_inst|blended_pixel_gen[0].blended_col_gen[2].mult_add_inst|partial_gen[0].mult_2_inst|y_input_delay[1].y_delay_line[1][8] ; Packed Register ; Register Packing                                  ; Timing optimization      ; Q         ; u0|intel_vvp_adv_tpg_0|intel_vvp_adv_tpg_0|mixer_inst_0|dp_inst|blended_pixel_gen[0].blended_col_gen[2].mult_add_inst|partial_gen[0].mult_2_inst|add_0_0~DATAOUTA0 ; AY               ;
; u0|intel_vvp_adv_tpg_0|intel_vvp_adv_tpg_0|scheduler|frame_count[12]                                                                                                                 ; Duplicated      ; Router Logic Cell Insertion and Logic Duplication ; Routability optimization ;           ; u0|intel_vvp_adv_tpg_0|intel_vvp_adv_tpg_0|scheduler|frame_count[12]~DUPLICATE                                                                                     ;                  ;
; u0|intel_vvp_adv_tpg_0|intel_vvp_adv_tpg_0|scheduler|frame_count[13]                                                                                                                 ; Duplicated      ; Router Logic Cell Insertion and Logic Duplication ; Routability optimization ;           ; u0|intel_vvp_adv_tpg_0|intel_vvp_adv_tpg_0|scheduler|frame_count[13]~DUPLICATE                                                                                     ;                  ;
; u0|intel_vvp_adv_tpg_0|intel_vvp_adv_tpg_0|scheduler|layer_line_num[0][10]                                                                                                           ; Duplicated      ; Router Logic Cell Insertion and Logic Duplication ; Routability optimization ;           ; u0|intel_vvp_adv_tpg_0|intel_vvp_adv_tpg_0|scheduler|layer_line_num[0][10]~DUPLICATE                                                                               ;                  ;
; u0|intel_vvp_adv_tpg_0|intel_vvp_adv_tpg_0|scheduler|layer_line_num[0][12]                                                                                                           ; Duplicated      ; Router Logic Cell Insertion and Logic Duplication ; Routability optimization ;           ; u0|intel_vvp_adv_tpg_0|intel_vvp_adv_tpg_0|scheduler|layer_line_num[0][12]~DUPLICATE                                                                               ;                  ;
; u0|intel_vvp_adv_tpg_0|intel_vvp_adv_tpg_0|scheduler|layer_line_num[0][13]                                                                                                           ; Duplicated      ; Router Logic Cell Insertion and Logic Duplication ; Routability optimization ;           ; u0|intel_vvp_adv_tpg_0|intel_vvp_adv_tpg_0|scheduler|layer_line_num[0][13]~DUPLICATE                                                                               ;                  ;
; u0|intel_vvp_adv_tpg_0|intel_vvp_adv_tpg_0|scheduler|layer_line_num[0][2]                                                                                                            ; Duplicated      ; Router Logic Cell Insertion and Logic Duplication ; Routability optimization ;           ; u0|intel_vvp_adv_tpg_0|intel_vvp_adv_tpg_0|scheduler|layer_line_num[0][2]~DUPLICATE                                                                                ;                  ;
; u0|intel_vvp_adv_tpg_0|intel_vvp_adv_tpg_0|scheduler|layer_line_num[0][5]                                                                                                            ; Duplicated      ; Router Logic Cell Insertion and Logic Duplication ; Routability optimization ;           ; u0|intel_vvp_adv_tpg_0|intel_vvp_adv_tpg_0|scheduler|layer_line_num[0][5]~DUPLICATE                                                                                ;                  ;
; u0|intel_vvp_adv_tpg_0|intel_vvp_adv_tpg_0|scheduler|layer_line_num[0][8]                                                                                                            ; Duplicated      ; Router Logic Cell Insertion and Logic Duplication ; Routability optimization ;           ; u0|intel_vvp_adv_tpg_0|intel_vvp_adv_tpg_0|scheduler|layer_line_num[0][8]~DUPLICATE                                                                                ;                  ;
; u0|intel_vvp_dil_0|intel_vvp_dil_0|line_buffer|resend_inst|line_buffer_l0_ram_inst|write_address[0][4]                                                                               ; Duplicated      ; Router Logic Cell Insertion and Logic Duplication ; Routability optimization ;           ; u0|intel_vvp_dil_0|intel_vvp_dil_0|line_buffer|resend_inst|line_buffer_l0_ram_inst|write_address[0][4]~DUPLICATE                                                   ;                  ;
; u0|intel_vvp_dil_0|intel_vvp_dil_0|line_buffer|resend_inst|line_buffer_l0_ram_inst|write_address[0][8]                                                                               ; Duplicated      ; Router Logic Cell Insertion and Logic Duplication ; Routability optimization ;           ; u0|intel_vvp_dil_0|intel_vvp_dil_0|line_buffer|resend_inst|line_buffer_l0_ram_inst|write_address[0][8]~DUPLICATE                                                   ;                  ;
; u0|intel_vvp_dil_0|intel_vvp_dil_0|line_buffer|resend_inst|write_cmd_taken                                                                                                           ; Duplicated      ; Router Logic Cell Insertion and Logic Duplication ; Routability optimization ;           ; u0|intel_vvp_dil_0|intel_vvp_dil_0|line_buffer|resend_inst|write_cmd_taken~DUPLICATE                                                                               ;                  ;
; u0|intel_vvp_dil_0|intel_vvp_dil_0|line_buffer|resend_inst|write_pointer[2]                                                                                                          ; Duplicated      ; Router Logic Cell Insertion and Logic Duplication ; Routability optimization ;           ; u0|intel_vvp_dil_0|intel_vvp_dil_0|line_buffer|resend_inst|write_pointer[2]~DUPLICATE                                                                              ;                  ;
; u0|intel_vvp_dil_0|intel_vvp_dil_0|line_buffer|resend_inst|write_state.WRITE_INIT_0                                                                                                  ; Duplicated      ; Router Logic Cell Insertion and Logic Duplication ; Routability optimization ;           ; u0|intel_vvp_dil_0|intel_vvp_dil_0|line_buffer|resend_inst|write_state.WRITE_INIT_0~DUPLICATE                                                                      ;                  ;
; u0|intel_vvp_dil_0|intel_vvp_dil_0|line_buffer|resend_inst|write_state.WRITE_RUN                                                                                                     ; Duplicated      ; Router Logic Cell Insertion and Logic Duplication ; Routability optimization ;           ; u0|intel_vvp_dil_0|intel_vvp_dil_0|line_buffer|resend_inst|write_state.WRITE_RUN~DUPLICATE                                                                         ;                  ;
; u0|intel_vvp_dil_0|intel_vvp_dil_0|scheduler|line_count[16]                                                                                                                          ; Duplicated      ; Router Logic Cell Insertion and Logic Duplication ; Routability optimization ;           ; u0|intel_vvp_dil_0|intel_vvp_dil_0|scheduler|line_count[16]~DUPLICATE                                                                                              ;                  ;
; u0|intel_vvp_dil_0|intel_vvp_dil_0|scheduler|state.CMD_ALGO_1                                                                                                                        ; Duplicated      ; Router Logic Cell Insertion and Logic Duplication ; Routability optimization ;           ; u0|intel_vvp_dil_0|intel_vvp_dil_0|scheduler|state.CMD_ALGO_1~DUPLICATE                                                                                            ;                  ;
; u0|intel_vvp_dil_0|intel_vvp_dil_0|scheduler|state.CMD_MUX_FROM_DUPE_FRAME                                                                                                           ; Duplicated      ; Router Logic Cell Insertion and Logic Duplication ; Routability optimization ;           ; u0|intel_vvp_dil_0|intel_vvp_dil_0|scheduler|state.CMD_MUX_FROM_DUPE_FRAME~DUPLICATE                                                                               ;                  ;
; u0|intel_vvp_dil_0|intel_vvp_dil_0|scheduler|state.INC_LINE_CNT                                                                                                                      ; Duplicated      ; Router Logic Cell Insertion and Logic Duplication ; Routability optimization ;           ; u0|intel_vvp_dil_0|intel_vvp_dil_0|scheduler|state.INC_LINE_CNT~DUPLICATE                                                                                          ;                  ;
+--------------------------------------------------------------------------------------------------------------------------------------------------------------------------------------+-----------------+---------------------------------------------------+--------------------------+-----------+--------------------------------------------------------------------------------------------------------------------------------------------------------------------+------------------+
Note: Retiming optimizations are not included in this table. 


+------------------------------------------------------------------------------------------------+
; Fitter Device Options                                                                          ;
+------------------------------------------------------------------+-----------------------------+
; Option                                                           ; Setting                     ;
+------------------------------------------------------------------+-----------------------------+
; Enable device-wide reset (DEV_CLRn)                              ; Off                         ;
; Enable device-wide output enable (DEV_OE)                        ; Off                         ;
; Enable INIT_DONE output                                          ; Off                         ;
; Configuration scheme                                             ; Passive Serial              ;
; Enable Error Detection CRC_ERROR pin                             ; Off                         ;
; Enable CvP_CONFDONE pin                                          ; Off                         ;
; Enable open drain on CRC_ERROR pin                               ; On                          ;
; Enable open drain on CvP_CONFDONE pin                            ; On                          ;
; Enable open drain on INIT_DONE pin                               ; On                          ;
; Enable open drain on Partial Reconfiguration pins                ; Off                         ;
; Enable open drain on nCEO pin                                    ; On                          ;
; Enable Partial Reconfiguration pins                              ; Off                         ;
; Enable input tri-state on active configuration pins in user mode ; Off                         ;
; Enable internal scrubbing                                        ; Off                         ;
; Active Serial clock source                                       ; 100 MHz Internal Oscillator ;
; Configuration clock source                                       ; Internal Oscillator         ;
; Configuration via Protocol                                       ; Off                         ;
; Configuration Voltage Level                                      ; Auto                        ;
; Force Configuration Voltage Level                                ; Off                         ;
; Enable nCEO output                                               ; Off                         ;
; Data[7..1]                                                       ; Unreserved                  ;
; Data[0]                                                          ; As input tri-stated         ;
; Data[31..16]                                                     ; Unreserved                  ;
; Data[15..8]                                                      ; Unreserved                  ;
+------------------------------------------------------------------+-----------------------------+


+------------------------------------+
; Operating Settings and Conditions  ;
+---------------------------+--------+
; Setting                   ; Value  ;
+---------------------------+--------+
; Nominal Core Voltage      ; 0.9V   ;
; Low Junction Temperature  ; 0 °C   ;
; High Junction Temperature ; 100 °C ;
+---------------------------+--------+


+----------------------------------------------------------------------------------------------------------------------------------------------------------------------------------------------------------------------------------------------------------------------------+
; Input Pins                                                                                                                                                                                                                                                                 ;
+---------------+-------+----------+--------------+--------------+--------------+-----------------------+--------------------+--------+----------------+----------+--------------+--------------+-------------+---------------------------+----------------------+-----------+
; Name          ; Pin # ; I/O Bank ; X coordinate ; Y coordinate ; Z coordinate ; Combinational Fan-Out ; Registered Fan-Out ; Global ; Input Register ; Bus Hold ; Weak Pull Up ; I/O Standard ; Termination ; Termination Control Block ; Location assigned by ; Slew Rate ;
+---------------+-------+----------+--------------+--------------+--------------+-----------------------+--------------------+--------+----------------+----------+--------------+--------------+-------------+---------------------------+----------------------+-----------+
; clk           ; L3    ; 3A       ; 102          ; 6            ; 46           ; 1137                  ; 0                  ; yes    ; no             ; no       ; Off          ; 1.8-V        ; Off         ; --                        ; Fitter               ; no        ;
; m_axis_tready ; T4    ; 3A       ; 102          ; 6            ; 31           ; 6                     ; 0                  ; no     ; no             ; no       ; Off          ; 1.8-V        ; Off         ; --                        ; Fitter               ; no        ;
; reset         ; R4    ; 3A       ; 102          ; 7            ; 31           ; 1                     ; 0                  ; no     ; no             ; no       ; Off          ; 1.8-V        ; Off         ; --                        ; Fitter               ; no        ;
+---------------+-------+----------+--------------+--------------+--------------+-----------------------+--------------------+--------+----------------+----------+--------------+--------------+-------------+---------------------------+----------------------+-----------+


+---------------------------------------------------------------------------------------------------------------------------------------------------------------------------------------------------------------------------------------------------------------------------------------------------------------------------------------------------------------------------------------------------------------------------------+
; Output Pins                                                                                                                                                                                                                                                                                                                                                                                                                     ;
+------------------+-------+----------+--------------+--------------+--------------+-----------------+------------------------+-----------+------------+---------------+----------+--------------+--------------+------------------+-----------------------------------+---------------------------+----------------------------+-----------------------------+----------------------+----------------------+---------------------+
; Name             ; Pin # ; I/O Bank ; X coordinate ; Y coordinate ; Z coordinate ; Output Register ; Output Enable Register ; Slew Rate ; Open Drain ; TRI Primitive ; Bus Hold ; Weak Pull Up ; I/O Standard ; Current Strength ; Termination                       ; Termination Control Block ; Output Buffer Pre-emphasis ; Voltage Output Differential ; Location assigned by ; Output Enable Source ; Output Enable Group ;
+------------------+-------+----------+--------------+--------------+--------------+-----------------+------------------------+-----------+------------+---------------+----------+--------------+--------------+------------------+-----------------------------------+---------------------------+----------------------------+-----------------------------+----------------------+----------------------+---------------------+
; m_axis_tdata[0]  ; M5    ; 3A       ; 102          ; 6            ; 61           ; no              ; no                     ; 1         ; no         ; no            ; no       ; Off          ; 1.8-V        ; Default          ; Series 50 Ohm without Calibration ; --                        ; no                         ; no                          ; Fitter               ; -                    ; -                   ;
; m_axis_tdata[10] ; H1    ; 3A       ; 102          ; 13           ; 46           ; no              ; no                     ; 1         ; no         ; no            ; no       ; Off          ; 1.8-V        ; Default          ; Series 50 Ohm without Calibration ; --                        ; no                         ; no                          ; Fitter               ; -                    ; -                   ;
; m_axis_tdata[11] ; K4    ; 3A       ; 102          ; 17           ; 61           ; no              ; no                     ; 1         ; no         ; no            ; no       ; Off          ; 1.8-V        ; Default          ; Series 50 Ohm without Calibration ; --                        ; no                         ; no                          ; Fitter               ; -                    ; -                   ;
; m_axis_tdata[12] ; N3    ; 3A       ; 102          ; 11           ; 31           ; no              ; no                     ; 1         ; no         ; no            ; no       ; Off          ; 1.8-V        ; Default          ; Series 50 Ohm without Calibration ; --                        ; no                         ; no                          ; Fitter               ; -                    ; -                   ;
; m_axis_tdata[13] ; U3    ; 3A       ; 102          ; 14           ; 31           ; no              ; no                     ; 1         ; no         ; no            ; no       ; Off          ; 1.8-V        ; Default          ; Series 50 Ohm without Calibration ; --                        ; no                         ; no                          ; Fitter               ; -                    ; -                   ;
; m_axis_tdata[14] ; G1    ; 3A       ; 102          ; 12           ; 46           ; no              ; no                     ; 1         ; no         ; no            ; no       ; Off          ; 1.8-V        ; Default          ; Series 50 Ohm without Calibration ; --                        ; no                         ; no                          ; Fitter               ; -                    ; -                   ;
; m_axis_tdata[15] ; R1    ; 3A       ; 102          ; 10           ; 16           ; no              ; no                     ; 1         ; no         ; no            ; no       ; Off          ; 1.8-V        ; Default          ; Series 50 Ohm without Calibration ; --                        ; no                         ; no                          ; Fitter               ; -                    ; -                   ;
; m_axis_tdata[16] ; H3    ; 3A       ; 102          ; 9            ; 61           ; no              ; no                     ; 1         ; no         ; no            ; no       ; Off          ; 1.8-V        ; Default          ; Series 50 Ohm without Calibration ; --                        ; no                         ; no                          ; Fitter               ; -                    ; -                   ;
; m_axis_tdata[17] ; H5    ; 3A       ; 102          ; 14           ; 61           ; no              ; no                     ; 1         ; no         ; no            ; no       ; Off          ; 1.8-V        ; Default          ; Series 50 Ohm without Calibration ; --                        ; no                         ; no                          ; Fitter               ; -                    ; -                   ;
; m_axis_tdata[18] ; R2    ; 3A       ; 102          ; 11           ; 16           ; no              ; no                     ; 1         ; no         ; no            ; no       ; Off          ; 1.8-V        ; Default          ; Series 50 Ohm without Calibration ; --                        ; no                         ; no                          ; Fitter               ; -                    ; -                   ;
; m_axis_tdata[19] ; K1    ; 3A       ; 102          ; 10           ; 46           ; no              ; no                     ; 1         ; no         ; no            ; no       ; Off          ; 1.8-V        ; Default          ; Series 50 Ohm without Calibration ; --                        ; no                         ; no                          ; Fitter               ; -                    ; -                   ;
; m_axis_tdata[1]  ; M4    ; 3A       ; 102          ; 11           ; 61           ; no              ; no                     ; 1         ; no         ; no            ; no       ; Off          ; 1.8-V        ; Default          ; Series 50 Ohm without Calibration ; --                        ; no                         ; no                          ; Fitter               ; -                    ; -                   ;
; m_axis_tdata[20] ; U4    ; 3A       ; 102          ; 8            ; 31           ; no              ; no                     ; 1         ; no         ; no            ; no       ; Off          ; 1.8-V        ; Default          ; Series 50 Ohm without Calibration ; --                        ; no                         ; no                          ; Fitter               ; -                    ; -                   ;
; m_axis_tdata[21] ; P3    ; 3A       ; 102          ; 12           ; 31           ; no              ; no                     ; 1         ; no         ; no            ; no       ; Off          ; 1.8-V        ; Default          ; Series 50 Ohm without Calibration ; --                        ; no                         ; no                          ; Fitter               ; -                    ; -                   ;
; m_axis_tdata[22] ; L2    ; 3A       ; 102          ; 11           ; 46           ; no              ; no                     ; 1         ; no         ; no            ; no       ; Off          ; 1.8-V        ; Default          ; Series 50 Ohm without Calibration ; --                        ; no                         ; no                          ; Fitter               ; -                    ; -                   ;
; m_axis_tdata[23] ; N5    ; 3A       ; 102          ; 7            ; 61           ; no              ; no                     ; 1         ; no         ; no            ; no       ; Off          ; 1.8-V        ; Default          ; Series 50 Ohm without Calibration ; --                        ; no                         ; no                          ; Fitter               ; -                    ; -                   ;
; m_axis_tdata[2]  ; J2    ; 3A       ; 102          ; 14           ; 46           ; no              ; no                     ; 1         ; no         ; no            ; no       ; Off          ; 1.8-V        ; Default          ; Series 50 Ohm without Calibration ; --                        ; no                         ; no                          ; Fitter               ; -                    ; -                   ;
; m_axis_tdata[3]  ; H6    ; 3A       ; 102          ; 15           ; 61           ; no              ; no                     ; 1         ; no         ; no            ; no       ; Off          ; 1.8-V        ; Default          ; Series 50 Ohm without Calibration ; --                        ; no                         ; no                          ; Fitter               ; -                    ; -                   ;
; m_axis_tdata[4]  ; U5    ; 3A       ; 102          ; 9            ; 31           ; no              ; no                     ; 1         ; no         ; no            ; no       ; Off          ; 1.8-V        ; Default          ; Series 50 Ohm without Calibration ; --                        ; no                         ; no                          ; Fitter               ; -                    ; -                   ;
; m_axis_tdata[5]  ; T1    ; 3A       ; 102          ; 16           ; 16           ; no              ; no                     ; 1         ; no         ; no            ; no       ; Off          ; 1.8-V        ; Default          ; Series 50 Ohm without Calibration ; --                        ; no                         ; no                          ; Fitter               ; -                    ; -                   ;
; m_axis_tdata[6]  ; V1    ; 3A       ; 102          ; 14           ; 16           ; no              ; no                     ; 1         ; no         ; no            ; no       ; Off          ; 1.8-V        ; Default          ; Series 50 Ohm without Calibration ; --                        ; no                         ; no                          ; Fitter               ; -                    ; -                   ;
; m_axis_tdata[7]  ; N1    ; 3A       ; 102          ; 12           ; 16           ; no              ; no                     ; 1         ; no         ; no            ; no       ; Off          ; 1.8-V        ; Default          ; Series 50 Ohm without Calibration ; --                        ; no                         ; no                          ; Fitter               ; -                    ; -                   ;
; m_axis_tdata[8]  ; U1    ; 3A       ; 102          ; 15           ; 16           ; no              ; no                     ; 1         ; no         ; no            ; no       ; Off          ; 1.8-V        ; Default          ; Series 50 Ohm without Calibration ; --                        ; no                         ; no                          ; Fitter               ; -                    ; -                   ;
; m_axis_tdata[9]  ; H2    ; 3A       ; 102          ; 16           ; 46           ; no              ; no                     ; 1         ; no         ; no            ; no       ; Off          ; 1.8-V        ; Default          ; Series 50 Ohm without Calibration ; --                        ; no                         ; no                          ; Fitter               ; -                    ; -                   ;
; m_axis_tlast     ; T2    ; 3A       ; 102          ; 17           ; 16           ; no              ; no                     ; 1         ; no         ; no            ; no       ; Off          ; 1.8-V        ; Default          ; Series 50 Ohm without Calibration ; --                        ; no                         ; no                          ; Fitter               ; -                    ; -                   ;
; m_axis_tuser[0]  ; J4    ; 3A       ; 102          ; 16           ; 61           ; no              ; no                     ; 1         ; no         ; no            ; no       ; Off          ; 1.8-V        ; Default          ; Series 50 Ohm without Calibration ; --                        ; no                         ; no                          ; Fitter               ; -                    ; -                   ;
; m_axis_tuser[1]  ; T3    ; 3A       ; 102          ; 15           ; 31           ; no              ; no                     ; 1         ; no         ; no            ; no       ; Off          ; 1.8-V        ; Default          ; Series 50 Ohm without Calibration ; --                        ; no                         ; no                          ; Fitter               ; -                    ; -                   ;
; m_axis_tuser[2]  ; K2    ; 3A       ; 102          ; 15           ; 46           ; no              ; no                     ; 1         ; no         ; no            ; no       ; Off          ; 1.8-V        ; Default          ; Series 50 Ohm without Calibration ; --                        ; no                         ; no                          ; Fitter               ; -                    ; -                   ;
; m_axis_tvalid    ; M1    ; 3A       ; 102          ; 9            ; 46           ; no              ; no                     ; 1         ; no         ; no            ; no       ; Off          ; 1.8-V        ; Default          ; Series 50 Ohm without Calibration ; --                        ; no                         ; no                          ; Fitter               ; -                    ; -                   ;
+------------------+-------+----------+--------------+--------------+--------------+-----------------+------------------------+-----------+------------+---------------+----------+--------------+--------------+------------------+-----------------------------------+---------------------------+----------------------------+-----------------------------+----------------------+----------------------+---------------------+


+------------------------------------------------------------+
; I/O Bank Usage                                             ;
+----------+------------------+---------------+--------------+
; I/O Bank ; Usage            ; VCCIO Voltage ; VREF Voltage ;
+----------+------------------+---------------+--------------+
; 1F       ; 0 / 0 ( -- )     ; --            ; --           ;
; 1E       ; 0 / 0 ( -- )     ; --            ; --           ;
; 1D       ; 0 / 20 ( 0 % )   ; --            ; --           ;
; 1C       ; 0 / 28 ( 0 % )   ; --            ; --           ;
; 2L       ; 0 / 48 ( 0 % )   ; 1.8V          ; --           ;
; 2K       ; 0 / 48 ( 0 % )   ; 1.8V          ; --           ;
; 2J       ; 0 / 48 ( 0 % )   ; 1.8V          ; --           ;
; 2A       ; 1 / 48 ( 2 % )   ; 1.8V          ; --           ;
; 3A       ; 32 / 44 ( 73 % ) ; 1.8V          ; --           ;
+----------+------------------+---------------+--------------+


+-------------------------------------------------------------------------+
; Detailed I/O Block Info                                                 ;
+----------+------------+-------+------------------+----------------------+
; I/O Bank ; Pin Index  ; Pin # ; Assignment       ; Location assigned by ;
+----------+------------+-------+------------------+----------------------+
; 2A       ;            ;       ;                  ;                      ;
;     --   ; 47         ; AE5   ;                  ;                      ;
;     --   ; 46         ; AE4   ;                  ;                      ;
;     --   ; 45         ; AD9   ;                  ;                      ;
;     --   ; 44         ; AE9   ;                  ;                      ;
;     --   ; 43         ; AD7   ;                  ;                      ;
;     --   ; 42         ; AE7   ;                  ;                      ;
;     --   ; 41         ; AF4   ;                  ;                      ;
;     --   ; 40         ; AF3   ;                  ;                      ;
;     --   ; 39         ; AE6   ;                  ;                      ;
;     --   ; 38         ; AF6   ;                  ;                      ;
;     --   ; 37         ; AF8   ;                  ;                      ;
;     --   ; 36         ; AF7   ;                  ;                      ;
;     --   ; 35         ; AC8   ;                  ;                      ;
;     --   ; 34         ; AD8   ;                  ;                      ;
;     --   ; 33         ; AC10  ;                  ;                      ;
;     --   ; 32         ; AD10  ;                  ;                      ;
;     --   ; 31         ; AB6   ;                  ;                      ;
;     --   ; 30         ; AB5   ;                  ;                      ;
;     --   ; 29         ; AC7   ;                  ;                      ;
;     --   ; 28         ; AC6   ;                  ;                      ;
;     --   ; 27         ; AB10  ;                  ;                      ;
;     --   ; 26         ; AB9   ;                  ;                      ;
;     --   ; 25         ; AC5   ;                  ;                      ;
;     --   ; 24         ; AD5   ;                  ;                      ;
;     --   ; 23         ; Y14   ;                  ;                      ;
;     --   ; 22         ; AA14  ;                  ;                      ;
;     --   ; 21         ; AD13  ;                  ;                      ;
;     --   ; 20         ; AD12  ;                  ;                      ;
;     --   ; 19         ; W15   ;                  ;                      ;
;     --   ; 18         ; Y15   ;                  ;                      ;
;     --   ; 17         ; AB14  ;                  ;                      ;
;     --   ; 16         ; AB13  ;                  ;                      ;
;     --   ; 15         ; AB11  ;                  ;                      ;
;     --   ; 14         ; AC11  ;                  ;                      ;
;     --   ; 13         ; AC13  ;                  ;                      ;
;     --   ; 12         ; AC12  ;                  ;                      ;
;     --   ; 11         ; AA9   ;                  ;                      ;
;     --   ; 10         ; AB8   ;                  ;                      ;
;     --   ; 9          ; W9    ;                  ;                      ;
;     --   ; 8          ; W8    ;                  ;                      ;
;     --   ; 7          ; AA13  ;                  ;                      ;
;     --   ; 6          ; AA12  ;                  ;                      ;
;     --   ; 5          ; AA8   ;                  ;                      ;
;     --   ; 4          ; AA7   ;                  ;                      ;
;     --   ; 3          ; W10   ;                  ;                      ;
;     --   ; 2          ; Y9    ;                  ;                      ;
;     --   ; 1          ; AA11  ;                  ;                      ;
;     --   ; 0          ; Y10   ;                  ;                      ;
; 2J       ;            ;       ;                  ;                      ;
;     --   ; 47         ; W18   ;                  ;                      ;
;     --   ; 46         ; W19   ;                  ;                      ;
;     --   ; 45         ; Y21   ;                  ;                      ;
;     --   ; 44         ; AA21  ;                  ;                      ;
;     --   ; 43         ; Y19   ;                  ;                      ;
;     --   ; 42         ; Y20   ;                  ;                      ;
;     --   ; 41         ; W17   ;                  ;                      ;
;     --   ; 40         ; Y17   ;                  ;                      ;
;     --   ; 39         ; AA17  ;                  ;                      ;
;     --   ; 38         ; AB16  ;                  ;                      ;
;     --   ; 37         ; Y16   ;                  ;                      ;
;     --   ; 36         ; AA16  ;                  ;                      ;
;     --   ; 35         ; AB20  ;                  ;                      ;
;     --   ; 34         ; AB21  ;                  ;                      ;
;     --   ; 33         ; AC20  ;                  ;                      ;
;     --   ; 32         ; AC21  ;                  ;                      ;
;     --   ; 31         ; AA18  ;                  ;                      ;
;     --   ; 30         ; AB18  ;                  ;                      ;
;     --   ; 29         ; AA19  ;                  ;                      ;
;     --   ; 28         ; AB19  ;                  ;                      ;
;     --   ; 27         ; AD19  ;                  ;                      ;
;     --   ; 26         ; AD20  ;                  ;                      ;
;     --   ; 25         ; AC18  ;                  ;                      ;
;     --   ; 24         ; AD18  ;                  ;                      ;
;     --   ; 23         ; AE19  ;                  ;                      ;
;     --   ; 22         ; AF19  ;                  ;                      ;
;     --   ; 21         ; AB15  ;                  ;                      ;
;     --   ; 20         ; AC15  ;                  ;                      ;
;     --   ; 19         ; AF17  ;                  ;                      ;
;     --   ; 18         ; AF18  ;                  ;                      ;
;     --   ; 17         ; AD17  ;                  ;                      ;
;     --   ; 16         ; AE17  ;                  ;                      ;
;     --   ; 15         ; AC16  ;                  ;                      ;
;     --   ; 14         ; AC17  ;                  ;                      ;
;     --   ; 13         ; AE16  ;                  ;                      ;
;     --   ; 12         ; AF16  ;                  ;                      ;
;     --   ; 11         ; AE10  ;                  ;                      ;
;     --   ; 10         ; AF9   ;                  ;                      ;
;     --   ; 9          ; AF12  ;                  ;                      ;
;     --   ; 8          ; AF11  ;                  ;                      ;
;     --   ; 7          ; AE15  ;                  ;                      ;
;     --   ; 6          ; AE14  ;                  ;                      ;
;     --   ; 5          ; AD15  ;                  ;                      ;
;     --   ; 4          ; AD14  ;                  ;                      ;
;     --   ; 3          ; AE12  ;                  ;                      ;
;     --   ; 2          ; AE11  ;                  ;                      ;
;     --   ; 1          ; AF13  ;                  ;                      ;
;     --   ; 0          ; AF14  ;                  ;                      ;
; 2K       ;            ;       ;                  ;                      ;
;     --   ; 47         ; H18   ;                  ;                      ;
;     --   ; 46         ; G18   ;                  ;                      ;
;     --   ; 45         ; F16   ;                  ;                      ;
;     --   ; 44         ; E16   ;                  ;                      ;
;     --   ; 43         ; F17   ;                  ;                      ;
;     --   ; 42         ; E17   ;                  ;                      ;
;     --   ; 41         ; G19   ;                  ;                      ;
;     --   ; 40         ; G20   ;                  ;                      ;
;     --   ; 39         ; F18   ;                  ;                      ;
;     --   ; 38         ; F19   ;                  ;                      ;
;     --   ; 37         ; E14   ;                  ;                      ;
;     --   ; 36         ; E15   ;                  ;                      ;
;     --   ; 35         ; C20   ;                  ;                      ;
;     --   ; 34         ; C21   ;                  ;                      ;
;     --   ; 33         ; E19   ;                  ;                      ;
;     --   ; 32         ; D19   ;                  ;                      ;
;     --   ; 31         ; D17   ;                  ;                      ;
;     --   ; 30         ; D18   ;                  ;                      ;
;     --   ; 29         ; E20   ;                  ;                      ;
;     --   ; 28         ; D20   ;                  ;                      ;
;     --   ; 27         ; F21   ;                  ;                      ;
;     --   ; 26         ; E21   ;                  ;                      ;
;     --   ; 25         ; C18   ;                  ;                      ;
;     --   ; 24         ; B18   ;                  ;                      ;
;     --   ; 23         ; C16   ;                  ;                      ;
;     --   ; 22         ; C17   ;                  ;                      ;
;     --   ; 21         ; D14   ;                  ;                      ;
;     --   ; 20         ; D15   ;                  ;                      ;
;     --   ; 19         ; B16   ;                  ;                      ;
;     --   ; 18         ; A16   ;                  ;                      ;
;     --   ; 17         ; A17   ;                  ;                      ;
;     --   ; 16         ; A18   ;                  ;                      ;
;     --   ; 15         ; C15   ;                  ;                      ;
;     --   ; 14         ; B15   ;                  ;                      ;
;     --   ; 13         ; B19   ;                  ;                      ;
;     --   ; 12         ; A19   ;                  ;                      ;
;     --   ; 11         ; D13   ;                  ;                      ;
;     --   ; 10         ; D12   ;                  ;                      ;
;     --   ; 9          ; C13   ;                  ;                      ;
;     --   ; 8          ; B13   ;                  ;                      ;
;     --   ; 7          ; B14   ;                  ;                      ;
;     --   ; 6          ; A14   ;                  ;                      ;
;     --   ; 5          ; A13   ;                  ;                      ;
;     --   ; 4          ; A12   ;                  ;                      ;
;     --   ; 3          ; C12   ;                  ;                      ;
;     --   ; 2          ; C11   ;                  ;                      ;
;     --   ; 1          ; B11   ;                  ;                      ;
;     --   ; 0          ; A11   ;                  ;                      ;
; 2L       ;            ;       ;                  ;                      ;
;     --   ; 47         ; E5    ;                  ;                      ;
;     --   ; 46         ; E4    ;                  ;                      ;
;     --   ; 45         ; D5    ;                  ;                      ;
;     --   ; 44         ; D4    ;                  ;                      ;
;     --   ; 43         ; E7    ;                  ;                      ;
;     --   ; 42         ; E6    ;                  ;                      ;
;     --   ; 41         ; F4    ;                  ;                      ;
;     --   ; 40         ; F3    ;                  ;                      ;
;     --   ; 39         ; G5    ;                  ;                      ;
;     --   ; 38         ; G4    ;                  ;                      ;
;     --   ; 37         ; F8    ;                  ;                      ;
;     --   ; 36         ; F7    ;                  ;                      ;
;     --   ; 35         ; E9    ;                  ;                      ;
;     --   ; 34         ; D9    ;                  ;                      ;
;     --   ; 33         ; E11   ;                  ;                      ;
;     --   ; 32         ; E10   ;                  ;                      ;
;     --   ; 31         ; C8    ;                  ;                      ;
;     --   ; 30         ; C7    ;                  ;                      ;
;     --   ; 29         ; D8    ;                  ;                      ;
;     --   ; 28         ; D7    ;                  ;                      ;
;     --   ; 27         ; D10   ;                  ;                      ;
;     --   ; 26         ; C10   ;                  ;                      ;
;     --   ; 25         ; C6    ;                  ;                      ;
;     --   ; 24         ; C5    ;                  ;                      ;
;     --   ; 23         ; B6    ;                  ;                      ;
;     --   ; 22         ; A6    ;                  ;                      ;
;     --   ; 21         ; B5    ;                  ;                      ;
;     --   ; 20         ; A4    ;                  ;                      ;
;     --   ; 19         ; B8    ;                  ;                      ;
;     --   ; 18         ; A7    ;                  ;                      ;
;     --   ; 17         ; B10   ;                  ;                      ;
;     --   ; 16         ; B9    ;                  ;                      ;
;     --   ; 15         ; B4    ;                  ;                      ;
;     --   ; 14         ; B3    ;                  ;                      ;
;     --   ; 13         ; A9    ;                  ;                      ;
;     --   ; 12         ; A8    ;                  ;                      ;
;     --   ; 11         ; D3    ;                  ;                      ;
;     --   ; 10         ; D2    ;                  ;                      ;
;     --   ; 9          ; C3    ;                  ;                      ;
;     --   ; 8          ; C2    ;                  ;                      ;
;     --   ; 7          ; C1    ;                  ;                      ;
;     --   ; 6          ; B1    ;                  ;                      ;
;     --   ; 5          ; A3    ;                  ;                      ;
;     --   ; 4          ; A2    ;                  ;                      ;
;     --   ; 3          ; E2    ;                  ;                      ;
;     --   ; 2          ; E1    ;                  ;                      ;
;     --   ; 1          ; F2    ;                  ;                      ;
;     --   ; 0          ; F1    ;                  ;                      ;
; 3A       ;            ;       ;                  ;                      ;
;     --   ; 47         ; K4    ; m_axis_tdata[11] ; Fitter               ;
;     --   ; 46         ; J4    ; m_axis_tuser[0]  ; Fitter               ;
;     --   ; 45         ; H6    ; m_axis_tdata[3]  ; Fitter               ;
;     --   ; 44         ; H5    ; m_axis_tdata[17] ; Fitter               ;
;     --   ; 43         ; K5    ;                  ;                      ;
;     --   ; 42         ; J5    ;                  ;                      ;
;     --   ; 41         ; M4    ; m_axis_tdata[1]  ; Fitter               ;
;     --   ; 40         ; L4    ;                  ;                      ;
;     --   ; 39         ; H3    ; m_axis_tdata[16] ; Fitter               ;
;     --   ; 38         ; G3    ;                  ;                      ;
;     --   ; 37         ; N5    ; m_axis_tdata[23] ; Fitter               ;
;     --   ; 36         ; M5    ; m_axis_tdata[0]  ; Fitter               ;
;     --   ; 35         ; J3    ;                  ;                      ;
;     --   ; 34         ; H2    ; m_axis_tdata[9]  ; Fitter               ;
;     --   ; 33         ; K2    ; m_axis_tuser[2]  ; Fitter               ;
;     --   ; 32         ; J2    ; m_axis_tdata[2]  ; Fitter               ;
;     --   ; 31         ; H1    ; m_axis_tdata[10] ; Fitter               ;
;     --   ; 30         ; G1    ; m_axis_tdata[14] ; Fitter               ;
;     --   ; 29         ; L2    ; m_axis_tdata[22] ; Fitter               ;
;     --   ; 28         ; K1    ; m_axis_tdata[19] ; Fitter               ;
;     --   ; 27         ; M1    ; m_axis_tvalid    ; Fitter               ;
;     --   ; 26         ; L1    ;                  ;                      ;
;     --   ; 25         ; M3    ;                  ;                      ;
;     --   ; 24         ; L3    ; clk              ; Fitter               ;
;     --   ; 23         ; P5    ;                  ;                      ;
;     --   ; 22         ; R5    ;                  ;                      ;
;     --   ; 21         ; T3    ; m_axis_tuser[1]  ; Fitter               ;
;     --   ; 20         ; U3    ; m_axis_tdata[13] ; Fitter               ;
;     --   ; 19         ; P4    ;                  ;                      ;
;     --   ; 18         ; P3    ; m_axis_tdata[21] ; Fitter               ;
;     --   ; 17         ; N3    ; m_axis_tdata[12] ; Fitter               ;
;     --   ; 16         ; N2    ;                  ;                      ;
;     --   ; 15         ; U5    ; m_axis_tdata[4]  ; Fitter               ;
;     --   ; 14         ; U4    ; m_axis_tdata[20] ; Fitter               ;
;     --   ; 13         ; R4    ; reset            ; Fitter               ;
;     --   ; 12         ; T4    ; m_axis_tready    ; Fitter               ;
;     --   ; 11         ; T2    ; m_axis_tlast     ; Fitter               ;
;     --   ; 10         ; T1    ; m_axis_tdata[5]  ; Fitter               ;
;     --   ; 9          ; U1    ; m_axis_tdata[8]  ; Fitter               ;
;     --   ; 8          ; V1    ; m_axis_tdata[6]  ; Fitter               ;
;     --   ; 7          ; P2    ;                  ;                      ;
;     --   ; 6          ; N1    ; m_axis_tdata[7]  ; Fitter               ;
;     --   ; 5          ; R2    ; m_axis_tdata[18] ; Fitter               ;
;     --   ; 4          ; R1    ; m_axis_tdata[15] ; Fitter               ;
;     --   ; 3          ;       ;                  ;                      ;
;     --   ; 2          ;       ;                  ;                      ;
;     --   ; 1          ;       ;                  ;                      ;
;     --   ; 0          ;       ;                  ;                      ;
; 3B       ;            ;       ;                  ;                      ;
;     --   ; 47         ;       ;                  ;                      ;
;     --   ; 46         ;       ;                  ;                      ;
;     --   ; 45         ;       ;                  ;                      ;
;     --   ; 44         ;       ;                  ;                      ;
;     --   ; 43         ;       ;                  ;                      ;
;     --   ; 42         ;       ;                  ;                      ;
;     --   ; 41         ;       ;                  ;                      ;
;     --   ; 40         ;       ;                  ;                      ;
;     --   ; 39         ;       ;                  ;                      ;
;     --   ; 38         ;       ;                  ;                      ;
;     --   ; 37         ;       ;                  ;                      ;
;     --   ; 36         ;       ;                  ;                      ;
;     --   ; 35         ;       ;                  ;                      ;
;     --   ; 34         ;       ;                  ;                      ;
;     --   ; 33         ;       ;                  ;                      ;
;     --   ; 32         ;       ;                  ;                      ;
;     --   ; 31         ;       ;                  ;                      ;
;     --   ; 30         ;       ;                  ;                      ;
;     --   ; 29         ;       ;                  ;                      ;
;     --   ; 28         ;       ;                  ;                      ;
;     --   ; 27         ;       ;                  ;                      ;
;     --   ; 26         ;       ;                  ;                      ;
;     --   ; 25         ;       ;                  ;                      ;
;     --   ; 24         ;       ;                  ;                      ;
;     --   ; 23         ;       ;                  ;                      ;
;     --   ; 22         ;       ;                  ;                      ;
;     --   ; 21         ;       ;                  ;                      ;
;     --   ; 20         ;       ;                  ;                      ;
;     --   ; 19         ;       ;                  ;                      ;
;     --   ; 18         ;       ;                  ;                      ;
;     --   ; 17         ;       ;                  ;                      ;
;     --   ; 16         ;       ;                  ;                      ;
;     --   ; 15         ;       ;                  ;                      ;
;     --   ; 14         ;       ;                  ;                      ;
;     --   ; 13         ;       ;                  ;                      ;
;     --   ; 12         ;       ;                  ;                      ;
;     --   ; 11         ;       ;                  ;                      ;
;     --   ; 10         ;       ;                  ;                      ;
;     --   ; 9          ;       ;                  ;                      ;
;     --   ; 8          ;       ;                  ;                      ;
;     --   ; 7          ;       ;                  ;                      ;
;     --   ; 6          ;       ;                  ;                      ;
;     --   ; 5          ;       ;                  ;                      ;
;     --   ; 4          ;       ;                  ;                      ;
;     --   ; 3          ;       ;                  ;                      ;
;     --   ; 2          ;       ;                  ;                      ;
;     --   ; 1          ;       ;                  ;                      ;
;     --   ; 0          ;       ;                  ;                      ;
; 3C       ;            ;       ;                  ;                      ;
;     --   ; 47         ;       ;                  ;                      ;
;     --   ; 46         ;       ;                  ;                      ;
;     --   ; 45         ;       ;                  ;                      ;
;     --   ; 44         ;       ;                  ;                      ;
;     --   ; 43         ;       ;                  ;                      ;
;     --   ; 42         ;       ;                  ;                      ;
;     --   ; 41         ;       ;                  ;                      ;
;     --   ; 40         ;       ;                  ;                      ;
;     --   ; 39         ;       ;                  ;                      ;
;     --   ; 38         ;       ;                  ;                      ;
;     --   ; 37         ;       ;                  ;                      ;
;     --   ; 36         ;       ;                  ;                      ;
;     --   ; 35         ;       ;                  ;                      ;
;     --   ; 34         ;       ;                  ;                      ;
;     --   ; 33         ;       ;                  ;                      ;
;     --   ; 32         ;       ;                  ;                      ;
;     --   ; 31         ;       ;                  ;                      ;
;     --   ; 30         ;       ;                  ;                      ;
;     --   ; 29         ;       ;                  ;                      ;
;     --   ; 28         ;       ;                  ;                      ;
;     --   ; 27         ;       ;                  ;                      ;
;     --   ; 26         ;       ;                  ;                      ;
;     --   ; 25         ;       ;                  ;                      ;
;     --   ; 24         ;       ;                  ;                      ;
;     --   ; 23         ;       ;                  ;                      ;
;     --   ; 22         ;       ;                  ;                      ;
;     --   ; 21         ;       ;                  ;                      ;
;     --   ; 20         ;       ;                  ;                      ;
;     --   ; 19         ;       ;                  ;                      ;
;     --   ; 18         ;       ;                  ;                      ;
;     --   ; 17         ;       ;                  ;                      ;
;     --   ; 16         ;       ;                  ;                      ;
;     --   ; 15         ;       ;                  ;                      ;
;     --   ; 14         ;       ;                  ;                      ;
;     --   ; 13         ;       ;                  ;                      ;
;     --   ; 12         ;       ;                  ;                      ;
;     --   ; 11         ;       ;                  ;                      ;
;     --   ; 10         ;       ;                  ;                      ;
;     --   ; 9          ;       ;                  ;                      ;
;     --   ; 8          ;       ;                  ;                      ;
;     --   ; 7          ;       ;                  ;                      ;
;     --   ; 6          ;       ;                  ;                      ;
;     --   ; 5          ;       ;                  ;                      ;
;     --   ; 4          ;       ;                  ;                      ;
;     --   ; 3          ;       ;                  ;                      ;
;     --   ; 2          ;       ;                  ;                      ;
;     --   ; 1          ;       ;                  ;                      ;
;     --   ; 0          ;       ;                  ;                      ;
; 3D       ;            ;       ;                  ;                      ;
;     --   ; 47         ;       ;                  ;                      ;
;     --   ; 46         ;       ;                  ;                      ;
;     --   ; 45         ;       ;                  ;                      ;
;     --   ; 44         ;       ;                  ;                      ;
;     --   ; 43         ;       ;                  ;                      ;
;     --   ; 42         ;       ;                  ;                      ;
;     --   ; 41         ;       ;                  ;                      ;
;     --   ; 40         ;       ;                  ;                      ;
;     --   ; 39         ;       ;                  ;                      ;
;     --   ; 38         ;       ;                  ;                      ;
;     --   ; 37         ;       ;                  ;                      ;
;     --   ; 36         ;       ;                  ;                      ;
;     --   ; 35         ;       ;                  ;                      ;
;     --   ; 34         ;       ;                  ;                      ;
;     --   ; 33         ;       ;                  ;                      ;
;     --   ; 32         ;       ;                  ;                      ;
;     --   ; 31         ;       ;                  ;                      ;
;     --   ; 30         ;       ;                  ;                      ;
;     --   ; 29         ;       ;                  ;                      ;
;     --   ; 28         ;       ;                  ;                      ;
;     --   ; 27         ;       ;                  ;                      ;
;     --   ; 26         ;       ;                  ;                      ;
;     --   ; 25         ;       ;                  ;                      ;
;     --   ; 24         ;       ;                  ;                      ;
;     --   ; 23         ;       ;                  ;                      ;
;     --   ; 22         ;       ;                  ;                      ;
;     --   ; 21         ;       ;                  ;                      ;
;     --   ; 20         ;       ;                  ;                      ;
;     --   ; 19         ;       ;                  ;                      ;
;     --   ; 18         ;       ;                  ;                      ;
;     --   ; 17         ;       ;                  ;                      ;
;     --   ; 16         ;       ;                  ;                      ;
;     --   ; 15         ;       ;                  ;                      ;
;     --   ; 14         ;       ;                  ;                      ;
;     --   ; 13         ;       ;                  ;                      ;
;     --   ; 12         ;       ;                  ;                      ;
;     --   ; 11         ;       ;                  ;                      ;
;     --   ; 10         ;       ;                  ;                      ;
;     --   ; 9          ;       ;                  ;                      ;
;     --   ; 8          ;       ;                  ;                      ;
;     --   ; 7          ;       ;                  ;                      ;
;     --   ; 6          ;       ;                  ;                      ;
;     --   ; 5          ;       ;                  ;                      ;
;     --   ; 4          ;       ;                  ;                      ;
;     --   ; 3          ;       ;                  ;                      ;
;     --   ; 2          ;       ;                  ;                      ;
;     --   ; 1          ;       ;                  ;                      ;
;     --   ; 0          ;       ;                  ;                      ;
+----------+------------+-------+------------------+----------------------+


+------------------------------------------------------------------------------------------------------------------------------------------------------------------------+
; All Package Pins                                                                                                                                                       ;
+----------+------------+----------+---------------------------------+--------+--------------+----------------+--------------+-----------------+----------+--------------+
; Location ; Pad Number ; I/O Bank ; Pin Name/Usage                  ; Dir.   ; I/O Standard ; Voltage        ; I/O Type     ; User Assignment ; Bus Hold ; Weak Pull Up ;
+----------+------------+----------+---------------------------------+--------+--------------+----------------+--------------+-----------------+----------+--------------+
; A2       ; 155        ; 2L       ; RESERVED_INPUT_WITH_WEAK_PULLUP ;        ;              ; 1.8V           ; --           ;                 ; no       ; On           ;
; A3       ; 154        ; 2L       ; RESERVED_INPUT_WITH_WEAK_PULLUP ;        ;              ; 1.8V           ; --           ;                 ; no       ; On           ;
; A4       ; 139        ; 2L       ; RESERVED_INPUT_WITH_WEAK_PULLUP ;        ;              ; 1.8V           ; --           ;                 ; no       ; On           ;
; A5       ;            ;          ; GND                             ; gnd    ;              ;                ; --           ;                 ; --       ; --           ;
; A6       ; 137        ; 2L       ; RESERVED_INPUT_WITH_WEAK_PULLUP ;        ;              ; 1.8V           ; --           ;                 ; no       ; On           ;
; A7       ; 141        ; 2L       ; RESERVED_INPUT_WITH_WEAK_PULLUP ;        ;              ; 1.8V           ; --           ;                 ; no       ; On           ;
; A8       ; 147        ; 2L       ; RESERVED_INPUT_WITH_WEAK_PULLUP ;        ;              ; 1.8V           ; --           ;                 ; no       ; On           ;
; A9       ; 146        ; 2L       ; RESERVED_INPUT_WITH_WEAK_PULLUP ;        ;              ; 1.8V           ; --           ;                 ; no       ; On           ;
; A10      ;            ;          ; GND                             ; gnd    ;              ;                ; --           ;                 ; --       ; --           ;
; A11      ; 207        ; 2K       ; RESERVED_INPUT_WITH_WEAK_PULLUP ;        ;              ; 1.8V           ; --           ;                 ; no       ; On           ;
; A12      ; 203        ; 2K       ; RESERVED_INPUT_WITH_WEAK_PULLUP ;        ;              ; 1.8V           ; --           ;                 ; no       ; On           ;
; A13      ; 202        ; 2K       ; RESERVED_INPUT_WITH_WEAK_PULLUP ;        ;              ; 1.8V           ; --           ;                 ; no       ; On           ;
; A14      ; 201        ; 2K       ; RESERVED_INPUT_WITH_WEAK_PULLUP ;        ;              ; 1.8V           ; --           ;                 ; no       ; On           ;
; A15      ;            ;          ; GND                             ; gnd    ;              ;                ; --           ;                 ; --       ; --           ;
; A16      ; 189        ; 2K       ; RESERVED_INPUT_WITH_WEAK_PULLUP ;        ;              ; 1.8V           ; --           ;                 ; no       ; On           ;
; A17      ; 190        ; 2K       ; RESERVED_INPUT_WITH_WEAK_PULLUP ;        ;              ; 1.8V           ; --           ;                 ; no       ; On           ;
; A18      ; 191        ; 2K       ; RESERVED_INPUT_WITH_WEAK_PULLUP ;        ;              ; 1.8V           ; --           ;                 ; no       ; On           ;
; A19      ; 195        ; 2K       ; RESERVED_INPUT_WITH_WEAK_PULLUP ;        ;              ; 1.8V           ; --           ;                 ; no       ; On           ;
; A20      ;            ;          ; GND                             ; gnd    ;              ;                ; --           ;                 ; --       ; --           ;
; A21      ;            ;          ; GND                             ;        ;              ;                ; --           ;                 ; --       ; --           ;
; A22      ;            ;          ; GND                             ; gnd    ;              ;                ; --           ;                 ; --       ; --           ;
; A23      ;            ;          ; GND                             ; gnd    ;              ;                ; --           ;                 ; --       ; --           ;
; A24      ;            ;          ; GND                             ; gnd    ;              ;                ; --           ;                 ; --       ; --           ;
; A25      ;            ;          ; GND                             ; gnd    ;              ;                ; --           ;                 ; --       ; --           ;
; AA1      ; 497        ; CSS      ; #TDO                            ; output ;              ;                ; --           ;                 ; --       ; --           ;
; AA2      ; 504        ; CSS      ; ^MSEL2                          ; input  ;              ;                ; --           ;                 ; --       ; --           ;
; AA3      ; 503        ; CSS      ; ^MSEL1                          ; input  ;              ;                ; --           ;                 ; --       ; --           ;
; AA4      ; 510        ; CSS      ; ^nCE                            ;        ;              ;                ; --           ;                 ; --       ; --           ;
; AA5      ;            ;          ; GND                             ; gnd    ;              ;                ; --           ;                 ; --       ; --           ;
; AA6      ; 499        ; CSS      ; #TRST                           ; input  ;              ;                ; --           ;                 ; --       ; --           ;
; AA7      ; 299        ; 2A       ; RESERVED_INPUT_WITH_WEAK_PULLUP ;        ;              ; 1.8V           ; --           ;                 ; no       ; On           ;
; AA8      ; 298        ; 2A       ; RESERVED_INPUT_WITH_WEAK_PULLUP ;        ;              ; 1.8V           ; --           ;                 ; no       ; On           ;
; AA9      ; 292        ; 2A       ; RESERVED_INPUT_WITH_WEAK_PULLUP ;        ;              ; 1.8V           ; --           ;                 ; no       ; On           ;
; AA10     ;            ;          ; GND                             ; gnd    ;              ;                ; --           ;                 ; --       ; --           ;
; AA11     ; 302        ; 2A       ; RESERVED_INPUT_WITH_WEAK_PULLUP ;        ;              ; 1.8V           ; --           ;                 ; no       ; On           ;
; AA12     ; 297        ; 2A       ; RESERVED_INPUT_WITH_WEAK_PULLUP ;        ;              ; 1.8V           ; --           ;                 ; no       ; On           ;
; AA13     ; 296        ; 2A       ; RESERVED_INPUT_WITH_WEAK_PULLUP ;        ;              ; 1.8V           ; --           ;                 ; no       ; On           ;
; AA14     ; 281        ; 2A       ; RESERVED_INPUT_WITH_WEAK_PULLUP ;        ;              ; 1.8V           ; --           ;                 ; no       ; On           ;
; AA15     ;            ; 2A       ; VCCIO2A                         ; power  ;              ; 1.8V           ; --           ;                 ; --       ; --           ;
; AA16     ; 219        ; 2J       ; RESERVED_INPUT_WITH_WEAK_PULLUP ;        ;              ; 1.8V           ; --           ;                 ; no       ; On           ;
; AA17     ; 216        ; 2J       ; RESERVED_INPUT_WITH_WEAK_PULLUP ;        ;              ; 1.8V           ; --           ;                 ; no       ; On           ;
; AA18     ; 224        ; 2J       ; RESERVED_INPUT_WITH_WEAK_PULLUP ;        ;              ; 1.8V           ; --           ;                 ; no       ; On           ;
; AA19     ; 226        ; 2J       ; RESERVED_INPUT_WITH_WEAK_PULLUP ;        ;              ; 1.8V           ; --           ;                 ; no       ; On           ;
; AA20     ;            ;          ; GND                             ; gnd    ;              ;                ; --           ;                 ; --       ; --           ;
; AA21     ; 211        ; 2J       ; RESERVED_INPUT_WITH_WEAK_PULLUP ;        ;              ; 1.8V           ; --           ;                 ; no       ; On           ;
; AA22     ;            ;          ; GND                             ; gnd    ;              ;                ; --           ;                 ; --       ; --           ;
; AA23     ;            ;          ; GND                             ; gnd    ;              ;                ; --           ;                 ; --       ; --           ;
; AA24     ;            ;          ; GND                             ; gnd    ;              ;                ; --           ;                 ; --       ; --           ;
; AA25     ; 98         ; 1C       ; GXB_NC                          ;        ;              ;                ; --           ;                 ; --       ; --           ;
; AA26     ; 99         ; 1C       ; GXB_NC                          ;        ;              ;                ; --           ;                 ; --       ; --           ;
; AB1      ; 507        ; CSS      ; ^CONF_DONE                      ; bidir  ;              ;                ; --           ;                 ; --       ; --           ;
; AB2      ;            ;          ; GND                             ; gnd    ;              ;                ; --           ;                 ; --       ; --           ;
; AB3      ; 517        ; CSS      ; ^AS_DATA3                       ;        ;              ;                ; Weak Pull Up ;                 ; --       ; On           ;
; AB4      ; 513        ; CSS      ; ^nCSO2                          ;        ;              ;                ; Weak Pull Up ;                 ; --       ; On           ;
; AB5      ; 273        ; 2A       ; RESERVED_INPUT_WITH_WEAK_PULLUP ;        ;              ; 1.8V           ; --           ;                 ; no       ; On           ;
; AB6      ; 272        ; 2A       ; RESERVED_INPUT_WITH_WEAK_PULLUP ;        ;              ; 1.8V           ; --           ;                 ; no       ; On           ;
; AB7      ;            ;          ; GND                             ; gnd    ;              ;                ; --           ;                 ; --       ; --           ;
; AB8      ; 293        ; 2A       ; RESERVED_INPUT_WITH_WEAK_PULLUP ;        ;              ; 1.8V           ; --           ;                 ; no       ; On           ;
; AB9      ; 277        ; 2A       ; RESERVED_INPUT_WITH_WEAK_PULLUP ;        ;              ; 1.8V           ; --           ;                 ; no       ; On           ;
; AB10     ; 276        ; 2A       ; RESERVED_INPUT_WITH_WEAK_PULLUP ;        ;              ; 1.8V           ; --           ;                 ; no       ; On           ;
; AB11     ; 288        ; 2A       ; RESERVED_INPUT_WITH_WEAK_PULLUP ;        ;              ; 1.8V           ; --           ;                 ; no       ; On           ;
; AB12     ;            ; 2A       ; VCCIO2A                         ; power  ;              ; 1.8V           ; --           ;                 ; --       ; --           ;
; AB13     ; 287        ; 2A       ; RESERVED_INPUT_WITH_WEAK_PULLUP ;        ;              ; 1.8V           ; --           ;                 ; no       ; On           ;
; AB14     ; 286        ; 2A       ; RESERVED_INPUT_WITH_WEAK_PULLUP ;        ;              ; 1.8V           ; --           ;                 ; no       ; On           ;
; AB15     ; 234        ; 2J       ; RESERVED_INPUT_WITH_WEAK_PULLUP ;        ;              ; 1.8V           ; --           ;                 ; no       ; On           ;
; AB16     ; 217        ; 2J       ; RESERVED_INPUT_WITH_WEAK_PULLUP ;        ;              ; 1.8V           ; --           ;                 ; no       ; On           ;
; AB17     ;            ; 2J       ; VCCIO2J                         ; power  ;              ; 1.8V           ; --           ;                 ; --       ; --           ;
; AB18     ; 225        ; 2J       ; RESERVED_INPUT_WITH_WEAK_PULLUP ;        ;              ; 1.8V           ; --           ;                 ; no       ; On           ;
; AB19     ; 227        ; 2J       ; RESERVED_INPUT_WITH_WEAK_PULLUP ;        ;              ; 1.8V           ; --           ;                 ; no       ; On           ;
; AB20     ; 220        ; 2J       ; RESERVED_INPUT_WITH_WEAK_PULLUP ;        ;              ; 1.8V           ; --           ;                 ; no       ; On           ;
; AB21     ; 221        ; 2J       ; RESERVED_INPUT_WITH_WEAK_PULLUP ;        ;              ; 1.8V           ; --           ;                 ; no       ; On           ;
; AB22     ;            ;          ; GND                             ; gnd    ;              ;                ; --           ;                 ; --       ; --           ;
; AB23     ; 104        ; 1C       ; GXB_GND*                        ;        ;              ;                ; --           ;                 ; --       ; --           ;
; AB24     ; 105        ; 1C       ; GXB_GND*                        ;        ;              ;                ; --           ;                 ; --       ; --           ;
; AB25     ;            ;          ; GND                             ; gnd    ;              ;                ; --           ;                 ; --       ; --           ;
; AB26     ;            ;          ; GND                             ; gnd    ;              ;                ; --           ;                 ; --       ; --           ;
; AC1      ; 498        ; CSS      ; #TMS                            ; input  ;              ;                ; --           ;                 ; --       ; --           ;
; AC2      ; 516        ; CSS      ; ^AS_DATA2                       ;        ;              ;                ; Weak Pull Up ;                 ; --       ; On           ;
; AC3      ; 512        ; CSS      ; ^nCSO1                          ;        ;              ;                ; Weak Pull Up ;                 ; --       ; On           ;
; AC4      ;            ;          ; GND                             ; gnd    ;              ;                ; --           ;                 ; --       ; --           ;
; AC5      ; 278        ; 2A       ; RESERVED_INPUT_WITH_WEAK_PULLUP ;        ;              ; 1.8V           ; --           ;                 ; no       ; On           ;
; AC6      ; 275        ; 2A       ; RESERVED_INPUT_WITH_WEAK_PULLUP ;        ;              ; 1.8V           ; --           ;                 ; no       ; On           ;
; AC7      ; 274        ; 2A       ; RESERVED_INPUT_WITH_WEAK_PULLUP ;        ;              ; 1.8V           ; --           ;                 ; no       ; On           ;
; AC8      ; 268        ; 2A       ; RESERVED_INPUT_WITH_WEAK_PULLUP ;        ;              ; 1.8V           ; --           ;                 ; no       ; On           ;
; AC9      ;            ;          ; GND                             ; gnd    ;              ;                ; --           ;                 ; --       ; --           ;
; AC10     ; 270        ; 2A       ; RESERVED_INPUT_WITH_WEAK_PULLUP ;        ;              ; 1.8V           ; --           ;                 ; no       ; On           ;
; AC11     ; 289        ; 2A       ; RESERVED_INPUT_WITH_WEAK_PULLUP ;        ;              ; 1.8V           ; --           ;                 ; no       ; On           ;
; AC12     ; 291        ; 2A       ; RESERVED_INPUT_WITH_WEAK_PULLUP ;        ;              ; 1.8V           ; --           ;                 ; no       ; On           ;
; AC13     ; 290        ; 2A       ; RESERVED_INPUT_WITH_WEAK_PULLUP ;        ;              ; 1.8V           ; --           ;                 ; no       ; On           ;
; AC14     ;            ;          ; GND                             ; gnd    ;              ;                ; --           ;                 ; --       ; --           ;
; AC15     ; 235        ; 2J       ; RESERVED_INPUT_WITH_WEAK_PULLUP ;        ;              ; 1.8V           ; --           ;                 ; no       ; On           ;
; AC16     ; 240        ; 2J       ; RESERVED_INPUT_WITH_WEAK_PULLUP ;        ;              ; 1.8V           ; --           ;                 ; no       ; On           ;
; AC17     ; 241        ; 2J       ; RESERVED_INPUT_WITH_WEAK_PULLUP ;        ;              ; 1.8V           ; --           ;                 ; no       ; On           ;
; AC18     ; 230        ; 2J       ; RESERVED_INPUT_WITH_WEAK_PULLUP ;        ;              ; 1.8V           ; --           ;                 ; no       ; On           ;
; AC19     ;            ;          ; GND                             ; gnd    ;              ;                ; --           ;                 ; --       ; --           ;
; AC20     ; 222        ; 2J       ; RESERVED_INPUT_WITH_WEAK_PULLUP ;        ;              ; 1.8V           ; --           ;                 ; no       ; On           ;
; AC21     ; 223        ; 2J       ; RESERVED_INPUT_WITH_WEAK_PULLUP ;        ;              ; 1.8V           ; --           ;                 ; no       ; On           ;
; AC22     ;            ;          ; GND                             ; gnd    ;              ;                ; --           ;                 ; --       ; --           ;
; AC23     ;            ;          ; GND                             ; gnd    ;              ;                ; --           ;                 ; --       ; --           ;
; AC24     ;            ;          ; GND                             ; gnd    ;              ;                ; --           ;                 ; --       ; --           ;
; AC25     ; 102        ; 1C       ; GXB_NC                          ;        ;              ;                ; --           ;                 ; --       ; --           ;
; AC26     ; 103        ; 1C       ; GXB_NC                          ;        ;              ;                ; --           ;                 ; --       ; --           ;
; AD1      ;            ;          ; GND                             ; gnd    ;              ;                ; --           ;                 ; --       ; --           ;
; AD2      ; 515        ; CSS      ; ^AS_DATA1                       ;        ;              ;                ; Weak Pull Up ;                 ; --       ; On           ;
; AD3      ; 506        ; CSS      ; ^nSTATUS                        ;        ;              ;                ; --           ;                 ; --       ; --           ;
; AD4      ; 496        ; CSS      ; ^GND                            ;        ;              ;                ; --           ;                 ; --       ; --           ;
; AD5      ; 279        ; 2A       ; RESERVED_INPUT_WITH_WEAK_PULLUP ;        ;              ; 1.8V           ; --           ;                 ; no       ; On           ;
; AD6      ;            ;          ; GND                             ; gnd    ;              ;                ; --           ;                 ; --       ; --           ;
; AD7      ; 260        ; 2A       ; RESERVED_INPUT_WITH_WEAK_PULLUP ;        ;              ; 1.8V           ; --           ;                 ; no       ; On           ;
; AD8      ; 269        ; 2A       ; RESERVED_INPUT_WITH_WEAK_PULLUP ;        ;              ; 1.8V           ; --           ;                 ; no       ; On           ;
; AD9      ; 258        ; 2A       ; RESERVED_INPUT_WITH_WEAK_PULLUP ;        ;              ; 1.8V           ; --           ;                 ; no       ; On           ;
; AD10     ; 271        ; 2A       ; RESERVED_INPUT_WITH_WEAK_PULLUP ;        ;              ; 1.8V           ; --           ;                 ; no       ; On           ;
; AD11     ;            ;          ; GND                             ; gnd    ;              ;                ; --           ;                 ; --       ; --           ;
; AD12     ; 283        ; 2A       ; RESERVED_INPUT_WITH_WEAK_PULLUP ;        ;              ; 1.8V           ; --           ;                 ; no       ; On           ;
; AD13     ; 282        ; 2A       ; RESERVED_INPUT_WITH_WEAK_PULLUP ;        ;              ; 1.8V           ; --           ;                 ; no       ; On           ;
; AD14     ; 251        ; 2J       ; RESERVED_INPUT_WITH_WEAK_PULLUP ;        ;              ; 1.8V           ; --           ;                 ; no       ; On           ;
; AD15     ; 250        ; 2J       ; RESERVED_INPUT_WITH_WEAK_PULLUP ;        ;              ; 1.8V           ; --           ;                 ; no       ; On           ;
; AD16     ;            ;          ; GND                             ; gnd    ;              ;                ; --           ;                 ; --       ; --           ;
; AD17     ; 238        ; 2J       ; RESERVED_INPUT_WITH_WEAK_PULLUP ;        ;              ; 1.8V           ; --           ;                 ; no       ; On           ;
; AD18     ; 231        ; 2J       ; RESERVED_INPUT_WITH_WEAK_PULLUP ;        ;              ; 1.8V           ; --           ;                 ; no       ; On           ;
; AD19     ; 228        ; 2J       ; RESERVED_INPUT_WITH_WEAK_PULLUP ;        ;              ; 1.8V           ; --           ;                 ; no       ; On           ;
; AD20     ; 229        ; 2J       ; RESERVED_INPUT_WITH_WEAK_PULLUP ;        ;              ; 1.8V           ; --           ;                 ; no       ; On           ;
; AD21     ;            ;          ; GND                             ; gnd    ;              ;                ; --           ;                 ; --       ; --           ;
; AD22     ;            ;          ; GND                             ; gnd    ;              ;                ; --           ;                 ; --       ; --           ;
; AD23     ; 108        ; 1C       ; GXB_GND*                        ;        ;              ;                ; --           ;                 ; --       ; --           ;
; AD24     ; 109        ; 1C       ; GXB_GND*                        ;        ;              ;                ; --           ;                 ; --       ; --           ;
; AD25     ;            ;          ; GND                             ; gnd    ;              ;                ; --           ;                 ; --       ; --           ;
; AD26     ;            ;          ; GND                             ; gnd    ;              ;                ; --           ;                 ; --       ; --           ;
; AE1      ; 501        ; CSS      ; #TDI                            ; input  ;              ;                ; --           ;                 ; --       ; --           ;
; AE2      ; 511        ; CSS      ; ^nCSO0                          ;        ;              ;                ; Weak Pull Up ;                 ; --       ; On           ;
; AE3      ;            ;          ; GND                             ; gnd    ;              ;                ; --           ;                 ; --       ; --           ;
; AE4      ; 257        ; 2A       ; RESERVED_INPUT_WITH_WEAK_PULLUP ;        ;              ; 1.8V           ; --           ;                 ; no       ; On           ;
; AE5      ; 256        ; 2A       ; ~ALTERA_DATA0~ / RESERVED_INPUT ; input  ; 1.8-V        ; 1.8V           ; --           ; N               ; no       ; Off          ;
; AE6      ; 264        ; 2A       ; RESERVED_INPUT_WITH_WEAK_PULLUP ;        ;              ; 1.8V           ; --           ;                 ; no       ; On           ;
; AE7      ; 261        ; 2A       ; RESERVED_INPUT_WITH_WEAK_PULLUP ;        ;              ; 1.8V           ; --           ;                 ; no       ; On           ;
; AE8      ;            ;          ; GND                             ; gnd    ;              ;                ; --           ;                 ; --       ; --           ;
; AE9      ; 259        ; 2A       ; RESERVED_INPUT_WITH_WEAK_PULLUP ;        ;              ; 1.8V           ; --           ;                 ; no       ; On           ;
; AE10     ; 244        ; 2J       ; RESERVED_INPUT_WITH_WEAK_PULLUP ;        ;              ; 1.8V           ; --           ;                 ; no       ; On           ;
; AE11     ; 253        ; 2J       ; RESERVED_INPUT_WITH_WEAK_PULLUP ;        ;              ; 1.8V           ; --           ;                 ; no       ; On           ;
; AE12     ; 252        ; 2J       ; RESERVED_INPUT_WITH_WEAK_PULLUP ;        ;              ; 1.8V           ; --           ;                 ; no       ; On           ;
; AE13     ;            ;          ; GND                             ; gnd    ;              ;                ; --           ;                 ; --       ; --           ;
; AE14     ; 249        ; 2J       ; RESERVED_INPUT_WITH_WEAK_PULLUP ;        ;              ; 1.8V           ; --           ;                 ; no       ; On           ;
; AE15     ; 248        ; 2J       ; RESERVED_INPUT_WITH_WEAK_PULLUP ;        ;              ; 1.8V           ; --           ;                 ; no       ; On           ;
; AE16     ; 242        ; 2J       ; RESERVED_INPUT_WITH_WEAK_PULLUP ;        ;              ; 1.8V           ; --           ;                 ; no       ; On           ;
; AE17     ; 239        ; 2J       ; RESERVED_INPUT_WITH_WEAK_PULLUP ;        ;              ; 1.8V           ; --           ;                 ; no       ; On           ;
; AE18     ;            ;          ; GND                             ; gnd    ;              ;                ; --           ;                 ; --       ; --           ;
; AE19     ; 232        ; 2J       ; RESERVED_INPUT_WITH_WEAK_PULLUP ;        ;              ; 1.8V           ; --           ;                 ; no       ; On           ;
; AE20     ;            ;          ; GND                             ; gnd    ;              ;                ; --           ;                 ; --       ; --           ;
; AE21     ;            ;          ; GND                             ; gnd    ;              ;                ; --           ;                 ; --       ; --           ;
; AE22     ;            ;          ; GND                             ; gnd    ;              ;                ; --           ;                 ; --       ; --           ;
; AE23     ;            ;          ; GND                             ; gnd    ;              ;                ; --           ;                 ; --       ; --           ;
; AE24     ;            ;          ; GND                             ; gnd    ;              ;                ; --           ;                 ; --       ; --           ;
; AE25     ; 106        ; 1C       ; GXB_NC                          ;        ;              ;                ; --           ;                 ; --       ; --           ;
; AE26     ; 107        ; 1C       ; GXB_NC                          ;        ;              ;                ; --           ;                 ; --       ; --           ;
; AF2      ; 518        ; CSS      ; ^DCLK                           ; bidir  ;              ;                ; Weak Pull Up ;                 ; --       ; On           ;
; AF3      ; 263        ; 2A       ; RESERVED_INPUT_WITH_WEAK_PULLUP ;        ;              ; 1.8V           ; --           ;                 ; no       ; On           ;
; AF4      ; 262        ; 2A       ; RESERVED_INPUT_WITH_WEAK_PULLUP ;        ;              ; 1.8V           ; --           ;                 ; no       ; On           ;
; AF5      ;            ;          ; GND                             ; gnd    ;              ;                ; --           ;                 ; --       ; --           ;
; AF6      ; 265        ; 2A       ; RESERVED_INPUT_WITH_WEAK_PULLUP ;        ;              ; 1.8V           ; --           ;                 ; no       ; On           ;
; AF7      ; 267        ; 2A       ; RESERVED_INPUT_WITH_WEAK_PULLUP ;        ;              ; 1.8V           ; --           ;                 ; no       ; On           ;
; AF8      ; 266        ; 2A       ; RESERVED_INPUT_WITH_WEAK_PULLUP ;        ;              ; 1.8V           ; --           ;                 ; no       ; On           ;
; AF9      ; 245        ; 2J       ; RESERVED_INPUT_WITH_WEAK_PULLUP ;        ;              ; 1.8V           ; --           ;                 ; no       ; On           ;
; AF10     ;            ;          ; GND                             ; gnd    ;              ;                ; --           ;                 ; --       ; --           ;
; AF11     ; 247        ; 2J       ; RESERVED_INPUT_WITH_WEAK_PULLUP ;        ;              ; 1.8V           ; --           ;                 ; no       ; On           ;
; AF12     ; 246        ; 2J       ; RESERVED_INPUT_WITH_WEAK_PULLUP ;        ;              ; 1.8V           ; --           ;                 ; no       ; On           ;
; AF13     ; 254        ; 2J       ; RESERVED_INPUT_WITH_WEAK_PULLUP ;        ;              ; 1.8V           ; --           ;                 ; no       ; On           ;
; AF14     ; 255        ; 2J       ; RESERVED_INPUT_WITH_WEAK_PULLUP ;        ;              ; 1.8V           ; --           ;                 ; no       ; On           ;
; AF15     ;            ;          ; GND                             ; gnd    ;              ;                ; --           ;                 ; --       ; --           ;
; AF16     ; 243        ; 2J       ; RESERVED_INPUT_WITH_WEAK_PULLUP ;        ;              ; 1.8V           ; --           ;                 ; no       ; On           ;
; AF17     ; 236        ; 2J       ; RESERVED_INPUT_WITH_WEAK_PULLUP ;        ;              ; 1.8V           ; --           ;                 ; no       ; On           ;
; AF18     ; 237        ; 2J       ; RESERVED_INPUT_WITH_WEAK_PULLUP ;        ;              ; 1.8V           ; --           ;                 ; no       ; On           ;
; AF19     ; 233        ; 2J       ; RESERVED_INPUT_WITH_WEAK_PULLUP ;        ;              ; 1.8V           ; --           ;                 ; no       ; On           ;
; AF20     ;            ;          ; GND                             ; gnd    ;              ;                ; --           ;                 ; --       ; --           ;
; AF21     ;            ;          ; DNU                             ;        ;              ;                ; --           ;                 ; --       ; --           ;
; AF22     ;            ;          ; DNU                             ;        ;              ;                ; --           ;                 ; --       ; --           ;
; AF23     ;            ;          ; GND                             ;        ;              ;                ; --           ;                 ; --       ; --           ;
; AF24     ;            ;          ; GND                             ; gnd    ;              ;                ; --           ;                 ; --       ; --           ;
; AF25     ;            ;          ; GND                             ; gnd    ;              ;                ; --           ;                 ; --       ; --           ;
; B1       ; 153        ; 2L       ; RESERVED_INPUT_WITH_WEAK_PULLUP ;        ;              ; 1.8V           ; --           ;                 ; no       ; On           ;
; B2       ;            ;          ; GND                             ; gnd    ;              ;                ; --           ;                 ; --       ; --           ;
; B3       ; 145        ; 2L       ; RESERVED_INPUT_WITH_WEAK_PULLUP ;        ;              ; 1.8V           ; --           ;                 ; no       ; On           ;
; B4       ; 144        ; 2L       ; RESERVED_INPUT_WITH_WEAK_PULLUP ;        ;              ; 1.8V           ; --           ;                 ; no       ; On           ;
; B5       ; 138        ; 2L       ; RESERVED_INPUT_WITH_WEAK_PULLUP ;        ;              ; 1.8V           ; --           ;                 ; no       ; On           ;
; B6       ; 136        ; 2L       ; RESERVED_INPUT_WITH_WEAK_PULLUP ;        ;              ; 1.8V           ; --           ;                 ; no       ; On           ;
; B7       ;            ;          ; GND                             ; gnd    ;              ;                ; --           ;                 ; --       ; --           ;
; B8       ; 140        ; 2L       ; RESERVED_INPUT_WITH_WEAK_PULLUP ;        ;              ; 1.8V           ; --           ;                 ; no       ; On           ;
; B9       ; 143        ; 2L       ; RESERVED_INPUT_WITH_WEAK_PULLUP ;        ;              ; 1.8V           ; --           ;                 ; no       ; On           ;
; B10      ; 142        ; 2L       ; RESERVED_INPUT_WITH_WEAK_PULLUP ;        ;              ; 1.8V           ; --           ;                 ; no       ; On           ;
; B11      ; 206        ; 2K       ; RESERVED_INPUT_WITH_WEAK_PULLUP ;        ;              ; 1.8V           ; --           ;                 ; no       ; On           ;
; B12      ;            ;          ; GND                             ; gnd    ;              ;                ; --           ;                 ; --       ; --           ;
; B13      ; 199        ; 2K       ; RESERVED_INPUT_WITH_WEAK_PULLUP ;        ;              ; 1.8V           ; --           ;                 ; no       ; On           ;
; B14      ; 200        ; 2K       ; RESERVED_INPUT_WITH_WEAK_PULLUP ;        ;              ; 1.8V           ; --           ;                 ; no       ; On           ;
; B15      ; 193        ; 2K       ; RESERVED_INPUT_WITH_WEAK_PULLUP ;        ;              ; 1.8V           ; --           ;                 ; no       ; On           ;
; B16      ; 188        ; 2K       ; RESERVED_INPUT_WITH_WEAK_PULLUP ;        ;              ; 1.8V           ; --           ;                 ; no       ; On           ;
; B17      ;            ;          ; GND                             ; gnd    ;              ;                ; --           ;                 ; --       ; --           ;
; B18      ; 183        ; 2K       ; RESERVED_INPUT_WITH_WEAK_PULLUP ;        ;              ; 1.8V           ; --           ;                 ; no       ; On           ;
; B19      ; 194        ; 2K       ; RESERVED_INPUT_WITH_WEAK_PULLUP ;        ;              ; 1.8V           ; --           ;                 ; no       ; On           ;
; B20      ;            ;          ; GND                             ; gnd    ;              ;                ; --           ;                 ; --       ; --           ;
; B21      ;            ;          ; GND                             ; gnd    ;              ;                ; --           ;                 ; --       ; --           ;
; B22      ;            ;          ; GND                             ; gnd    ;              ;                ; --           ;                 ; --       ; --           ;
; B23      ;            ;          ; GND                             ; gnd    ;              ;                ; --           ;                 ; --       ; --           ;
; B24      ;            ;          ; GND                             ; gnd    ;              ;                ; --           ;                 ; --       ; --           ;
; B25      ;            ;          ; GND                             ; gnd    ;              ;                ; --           ;                 ; --       ; --           ;
; B26      ;            ;          ; GND                             ; gnd    ;              ;                ; --           ;                 ; --       ; --           ;
; C1       ; 152        ; 2L       ; RESERVED_INPUT_WITH_WEAK_PULLUP ;        ;              ; 1.8V           ; --           ;                 ; no       ; On           ;
; C2       ; 151        ; 2L       ; RESERVED_INPUT_WITH_WEAK_PULLUP ;        ;              ; 1.8V           ; --           ;                 ; no       ; On           ;
; C3       ; 150        ; 2L       ; RESERVED_INPUT_WITH_WEAK_PULLUP ;        ;              ; 1.8V           ; --           ;                 ; no       ; On           ;
; C4       ;            ;          ; GND                             ; gnd    ;              ;                ; --           ;                 ; --       ; --           ;
; C5       ; 135        ; 2L       ; RESERVED_INPUT_WITH_WEAK_PULLUP ;        ;              ; 1.8V           ; --           ;                 ; no       ; On           ;
; C6       ; 134        ; 2L       ; RESERVED_INPUT_WITH_WEAK_PULLUP ;        ;              ; 1.8V           ; --           ;                 ; no       ; On           ;
; C7       ; 129        ; 2L       ; RESERVED_INPUT_WITH_WEAK_PULLUP ;        ;              ; 1.8V           ; --           ;                 ; no       ; On           ;
; C8       ; 128        ; 2L       ; RESERVED_INPUT_WITH_WEAK_PULLUP ;        ;              ; 1.8V           ; --           ;                 ; no       ; On           ;
; C9       ;            ; 2L       ; VCCIO2L                         ; power  ;              ; 1.8V           ; --           ;                 ; --       ; --           ;
; C10      ; 133        ; 2L       ; RESERVED_INPUT_WITH_WEAK_PULLUP ;        ;              ; 1.8V           ; --           ;                 ; no       ; On           ;
; C11      ; 205        ; 2K       ; RESERVED_INPUT_WITH_WEAK_PULLUP ;        ;              ; 1.8V           ; --           ;                 ; no       ; On           ;
; C12      ; 204        ; 2K       ; RESERVED_INPUT_WITH_WEAK_PULLUP ;        ;              ; 1.8V           ; --           ;                 ; no       ; On           ;
; C13      ; 198        ; 2K       ; RESERVED_INPUT_WITH_WEAK_PULLUP ;        ;              ; 1.8V           ; --           ;                 ; no       ; On           ;
; C14      ;            ;          ; GND                             ; gnd    ;              ;                ; --           ;                 ; --       ; --           ;
; C15      ; 192        ; 2K       ; RESERVED_INPUT_WITH_WEAK_PULLUP ;        ;              ; 1.8V           ; --           ;                 ; no       ; On           ;
; C16      ; 184        ; 2K       ; RESERVED_INPUT_WITH_WEAK_PULLUP ;        ;              ; 1.8V           ; --           ;                 ; no       ; On           ;
; C17      ; 185        ; 2K       ; RESERVED_INPUT_WITH_WEAK_PULLUP ;        ;              ; 1.8V           ; --           ;                 ; no       ; On           ;
; C18      ; 182        ; 2K       ; RESERVED_INPUT_WITH_WEAK_PULLUP ;        ;              ; 1.8V           ; --           ;                 ; no       ; On           ;
; C19      ;            ;          ; GND                             ; gnd    ;              ;                ; --           ;                 ; --       ; --           ;
; C20      ; 172        ; 2K       ; RESERVED_INPUT_WITH_WEAK_PULLUP ;        ;              ; 1.8V           ; --           ;                 ; no       ; On           ;
; C21      ; 173        ; 2K       ; RESERVED_INPUT_WITH_WEAK_PULLUP ;        ;              ; 1.8V           ; --           ;                 ; no       ; On           ;
; C22      ;            ;          ; GND                             ; gnd    ;              ;                ; --           ;                 ; --       ; --           ;
; C23      ;            ;          ; GND                             ; gnd    ;              ;                ; --           ;                 ; --       ; --           ;
; C24      ;            ;          ; GND                             ; gnd    ;              ;                ; --           ;                 ; --       ; --           ;
; C25      ;            ;          ; NC                              ;        ;              ;                ; --           ;                 ; --       ; --           ;
; C26      ;            ;          ; NC                              ;        ;              ;                ; --           ;                 ; --       ; --           ;
; D1       ;            ;          ; GND                             ; gnd    ;              ;                ; --           ;                 ; --       ; --           ;
; D2       ; 149        ; 2L       ; RESERVED_INPUT_WITH_WEAK_PULLUP ;        ;              ; 1.8V           ; --           ;                 ; no       ; On           ;
; D3       ; 148        ; 2L       ; RESERVED_INPUT_WITH_WEAK_PULLUP ;        ;              ; 1.8V           ; --           ;                 ; no       ; On           ;
; D4       ; 115        ; 2L       ; RESERVED_INPUT_WITH_WEAK_PULLUP ;        ;              ; 1.8V           ; --           ;                 ; no       ; On           ;
; D5       ; 114        ; 2L       ; RESERVED_INPUT_WITH_WEAK_PULLUP ;        ;              ; 1.8V           ; --           ;                 ; no       ; On           ;
; D6       ;            ;          ; GND                             ; gnd    ;              ;                ; --           ;                 ; --       ; --           ;
; D7       ; 131        ; 2L       ; RESERVED_INPUT_WITH_WEAK_PULLUP ;        ;              ; 1.8V           ; --           ;                 ; no       ; On           ;
; D8       ; 130        ; 2L       ; RESERVED_INPUT_WITH_WEAK_PULLUP ;        ;              ; 1.8V           ; --           ;                 ; no       ; On           ;
; D9       ; 125        ; 2L       ; RESERVED_INPUT_WITH_WEAK_PULLUP ;        ;              ; 1.8V           ; --           ;                 ; no       ; On           ;
; D10      ; 132        ; 2L       ; RESERVED_INPUT_WITH_WEAK_PULLUP ;        ;              ; 1.8V           ; --           ;                 ; no       ; On           ;
; D11      ;            ; 2L       ; VCCIO2L                         ; power  ;              ; 1.8V           ; --           ;                 ; --       ; --           ;
; D12      ; 197        ; 2K       ; RESERVED_INPUT_WITH_WEAK_PULLUP ;        ;              ; 1.8V           ; --           ;                 ; no       ; On           ;
; D13      ; 196        ; 2K       ; RESERVED_INPUT_WITH_WEAK_PULLUP ;        ;              ; 1.8V           ; --           ;                 ; no       ; On           ;
; D14      ; 186        ; 2K       ; RESERVED_INPUT_WITH_WEAK_PULLUP ;        ;              ; 1.8V           ; --           ;                 ; no       ; On           ;
; D15      ; 187        ; 2K       ; RESERVED_INPUT_WITH_WEAK_PULLUP ;        ;              ; 1.8V           ; --           ;                 ; no       ; On           ;
; D16      ;            ; 2K       ; VCCIO2K                         ; power  ;              ; 1.8V           ; --           ;                 ; --       ; --           ;
; D17      ; 176        ; 2K       ; RESERVED_INPUT_WITH_WEAK_PULLUP ;        ;              ; 1.8V           ; --           ;                 ; no       ; On           ;
; D18      ; 177        ; 2K       ; RESERVED_INPUT_WITH_WEAK_PULLUP ;        ;              ; 1.8V           ; --           ;                 ; no       ; On           ;
; D19      ; 175        ; 2K       ; RESERVED_INPUT_WITH_WEAK_PULLUP ;        ;              ; 1.8V           ; --           ;                 ; no       ; On           ;
; D20      ; 179        ; 2K       ; RESERVED_INPUT_WITH_WEAK_PULLUP ;        ;              ; 1.8V           ; --           ;                 ; no       ; On           ;
; D21      ;            ;          ; GND                             ; gnd    ;              ;                ; --           ;                 ; --       ; --           ;
; D22      ;            ;          ; GND                             ; gnd    ;              ;                ; --           ;                 ; --       ; --           ;
; D23      ;            ;          ; GND                             ; gnd    ;              ;                ; --           ;                 ; --       ; --           ;
; D24      ;            ;          ; GND                             ; gnd    ;              ;                ; --           ;                 ; --       ; --           ;
; D25      ;            ;          ; GND                             ; gnd    ;              ;                ; --           ;                 ; --       ; --           ;
; D26      ;            ;          ; GND                             ; gnd    ;              ;                ; --           ;                 ; --       ; --           ;
; E1       ; 157        ; 2L       ; RESERVED_INPUT_WITH_WEAK_PULLUP ;        ;              ; 1.8V           ; --           ;                 ; no       ; On           ;
; E2       ; 156        ; 2L       ; RESERVED_INPUT_WITH_WEAK_PULLUP ;        ;              ; 1.8V           ; --           ;                 ; no       ; On           ;
; E3       ;            ;          ; GND                             ; gnd    ;              ;                ; --           ;                 ; --       ; --           ;
; E4       ; 113        ; 2L       ; RESERVED_INPUT_WITH_WEAK_PULLUP ;        ;              ; 1.8V           ; --           ;                 ; no       ; On           ;
; E5       ; 112        ; 2L       ; RESERVED_INPUT_WITH_WEAK_PULLUP ;        ;              ; 1.8V           ; --           ;                 ; no       ; On           ;
; E6       ; 117        ; 2L       ; RESERVED_INPUT_WITH_WEAK_PULLUP ;        ;              ; 1.8V           ; --           ;                 ; no       ; On           ;
; E7       ; 116        ; 2L       ; RESERVED_INPUT_WITH_WEAK_PULLUP ;        ;              ; 1.8V           ; --           ;                 ; no       ; On           ;
; E8       ;            ; 2L       ; VCCIO2L                         ; power  ;              ; 1.8V           ; --           ;                 ; --       ; --           ;
; E9       ; 124        ; 2L       ; RESERVED_INPUT_WITH_WEAK_PULLUP ;        ;              ; 1.8V           ; --           ;                 ; no       ; On           ;
; E10      ; 127        ; 2L       ; RESERVED_INPUT_WITH_WEAK_PULLUP ;        ;              ; 1.8V           ; --           ;                 ; no       ; On           ;
; E11      ; 126        ; 2L       ; RESERVED_INPUT_WITH_WEAK_PULLUP ;        ;              ; 1.8V           ; --           ;                 ; no       ; On           ;
; E12      ;            ; 2L       ; VREFB2LN0                       ; power  ;              ; GND            ; --           ;                 ; --       ; --           ;
; E13      ;            ;          ; GND                             ; gnd    ;              ;                ; --           ;                 ; --       ; --           ;
; E14      ; 170        ; 2K       ; RESERVED_INPUT_WITH_WEAK_PULLUP ;        ;              ; 1.8V           ; --           ;                 ; no       ; On           ;
; E15      ; 171        ; 2K       ; RESERVED_INPUT_WITH_WEAK_PULLUP ;        ;              ; 1.8V           ; --           ;                 ; no       ; On           ;
; E16      ; 163        ; 2K       ; RESERVED_INPUT_WITH_WEAK_PULLUP ;        ;              ; 1.8V           ; --           ;                 ; no       ; On           ;
; E17      ; 165        ; 2K       ; RESERVED_INPUT_WITH_WEAK_PULLUP ;        ;              ; 1.8V           ; --           ;                 ; no       ; On           ;
; E18      ;            ; 2K       ; VCCIO2K                         ; power  ;              ; 1.8V           ; --           ;                 ; --       ; --           ;
; E19      ; 174        ; 2K       ; RESERVED_INPUT_WITH_WEAK_PULLUP ;        ;              ; 1.8V           ; --           ;                 ; no       ; On           ;
; E20      ; 178        ; 2K       ; RESERVED_INPUT_WITH_WEAK_PULLUP ;        ;              ; 1.8V           ; --           ;                 ; no       ; On           ;
; E21      ; 181        ; 2K       ; RESERVED_INPUT_WITH_WEAK_PULLUP ;        ;              ; 1.8V           ; --           ;                 ; no       ; On           ;
; E22      ;            ;          ; GND                             ; gnd    ;              ;                ; --           ;                 ; --       ; --           ;
; E23      ;            ;          ; GND                             ; gnd    ;              ;                ; --           ;                 ; --       ; --           ;
; E24      ;            ;          ; GND                             ; gnd    ;              ;                ; --           ;                 ; --       ; --           ;
; E25      ;            ;          ; NC                              ;        ;              ;                ; --           ;                 ; --       ; --           ;
; E26      ;            ;          ; NC                              ;        ;              ;                ; --           ;                 ; --       ; --           ;
; F1       ; 159        ; 2L       ; RESERVED_INPUT_WITH_WEAK_PULLUP ;        ;              ; 1.8V           ; --           ;                 ; no       ; On           ;
; F2       ; 158        ; 2L       ; RESERVED_INPUT_WITH_WEAK_PULLUP ;        ;              ; 1.8V           ; --           ;                 ; no       ; On           ;
; F3       ; 119        ; 2L       ; RESERVED_INPUT_WITH_WEAK_PULLUP ;        ;              ; 1.8V           ; --           ;                 ; no       ; On           ;
; F4       ; 118        ; 2L       ; RESERVED_INPUT_WITH_WEAK_PULLUP ;        ;              ; 1.8V           ; --           ;                 ; no       ; On           ;
; F5       ;            ;          ; GND                             ; gnd    ;              ;                ; --           ;                 ; --       ; --           ;
; F6       ;            ;          ; VREFP_ADC                       ;        ;              ;                ; --           ;                 ; --       ; --           ;
; F7       ; 123        ; 2L       ; RESERVED_INPUT_WITH_WEAK_PULLUP ;        ;              ; 1.8V           ; --           ;                 ; no       ; On           ;
; F8       ; 122        ; 2L       ; RESERVED_INPUT_WITH_WEAK_PULLUP ;        ;              ; 1.8V           ; --           ;                 ; no       ; On           ;
; F9       ;            ;          ; VSIGP_1                         ;        ;              ;                ; --           ;                 ; --       ; --           ;
; F10      ;            ;          ; GND                             ; gnd    ;              ;                ; --           ;                 ; --       ; --           ;
; F11      ;            ;          ; NC                              ;        ;              ;                ; --           ;                 ; --       ; --           ;
; F12      ;            ;          ; NC                              ;        ;              ;                ; --           ;                 ; --       ; --           ;
; F13      ;            ;          ; NC                              ;        ;              ;                ; --           ;                 ; --       ; --           ;
; F14      ;            ;          ; NC                              ;        ;              ;                ; --           ;                 ; --       ; --           ;
; F15      ;            ; 2K       ; VCCIO2K                         ; power  ;              ; 1.8V           ; --           ;                 ; --       ; --           ;
; F16      ; 162        ; 2K       ; RESERVED_INPUT_WITH_WEAK_PULLUP ;        ;              ; 1.8V           ; --           ;                 ; no       ; On           ;
; F17      ; 164        ; 2K       ; RESERVED_INPUT_WITH_WEAK_PULLUP ;        ;              ; 1.8V           ; --           ;                 ; no       ; On           ;
; F18      ; 168        ; 2K       ; RESERVED_INPUT_WITH_WEAK_PULLUP ;        ;              ; 1.8V           ; --           ;                 ; no       ; On           ;
; F19      ; 169        ; 2K       ; RESERVED_INPUT_WITH_WEAK_PULLUP ;        ;              ; 1.8V           ; --           ;                 ; no       ; On           ;
; F20      ;            ;          ; GND                             ; gnd    ;              ;                ; --           ;                 ; --       ; --           ;
; F21      ; 180        ; 2K       ; RESERVED_INPUT_WITH_WEAK_PULLUP ;        ;              ; 1.8V           ; --           ;                 ; no       ; On           ;
; F22      ;            ;          ; GND                             ; gnd    ;              ;                ; --           ;                 ; --       ; --           ;
; F23      ; 68         ; 1D       ; GXB_GND*                        ;        ;              ;                ; --           ;                 ; --       ; --           ;
; F24      ; 69         ; 1D       ; GXB_GND*                        ;        ;              ;                ; --           ;                 ; --       ; --           ;
; F25      ;            ;          ; GND                             ; gnd    ;              ;                ; --           ;                 ; --       ; --           ;
; F26      ;            ;          ; GND                             ; gnd    ;              ;                ; --           ;                 ; --       ; --           ;
; G1       ; 465        ; 3A       ; m_axis_tdata[14]                ; output ; 1.8-V        ; 1.8V           ; --           ; N               ; no       ; Off          ;
; G2       ;            ;          ; GND                             ; gnd    ;              ;                ; --           ;                 ; --       ; --           ;
; G3       ; 457        ; 3A       ; RESERVED_INPUT_WITH_WEAK_PULLUP ;        ;              ; 1.8V           ; --           ;                 ; no       ; On           ;
; G4       ; 121        ; 2L       ; RESERVED_INPUT_WITH_WEAK_PULLUP ;        ;              ; 1.8V           ; --           ;                 ; no       ; On           ;
; G5       ; 120        ; 2L       ; RESERVED_INPUT_WITH_WEAK_PULLUP ;        ;              ; 1.8V           ; --           ;                 ; no       ; On           ;
; G6       ;            ;          ; VREFN_ADC                       ;        ;              ;                ; --           ;                 ; --       ; --           ;
; G7       ;            ;          ; GND                             ; gnd    ;              ;                ; --           ;                 ; --       ; --           ;
; G8       ;            ;          ; VSIGP_0                         ;        ;              ;                ; --           ;                 ; --       ; --           ;
; G9       ;            ;          ; VSIGN_1                         ;        ;              ;                ; --           ;                 ; --       ; --           ;
; G10      ;            ;          ; NC                              ;        ;              ;                ; --           ;                 ; --       ; --           ;
; G11      ;            ;          ; NC                              ;        ;              ;                ; --           ;                 ; --       ; --           ;
; G12      ;            ;          ; GND                             ; gnd    ;              ;                ; --           ;                 ; --       ; --           ;
; G13      ;            ;          ; NC                              ;        ;              ;                ; --           ;                 ; --       ; --           ;
; G14      ;            ;          ; NC                              ;        ;              ;                ; --           ;                 ; --       ; --           ;
; G15      ;            ;          ; NC                              ;        ;              ;                ; --           ;                 ; --       ; --           ;
; G16      ;            ;          ; NC                              ;        ;              ;                ; --           ;                 ; --       ; --           ;
; G17      ;            ;          ; GND                             ; gnd    ;              ;                ; --           ;                 ; --       ; --           ;
; G18      ; 161        ; 2K       ; RESERVED_INPUT_WITH_WEAK_PULLUP ;        ;              ; 1.8V           ; --           ;                 ; no       ; On           ;
; G19      ; 166        ; 2K       ; RESERVED_INPUT_WITH_WEAK_PULLUP ;        ;              ; 1.8V           ; --           ;                 ; no       ; On           ;
; G20      ; 167        ; 2K       ; RESERVED_INPUT_WITH_WEAK_PULLUP ;        ;              ; 1.8V           ; --           ;                 ; no       ; On           ;
; G21      ;            ;          ; GND                             ; gnd    ;              ;                ; --           ;                 ; --       ; --           ;
; G22      ;            ;          ; GND                             ; gnd    ;              ;                ; --           ;                 ; --       ; --           ;
; G23      ;            ;          ; GND                             ; gnd    ;              ;                ; --           ;                 ; --       ; --           ;
; G24      ;            ;          ; GND                             ; gnd    ;              ;                ; --           ;                 ; --       ; --           ;
; G25      ; 66         ; 1D       ; GXB_NC                          ;        ;              ;                ; --           ;                 ; --       ; --           ;
; G26      ; 67         ; 1D       ; GXB_NC                          ;        ;              ;                ; --           ;                 ; --       ; --           ;
; H1       ; 464        ; 3A       ; m_axis_tdata[10]                ; output ; 1.8-V        ; 1.8V           ; --           ; N               ; no       ; Off          ;
; H2       ; 461        ; 3A       ; m_axis_tdata[9]                 ; output ; 1.8-V        ; 1.8V           ; --           ; N               ; no       ; Off          ;
; H3       ; 456        ; 3A       ; m_axis_tdata[16]                ; output ; 1.8-V        ; 1.8V           ; --           ; N               ; no       ; Off          ;
; H4       ;            ;          ; GND                             ; gnd    ;              ;                ; --           ;                 ; --       ; --           ;
; H5       ; 451        ; 3A       ; m_axis_tdata[17]                ; output ; 1.8-V        ; 1.8V           ; --           ; N               ; no       ; Off          ;
; H6       ; 450        ; 3A       ; m_axis_tdata[3]                 ; output ; 1.8-V        ; 1.8V           ; --           ; N               ; no       ; Off          ;
; H7       ;            ;          ; NC                              ;        ;              ;                ; --           ;                 ; --       ; --           ;
; H8       ;            ;          ; VSIGN_0                         ;        ;              ;                ; --           ;                 ; --       ; --           ;
; H9       ;            ;          ; GND                             ; gnd    ;              ;                ; --           ;                 ; --       ; --           ;
; H10      ;            ;          ; NC                              ;        ;              ;                ; --           ;                 ; --       ; --           ;
; H11      ;            ;          ; GND                             ; gnd    ;              ;                ; --           ;                 ; --       ; --           ;
; H12      ;            ;          ; NC                              ;        ;              ;                ; --           ;                 ; --       ; --           ;
; H13      ;            ;          ; NC                              ;        ;              ;                ; --           ;                 ; --       ; --           ;
; H14      ;            ;          ; GND                             ; gnd    ;              ;                ; --           ;                 ; --       ; --           ;
; H15      ;            ;          ; NC                              ;        ;              ;                ; --           ;                 ; --       ; --           ;
; H16      ;            ;          ; NC                              ;        ;              ;                ; --           ;                 ; --       ; --           ;
; H17      ;            ; 2K       ; VREFB2KN0                       ; power  ;              ; GND            ; --           ;                 ; --       ; --           ;
; H18      ; 160        ; 2K       ; RESERVED_INPUT_WITH_WEAK_PULLUP ;        ;              ; 1.8V           ; --           ;                 ; no       ; On           ;
; H19      ;            ;          ; GND                             ; gnd    ;              ;                ; --           ;                 ; --       ; --           ;
; H20      ;            ;          ; NC                              ;        ;              ;                ; --           ;                 ; --       ; --           ;
; H21      ;            ;          ; NC                              ;        ;              ;                ; --           ;                 ; --       ; --           ;
; H22      ;            ;          ; GND                             ; gnd    ;              ;                ; --           ;                 ; --       ; --           ;
; H23      ; 72         ; 1D       ; GXB_GND*                        ;        ;              ;                ; --           ;                 ; --       ; --           ;
; H24      ; 73         ; 1D       ; GXB_GND*                        ;        ;              ;                ; --           ;                 ; --       ; --           ;
; H25      ;            ;          ; GND                             ; gnd    ;              ;                ; --           ;                 ; --       ; --           ;
; H26      ;            ;          ; GND                             ; gnd    ;              ;                ; --           ;                 ; --       ; --           ;
; J1       ;            ;          ; GND                             ; gnd    ;              ;                ; --           ;                 ; --       ; --           ;
; J2       ; 463        ; 3A       ; m_axis_tdata[2]                 ; output ; 1.8-V        ; 1.8V           ; --           ; N               ; no       ; Off          ;
; J3       ; 460        ; 3A       ; RESERVED_INPUT_WITH_WEAK_PULLUP ;        ;              ; 1.8V           ; --           ;                 ; no       ; On           ;
; J4       ; 449        ; 3A       ; m_axis_tuser[0]                 ; output ; 1.8-V        ; 1.8V           ; --           ; N               ; no       ; Off          ;
; J5       ; 453        ; 3A       ; RESERVED_INPUT_WITH_WEAK_PULLUP ;        ;              ; 1.8V           ; --           ;                 ; no       ; On           ;
; J6       ;            ;          ; GND                             ; gnd    ;              ;                ; --           ;                 ; --       ; --           ;
; J7       ;            ;          ; ADCGND                          ; gnd    ;              ;                ; --           ;                 ; --       ; --           ;
; J8       ;            ;          ; TEMPDIODEn                      ;        ;              ;                ; --           ;                 ; --       ; --           ;
; J9       ;            ;          ; TEMPDIODEp                      ;        ;              ;                ; --           ;                 ; --       ; --           ;
; J10      ;            ;          ; GND                             ; gnd    ;              ;                ; --           ;                 ; --       ; --           ;
; J11      ;            ;          ; GND                             ; gnd    ;              ;                ; --           ;                 ; --       ; --           ;
; J12      ;            ;          ; GND                             ; gnd    ;              ;                ; --           ;                 ; --       ; --           ;
; J13      ;            ;          ; NC                              ;        ;              ;                ; --           ;                 ; --       ; --           ;
; J14      ;            ;          ; NC                              ;        ;              ;                ; --           ;                 ; --       ; --           ;
; J15      ;            ;          ; NC                              ;        ;              ;                ; --           ;                 ; --       ; --           ;
; J16      ;            ;          ; GND                             ; gnd    ;              ;                ; --           ;                 ; --       ; --           ;
; J17      ;            ;          ; NC                              ;        ;              ;                ; --           ;                 ; --       ; --           ;
; J18      ;            ;          ; NC                              ;        ;              ;                ; --           ;                 ; --       ; --           ;
; J19      ;            ;          ; NC                              ;        ;              ;                ; --           ;                 ; --       ; --           ;
; J20      ;            ;          ; GND                             ; gnd    ;              ;                ; --           ;                 ; --       ; --           ;
; J21      ;            ;          ; GND                             ; gnd    ;              ;                ; --           ;                 ; --       ; --           ;
; J22      ;            ;          ; GND                             ; gnd    ;              ;                ; --           ;                 ; --       ; --           ;
; J23      ;            ;          ; GND                             ; gnd    ;              ;                ; --           ;                 ; --       ; --           ;
; J24      ;            ;          ; GND                             ; gnd    ;              ;                ; --           ;                 ; --       ; --           ;
; J25      ; 70         ; 1D       ; GXB_NC                          ;        ;              ;                ; --           ;                 ; --       ; --           ;
; J26      ; 71         ; 1D       ; GXB_NC                          ;        ;              ;                ; --           ;                 ; --       ; --           ;
; K1       ; 467        ; 3A       ; m_axis_tdata[19]                ; output ; 1.8-V        ; 1.8V           ; --           ; N               ; no       ; Off          ;
; K2       ; 462        ; 3A       ; m_axis_tuser[2]                 ; output ; 1.8-V        ; 1.8V           ; --           ; N               ; no       ; Off          ;
; K3       ;            ;          ; GND                             ; gnd    ;              ;                ; --           ;                 ; --       ; --           ;
; K4       ; 448        ; 3A       ; m_axis_tdata[11]                ; output ; 1.8-V        ; 1.8V           ; --           ; N               ; no       ; Off          ;
; K5       ; 452        ; 3A       ; RESERVED_INPUT_WITH_WEAK_PULLUP ;        ;              ; 1.8V           ; --           ;                 ; no       ; On           ;
; K6       ;            ;          ; NC                              ;        ;              ;                ; --           ;                 ; --       ; --           ;
; K7       ;            ;          ; NC                              ;        ;              ;                ; --           ;                 ; --       ; --           ;
; K8       ;            ;          ; GND                             ; gnd    ;              ;                ; --           ;                 ; --       ; --           ;
; K9       ;            ; --       ; VCC                             ; power  ;              ; 0.9V           ; --           ;                 ; --       ; --           ;
; K10      ;            ; --       ; VCC                             ; power  ;              ; 0.9V           ; --           ;                 ; --       ; --           ;
; K11      ;            ;          ; GND                             ; gnd    ;              ;                ; --           ;                 ; --       ; --           ;
; K12      ;            ;          ; GND                             ; gnd    ;              ;                ; --           ;                 ; --       ; --           ;
; K13      ;            ;          ; GND                             ; gnd    ;              ;                ; --           ;                 ; --       ; --           ;
; K14      ;            ;          ; NC                              ;        ;              ;                ; --           ;                 ; --       ; --           ;
; K15      ;            ; --       ; VCC                             ; power  ;              ; 0.9V           ; --           ;                 ; --       ; --           ;
; K16      ;            ; --       ; VCC                             ; power  ;              ; 0.9V           ; --           ;                 ; --       ; --           ;
; K17      ;            ; --       ; VCC                             ; power  ;              ; 0.9V           ; --           ;                 ; --       ; --           ;
; K18      ;            ;          ; GND                             ; gnd    ;              ;                ; --           ;                 ; --       ; --           ;
; K19      ;            ;          ; NC                              ;        ;              ;                ; --           ;                 ; --       ; --           ;
; K20      ;            ; --       ; VCCH_GXBL                       ; gnd    ;              ; GND            ; --           ;                 ; --       ; --           ;
; K21      ;            ; --       ; VCCT_GXBL1D                     ; gnd    ;              ; GND            ; --           ;                 ; --       ; --           ;
; K22      ;            ; --       ; VCCT_GXBL1D                     ; gnd    ;              ; GND            ; --           ;                 ; --       ; --           ;
; K23      ; 76         ; 1D       ; GXB_GND*                        ;        ;              ;                ; --           ;                 ; --       ; --           ;
; K24      ; 77         ; 1D       ; GXB_GND*                        ;        ;              ;                ; --           ;                 ; --       ; --           ;
; K25      ;            ;          ; GND                             ; gnd    ;              ;                ; --           ;                 ; --       ; --           ;
; K26      ;            ;          ; GND                             ; gnd    ;              ;                ; --           ;                 ; --       ; --           ;
; L1       ; 469        ; 3A       ; RESERVED_INPUT_WITH_WEAK_PULLUP ;        ;              ; 1.8V           ; --           ;                 ; no       ; On           ;
; L2       ; 466        ; 3A       ; m_axis_tdata[22]                ; output ; 1.8-V        ; 1.8V           ; --           ; N               ; no       ; Off          ;
; L3       ; 471        ; 3A       ; clk                             ; input  ; 1.8-V        ; 1.8V           ; --           ; N               ; no       ; Off          ;
; L4       ; 455        ; 3A       ; RESERVED_INPUT_WITH_WEAK_PULLUP ;        ;              ; 1.8V           ; --           ;                 ; no       ; On           ;
; L5       ;            ;          ; GND                             ; gnd    ;              ;                ; --           ;                 ; --       ; --           ;
; L6       ;            ;          ; NC                              ;        ;              ;                ; --           ;                 ; --       ; --           ;
; L7       ;            ;          ; NC                              ;        ;              ;                ; --           ;                 ; --       ; --           ;
; L8       ;            ; --       ; VCC                             ; power  ;              ; 0.9V           ; --           ;                 ; --       ; --           ;
; L9       ;            ; --       ; VCC                             ; power  ;              ; 0.9V           ; --           ;                 ; --       ; --           ;
; L10      ;            ;          ; GND                             ; gnd    ;              ;                ; --           ;                 ; --       ; --           ;
; L11      ;            ; --       ; VCCPT                           ; power  ;              ; 1.8V           ; --           ;                 ; --       ; --           ;
; L12      ;            ;          ; GND                             ; gnd    ;              ;                ; --           ;                 ; --       ; --           ;
; L13      ;            ; --       ; VCC                             ; power  ;              ; 0.9V           ; --           ;                 ; --       ; --           ;
; L14      ;            ; --       ; VCC                             ; power  ;              ; 0.9V           ; --           ;                 ; --       ; --           ;
; L15      ;            ;          ; GND                             ; gnd    ;              ;                ; --           ;                 ; --       ; --           ;
; L16      ;            ; --       ; VCCPT                           ; power  ;              ; 1.8V           ; --           ;                 ; --       ; --           ;
; L17      ;            ; --       ; VCC                             ; power  ;              ; 0.9V           ; --           ;                 ; --       ; --           ;
; L18      ;            ; --       ; VCC                             ; power  ;              ; 0.9V           ; --           ;                 ; --       ; --           ;
; L19      ;            ;          ; NC                              ;        ;              ;                ; --           ;                 ; --       ; --           ;
; L20      ;            ;          ; GND                             ; gnd    ;              ;                ; --           ;                 ; --       ; --           ;
; L21      ; 57         ; 1D       ; GXB_GND*                        ;        ;              ;                ; --           ;                 ; --       ; --           ;
; L22      ; 56         ; 1D       ; GXB_GND*                        ;        ;              ;                ; --           ;                 ; --       ; --           ;
; L23      ;            ;          ; GND                             ; gnd    ;              ;                ; --           ;                 ; --       ; --           ;
; L24      ;            ;          ; GND                             ; gnd    ;              ;                ; --           ;                 ; --       ; --           ;
; L25      ; 74         ; 1D       ; GXB_NC                          ;        ;              ;                ; --           ;                 ; --       ; --           ;
; L26      ; 75         ; 1D       ; GXB_NC                          ;        ;              ;                ; --           ;                 ; --       ; --           ;
; M1       ; 468        ; 3A       ; m_axis_tvalid                   ; output ; 1.8-V        ; 1.8V           ; --           ; N               ; no       ; Off          ;
; M2       ;            ;          ; GND                             ; gnd    ;              ;                ; --           ;                 ; --       ; --           ;
; M3       ; 470        ; 3A       ; RESERVED_INPUT_WITH_WEAK_PULLUP ;        ;              ; 1.8V           ; --           ;                 ; no       ; On           ;
; M4       ; 454        ; 3A       ; m_axis_tdata[1]                 ; output ; 1.8-V        ; 1.8V           ; --           ; N               ; no       ; Off          ;
; M5       ; 459        ; 3A       ; m_axis_tdata[0]                 ; output ; 1.8-V        ; 1.8V           ; --           ; N               ; no       ; Off          ;
; M6       ;            ;          ; NC                              ;        ;              ;                ; --           ;                 ; --       ; --           ;
; M7       ;            ;          ; GND                             ; gnd    ;              ;                ; --           ;                 ; --       ; --           ;
; M8       ;            ; --       ; VCC                             ; power  ;              ; 0.9V           ; --           ;                 ; --       ; --           ;
; M9       ;            ; --       ; VCCP                            ; power  ;              ; 0.9V           ; --           ;                 ; --       ; --           ;
; M10      ;            ; --       ; VCC                             ; power  ;              ; 0.9V           ; --           ;                 ; --       ; --           ;
; M11      ;            ;          ; GND                             ; gnd    ;              ;                ; --           ;                 ; --       ; --           ;
; M12      ;            ;          ; GND                             ; gnd    ;              ;                ; --           ;                 ; --       ; --           ;
; M13      ;            ; --       ; VCC                             ; power  ;              ; 0.9V           ; --           ;                 ; --       ; --           ;
; M14      ;            ; --       ; VCC                             ; power  ;              ; 0.9V           ; --           ;                 ; --       ; --           ;
; M15      ;            ; --       ; VCCP                            ; power  ;              ; 0.9V           ; --           ;                 ; --       ; --           ;
; M16      ;            ; --       ; VCC                             ; power  ;              ; 0.9V           ; --           ;                 ; --       ; --           ;
; M17      ;            ;          ; GND                             ; gnd    ;              ;                ; --           ;                 ; --       ; --           ;
; M18      ;            ;          ; NC                              ;        ;              ;                ; --           ;                 ; --       ; --           ;
; M19      ;            ;          ; NC                              ;        ;              ;                ; --           ;                 ; --       ; --           ;
; M20      ;            ;          ; GND                             ; gnd    ;              ;                ; --           ;                 ; --       ; --           ;
; M21      ;            ; --       ; VCCR_GXBL1D                     ; gnd    ;              ; GND            ; --           ;                 ; --       ; --           ;
; M22      ;            ; --       ; VCCR_GXBL1D                     ; gnd    ;              ; GND            ; --           ;                 ; --       ; --           ;
; M23      ; 80         ; 1D       ; GXB_GND*                        ;        ;              ;                ; --           ;                 ; --       ; --           ;
; M24      ; 81         ; 1D       ; GXB_GND*                        ;        ;              ;                ; --           ;                 ; --       ; --           ;
; M25      ;            ;          ; GND                             ; gnd    ;              ;                ; --           ;                 ; --       ; --           ;
; M26      ;            ;          ; GND                             ; gnd    ;              ;                ; --           ;                 ; --       ; --           ;
; N1       ; 489        ; 3A       ; m_axis_tdata[7]                 ; output ; 1.8-V        ; 1.8V           ; --           ; N               ; no       ; Off          ;
; N2       ; 479        ; 3A       ; RESERVED_INPUT_WITH_WEAK_PULLUP ;        ;              ; 1.8V           ; --           ;                 ; no       ; On           ;
; N3       ; 478        ; 3A       ; m_axis_tdata[12]                ; output ; 1.8-V        ; 1.8V           ; --           ; N               ; no       ; Off          ;
; N4       ;            ;          ; GND                             ; gnd    ;              ;                ; --           ;                 ; --       ; --           ;
; N5       ; 458        ; 3A       ; m_axis_tdata[23]                ; output ; 1.8-V        ; 1.8V           ; --           ; N               ; no       ; Off          ;
; N6       ;            ;          ; NC                              ;        ;              ;                ; --           ;                 ; --       ; --           ;
; N7       ;            ;          ; NC                              ;        ;              ;                ; --           ;                 ; --       ; --           ;
; N8       ;            ; --       ; VCC                             ; power  ;              ; 0.9V           ; --           ;                 ; --       ; --           ;
; N9       ;            ;          ; GND                             ; gnd    ;              ;                ; --           ;                 ; --       ; --           ;
; N10      ;            ; --       ; VCC                             ; power  ;              ; 0.9V           ; --           ;                 ; --       ; --           ;
; N11      ;            ;          ; VCCA_PLL                        ; power  ;              ; 1.8V           ; --           ;                 ; --       ; --           ;
; N12      ;            ; --       ; VCC                             ; power  ;              ; 0.9V           ; --           ;                 ; --       ; --           ;
; N13      ;            ;          ; VCCA_PLL                        ; power  ;              ; 1.8V           ; --           ;                 ; --       ; --           ;
; N14      ;            ;          ; GND                             ; gnd    ;              ;                ; --           ;                 ; --       ; --           ;
; N15      ;            ; --       ; VCC                             ; power  ;              ; 0.9V           ; --           ;                 ; --       ; --           ;
; N16      ;            ; --       ; VCC                             ; power  ;              ; 0.9V           ; --           ;                 ; --       ; --           ;
; N17      ;            ; --       ; VCC                             ; power  ;              ; 0.9V           ; --           ;                 ; --       ; --           ;
; N18      ;            ; --       ; VCC                             ; power  ;              ; 0.9V           ; --           ;                 ; --       ; --           ;
; N19      ;            ;          ; GND                             ; gnd    ;              ;                ; --           ;                 ; --       ; --           ;
; N20      ;            ;          ; GND                             ; gnd    ;              ;                ; --           ;                 ; --       ; --           ;
; N21      ; 83         ; 1D       ; GXB_GND*                        ;        ;              ;                ; --           ;                 ; --       ; --           ;
; N22      ; 82         ; 1D       ; GXB_GND*                        ;        ;              ;                ; --           ;                 ; --       ; --           ;
; N23      ;            ;          ; GND                             ; gnd    ;              ;                ; --           ;                 ; --       ; --           ;
; N24      ;            ;          ; GND                             ; gnd    ;              ;                ; --           ;                 ; --       ; --           ;
; N25      ; 78         ; 1D       ; GXB_NC                          ;        ;              ;                ; --           ;                 ; --       ; --           ;
; N26      ; 79         ; 1D       ; GXB_NC                          ;        ;              ;                ; --           ;                 ; --       ; --           ;
; P1       ;            ;          ; GND                             ; gnd    ;              ;                ; --           ;                 ; --       ; --           ;
; P2       ; 488        ; 3A       ; RESERVED_INPUT_WITH_WEAK_PULLUP ;        ;              ; 1.8V           ; --           ;                 ; no       ; On           ;
; P3       ; 477        ; 3A       ; m_axis_tdata[21]                ; output ; 1.8-V        ; 1.8V           ; --           ; N               ; no       ; Off          ;
; P4       ; 476        ; 3A       ; RESERVED_INPUT_WITH_WEAK_PULLUP ;        ;              ; 1.8V           ; --           ;                 ; no       ; On           ;
; P5       ; 472        ; 3A       ; RESERVED_INPUT_WITH_WEAK_PULLUP ;        ;              ; 1.8V           ; --           ;                 ; no       ; On           ;
; P6       ;            ;          ; GND                             ; gnd    ;              ;                ; --           ;                 ; --       ; --           ;
; P7       ;            ;          ; NC                              ;        ;              ;                ; --           ;                 ; --       ; --           ;
; P8       ;            ; --       ; VCC                             ; power  ;              ; 0.9V           ; --           ;                 ; --       ; --           ;
; P9       ;            ; --       ; VCC                             ; power  ;              ; 0.9V           ; --           ;                 ; --       ; --           ;
; P10      ;            ; --       ; VCCERAM                         ; power  ;              ; 0.9V           ; --           ;                 ; --       ; --           ;
; P11      ;            ;          ; GND                             ; gnd    ;              ;                ; --           ;                 ; --       ; --           ;
; P12      ;            ; --       ; VCC                             ; power  ;              ; 0.9V           ; --           ;                 ; --       ; --           ;
; P13      ;            ; --       ; VCC                             ; power  ;              ; 0.9V           ; --           ;                 ; --       ; --           ;
; P14      ;            ; --       ; VCC                             ; power  ;              ; 0.9V           ; --           ;                 ; --       ; --           ;
; P15      ;            ; --       ; VCCERAM                         ; power  ;              ; 0.9V           ; --           ;                 ; --       ; --           ;
; P16      ;            ;          ; GND                             ; gnd    ;              ;                ; --           ;                 ; --       ; --           ;
; P17      ;            ; --       ; VCC                             ; power  ;              ; 0.9V           ; --           ;                 ; --       ; --           ;
; P18      ;            ; --       ; VCC                             ; power  ;              ; 0.9V           ; --           ;                 ; --       ; --           ;
; P19      ;            ;          ; NC                              ;        ;              ;                ; --           ;                 ; --       ; --           ;
; P20      ;            ; --       ; VCCH_GXBL                       ; gnd    ;              ; GND            ; --           ;                 ; --       ; --           ;
; P21      ;            ; --       ; VCCT_GXBL1C                     ; gnd    ;              ; GND            ; --           ;                 ; --       ; --           ;
; P22      ;            ; --       ; VCCT_GXBL1C                     ; gnd    ;              ; GND            ; --           ;                 ; --       ; --           ;
; P23      ; 88         ; 1C       ; GXB_GND*                        ;        ;              ;                ; --           ;                 ; --       ; --           ;
; P24      ; 89         ; 1C       ; GXB_GND*                        ;        ;              ;                ; --           ;                 ; --       ; --           ;
; P25      ;            ;          ; GND                             ; gnd    ;              ;                ; --           ;                 ; --       ; --           ;
; P26      ;            ;          ; GND                             ; gnd    ;              ;                ; --           ;                 ; --       ; --           ;
; R1       ; 491        ; 3A       ; m_axis_tdata[15]                ; output ; 1.8-V        ; 1.8V           ; --           ; N               ; no       ; Off          ;
; R2       ; 490        ; 3A       ; m_axis_tdata[18]                ; output ; 1.8-V        ; 1.8V           ; --           ; N               ; no       ; Off          ;
; R3       ;            ; 3A       ; VCCIO3A                         ; power  ;              ; 1.8V           ; --           ;                 ; --       ; --           ;
; R4       ; 482        ; 3A       ; reset                           ; input  ; 1.8-V        ; 1.8V           ; --           ; N               ; no       ; Off          ;
; R5       ; 473        ; 3A       ; RESERVED_INPUT_WITH_WEAK_PULLUP ;        ;              ; 1.8V           ; --           ;                 ; no       ; On           ;
; R6       ;            ; 3A       ; VREFB3AN0                       ; power  ;              ; GND            ; --           ;                 ; --       ; --           ;
; R7       ;            ;          ; NC                              ;        ;              ;                ; --           ;                 ; --       ; --           ;
; R8       ;            ;          ; GND                             ; gnd    ;              ;                ; --           ;                 ; --       ; --           ;
; R9       ;            ; --       ; VCCP                            ; power  ;              ; 0.9V           ; --           ;                 ; --       ; --           ;
; R10      ;            ;          ; GNDSENSE                        ;        ;              ;                ; --           ;                 ; --       ; --           ;
; R11      ;            ;          ; VCCLSENSE                       ;        ;              ;                ; --           ;                 ; --       ; --           ;
; R12      ;            ; --       ; VCCP                            ; power  ;              ; 0.9V           ; --           ;                 ; --       ; --           ;
; R13      ;            ;          ; GND                             ; gnd    ;              ;                ; --           ;                 ; --       ; --           ;
; R14      ;            ; --       ; VCC                             ; power  ;              ; 0.9V           ; --           ;                 ; --       ; --           ;
; R15      ;            ; --       ; VCC                             ; power  ;              ; 0.9V           ; --           ;                 ; --       ; --           ;
; R16      ;            ; --       ; VCCP                            ; power  ;              ; 0.9V           ; --           ;                 ; --       ; --           ;
; R17      ;            ; --       ; VCC                             ; power  ;              ; 0.9V           ; --           ;                 ; --       ; --           ;
; R18      ;            ;          ; GND                             ; gnd    ;              ;                ; --           ;                 ; --       ; --           ;
; R19      ;            ;          ; NC                              ;        ;              ;                ; --           ;                 ; --       ; --           ;
; R20      ;            ;          ; GND                             ; gnd    ;              ;                ; --           ;                 ; --       ; --           ;
; R21      ; 85         ; 1C       ; GXB_GND*                        ;        ;              ;                ; --           ;                 ; --       ; --           ;
; R22      ; 84         ; 1C       ; GXB_GND*                        ;        ;              ;                ; --           ;                 ; --       ; --           ;
; R23      ;            ;          ; GND                             ; gnd    ;              ;                ; --           ;                 ; --       ; --           ;
; R24      ;            ;          ; GND                             ; gnd    ;              ;                ; --           ;                 ; --       ; --           ;
; R25      ; 86         ; 1C       ; GXB_NC                          ;        ;              ;                ; --           ;                 ; --       ; --           ;
; R26      ; 87         ; 1C       ; GXB_NC                          ;        ;              ;                ; --           ;                 ; --       ; --           ;
; T1       ; 485        ; 3A       ; m_axis_tdata[5]                 ; output ; 1.8-V        ; 1.8V           ; --           ; N               ; no       ; Off          ;
; T2       ; 484        ; 3A       ; m_axis_tlast                    ; output ; 1.8-V        ; 1.8V           ; --           ; N               ; no       ; Off          ;
; T3       ; 474        ; 3A       ; m_axis_tuser[1]                 ; output ; 1.8-V        ; 1.8V           ; --           ; N               ; no       ; Off          ;
; T4       ; 483        ; 3A       ; m_axis_tready                   ; input  ; 1.8-V        ; 1.8V           ; --           ; N               ; no       ; Off          ;
; T5       ;            ; 3A       ; VCCIO3A                         ; power  ;              ; 1.8V           ; --           ;                 ; --       ; --           ;
; T6       ;            ;          ; NC                              ;        ;              ;                ; --           ;                 ; --       ; --           ;
; T7       ;            ;          ; NC                              ;        ;              ;                ; --           ;                 ; --       ; --           ;
; T8       ;            ; --       ; VCC                             ; power  ;              ; 0.9V           ; --           ;                 ; --       ; --           ;
; T9       ;            ; --       ; VCC                             ; power  ;              ; 0.9V           ; --           ;                 ; --       ; --           ;
; T10      ;            ;          ; GND                             ; gnd    ;              ;                ; --           ;                 ; --       ; --           ;
; T11      ;            ; --       ; VCCPT                           ; power  ;              ; 1.8V           ; --           ;                 ; --       ; --           ;
; T12      ;            ; --       ; VCC                             ; power  ;              ; 0.9V           ; --           ;                 ; --       ; --           ;
; T13      ;            ; --       ; VCC                             ; power  ;              ; 0.9V           ; --           ;                 ; --       ; --           ;
; T14      ;            ; --       ; VCC                             ; power  ;              ; 0.9V           ; --           ;                 ; --       ; --           ;
; T15      ;            ;          ; GND                             ; gnd    ;              ;                ; --           ;                 ; --       ; --           ;
; T16      ;            ; --       ; VCCPT                           ; power  ;              ; 1.8V           ; --           ;                 ; --       ; --           ;
; T17      ;            ; --       ; VCC                             ; power  ;              ; 0.9V           ; --           ;                 ; --       ; --           ;
; T18      ;            ; --       ; VCC                             ; power  ;              ; 0.9V           ; --           ;                 ; --       ; --           ;
; T19      ;            ;          ; NC                              ;        ;              ;                ; --           ;                 ; --       ; --           ;
; T20      ;            ;          ; GND                             ; gnd    ;              ;                ; --           ;                 ; --       ; --           ;
; T21      ;            ; --       ; VCCR_GXBL1C                     ; gnd    ;              ; GND            ; --           ;                 ; --       ; --           ;
; T22      ;            ; --       ; VCCR_GXBL1C                     ; gnd    ;              ; GND            ; --           ;                 ; --       ; --           ;
; T23      ; 92         ; 1C       ; GXB_GND*                        ;        ;              ;                ; --           ;                 ; --       ; --           ;
; T24      ; 93         ; 1C       ; GXB_GND*                        ;        ;              ;                ; --           ;                 ; --       ; --           ;
; T25      ;            ;          ; GND                             ; gnd    ;              ;                ; --           ;                 ; --       ; --           ;
; T26      ;            ;          ; GND                             ; gnd    ;              ;                ; --           ;                 ; --       ; --           ;
; U1       ; 486        ; 3A       ; m_axis_tdata[8]                 ; output ; 1.8-V        ; 1.8V           ; --           ; N               ; no       ; Off          ;
; U2       ;            ; 3A       ; VCCIO3A                         ; power  ;              ; 1.8V           ; --           ;                 ; --       ; --           ;
; U3       ; 475        ; 3A       ; m_axis_tdata[13]                ; output ; 1.8-V        ; 1.8V           ; --           ; N               ; no       ; Off          ;
; U4       ; 481        ; 3A       ; m_axis_tdata[20]                ; output ; 1.8-V        ; 1.8V           ; --           ; N               ; no       ; Off          ;
; U5       ; 480        ; 3A       ; m_axis_tdata[4]                 ; output ; 1.8-V        ; 1.8V           ; --           ; N               ; no       ; Off          ;
; U6       ;            ;          ; NC                              ;        ;              ;                ; --           ;                 ; --       ; --           ;
; U7       ;            ;          ; GND                             ; gnd    ;              ;                ; --           ;                 ; --       ; --           ;
; U8       ;            ; --       ; VCC                             ; power  ;              ; 0.9V           ; --           ;                 ; --       ; --           ;
; U9       ;            ; --       ; VCC                             ; power  ;              ; 0.9V           ; --           ;                 ; --       ; --           ;
; U10      ;            ; --       ; VCC                             ; power  ;              ; 0.9V           ; --           ;                 ; --       ; --           ;
; U11      ;            ; --       ; VCC                             ; power  ;              ; 0.9V           ; --           ;                 ; --       ; --           ;
; U12      ;            ;          ; GND                             ; gnd    ;              ;                ; --           ;                 ; --       ; --           ;
; U13      ;            ; --       ; VCC                             ; power  ;              ; 0.9V           ; --           ;                 ; --       ; --           ;
; U14      ;            ; --       ; VCC                             ; power  ;              ; 0.9V           ; --           ;                 ; --       ; --           ;
; U15      ;            ; --       ; VCC                             ; power  ;              ; 0.9V           ; --           ;                 ; --       ; --           ;
; U16      ;            ; --       ; VCC                             ; power  ;              ; 0.9V           ; --           ;                 ; --       ; --           ;
; U17      ;            ;          ; GND                             ; gnd    ;              ;                ; --           ;                 ; --       ; --           ;
; U18      ;            ; --       ; VCC                             ; power  ;              ; 0.9V           ; --           ;                 ; --       ; --           ;
; U19      ;            ;          ; NC                              ;        ;              ;                ; --           ;                 ; --       ; --           ;
; U20      ;            ;          ; GND                             ; gnd    ;              ;                ; --           ;                 ; --       ; --           ;
; U21      ; 111        ; 1C       ; GXB_GND*                        ;        ;              ;                ; --           ;                 ; --       ; --           ;
; U22      ; 110        ; 1C       ; GXB_GND*                        ;        ;              ;                ; --           ;                 ; --       ; --           ;
; U23      ;            ;          ; GND                             ; gnd    ;              ;                ; --           ;                 ; --       ; --           ;
; U24      ;            ;          ; GND                             ; gnd    ;              ;                ; --           ;                 ; --       ; --           ;
; U25      ; 90         ; 1C       ; GXB_NC                          ;        ;              ;                ; --           ;                 ; --       ; --           ;
; U26      ; 91         ; 1C       ; GXB_NC                          ;        ;              ;                ; --           ;                 ; --       ; --           ;
; V1       ; 487        ; 3A       ; m_axis_tdata[6]                 ; output ; 1.8-V        ; 1.8V           ; --           ; N               ; no       ; Off          ;
; V2       ;            ;          ; NC                              ;        ;              ;                ; --           ;                 ; --       ; --           ;
; V3       ;            ;          ; NC                              ;        ;              ;                ; --           ;                 ; --       ; --           ;
; V4       ;            ;          ; GND                             ; gnd    ;              ;                ; --           ;                 ; --       ; --           ;
; V5       ;            ;          ; NC                              ;        ;              ;                ; --           ;                 ; --       ; --           ;
; V6       ;            ;          ; NC                              ;        ;              ;                ; --           ;                 ; --       ; --           ;
; V7       ;            ;          ; NC                              ;        ;              ;                ; --           ;                 ; --       ; --           ;
; V8       ;            ;          ; NC                              ;        ;              ;                ; --           ;                 ; --       ; --           ;
; V9       ;            ;          ; GND                             ; gnd    ;              ;                ; --           ;                 ; --       ; --           ;
; V10      ;            ; --       ; VCCBAT                          ; power  ;              ; 1.8V           ; --           ;                 ; --       ; --           ;
; V11      ;            ; --       ; VCCPGM                          ; power  ;              ; 1.2V/1.5V/1.8V ; --           ;                 ; --       ; --           ;
; V12      ;            ; --       ; VCCPGM                          ; power  ;              ; 1.2V/1.5V/1.8V ; --           ;                 ; --       ; --           ;
; V13      ;            ;          ; NC                              ;        ;              ;                ; --           ;                 ; --       ; --           ;
; V14      ;            ;          ; GND                             ; gnd    ;              ;                ; --           ;                 ; --       ; --           ;
; V15      ;            ; 2A       ; VREFB2AN0                       ; power  ;              ; GND            ; --           ;                 ; --       ; --           ;
; V16      ;            ;          ; NC                              ;        ;              ;                ; --           ;                 ; --       ; --           ;
; V17      ;            ; 2J       ; VREFB2JN0                       ; power  ;              ; GND            ; --           ;                 ; --       ; --           ;
; V18      ;            ;          ; NC                              ;        ;              ;                ; --           ;                 ; --       ; --           ;
; V19      ;            ;          ; GND                             ; gnd    ;              ;                ; --           ;                 ; --       ; --           ;
; V20      ;            ;          ; GND                             ; gnd    ;              ;                ; --           ;                 ; --       ; --           ;
; V21      ;            ;          ; GND                             ; gnd    ;              ;                ; --           ;                 ; --       ; --           ;
; V22      ;            ;          ; GND                             ; gnd    ;              ;                ; --           ;                 ; --       ; --           ;
; V23      ; 96         ; 1C       ; GXB_GND*                        ;        ;              ;                ; --           ;                 ; --       ; --           ;
; V24      ; 97         ; 1C       ; GXB_GND*                        ;        ;              ;                ; --           ;                 ; --       ; --           ;
; V25      ;            ;          ; GND                             ; gnd    ;              ;                ; --           ;                 ; --       ; --           ;
; V26      ;            ;          ; GND                             ; gnd    ;              ;                ; --           ;                 ; --       ; --           ;
; W1       ;            ;          ; GND                             ; gnd    ;              ;                ; --           ;                 ; --       ; --           ;
; W2       ;            ;          ; NC                              ;        ;              ;                ; --           ;                 ; --       ; --           ;
; W3       ;            ;          ; NC                              ;        ;              ;                ; --           ;                 ; --       ; --           ;
; W4       ; 508        ; CSS      ; ^GND                            ;        ;              ;                ; --           ;                 ; --       ; --           ;
; W5       ; 505        ; CSS      ; ^nIO_PULLUP                     ; input  ;              ;                ; --           ;                 ; --       ; --           ;
; W6       ;            ;          ; GND                             ; gnd    ;              ;                ; --           ;                 ; --       ; --           ;
; W7       ;            ;          ; DNU                             ;        ;              ;                ; --           ;                 ; --       ; --           ;
; W8       ; 295        ; 2A       ; RESERVED_INPUT_WITH_WEAK_PULLUP ;        ;              ; 1.8V           ; --           ;                 ; no       ; On           ;
; W9       ; 294        ; 2A       ; RESERVED_INPUT_WITH_WEAK_PULLUP ;        ;              ; 1.8V           ; --           ;                 ; no       ; On           ;
; W10      ; 300        ; 2A       ; RESERVED_INPUT_WITH_WEAK_PULLUP ;        ;              ; 1.8V           ; --           ;                 ; no       ; On           ;
; W11      ;            ;          ; GND                             ; gnd    ;              ;                ; --           ;                 ; --       ; --           ;
; W12      ;            ;          ; NC                              ;        ;              ;                ; --           ;                 ; --       ; --           ;
; W13      ;            ;          ; NC                              ;        ;              ;                ; --           ;                 ; --       ; --           ;
; W14      ;            ;          ; NC                              ;        ;              ;                ; --           ;                 ; --       ; --           ;
; W15      ; 284        ; 2A       ; RESERVED_INPUT_WITH_WEAK_PULLUP ;        ;              ; 1.8V           ; --           ;                 ; no       ; On           ;
; W16      ;            ; 2J       ; VCCIO2J                         ; power  ;              ; 1.8V           ; --           ;                 ; --       ; --           ;
; W17      ; 214        ; 2J       ; RESERVED_INPUT_WITH_WEAK_PULLUP ;        ;              ; 1.8V           ; --           ;                 ; no       ; On           ;
; W18      ; 208        ; 2J       ; RESERVED_INPUT_WITH_WEAK_PULLUP ;        ;              ; 1.8V           ; --           ;                 ; no       ; On           ;
; W19      ; 209        ; 2J       ; RESERVED_INPUT_WITH_WEAK_PULLUP ;        ;              ; 1.8V           ; --           ;                 ; no       ; On           ;
; W20      ;            ;          ; NC                              ;        ;              ;                ; --           ;                 ; --       ; --           ;
; W21      ;            ;          ; GND                             ; gnd    ;              ;                ; --           ;                 ; --       ; --           ;
; W22      ;            ;          ; GND                             ; gnd    ;              ;                ; --           ;                 ; --       ; --           ;
; W23      ;            ;          ; GND                             ; gnd    ;              ;                ; --           ;                 ; --       ; --           ;
; W24      ;            ;          ; GND                             ; gnd    ;              ;                ; --           ;                 ; --       ; --           ;
; W25      ; 94         ; 1C       ; GXB_NC                          ;        ;              ;                ; --           ;                 ; --       ; --           ;
; W26      ; 95         ; 1C       ; GXB_NC                          ;        ;              ;                ; --           ;                 ; --       ; --           ;
; Y1       ; 500        ; CSS      ; #TCK                            ; input  ;              ;                ; --           ;                 ; --       ; --           ;
; Y2       ; 502        ; CSS      ; ^MSEL0                          ; input  ;              ;                ; --           ;                 ; --       ; --           ;
; Y3       ;            ;          ; GND                             ; gnd    ;              ;                ; --           ;                 ; --       ; --           ;
; Y4       ; 514        ; CSS      ; ^AS_DATA0, ASDO                 ;        ;              ;                ; Weak Pull Up ;                 ; --       ; On           ;
; Y5       ; 509        ; CSS      ; ^nCONFIG                        ; input  ;              ;                ; --           ;                 ; --       ; --           ;
; Y6       ;            ;          ; DNU                             ;        ;              ;                ; --           ;                 ; --       ; --           ;
; Y7       ;            ;          ; DNU                             ;        ;              ;                ; --           ;                 ; --       ; --           ;
; Y8       ;            ;          ; GND                             ; gnd    ;              ;                ; --           ;                 ; --       ; --           ;
; Y9       ; 301        ; 2A       ; RESERVED_INPUT_WITH_WEAK_PULLUP ;        ;              ; 1.8V           ; --           ;                 ; no       ; On           ;
; Y10      ; 303        ; 2A       ; RESERVED_INPUT_WITH_WEAK_PULLUP ;        ;              ; 1.8V           ; --           ;                 ; no       ; On           ;
; Y11      ;            ;          ; NC                              ;        ;              ;                ; --           ;                 ; --       ; --           ;
; Y12      ;            ;          ; NC                              ;        ;              ;                ; --           ;                 ; --       ; --           ;
; Y13      ;            ; 2A       ; VCCIO2A                         ; power  ;              ; 1.8V           ; --           ;                 ; --       ; --           ;
; Y14      ; 280        ; 2A       ; RESERVED_INPUT_WITH_WEAK_PULLUP ;        ;              ; 1.8V           ; --           ;                 ; no       ; On           ;
; Y15      ; 285        ; 2A       ; RESERVED_INPUT_WITH_WEAK_PULLUP ;        ;              ; 1.8V           ; --           ;                 ; no       ; On           ;
; Y16      ; 218        ; 2J       ; RESERVED_INPUT_WITH_WEAK_PULLUP ;        ;              ; 1.8V           ; --           ;                 ; no       ; On           ;
; Y17      ; 215        ; 2J       ; RESERVED_INPUT_WITH_WEAK_PULLUP ;        ;              ; 1.8V           ; --           ;                 ; no       ; On           ;
; Y18      ;            ; 2J       ; VCCIO2J                         ; power  ;              ; 1.8V           ; --           ;                 ; --       ; --           ;
; Y19      ; 212        ; 2J       ; RESERVED_INPUT_WITH_WEAK_PULLUP ;        ;              ; 1.8V           ; --           ;                 ; no       ; On           ;
; Y20      ; 213        ; 2J       ; RESERVED_INPUT_WITH_WEAK_PULLUP ;        ;              ; 1.8V           ; --           ;                 ; no       ; On           ;
; Y21      ; 210        ; 2J       ; RESERVED_INPUT_WITH_WEAK_PULLUP ;        ;              ; 1.8V           ; --           ;                 ; no       ; On           ;
; Y22      ;            ;          ; GND                             ; gnd    ;              ;                ; --           ;                 ; --       ; --           ;
; Y23      ; 100        ; 1C       ; GXB_GND*                        ;        ;              ;                ; --           ;                 ; --       ; --           ;
; Y24      ; 101        ; 1C       ; GXB_GND*                        ;        ;              ;                ; --           ;                 ; --       ; --           ;
; Y25      ;            ;          ; GND                             ; gnd    ;              ;                ; --           ;                 ; --       ; --           ;
; Y26      ;            ;          ; GND                             ; gnd    ;              ;                ; --           ;                 ; --       ; --           ;
+----------+------------+----------+---------------------------------+--------+--------------+----------------+--------------+-----------------+----------+--------------+
Note: Pin directions (input, output or bidir) are based on device operating in user mode.


+------------------------------------------------------------------------------------------------------------------+
; I/O Assignment Warnings                                                                                          ;
+------------------+-----------------------------------------------------------------------------------------------+
; Pin Name         ; Reason                                                                                        ;
+------------------+-----------------------------------------------------------------------------------------------+
; m_axis_tdata[0]  ; Incomplete set of assignments. Missing I/O standard, drive strength and slew rate assignments ;
; m_axis_tdata[1]  ; Incomplete set of assignments. Missing I/O standard, drive strength and slew rate assignments ;
; m_axis_tdata[2]  ; Incomplete set of assignments. Missing I/O standard, drive strength and slew rate assignments ;
; m_axis_tdata[3]  ; Incomplete set of assignments. Missing I/O standard, drive strength and slew rate assignments ;
; m_axis_tdata[4]  ; Incomplete set of assignments. Missing I/O standard, drive strength and slew rate assignments ;
; m_axis_tdata[5]  ; Incomplete set of assignments. Missing I/O standard, drive strength and slew rate assignments ;
; m_axis_tdata[6]  ; Incomplete set of assignments. Missing I/O standard, drive strength and slew rate assignments ;
; m_axis_tdata[7]  ; Incomplete set of assignments. Missing I/O standard, drive strength and slew rate assignments ;
; m_axis_tdata[8]  ; Incomplete set of assignments. Missing I/O standard, drive strength and slew rate assignments ;
; m_axis_tdata[9]  ; Incomplete set of assignments. Missing I/O standard, drive strength and slew rate assignments ;
; m_axis_tdata[10] ; Incomplete set of assignments. Missing I/O standard, drive strength and slew rate assignments ;
; m_axis_tdata[11] ; Incomplete set of assignments. Missing I/O standard, drive strength and slew rate assignments ;
; m_axis_tdata[12] ; Incomplete set of assignments. Missing I/O standard, drive strength and slew rate assignments ;
; m_axis_tdata[13] ; Incomplete set of assignments. Missing I/O standard, drive strength and slew rate assignments ;
; m_axis_tdata[14] ; Incomplete set of assignments. Missing I/O standard, drive strength and slew rate assignments ;
; m_axis_tdata[15] ; Incomplete set of assignments. Missing I/O standard, drive strength and slew rate assignments ;
; m_axis_tdata[16] ; Incomplete set of assignments. Missing I/O standard, drive strength and slew rate assignments ;
; m_axis_tdata[17] ; Incomplete set of assignments. Missing I/O standard, drive strength and slew rate assignments ;
; m_axis_tdata[18] ; Incomplete set of assignments. Missing I/O standard, drive strength and slew rate assignments ;
; m_axis_tdata[19] ; Incomplete set of assignments. Missing I/O standard, drive strength and slew rate assignments ;
; m_axis_tdata[20] ; Incomplete set of assignments. Missing I/O standard, drive strength and slew rate assignments ;
; m_axis_tdata[21] ; Incomplete set of assignments. Missing I/O standard, drive strength and slew rate assignments ;
; m_axis_tdata[22] ; Incomplete set of assignments. Missing I/O standard, drive strength and slew rate assignments ;
; m_axis_tdata[23] ; Incomplete set of assignments. Missing I/O standard, drive strength and slew rate assignments ;
; m_axis_tvalid    ; Incomplete set of assignments. Missing I/O standard, drive strength and slew rate assignments ;
; m_axis_tlast     ; Incomplete set of assignments. Missing I/O standard, drive strength and slew rate assignments ;
; m_axis_tuser[0]  ; Incomplete set of assignments. Missing I/O standard, drive strength and slew rate assignments ;
; m_axis_tuser[1]  ; Incomplete set of assignments. Missing I/O standard, drive strength and slew rate assignments ;
; m_axis_tuser[2]  ; Incomplete set of assignments. Missing I/O standard, drive strength and slew rate assignments ;
; clk              ; Missing I/O standard                                                                          ;
; m_axis_tready    ; Missing I/O standard                                                                          ;
; reset            ; Missing I/O standard                                                                          ;
; m_axis_tdata[0]  ; Missing location assignment                                                                   ;
; m_axis_tdata[1]  ; Missing location assignment                                                                   ;
; m_axis_tdata[2]  ; Missing location assignment                                                                   ;
; m_axis_tdata[3]  ; Missing location assignment                                                                   ;
; m_axis_tdata[4]  ; Missing location assignment                                                                   ;
; m_axis_tdata[5]  ; Missing location assignment                                                                   ;
; m_axis_tdata[6]  ; Missing location assignment                                                                   ;
; m_axis_tdata[7]  ; Missing location assignment                                                                   ;
; m_axis_tdata[8]  ; Missing location assignment                                                                   ;
; m_axis_tdata[9]  ; Missing location assignment                                                                   ;
; m_axis_tdata[10] ; Missing location assignment                                                                   ;
; m_axis_tdata[11] ; Missing location assignment                                                                   ;
; m_axis_tdata[12] ; Missing location assignment                                                                   ;
; m_axis_tdata[13] ; Missing location assignment                                                                   ;
; m_axis_tdata[14] ; Missing location assignment                                                                   ;
; m_axis_tdata[15] ; Missing location assignment                                                                   ;
; m_axis_tdata[16] ; Missing location assignment                                                                   ;
; m_axis_tdata[17] ; Missing location assignment                                                                   ;
; m_axis_tdata[18] ; Missing location assignment                                                                   ;
; m_axis_tdata[19] ; Missing location assignment                                                                   ;
; m_axis_tdata[20] ; Missing location assignment                                                                   ;
; m_axis_tdata[21] ; Missing location assignment                                                                   ;
; m_axis_tdata[22] ; Missing location assignment                                                                   ;
; m_axis_tdata[23] ; Missing location assignment                                                                   ;
; m_axis_tvalid    ; Missing location assignment                                                                   ;
; m_axis_tlast     ; Missing location assignment                                                                   ;
; m_axis_tuser[0]  ; Missing location assignment                                                                   ;
; m_axis_tuser[1]  ; Missing location assignment                                                                   ;
; m_axis_tuser[2]  ; Missing location assignment                                                                   ;
; clk              ; Missing location assignment                                                                   ;
; m_axis_tready    ; Missing location assignment                                                                   ;
; reset            ; Missing location assignment                                                                   ;
+------------------+-----------------------------------------------------------------------------------------------+


+---------------------------------------------------------------------------------------------------------------------------------------------------------------------------------------------+
; Control Signals                                                                                                                                                                             ;
+------------------------------------------------------------------------------------------------------------------------------+------------+---------+---------------------------------------+
; Name                                                                                                                         ; Location   ; Fan-Out ; Usage                                 ;
+------------------------------------------------------------------------------------------------------------------------------+------------+---------+---------------------------------------+
; clk                                                                                                                          ; PIN_L3     ; 1089    ; Clock                                 ;
; u0|intel_vvp_adv_tpg_0|intel_vvp_adv_tpg_0|core_inst_0|dout_master_inst|din_ready~0                                          ; Unassigned ; 12      ; Clock enable                          ;
; u0|intel_vvp_adv_tpg_0|intel_vvp_adv_tpg_0|core_inst_0|i119~0                                                                ; Unassigned ; 2       ; Clock enable                          ;
; u0|intel_vvp_adv_tpg_0|intel_vvp_adv_tpg_0|core_inst_0|i122                                                                  ; Unassigned ; 5       ; Clock enable                          ;
; u0|intel_vvp_adv_tpg_0|intel_vvp_adv_tpg_0|core_inst_0|i286~0                                                                ; Unassigned ; 12      ; Clock enable                          ;
; u0|intel_vvp_adv_tpg_0|intel_vvp_adv_tpg_0|core_inst_0|i73~0                                                                 ; Unassigned ; 15      ; Clock enable                          ;
; u0|intel_vvp_adv_tpg_0|intel_vvp_adv_tpg_0|core_inst_0|state.IDLE                                                            ; Unassigned ; 22      ; Sync. load                            ;
; u0|intel_vvp_adv_tpg_0|intel_vvp_adv_tpg_0|core_inst_0|state.INIT3                                                           ; Unassigned ; 19      ; Sync. clear, Sync. load               ;
; u0|intel_vvp_adv_tpg_0|intel_vvp_adv_tpg_0|core_inst_1|dout_master_inst|din_ready~2                                          ; Unassigned ; 22      ; Clock enable                          ;
; u0|intel_vvp_adv_tpg_0|intel_vvp_adv_tpg_0|core_inst_1|i119~0                                                                ; Unassigned ; 2       ; Clock enable                          ;
; u0|intel_vvp_adv_tpg_0|intel_vvp_adv_tpg_0|core_inst_1|i122                                                                  ; Unassigned ; 6       ; Clock enable                          ;
; u0|intel_vvp_adv_tpg_0|intel_vvp_adv_tpg_0|core_inst_1|i286~0                                                                ; Unassigned ; 12      ; Clock enable                          ;
; u0|intel_vvp_adv_tpg_0|intel_vvp_adv_tpg_0|core_inst_1|i73~0                                                                 ; Unassigned ; 15      ; Clock enable                          ;
; u0|intel_vvp_adv_tpg_0|intel_vvp_adv_tpg_0|core_inst_1|state.IDLE                                                            ; Unassigned ; 24      ; Clock enable, Sync. load              ;
; u0|intel_vvp_adv_tpg_0|intel_vvp_adv_tpg_0|core_inst_1|state.INIT3                                                           ; Unassigned ; 19      ; Sync. clear, Sync. load               ;
; u0|intel_vvp_adv_tpg_0|intel_vvp_adv_tpg_0|main_rst_bridge|reset_sync[2]                                                     ; Unassigned ; 52      ; Clock enable, Sync. clear, Sync. load ;
; u0|intel_vvp_adv_tpg_0|intel_vvp_adv_tpg_0|mixer_inst_0|dout_master_inst|din_ready                                           ; Unassigned ; 57      ; Clock enable                          ;
; u0|intel_vvp_adv_tpg_0|intel_vvp_adv_tpg_0|mixer_inst_0|dp_inst|i136~1                                                       ; Unassigned ; 15      ; Clock enable                          ;
; u0|intel_vvp_adv_tpg_0|intel_vvp_adv_tpg_0|mixer_inst_0|dp_inst|state.IDLE                                                   ; Unassigned ; 32      ; Clock enable, Sync. clear, Sync. load ;
; u0|intel_vvp_adv_tpg_0|intel_vvp_adv_tpg_0|out_bridge|ccd_master_inst|din_ready                                              ; Unassigned ; 27      ; Clock enable                          ;
; u0|intel_vvp_adv_tpg_0|intel_vvp_adv_tpg_0|out_bridge|passing_data                                                           ; Unassigned ; 63      ; Sync. load                            ;
; u0|intel_vvp_adv_tpg_0|intel_vvp_adv_tpg_0|scheduler|i186~0                                                                  ; Unassigned ; 18      ; Clock enable                          ;
; u0|intel_vvp_adv_tpg_0|intel_vvp_adv_tpg_0|scheduler|i186~1                                                                  ; Unassigned ; 16      ; Sync. clear                           ;
; u0|intel_vvp_adv_tpg_0|intel_vvp_adv_tpg_0|scheduler|i5041~0                                                                 ; Unassigned ; 43      ; Clock enable                          ;
; u0|intel_vvp_adv_tpg_0|intel_vvp_adv_tpg_0|scheduler|i5461~1                                                                 ; Unassigned ; 9       ; Sync. load                            ;
; u0|intel_vvp_adv_tpg_0|intel_vvp_adv_tpg_0|scheduler|i5493~2                                                                 ; Unassigned ; 1       ; Clock enable                          ;
; u0|intel_vvp_adv_tpg_0|intel_vvp_adv_tpg_0|scheduler|i5525~1                                                                 ; Unassigned ; 32      ; Clock enable                          ;
; u0|intel_vvp_adv_tpg_0|intel_vvp_adv_tpg_0|scheduler|i5525~8                                                                 ; Unassigned ; 8       ; Sync. clear                           ;
; u0|intel_vvp_adv_tpg_0|intel_vvp_adv_tpg_0|scheduler|i5527~1                                                                 ; Unassigned ; 2       ; Clock enable                          ;
; u0|intel_vvp_adv_tpg_0|intel_vvp_adv_tpg_0|scheduler|i5531~4                                                                 ; Unassigned ; 2       ; Clock enable                          ;
; u0|intel_vvp_adv_tpg_0|intel_vvp_adv_tpg_0|scheduler|line_counter[14]~0                                                      ; Unassigned ; 15      ; Clock enable                          ;
; u0|intel_vvp_adv_tpg_0|intel_vvp_adv_tpg_0|scheduler|state.IDLE                                                              ; Unassigned ; 49      ; Clock enable, Sync. clear, Sync. load ;
; u0|intel_vvp_adv_tpg_0|intel_vvp_adv_tpg_0|scheduler|state.SEND_SOF                                                          ; Unassigned ; 28      ; Sync. clear                           ;
; u0|intel_vvp_adv_tpg_0|intel_vvp_adv_tpg_0|scheduler|state.SEND_TPG_SETUP_CMD                                                ; Unassigned ; 42      ; Sync. clear, Sync. load               ;
; u0|intel_vvp_adv_tpg_0|intel_vvp_adv_tpg_0|scheduler|tpg_core_cmd_gen[0].core_cmd_master_inst|pipe_bridge_inst|din_ready_dup ; Unassigned ; 7       ; Clock enable                          ;
; u0|intel_vvp_adv_tpg_0|intel_vvp_adv_tpg_0|scheduler|tpg_core_cmd_gen[0].core_cmd_master_inst|pipe_bridge_inst|i233          ; Unassigned ; 2       ; Clock enable                          ;
; u0|intel_vvp_adv_tpg_0|intel_vvp_adv_tpg_0|scheduler|tpg_core_cmd_gen[0].tpg_cmd_data[68]~1                                  ; Unassigned ; 2       ; Clock enable                          ;
; u0|intel_vvp_adv_tpg_0|intel_vvp_adv_tpg_0|scheduler|tpg_core_cmd_gen[1].core_cmd_master_inst|pipe_bridge_inst|din_ready_dup ; Unassigned ; 34      ; Clock enable, Sync. load              ;
; u0|intel_vvp_adv_tpg_0|intel_vvp_adv_tpg_0|scheduler|tpg_core_cmd_gen[1].core_cmd_master_inst|pipe_bridge_inst|i233          ; Unassigned ; 16      ; Clock enable                          ;
; u0|intel_vvp_adv_tpg_0|intel_vvp_adv_tpg_0|scheduler|tpg_core_cmd_gen[1].tpg_cmd_data[1]~1                                   ; Unassigned ; 15      ; Clock enable                          ;
; u0|intel_vvp_dil_0|intel_vvp_dil_0|algo_comp|cmd_str[1]                                                                      ; Unassigned ; 24      ; Sync. load                            ;
; u0|intel_vvp_dil_0|intel_vvp_dil_0|algo_comp|dout_user[0]~1                                                                  ; Unassigned ; 49      ; Clock enable                          ;
; u0|intel_vvp_dil_0|intel_vvp_dil_0|algo_comp|i152~0                                                                          ; Unassigned ; 2       ; Clock enable                          ;
; u0|intel_vvp_dil_0|intel_vvp_dil_0|algo_comp|i68~0                                                                           ; Unassigned ; 2       ; Clock enable                          ;
; u0|intel_vvp_dil_0|intel_vvp_dil_0|algo_comp|i93~0                                                                           ; Unassigned ; 24      ; Clock enable                          ;
; u0|intel_vvp_dil_0|intel_vvp_dil_0|duplicator|output_gen[0].ccd_master_inst|din_ready                                        ; Unassigned ; 33      ; Clock enable                          ;
; u0|intel_vvp_dil_0|intel_vvp_dil_0|duplicator|output_gen[1].ccd_master_inst|din_ready                                        ; Unassigned ; 28      ; Clock enable                          ;
; u0|intel_vvp_dil_0|intel_vvp_dil_0|duplicator|state.RUN                                                                      ; Unassigned ; 21      ; Clock enable                          ;
; u0|intel_vvp_dil_0|intel_vvp_dil_0|iib|ctrl_master_inst|din_ready~0                                                          ; Unassigned ; 45      ; Clock enable                          ;
; u0|intel_vvp_dil_0|intel_vvp_dil_0|iib|data_master_inst|din_ready                                                            ; Unassigned ; 27      ; Clock enable                          ;
; u0|intel_vvp_dil_0|intel_vvp_dil_0|iib|i93~1                                                                                 ; Unassigned ; 2       ; Clock enable                          ;
; u0|intel_vvp_dil_0|intel_vvp_dil_0|line_buffer|dout_master_inst|din_ready                                                    ; Unassigned ; 93      ; Clock enable                          ;
; u0|intel_vvp_dil_0|intel_vvp_dil_0|line_buffer|resend_inst|i215~0                                                            ; Unassigned ; 2       ; Clock enable                          ;
; u0|intel_vvp_dil_0|intel_vvp_dil_0|line_buffer|resend_inst|i259~0                                                            ; Unassigned ; 23      ; Clock enable                          ;
; u0|intel_vvp_dil_0|intel_vvp_dil_0|line_buffer|resend_inst|i302~0                                                            ; Unassigned ; 12      ; Clock enable                          ;
; u0|intel_vvp_dil_0|intel_vvp_dil_0|line_buffer|resend_inst|line_buffer_l0_ram_inst|read_reset_pipe                           ; Unassigned ; 11      ; Sync. clear                           ;
; u0|intel_vvp_dil_0|intel_vvp_dil_0|line_buffer|resend_inst|line_buffer_l0_ram_inst|write_enable_pipe                         ; Unassigned ; 25      ; Write enable                          ;
; u0|intel_vvp_dil_0|intel_vvp_dil_0|line_buffer|resend_inst|line_buffer_l0_ram_inst|write_reset_pipe                          ; Unassigned ; 11      ; Sync. clear                           ;
; u0|intel_vvp_dil_0|intel_vvp_dil_0|line_buffer|resend_inst|line_buffer_main_ram_inst|read_reset_pipe                         ; Unassigned ; 11      ; Sync. clear                           ;
; u0|intel_vvp_dil_0|intel_vvp_dil_0|line_buffer|resend_inst|line_buffer_main_ram_inst|write_enable_pipe_copy[0]               ; Unassigned ; 24      ; Write enable                          ;
; u0|intel_vvp_dil_0|intel_vvp_dil_0|line_buffer|resend_inst|line_buffer_main_ram_inst|write_reset_pipe                        ; Unassigned ; 11      ; Sync. clear                           ;
; u0|intel_vvp_dil_0|intel_vvp_dil_0|line_buffer|resend_inst|read_state.READ_IDLE                                              ; Unassigned ; 39      ; Clock enable, Sync. clear, Sync. load ;
; u0|intel_vvp_dil_0|intel_vvp_dil_0|line_buffer|resend_inst|write_state.WRITE_IDLE                                            ; Unassigned ; 26      ; Sync. clear                           ;
; u0|intel_vvp_dil_0|intel_vvp_dil_0|main_rst_bridge|reset_sync[2]                                                             ; Unassigned ; 196     ; Clock enable, Sync. clear, Sync. load ;
; u0|intel_vvp_dil_0|intel_vvp_dil_0|mux|data_master_inst|din_ready                                                            ; Unassigned ; 29      ; Clock enable                          ;
; u0|intel_vvp_dil_0|intel_vvp_dil_0|mux|selected_input[0]                                                                     ; Unassigned ; 28      ; Sync. load                            ;
; u0|intel_vvp_dil_0|intel_vvp_dil_0|oib|ccd_master_inst|din_ready                                                             ; Unassigned ; 30      ; Clock enable                          ;
; u0|intel_vvp_dil_0|intel_vvp_dil_0|oib|passing_data                                                                          ; Unassigned ; 27      ; Sync. load                            ;
; u0|intel_vvp_dil_0|intel_vvp_dil_0|scheduler|i269~0                                                                          ; Unassigned ; 16      ; Clock enable                          ;
; u0|intel_vvp_dil_0|intel_vvp_dil_0|scheduler|i290~1                                                                          ; Unassigned ; 16      ; Clock enable                          ;
; u0|intel_vvp_dil_0|intel_vvp_dil_0|scheduler|i306~0                                                                          ; Unassigned ; 16      ; Clock enable                          ;
; u0|intel_vvp_dil_0|intel_vvp_dil_0|scheduler|i322~0                                                                          ; Unassigned ; 16      ; Clock enable                          ;
; u0|intel_vvp_dil_0|intel_vvp_dil_0|scheduler|i731~0                                                                          ; Unassigned ; 18      ; Sync. clear                           ;
; u0|intel_vvp_dil_0|intel_vvp_dil_0|scheduler|i731~2                                                                          ; Unassigned ; 17      ; Clock enable                          ;
; u0|intel_vvp_dil_0|intel_vvp_dil_0|scheduler|state.INIT_LINE_COUNT_AND_WIDTH_INFO                                            ; Unassigned ; 19      ; Sync. load                            ;
+------------------------------------------------------------------------------------------------------------------------------+------------+---------+---------------------------------------+


+---------------------------------------------------------------------------------+
; Global & Other Fast Signals Summary                                             ;
+------+----------+---------+-------------+----------------+----------------------+
; Name ; Location ; Fan-Out ; Signal Type ; Promotion Type ; Global Resource Used ;
+------+----------+---------+-------------+----------------+----------------------+
; clk  ; PIN_L3   ; 1365    ; Global      ; Automatic      ; Global Clock Region  ;
+------+----------+---------+-------------+----------------+----------------------+


+---------------------------------------------------------------+
; Global & Other Fast Signals Details                           ;
+----------------------------------------+----------------------+
; Property                               ; Value                ;
+----------------------------------------+----------------------+
; Name                                   ; clk                  ;
;     -- Source Type                     ; I/O pad              ;
;     -- Source Location                 ; PIN_L3               ;
;     -- Fan-Out                         ; 1365                 ;
;     -- Promotion Type                  ; Automatic Promotion  ;
;     -- Global Buffer                   ; clk~inputCLKENA0     ;
;     -- Global Buffer Location          ; CLKCTRL_3A_G_I23     ;
;     -- Global Signal Type              ; Global               ;
;     -- Region Drivable by Buffer       ; Global Clock Region  ;
;     -- Bounding Box Drivable by Buffer ; (0, 0) to (102, 115) ;
;     -- Clock Region Line               ; 23                   ;
+----------------------------------------+----------------------+


+---------------------------------------------------------------+
; Fixed Point DSP Register Packing Summary                      ;
+---------------------------------------------+-----------------+
; Fully registered fixed point DSP blocks     ; 3 / 3 ( 100 % ) ;
; Partially registered fixed point DSP blocks ; 0 / 3 ( 0 % )   ;
; Unregistered fixed point DSP blocks         ; 0 / 3 ( 0 % )   ;
+---------------------------------------------+-----------------+


+------------------------------------------------------------------------------------------------------------------------------------------------------------------------------------------------------------------------------------------------------------------------------------------------------------------------------------------------------------------------------------------------------------------------------------------------------------------------------------------------------------------------------------------------------------------------------------------------------------------------------------------------------------------------------------------------------------------------------------------------------------------------------------------------------------------------------------------------------------------------------------------------------------------------------------------------------------------------------------------------------------------------------------------------------------------------------------------------------------------------------------------------------------------------------------------------------------------------------------------------------------------------------------------------------------------------------------------------------------------------------------------------------------------------------------------------------------------------------------------------------------------------------------------------------------------------------------------------------------------------------------------------------------------------------------------------------------------------------------------------------------------------------------------------------------------------------------------------------------------------------------------------------------------------------------------------------------------------------------------------------------------------------------------------------------------------------------------------------------------------------------------------------------------------------+
; Fixed Point DSP Register Packing Details                                                                                                                                                                                                                                                                                                                                                                                                                                                                                                                                                                                                                                                                                                                                                                                                                                                                                                                                                                                                                                                                                                                                                                                                                                                                                                                                                                                                                                                                                                                                                                                                                                                                                                                                                                                                                                                                                                                                                                                                                                                                                                                                     ;
+--------------------------------------------------------------------------------------------------------------------------------------------------------------------+------------------+------------------+-------------------------------------+-----------------------------------------------------------------------------------------------------------------------------------------------------------------------------------------+-----------------------------------------------------------------------------------------------------------------------------------------------------------------------------------------+----+-----------------------------------------------------------------------------------------------------------------------------------------------------------------------------------------+-----------------------------------------------------------------------------------------------------------------------------------------------------------------------------------------+----+-----------+------------+----------------------------------+----------------------------------+--------------------------------------------------------------------------------------------------------------------------------------------------------------------------------------------------------------------------------------------------------------------------------------------------------------------------------------------------------------------------------------------------------------------------------------------------------------------------------------------------------------------------------------------------------------------------------------------------------------------------------------------------------------------------------------------------------------------------------------------------------------------+---------------------------------------------------------------------------------------------------------------------------------------------------------------+--------------+----------------+-------------------+-------------------------+-------------------------+
; Name                                                                                                                                                               ; Mode             ; Register Usage   ; Reasons Preventing Register Packing ; AX/CoefSelA                                                                                                                                                                             ; AY/ScanIn                                                                                                                                                                               ; AZ ; BX/CoefSelB                                                                                                                                                                             ; BY/ScanIn                                                                                                                                                                               ; BZ ; LoadConst ; Accumulate ; Negate                           ; Sub                              ; Pipeline                                                                                                                                                                                                                                                                                                                                                                                                                                                                                                                                                                                                                                                                                                                                                           ; Output Register                                                                                                                                               ; Uses Scan-In ; Uses Pre-Adder ; Uses Coefficients ; Uses Output Adder Chain ; Uses Output Accumulator ;
+--------------------------------------------------------------------------------------------------------------------------------------------------------------------+------------------+------------------+-------------------------------------+-----------------------------------------------------------------------------------------------------------------------------------------------------------------------------------------+-----------------------------------------------------------------------------------------------------------------------------------------------------------------------------------------+----+-----------------------------------------------------------------------------------------------------------------------------------------------------------------------------------------+-----------------------------------------------------------------------------------------------------------------------------------------------------------------------------------------+----+-----------+------------+----------------------------------+----------------------------------+--------------------------------------------------------------------------------------------------------------------------------------------------------------------------------------------------------------------------------------------------------------------------------------------------------------------------------------------------------------------------------------------------------------------------------------------------------------------------------------------------------------------------------------------------------------------------------------------------------------------------------------------------------------------------------------------------------------------------------------------------------------------+---------------------------------------------------------------------------------------------------------------------------------------------------------------+--------------+----------------+-------------------+-------------------------+-------------------------+
; u0|intel_vvp_adv_tpg_0|intel_vvp_adv_tpg_0|mixer_inst_0|dp_inst|blended_pixel_gen[0].blended_col_gen[0].mult_add_inst|partial_gen[0].mult_2_inst|add_0_0~DATAOUTA0 ; Sum of two 18x18 ; fully registered ;                                     ; u0|intel_vvp_adv_tpg_0|intel_vvp_adv_tpg_0|mixer_inst_0|dp_inst|blended_pixel_gen[0].blended_col_gen[0].mult_add_inst|partial_gen[0].mult_2_inst|x_input_delay[1].x_delay_line[0][0..7] ; u0|intel_vvp_adv_tpg_0|intel_vvp_adv_tpg_0|mixer_inst_0|dp_inst|blended_pixel_gen[0].blended_col_gen[0].mult_add_inst|partial_gen[0].mult_2_inst|y_input_delay[1].y_delay_line[0][0..8] ; -- ; u0|intel_vvp_adv_tpg_0|intel_vvp_adv_tpg_0|mixer_inst_0|dp_inst|blended_pixel_gen[0].blended_col_gen[0].mult_add_inst|partial_gen[0].mult_2_inst|x_input_delay[0].x_delay_line[0][0..7] ; u0|intel_vvp_adv_tpg_0|intel_vvp_adv_tpg_0|mixer_inst_0|dp_inst|blended_pixel_gen[0].blended_col_gen[0].mult_add_inst|partial_gen[0].mult_2_inst|y_input_delay[0].y_delay_line[0][0..8] ; -- ; --        ; --         ; unregistered - input is constant ; unregistered - input is constant ; u0|intel_vvp_adv_tpg_0|intel_vvp_adv_tpg_0|mixer_inst_0|dp_inst|blended_pixel_gen[0].blended_col_gen[0].mult_add_inst|partial_gen[0].mult_2_inst|y_input_delay[0].y_delay_line[1][0..8], u0|intel_vvp_adv_tpg_0|intel_vvp_adv_tpg_0|mixer_inst_0|dp_inst|blended_pixel_gen[0].blended_col_gen[0].mult_add_inst|partial_gen[0].mult_2_inst|x_input_delay[1].x_delay_line[1][0..7], u0|intel_vvp_adv_tpg_0|intel_vvp_adv_tpg_0|mixer_inst_0|dp_inst|blended_pixel_gen[0].blended_col_gen[0].mult_add_inst|partial_gen[0].mult_2_inst|y_input_delay[1].y_delay_line[1][0..8], u0|intel_vvp_adv_tpg_0|intel_vvp_adv_tpg_0|mixer_inst_0|dp_inst|blended_pixel_gen[0].blended_col_gen[0].mult_add_inst|partial_gen[0].mult_2_inst|x_input_delay[0].x_delay_line[1][0..7] ; u0|intel_vvp_adv_tpg_0|intel_vvp_adv_tpg_0|mixer_inst_0|dp_inst|blended_pixel_gen[0].blended_col_gen[0].mult_add_inst|partial_gen[0].mult_2_inst|add_0[7..15] ; no           ; no             ; no                ; no                      ; no                      ;
; u0|intel_vvp_adv_tpg_0|intel_vvp_adv_tpg_0|mixer_inst_0|dp_inst|blended_pixel_gen[0].blended_col_gen[1].mult_add_inst|partial_gen[0].mult_2_inst|add_0_0~DATAOUTA0 ; Sum of two 18x18 ; fully registered ;                                     ; u0|intel_vvp_adv_tpg_0|intel_vvp_adv_tpg_0|mixer_inst_0|dp_inst|blended_pixel_gen[0].blended_col_gen[1].mult_add_inst|partial_gen[0].mult_2_inst|x_input_delay[1].x_delay_line[0][0..7] ; u0|intel_vvp_adv_tpg_0|intel_vvp_adv_tpg_0|mixer_inst_0|dp_inst|blended_pixel_gen[0].blended_col_gen[1].mult_add_inst|partial_gen[0].mult_2_inst|y_input_delay[1].y_delay_line[0][0..8] ; -- ; u0|intel_vvp_adv_tpg_0|intel_vvp_adv_tpg_0|mixer_inst_0|dp_inst|blended_pixel_gen[0].blended_col_gen[1].mult_add_inst|partial_gen[0].mult_2_inst|x_input_delay[0].x_delay_line[0][0..7] ; u0|intel_vvp_adv_tpg_0|intel_vvp_adv_tpg_0|mixer_inst_0|dp_inst|blended_pixel_gen[0].blended_col_gen[1].mult_add_inst|partial_gen[0].mult_2_inst|y_input_delay[0].y_delay_line[0][0..8] ; -- ; --        ; --         ; unregistered - input is constant ; unregistered - input is constant ; u0|intel_vvp_adv_tpg_0|intel_vvp_adv_tpg_0|mixer_inst_0|dp_inst|blended_pixel_gen[0].blended_col_gen[1].mult_add_inst|partial_gen[0].mult_2_inst|y_input_delay[0].y_delay_line[1][0..8], u0|intel_vvp_adv_tpg_0|intel_vvp_adv_tpg_0|mixer_inst_0|dp_inst|blended_pixel_gen[0].blended_col_gen[1].mult_add_inst|partial_gen[0].mult_2_inst|x_input_delay[1].x_delay_line[1][0..7], u0|intel_vvp_adv_tpg_0|intel_vvp_adv_tpg_0|mixer_inst_0|dp_inst|blended_pixel_gen[0].blended_col_gen[1].mult_add_inst|partial_gen[0].mult_2_inst|y_input_delay[1].y_delay_line[1][0..8], u0|intel_vvp_adv_tpg_0|intel_vvp_adv_tpg_0|mixer_inst_0|dp_inst|blended_pixel_gen[0].blended_col_gen[1].mult_add_inst|partial_gen[0].mult_2_inst|x_input_delay[0].x_delay_line[1][0..7] ; u0|intel_vvp_adv_tpg_0|intel_vvp_adv_tpg_0|mixer_inst_0|dp_inst|blended_pixel_gen[0].blended_col_gen[1].mult_add_inst|partial_gen[0].mult_2_inst|add_0[7..15] ; no           ; no             ; no                ; no                      ; no                      ;
; u0|intel_vvp_adv_tpg_0|intel_vvp_adv_tpg_0|mixer_inst_0|dp_inst|blended_pixel_gen[0].blended_col_gen[2].mult_add_inst|partial_gen[0].mult_2_inst|add_0_0~DATAOUTA0 ; Sum of two 18x18 ; fully registered ;                                     ; u0|intel_vvp_adv_tpg_0|intel_vvp_adv_tpg_0|mixer_inst_0|dp_inst|blended_pixel_gen[0].blended_col_gen[2].mult_add_inst|partial_gen[0].mult_2_inst|x_input_delay[1].x_delay_line[0][0..7] ; u0|intel_vvp_adv_tpg_0|intel_vvp_adv_tpg_0|mixer_inst_0|dp_inst|blended_pixel_gen[0].blended_col_gen[2].mult_add_inst|partial_gen[0].mult_2_inst|y_input_delay[1].y_delay_line[0][0..8] ; -- ; u0|intel_vvp_adv_tpg_0|intel_vvp_adv_tpg_0|mixer_inst_0|dp_inst|blended_pixel_gen[0].blended_col_gen[2].mult_add_inst|partial_gen[0].mult_2_inst|x_input_delay[0].x_delay_line[0][0..7] ; u0|intel_vvp_adv_tpg_0|intel_vvp_adv_tpg_0|mixer_inst_0|dp_inst|blended_pixel_gen[0].blended_col_gen[2].mult_add_inst|partial_gen[0].mult_2_inst|y_input_delay[0].y_delay_line[0][0..8] ; -- ; --        ; --         ; unregistered - input is constant ; unregistered - input is constant ; u0|intel_vvp_adv_tpg_0|intel_vvp_adv_tpg_0|mixer_inst_0|dp_inst|blended_pixel_gen[0].blended_col_gen[2].mult_add_inst|partial_gen[0].mult_2_inst|y_input_delay[0].y_delay_line[1][0..8], u0|intel_vvp_adv_tpg_0|intel_vvp_adv_tpg_0|mixer_inst_0|dp_inst|blended_pixel_gen[0].blended_col_gen[2].mult_add_inst|partial_gen[0].mult_2_inst|x_input_delay[1].x_delay_line[1][0..7], u0|intel_vvp_adv_tpg_0|intel_vvp_adv_tpg_0|mixer_inst_0|dp_inst|blended_pixel_gen[0].blended_col_gen[2].mult_add_inst|partial_gen[0].mult_2_inst|y_input_delay[1].y_delay_line[1][0..8], u0|intel_vvp_adv_tpg_0|intel_vvp_adv_tpg_0|mixer_inst_0|dp_inst|blended_pixel_gen[0].blended_col_gen[2].mult_add_inst|partial_gen[0].mult_2_inst|x_input_delay[0].x_delay_line[1][0..7] ; u0|intel_vvp_adv_tpg_0|intel_vvp_adv_tpg_0|mixer_inst_0|dp_inst|blended_pixel_gen[0].blended_col_gen[2].mult_add_inst|partial_gen[0].mult_2_inst|add_0[7..15] ; no           ; no             ; no                ; no                      ; no                      ;
+--------------------------------------------------------------------------------------------------------------------------------------------------------------------+------------------+------------------+-------------------------------------+-----------------------------------------------------------------------------------------------------------------------------------------------------------------------------------------+-----------------------------------------------------------------------------------------------------------------------------------------------------------------------------------------+----+-----------------------------------------------------------------------------------------------------------------------------------------------------------------------------------------+-----------------------------------------------------------------------------------------------------------------------------------------------------------------------------------------+----+-----------+------------+----------------------------------+----------------------------------+--------------------------------------------------------------------------------------------------------------------------------------------------------------------------------------------------------------------------------------------------------------------------------------------------------------------------------------------------------------------------------------------------------------------------------------------------------------------------------------------------------------------------------------------------------------------------------------------------------------------------------------------------------------------------------------------------------------------------------------------------------------------+---------------------------------------------------------------------------------------------------------------------------------------------------------------+--------------+----------------+-------------------+-------------------------+-------------------------+
Note: Some of these fixed point DSP blocks may disappear in the final design as a result of DSP merging during placement (see the Fitter Netlist Optimizations report). DSP packing state may also change during physical synthesis optimizations (see Physical Synthesis Netlist Optimizations reports).


+-------------------------------------------------------------------------------------------------------------------------------------------------------------------------------------------------------------------------------------------------------------------------------------------------------------------------------------------------------------------------------------------------------------------------------------------------------------------------------------------------------------------------------------------------------------------------------------------------------------------------------------------------------------------------------------------------------------------------------+
; Fitter RAM Summary                                                                                                                                                                                                                                                                                                                                                                                                                                                                                                                                                                                                                                                                                                            ;
+---------------------------------------------------------------------------------------------------------------------------------------------------------------+------+------------------+--------------+--------------+--------------+--------------+--------------+------------------------+-------------------------+------------------------+-------------------------+--------------+-----------------------------+-----------------------------+-----------------------------+-----------------------------+---------------------+-------------+-------+------+-----------------+---------------------+-----------------+-----------------+----------+------------------------+------------------+-----------------------+
; Name                                                                                                                                                          ; Type ; Mode             ; Clock Mode   ; Port A Depth ; Port A Width ; Port B Depth ; Port B Width ; Port A Input Registers ; Port A Output Registers ; Port B Input Registers ; Port B Output Registers ; Logical Size ; Implementation Port A Depth ; Implementation Port A Width ; Implementation Port B Depth ; Implementation Port B Width ; Implementation Bits ; M20K blocks ; MLABs ; MIF  ; Location        ; Mixed Port RDW Mode ; Port A RDW Mode ; Port B RDW Mode ; ECC Mode ; ECC Pipeline Registers ; Performance Mode ; Fits in MLABs         ;
+---------------------------------------------------------------------------------------------------------------------------------------------------------------+------+------------------+--------------+--------------+--------------+--------------+--------------+------------------------+-------------------------+------------------------+-------------------------+--------------+-----------------------------+-----------------------------+-----------------------------+-----------------------------+---------------------+-------------+-------+------+-----------------+---------------------+-----------------+-----------------+----------+------------------------+------------------+-----------------------+
; u0|intel_vvp_dil_0|intel_vvp_dil_0|line_buffer|resend_inst|line_buffer_l0_ram_inst|ram_gen[0].line_buffer_l0_ram_inst|auto_generated|altsyncram1|ALTSYNCRAM   ; M20K ; Simple Dual Port ; Single Clock ; 2048         ; 10           ; 2048         ; 10           ; yes                    ; no                      ; yes                    ; yes                     ; 20480        ; 2048                        ; 10                          ; 2048                        ; 10                          ; 20480               ; 1.000       ; 0.000 ; None ; M20K_X94_Y40_N0 ; Don't care          ; New data        ; New data        ; Off      ; No                     ;                  ; No - Address Too Wide ;
; u0|intel_vvp_dil_0|intel_vvp_dil_0|line_buffer|resend_inst|line_buffer_l0_ram_inst|ram_gen[1].line_buffer_l0_ram_inst|auto_generated|altsyncram1|ALTSYNCRAM   ; M20K ; Simple Dual Port ; Single Clock ; 2048         ; 10           ; 2048         ; 10           ; yes                    ; no                      ; yes                    ; yes                     ; 20480        ; 2048                        ; 10                          ; 2048                        ; 10                          ; 20480               ; 1.000       ; 0.000 ; None ; M20K_X94_Y38_N0 ; Don't care          ; New data        ; New data        ; Off      ; No                     ;                  ; No - Address Too Wide ;
; u0|intel_vvp_dil_0|intel_vvp_dil_0|line_buffer|resend_inst|line_buffer_l0_ram_inst|ram_gen[2].line_buffer_l0_ram_inst|auto_generated|altsyncram1|ALTSYNCRAM   ; M20K ; Simple Dual Port ; Single Clock ; 2048         ; 10           ; 2048         ; 10           ; yes                    ; no                      ; yes                    ; yes                     ; 20480        ; 2048                        ; 4                           ; 2048                        ; 4                           ; 8192                ; 1.000       ; 0.000 ; None ; M20K_X94_Y39_N0 ; Don't care          ; New data        ; New data        ; Off      ; No                     ;                  ; No - Address Too Wide ;
; u0|intel_vvp_dil_0|intel_vvp_dil_0|line_buffer|resend_inst|line_buffer_main_ram_inst|ram_gen[0].line_buffer_l0_ram_inst|auto_generated|altsyncram1|ALTSYNCRAM ; M20K ; Simple Dual Port ; Single Clock ; 2048         ; 10           ; 2048         ; 10           ; yes                    ; no                      ; yes                    ; yes                     ; 20480        ; 2048                        ; 10                          ; 2048                        ; 10                          ; 20480               ; 1.000       ; 0.000 ; None ; M20K_X94_Y42_N0 ; Don't care          ; New data        ; New data        ; Off      ; No                     ;                  ; No - Address Too Wide ;
; u0|intel_vvp_dil_0|intel_vvp_dil_0|line_buffer|resend_inst|line_buffer_main_ram_inst|ram_gen[1].line_buffer_l0_ram_inst|auto_generated|altsyncram1|ALTSYNCRAM ; M20K ; Simple Dual Port ; Single Clock ; 2048         ; 10           ; 2048         ; 10           ; yes                    ; no                      ; yes                    ; yes                     ; 20480        ; 2048                        ; 10                          ; 2048                        ; 10                          ; 20480               ; 1.000       ; 0.000 ; None ; M20K_X94_Y41_N0 ; Don't care          ; New data        ; New data        ; Off      ; No                     ;                  ; No - Address Too Wide ;
; u0|intel_vvp_dil_0|intel_vvp_dil_0|line_buffer|resend_inst|line_buffer_main_ram_inst|ram_gen[2].line_buffer_l0_ram_inst|auto_generated|altsyncram1|ALTSYNCRAM ; M20K ; Simple Dual Port ; Single Clock ; 2048         ; 10           ; 2048         ; 10           ; yes                    ; no                      ; yes                    ; yes                     ; 20480        ; 2048                        ; 4                           ; 2048                        ; 4                           ; 8192                ; 1.000       ; 0.000 ; None ; M20K_X94_Y43_N0 ; Don't care          ; New data        ; New data        ; Off      ; No                     ;                  ; No - Address Too Wide ;
+---------------------------------------------------------------------------------------------------------------------------------------------------------------+------+------------------+--------------+--------------+--------------+--------------+--------------+------------------------+-------------------------+------------------------+-------------------------+--------------+-----------------------------+-----------------------------+-----------------------------+-----------------------------+---------------------+-------------+-------+------+-----------------+---------------------+-----------------+-----------------+----------+------------------------+------------------+-----------------------+
Note: Fitter may spread logical memories into multiple blocks to improve timing. The actual required RAM blocks can be found in the Fitter Resource Usage section.


+-------------------------------------------------------------------------------------------------------------------------------------------------------------------------------------------------------------------------------------------------+
; Fitter Physical RAM Information                                                                                                                                                                                                                 ;
+-----------------------+-------------------------+-------------------------------+---------------------------------------------------------------------------------------------------------------------------------------------------------------+
; Physical RAM Location ; Physical RAM Usage Bits ; Physical RAM Usage Percentage ; Logical RAM Name                                                                                                                                              ;
+-----------------------+-------------------------+-------------------------------+---------------------------------------------------------------------------------------------------------------------------------------------------------------+
; M20K_X94_Y39_N0       ; 8192                    ; 40.0                          ; u0|intel_vvp_dil_0|intel_vvp_dil_0|line_buffer|resend_inst|line_buffer_l0_ram_inst|ram_gen[2].line_buffer_l0_ram_inst|auto_generated|altsyncram1|ALTSYNCRAM   ;
; M20K_X94_Y43_N0       ; 8192                    ; 40.0                          ; u0|intel_vvp_dil_0|intel_vvp_dil_0|line_buffer|resend_inst|line_buffer_main_ram_inst|ram_gen[2].line_buffer_l0_ram_inst|auto_generated|altsyncram1|ALTSYNCRAM ;
; M20K_X94_Y38_N0       ; 20480                   ; 100.0                         ; u0|intel_vvp_dil_0|intel_vvp_dil_0|line_buffer|resend_inst|line_buffer_l0_ram_inst|ram_gen[1].line_buffer_l0_ram_inst|auto_generated|altsyncram1|ALTSYNCRAM   ;
; M20K_X94_Y40_N0       ; 20480                   ; 100.0                         ; u0|intel_vvp_dil_0|intel_vvp_dil_0|line_buffer|resend_inst|line_buffer_l0_ram_inst|ram_gen[0].line_buffer_l0_ram_inst|auto_generated|altsyncram1|ALTSYNCRAM   ;
; M20K_X94_Y41_N0       ; 20480                   ; 100.0                         ; u0|intel_vvp_dil_0|intel_vvp_dil_0|line_buffer|resend_inst|line_buffer_main_ram_inst|ram_gen[1].line_buffer_l0_ram_inst|auto_generated|altsyncram1|ALTSYNCRAM ;
; M20K_X94_Y42_N0       ; 20480                   ; 100.0                         ; u0|intel_vvp_dil_0|intel_vvp_dil_0|line_buffer|resend_inst|line_buffer_main_ram_inst|ram_gen[0].line_buffer_l0_ram_inst|auto_generated|altsyncram1|ALTSYNCRAM ;
+-----------------------+-------------------------+-------------------------------+---------------------------------------------------------------------------------------------------------------------------------------------------------------+
Note: This table shows up to 500 physical rams that are least utilized. You can change this number by setting PHYSICAL_RAM_RPT_MAX_ROW in qsf file.


+-----------------------------------------------+
; Fitter DSP Block Usage Summary                ;
+---------------------------------+-------------+
; Statistic                       ; Number Used ;
+---------------------------------+-------------+
; Sum of Two 18x18                ; 3           ;
; Total number of DSP blocks      ; 3           ;
; Fixed Point Unsigned Multiplier ; 6           ;
+---------------------------------+-------------+


+--------------------------------------------------------------------------------------------+
; Fitter Resource Usage Summary                                                              ;
+-------------------------------------------------------------+----------------------+-------+
; Resource                                                    ; Usage                ; %     ;
+-------------------------------------------------------------+----------------------+-------+
; Usage Report Generated after: Finalize                      ;                      ;       ;
;                                                             ;                      ;       ;
; Logic utilization (ALMs needed / total ALMs on device)      ; 609 / 80,330         ; < 1 % ;
; ALMs needed [=A-B+C]                                        ; 609                  ;       ;
;     [A] ALMs used in final placement [=a+b+c+d]             ; 734 / 80,330         ; < 1 % ;
;         [a] ALMs used for LUT logic and registers           ; 327                  ;       ;
;         [b] ALMs used for LUT logic                         ; 248                  ;       ;
;         [c] ALMs used for registers                         ; 159                  ;       ;
;         [d] ALMs used for memory (up to half of total ALMs) ; 0                    ;       ;
;     [B] Estimate of ALMs recoverable by dense packing       ; 128 / 80,330         ; < 1 % ;
;     [C] Estimate of ALMs unavailable [=a+b+c+d]             ; 3 / 80,330           ; < 1 % ;
;         [a] Due to location constrained logic               ; 0                    ;       ;
;         [b] Due to LAB-wide signal conflicts                ; 0                    ;       ;
;         [c] Due to LAB input limits                         ; 3                    ;       ;
;         [d] Due to virtual I/Os                             ; 0                    ;       ;
;                                                             ;                      ;       ;
; Difficulty packing design                                   ; Low                  ;       ;
;                                                             ;                      ;       ;
; Total LABs:  partially or completely used                   ; 98 / 8,033           ; 1 %   ;
;     -- Logic LABs                                           ; 98                   ;       ;
;     -- Memory LABs (up to half of total LABs)               ; 0                    ;       ;
;                                                             ;                      ;       ;
; Combinational ALUT usage for logic                          ; 975                  ;       ;
;     -- 7 input functions                                    ; 9                    ;       ;
;     -- 6 input functions                                    ; 164                  ;       ;
;     -- 5 input functions                                    ; 102                  ;       ;
;     -- 4 input functions                                    ; 80                   ;       ;
;     -- <=3 input functions                                  ; 620                  ;       ;
; Combinational ALUT usage for route-throughs                 ; 206                  ;       ;
;                                                             ;                      ;       ;
; Dedicated logic registers                                   ; 1,056                ;       ;
;     -- By type:                                             ;                      ;       ;
;         -- Primary logic registers                          ; 971 / 160,660        ; < 1 % ;
;         -- Secondary logic registers                        ; 85 / 160,660         ; < 1 % ;
;     -- By function:                                         ;                      ;       ;
;         -- Design implementation registers                  ; 1,056                ;       ;
;         -- Routing optimization registers                   ; 0                    ;       ;
;                                                             ;                      ;       ;
; ALMs adjustment for power estimation                        ; 93                   ;       ;
;                                                             ;                      ;       ;
; Virtual pins                                                ; 0                    ;       ;
; I/O pins                                                    ; 32 / 284             ; 11 %  ;
;     -- Clock pins                                           ; 1 / 14               ; 7 %   ;
;     -- Dedicated input pins                                 ; 0 / 31               ; 0 %   ;
;                                                             ;                      ;       ;
; M20K blocks                                                 ; 6 / 587              ; 1 %   ;
; Total MLAB memory bits                                      ; 0                    ;       ;
; Total block memory bits                                     ; 98,304 / 12,021,760  ; < 1 % ;
;                                                             ;                      ;       ;
; DSP Blocks Needed [=A+B+C-D]                                ; 3 / 192              ; 2 %   ;
;     [A] Total Fixed Point DSP Blocks                        ; 3                    ;       ;
;     [B] Total Floating Point DSP Blocks                     ; 0                    ;       ;
;     [C] Total DSP_PRIME Blocks                              ; 0                    ;       ;
;     [D] Estimate of DSP Blocks recoverable by dense merging ; 0                    ;       ;
;                                                             ;                      ;       ;
; IOPLLs                                                      ; 0 / 6                ; 0 %   ;
; FPLLs                                                       ; 0 / 4                ; 0 %   ;
; Global signals                                              ; 0                    ;       ;
;     -- Global clocks                                        ; 0 / 32               ; 0 %   ;
;     -- Regional clocks                                      ; 0 / 8                ; 0 %   ;
;     -- Periphery clocks                                     ; 0 / 144              ; 0 %   ;
; JTAGs                                                       ; 0 / 1                ; 0 %   ;
; ASMI blocks                                                 ; 0 / 1                ; 0 %   ;
; CRC blocks                                                  ; 0 / 1                ; 0 %   ;
; Remote update blocks                                        ; 0 / 1                ; 0 %   ;
; Oscillator blocks                                           ; 0 / 1                ; 0 %   ;
; PCIe Hard IPs                                               ; 0 / 1                ; 0 %   ;
; HSSI RX PCSs                                                ; 0 / 10               ; 0 %   ;
; HSSI PMA RX DESERs                                          ; 0 / 10               ; 0 %   ;
; HSSI TX PCSs                                                ; 0 / 10               ; 0 %   ;
; HSSI PMA TX SERs                                            ; 0 / 10               ; 0 %   ;
; HSSI CDR PLL                                                ; 0 / 10               ; 0 %   ;
;     -- CDR PLLs for Unused RX Clock Workaround              ; 0 / 10               ; 0 %   ;
; HSSI ATX PLL                                                ; 0 / 3                ; 0 %   ;
; Impedance control blocks                                    ; 0 / 7                ; 0 %   ;
; Average interconnect usage (total/H/V)                      ; 3.4% / 4.6% / 1.5%   ;       ;
; Peak interconnect usage (total/H/V)                         ; 10.4% / 13.5% / 9.0% ;       ;
; Maximum fan-out                                             ; 196                  ;       ;
; Highest non-global fan-out                                  ; 196                  ;       ;
; Total fan-out                                               ; 6966                 ;       ;
; Average fan-out                                             ; 3.26                 ;       ;
+-------------------------------------------------------------+----------------------+-------+
The Fitter Resource Usage Summary report displays a detailed analysis of logic utilization based on calculations of ALM usage. Refer to <a class="xref" href="https://www.intel.com/content/www/us/en/programmable/quartushelp/current/index.htm#mapIdTopics/mwh1465496451103.htm" target="_blank">Fitter Resource Usage Summary Report</a> in the <i>Intel® Quartus® Prime Pro Edition Help</i> for more information.


+------------------------------------------------------------------------------------------------------------------------------------------------------------------------------------------------------------------------------------------------------------------------------------------------------------------------------------------------------------------------------------------------------------------------------------------------------------------------------------------------------------------------------------------------------------------------------------------------------------------------------------------------------------------------------------------------------------------------------------------------------------------+
; Fitter Resource Utilization by Entity                                                                                                                                                                                                                                                                                                                                                                                                                                                                                                                                                                                                                                                                                                                            ;
+---------------------------------------------------------------------------+----------------------+----------------------------------+---------------------------------------------------+----------------------------------+----------------------+---------------------+---------------------------+---------------+-------------------+-------+--------------------------+----------------------------------------+---------------------------------------------------+------+--------------+--------+----------------------------------------------------------------------------------------------------------------------------------------------------+-----------------------------------------------------------+----------------------------------------+
; Compilation Hierarchy Node                                                ; ALMs needed [=A-B+C] ; [A] ALMs used in final placement ; [B] Estimate of ALMs recoverable by dense packing ; [C] Estimate of ALMs unavailable ; ALMs used for memory ; Combinational ALUTs ; Dedicated Logic Registers ; I/O Registers ; Block Memory Bits ; M20Ks ; DSP Blocks needed [=A-B] ; [A] DSP Blocks used in final placement ; [B] Estimate of DSPs recoverable by dense merging ; Pins ; Virtual Pins ; IOPLLs ; Full Hierarchy Name                                                                                                                                ; Entity Name                                               ; Library Name                           ;
+---------------------------------------------------------------------------+----------------------+----------------------------------+---------------------------------------------------+----------------------------------+----------------------+---------------------+---------------------------+---------------+-------------------+-------+--------------------------+----------------------------------------+---------------------------------------------------+------+--------------+--------+----------------------------------------------------------------------------------------------------------------------------------------------------+-----------------------------------------------------------+----------------------------------------+
; |                                                                         ; 608.5 (0.5)          ; 733.0 (0.5)                      ; 127.5 (0.0)                                       ; 3.0 (0.0)                        ; 0.0 (0.0)            ; 975 (1)             ; 1056 (0)                  ; 0 (0)         ; 98304             ; 6     ; 3                        ; 3                                      ; 0                                                 ; 64   ; 0            ; 0 (0)  ; |                                                                                                                                                  ; top                                                       ; altera_work                            ;
;    |u0|                                                                   ; 608.0 (0.0)          ; 732.5 (0.0)                      ; 127.5 (0.0)                                       ; 3.0 (0.0)                        ; 0.0 (0.0)            ; 974 (0)             ; 1056 (0)                  ; 0 (0)         ; 98304             ; 6     ; 3                        ; 3                                      ; 0                                                 ; 0    ; 0            ; 0 (0)  ; u0                                                                                                                                                 ; pl_sys                                                    ; pl_sys                                 ;
;       |intel_vvp_adv_tpg_0|                                               ; 323.2 (0.0)          ; 352.1 (0.0)                      ; 31.3 (0.0)                                        ; 2.5 (0.0)                        ; 0.0 (0.0)            ; 513 (0)             ; 425 (0)                   ; 0 (0)         ; 0                 ; 0     ; 3                        ; 3                                      ; 0                                                 ; 0    ; 0            ; 0 (0)  ; u0|intel_vvp_adv_tpg_0                                                                                                                             ; pl_sys_intel_vvp_adv_tpg_0                                ; pl_sys_intel_vvp_adv_tpg_0             ;
;          |intel_vvp_adv_tpg_0|                                            ; 323.2 (0.0)          ; 352.1 (0.0)                      ; 31.3 (0.0)                                        ; 2.5 (0.0)                        ; 0.0 (0.0)            ; 513 (0)             ; 425 (0)                   ; 0 (0)         ; 0                 ; 0     ; 3                        ; 3                                      ; 0                                                 ; 0    ; 0            ; 0 (0)  ; u0|intel_vvp_adv_tpg_0|intel_vvp_adv_tpg_0                                                                                                         ; pl_sys_intel_vvp_adv_tpg_0_intel_vvp_adv_tpg_2451_7zqrhlq ; intel_vvp_adv_tpg_2451                 ;
;             |core_inst_0|                                                 ; 33.0 (31.3)          ; 35.8 (33.7)                      ; 3.8 (3.4)                                         ; 1.0 (1.0)                        ; 0.0 (0.0)            ; 56 (52)             ; 57 (57)                   ; 0 (0)         ; 0                 ; 0     ; 0                        ; 0                                      ; 0                                                 ; 0    ; 0            ; 0 (0)  ; u0|intel_vvp_adv_tpg_0|intel_vvp_adv_tpg_0|core_inst_0                                                                                             ; intel_vvp_tpg_bars_algo_comp                              ; intel_vvp_tpg_bars_algo_comp_2451      ;
;                |dout_master_inst|                                         ; 0.7 (0.7)            ; 0.7 (0.7)                        ; 0.0 (0.0)                                         ; 0.0 (0.0)                        ; 0.0 (0.0)            ; 1 (1)               ; 0 (0)                     ; 0 (0)         ; 0                 ; 0     ; 0                        ; 0                                      ; 0                                                 ; 0    ; 0            ; 0 (0)  ; u0|intel_vvp_adv_tpg_0|intel_vvp_adv_tpg_0|core_inst_0|dout_master_inst                                                                            ; intel_vvp_axi_master                                      ; intel_vvp_tpg_bars_algo_comp_2451      ;
;                |pip_gen[0].col_gen[0].bar_lut|                            ; 0.2 (0.2)            ; 0.5 (0.5)                        ; 0.2 (0.2)                                         ; 0.0 (0.0)                        ; 0.0 (0.0)            ; 1 (1)               ; 0 (0)                     ; 0 (0)         ; 0                 ; 0     ; 0                        ; 0                                      ; 0                                                 ; 0    ; 0            ; 0 (0)  ; u0|intel_vvp_adv_tpg_0|intel_vvp_adv_tpg_0|core_inst_0|pip_gen[0].col_gen[0].bar_lut                                                               ; intel_vvp_tpg_bars_algo_comp_lut                          ; intel_vvp_tpg_bars_algo_comp_2451      ;
;                |pip_gen[0].col_gen[1].bar_lut|                            ; 0.2 (0.2)            ; 0.5 (0.5)                        ; 0.2 (0.2)                                         ; 0.0 (0.0)                        ; 0.0 (0.0)            ; 1 (1)               ; 0 (0)                     ; 0 (0)         ; 0                 ; 0     ; 0                        ; 0                                      ; 0                                                 ; 0    ; 0            ; 0 (0)  ; u0|intel_vvp_adv_tpg_0|intel_vvp_adv_tpg_0|core_inst_0|pip_gen[0].col_gen[1].bar_lut                                                               ; intel_vvp_tpg_bars_algo_comp_lut                          ; intel_vvp_tpg_bars_algo_comp_2451      ;
;                |pip_gen[0].col_gen[2].bar_lut|                            ; 0.2 (0.2)            ; 0.5 (0.5)                        ; 0.2 (0.2)                                         ; 0.0 (0.0)                        ; 0.0 (0.0)            ; 1 (1)               ; 0 (0)                     ; 0 (0)         ; 0                 ; 0     ; 0                        ; 0                                      ; 0                                                 ; 0    ; 0            ; 0 (0)  ; u0|intel_vvp_adv_tpg_0|intel_vvp_adv_tpg_0|core_inst_0|pip_gen[0].col_gen[2].bar_lut                                                               ; intel_vvp_tpg_bars_algo_comp_lut                          ; intel_vvp_tpg_bars_algo_comp_2451      ;
;             |core_inst_1|                                                 ; 46.9 (39.9)          ; 49.0 (40.2)                      ; 2.2 (0.3)                                         ; 0.0 (0.0)                        ; 0.0 (0.0)            ; 73 (58)             ; 72 (72)                   ; 0 (0)         ; 0                 ; 0     ; 0                        ; 0                                      ; 0                                                 ; 0    ; 0            ; 0 (0)  ; u0|intel_vvp_adv_tpg_0|intel_vvp_adv_tpg_0|core_inst_1                                                                                             ; intel_vvp_tpg_bars_algo_comp                              ; intel_vvp_tpg_bars_algo_comp_2451      ;
;                |dout_master_inst|                                         ; 0.8 (0.8)            ; 0.8 (0.8)                        ; 0.0 (0.0)                                         ; 0.0 (0.0)                        ; 0.0 (0.0)            ; 2 (2)               ; 0 (0)                     ; 0 (0)         ; 0                 ; 0     ; 0                        ; 0                                      ; 0                                                 ; 0    ; 0            ; 0 (0)  ; u0|intel_vvp_adv_tpg_0|intel_vvp_adv_tpg_0|core_inst_1|dout_master_inst                                                                            ; intel_vvp_axi_master                                      ; intel_vvp_tpg_bars_algo_comp_2451      ;
;                |pip_gen[0].col_gen[0].bar_lut|                            ; 2.2 (2.2)            ; 3.7 (3.7)                        ; 1.5 (1.5)                                         ; 0.0 (0.0)                        ; 0.0 (0.0)            ; 7 (7)               ; 0 (0)                     ; 0 (0)         ; 0                 ; 0     ; 0                        ; 0                                      ; 0                                                 ; 0    ; 0            ; 0 (0)  ; u0|intel_vvp_adv_tpg_0|intel_vvp_adv_tpg_0|core_inst_1|pip_gen[0].col_gen[0].bar_lut                                                               ; intel_vvp_tpg_bars_algo_comp_lut                          ; intel_vvp_tpg_bars_algo_comp_2451      ;
;                |pip_gen[0].col_gen[1].bar_lut|                            ; 2.0 (2.0)            ; 2.0 (2.0)                        ; 0.0 (0.0)                                         ; 0.0 (0.0)                        ; 0.0 (0.0)            ; 3 (3)               ; 0 (0)                     ; 0 (0)         ; 0                 ; 0     ; 0                        ; 0                                      ; 0                                                 ; 0    ; 0            ; 0 (0)  ; u0|intel_vvp_adv_tpg_0|intel_vvp_adv_tpg_0|core_inst_1|pip_gen[0].col_gen[1].bar_lut                                                               ; intel_vvp_tpg_bars_algo_comp_lut                          ; intel_vvp_tpg_bars_algo_comp_2451      ;
;                |pip_gen[0].col_gen[2].bar_lut|                            ; 2.0 (2.0)            ; 2.3 (2.3)                        ; 0.3 (0.3)                                         ; 0.0 (0.0)                        ; 0.0 (0.0)            ; 3 (3)               ; 0 (0)                     ; 0 (0)         ; 0                 ; 0     ; 0                        ; 0                                      ; 0                                                 ; 0    ; 0            ; 0 (0)  ; u0|intel_vvp_adv_tpg_0|intel_vvp_adv_tpg_0|core_inst_1|pip_gen[0].col_gen[2].bar_lut                                                               ; intel_vvp_tpg_bars_algo_comp_lut                          ; intel_vvp_tpg_bars_algo_comp_2451      ;
;             |main_rst_bridge|                                             ; 0.3 (0.3)            ; 1.0 (1.0)                        ; 0.7 (0.7)                                         ; 0.0 (0.0)                        ; 0.0 (0.0)            ; 0 (0)               ; 3 (3)                     ; 0 (0)         ; 0                 ; 0     ; 0                        ; 0                                      ; 0                                                 ; 0    ; 0            ; 0 (0)  ; u0|intel_vvp_adv_tpg_0|intel_vvp_adv_tpg_0|main_rst_bridge                                                                                         ; intel_vvp_reset_sync                                      ; intel_vvp_reset_sync_2440              ;
;             |mixer_inst_0|                                                ; 110.5 (0.0)          ; 113.2 (0.0)                      ; 2.7 (0.0)                                         ; 0.0 (0.0)                        ; 0.0 (0.0)            ; 192 (0)             ; 61 (0)                    ; 0 (0)         ; 0                 ; 0     ; 3                        ; 3                                      ; 0                                                 ; 0    ; 0            ; 0 (0)  ; u0|intel_vvp_adv_tpg_0|intel_vvp_adv_tpg_0|mixer_inst_0                                                                                            ; intel_vvp_mixer_algo_comp                                 ; intel_vvp_mixer_algo_comp_2451         ;
;                |dout_master_inst|                                         ; 0.7 (0.7)            ; 0.7 (0.7)                        ; 0.0 (0.0)                                         ; 0.0 (0.0)                        ; 0.0 (0.0)            ; 1 (1)               ; 0 (0)                     ; 0 (0)         ; 0                 ; 0     ; 0                        ; 0                                      ; 0                                                 ; 0    ; 0            ; 0 (0)  ; u0|intel_vvp_adv_tpg_0|intel_vvp_adv_tpg_0|mixer_inst_0|dout_master_inst                                                                           ; intel_vvp_axi_master                                      ; intel_vvp_mixer_algo_comp_2451         ;
;                |dp_inst|                                                  ; 109.5 (58.0)         ; 112.6 (61.9)                     ; 3.1 (3.9)                                         ; 0.0 (0.0)                        ; 0.0 (0.0)            ; 191 (83)            ; 61 (37)                   ; 0 (0)         ; 0                 ; 0     ; 3                        ; 3                                      ; 0                                                 ; 0    ; 0            ; 0 (0)  ; u0|intel_vvp_adv_tpg_0|intel_vvp_adv_tpg_0|mixer_inst_0|dp_inst                                                                                    ; intel_vvp_mixer_algo_comp_dp                              ; intel_vvp_mixer_algo_comp_2451         ;
;                   |blended_pixel_gen[0].blended_col_gen[0].mult_add_inst| ; 12.3 (0.0)           ; 12.3 (0.0)                       ; 0.0 (0.0)                                         ; 0.0 (0.0)                        ; 0.0 (0.0)            ; 28 (0)              ; 0 (0)                     ; 0 (0)         ; 0                 ; 0     ; 1                        ; 1                                      ; 0                                                 ; 0    ; 0            ; 0 (0)  ; u0|intel_vvp_adv_tpg_0|intel_vvp_adv_tpg_0|mixer_inst_0|dp_inst|blended_pixel_gen[0].blended_col_gen[0].mult_add_inst                              ; intel_vvp_mult_add                                        ; intel_vvp_mixer_algo_comp_2451         ;
;                      |partial_gen[0].mult_2_inst|                         ; 12.3 (12.3)          ; 12.3 (12.3)                      ; 0.0 (0.0)                                         ; 0.0 (0.0)                        ; 0.0 (0.0)            ; 28 (28)             ; 0 (0)                     ; 0 (0)         ; 0                 ; 0     ; 1                        ; 1                                      ; 0                                                 ; 0    ; 0            ; 0 (0)  ; u0|intel_vvp_adv_tpg_0|intel_vvp_adv_tpg_0|mixer_inst_0|dp_inst|blended_pixel_gen[0].blended_col_gen[0].mult_add_inst|partial_gen[0].mult_2_inst   ; intel_vvp_2_mult_add                                      ; intel_vvp_mixer_algo_comp_2451         ;
;                   |blended_pixel_gen[0].blended_col_gen[0].round_inst|    ; 4.0 (4.0)            ; 4.0 (4.0)                        ; 0.0 (0.0)                                         ; 0.0 (0.0)                        ; 0.0 (0.0)            ; 8 (8)               ; 8 (8)                     ; 0 (0)         ; 0                 ; 0     ; 0                        ; 0                                      ; 0                                                 ; 0    ; 0            ; 0 (0)  ; u0|intel_vvp_adv_tpg_0|intel_vvp_adv_tpg_0|mixer_inst_0|dp_inst|blended_pixel_gen[0].blended_col_gen[0].round_inst                                 ; intel_vvp_round_sat                                       ; intel_vvp_mixer_algo_comp_2451         ;
;                   |blended_pixel_gen[0].blended_col_gen[1].mult_add_inst| ; 13.0 (0.0)           ; 13.5 (0.0)                       ; 0.5 (0.0)                                         ; 0.0 (0.0)                        ; 0.0 (0.0)            ; 28 (0)              ; 0 (0)                     ; 0 (0)         ; 0                 ; 0     ; 1                        ; 1                                      ; 0                                                 ; 0    ; 0            ; 0 (0)  ; u0|intel_vvp_adv_tpg_0|intel_vvp_adv_tpg_0|mixer_inst_0|dp_inst|blended_pixel_gen[0].blended_col_gen[1].mult_add_inst                              ; intel_vvp_mult_add                                        ; intel_vvp_mixer_algo_comp_2451         ;
;                      |partial_gen[0].mult_2_inst|                         ; 13.0 (13.0)          ; 13.5 (13.5)                      ; 0.5 (0.5)                                         ; 0.0 (0.0)                        ; 0.0 (0.0)            ; 28 (28)             ; 0 (0)                     ; 0 (0)         ; 0                 ; 0     ; 1                        ; 1                                      ; 0                                                 ; 0    ; 0            ; 0 (0)  ; u0|intel_vvp_adv_tpg_0|intel_vvp_adv_tpg_0|mixer_inst_0|dp_inst|blended_pixel_gen[0].blended_col_gen[1].mult_add_inst|partial_gen[0].mult_2_inst   ; intel_vvp_2_mult_add                                      ; intel_vvp_mixer_algo_comp_2451         ;
;                   |blended_pixel_gen[0].blended_col_gen[1].round_inst|    ; 4.0 (4.0)            ; 4.0 (4.0)                        ; 0.0 (0.0)                                         ; 0.0 (0.0)                        ; 0.0 (0.0)            ; 8 (8)               ; 8 (8)                     ; 0 (0)         ; 0                 ; 0     ; 0                        ; 0                                      ; 0                                                 ; 0    ; 0            ; 0 (0)  ; u0|intel_vvp_adv_tpg_0|intel_vvp_adv_tpg_0|mixer_inst_0|dp_inst|blended_pixel_gen[0].blended_col_gen[1].round_inst                                 ; intel_vvp_round_sat                                       ; intel_vvp_mixer_algo_comp_2451         ;
;                   |blended_pixel_gen[0].blended_col_gen[2].mult_add_inst| ; 12.8 (0.0)           ; 12.8 (0.0)                       ; 0.0 (0.0)                                         ; 0.0 (0.0)                        ; 0.0 (0.0)            ; 28 (0)              ; 0 (0)                     ; 0 (0)         ; 0                 ; 0     ; 1                        ; 1                                      ; 0                                                 ; 0    ; 0            ; 0 (0)  ; u0|intel_vvp_adv_tpg_0|intel_vvp_adv_tpg_0|mixer_inst_0|dp_inst|blended_pixel_gen[0].blended_col_gen[2].mult_add_inst                              ; intel_vvp_mult_add                                        ; intel_vvp_mixer_algo_comp_2451         ;
;                      |partial_gen[0].mult_2_inst|                         ; 12.8 (12.8)          ; 12.8 (12.8)                      ; 0.0 (0.0)                                         ; 0.0 (0.0)                        ; 0.0 (0.0)            ; 28 (28)             ; 0 (0)                     ; 0 (0)         ; 0                 ; 0     ; 1                        ; 1                                      ; 0                                                 ; 0    ; 0            ; 0 (0)  ; u0|intel_vvp_adv_tpg_0|intel_vvp_adv_tpg_0|mixer_inst_0|dp_inst|blended_pixel_gen[0].blended_col_gen[2].mult_add_inst|partial_gen[0].mult_2_inst   ; intel_vvp_2_mult_add                                      ; intel_vvp_mixer_algo_comp_2451         ;
;                   |blended_pixel_gen[0].blended_col_gen[2].round_inst|    ; 4.0 (4.0)            ; 4.0 (4.0)                        ; 0.0 (0.0)                                         ; 0.0 (0.0)                        ; 0.0 (0.0)            ; 8 (8)               ; 8 (8)                     ; 0 (0)         ; 0                 ; 0     ; 0                        ; 0                                      ; 0                                                 ; 0    ; 0            ; 0 (0)  ; u0|intel_vvp_adv_tpg_0|intel_vvp_adv_tpg_0|mixer_inst_0|dp_inst|blended_pixel_gen[0].blended_col_gen[2].round_inst                                 ; intel_vvp_round_sat                                       ; intel_vvp_mixer_algo_comp_2451         ;
;             |out_bridge|                                                  ; 14.8 (13.3)          ; 19.4 (17.8)                      ; 4.6 (4.5)                                         ; 0.0 (0.0)                        ; 0.0 (0.0)            ; 10 (7)              ; 30 (30)                   ; 0 (0)         ; 0                 ; 0     ; 0                        ; 0                                      ; 0                                                 ; 0    ; 0            ; 0 (0)  ; u0|intel_vvp_adv_tpg_0|intel_vvp_adv_tpg_0|out_bridge                                                                                              ; intel_vvp_output_interface_bridge                         ; intel_vvp_output_interface_bridge_2440 ;
;                |ccd_master_inst|                                          ; 1.5 (1.5)            ; 1.6 (1.6)                        ; 0.1 (0.1)                                         ; 0.0 (0.0)                        ; 0.0 (0.0)            ; 3 (3)               ; 0 (0)                     ; 0 (0)         ; 0                 ; 0     ; 0                        ; 0                                      ; 0                                                 ; 0    ; 0            ; 0 (0)  ; u0|intel_vvp_adv_tpg_0|intel_vvp_adv_tpg_0|out_bridge|ccd_master_inst                                                                              ; intel_vvp_axi_master                                      ; intel_vvp_output_interface_bridge_2440 ;
;             |scheduler|                                                   ; 117.7 (102.5)        ; 133.6 (111.1)                    ; 17.3 (9.7)                                        ; 1.5 (1.1)                        ; 0.0 (0.0)            ; 182 (168)           ; 202 (159)                 ; 0 (0)         ; 0                 ; 0     ; 0                        ; 0                                      ; 0                                                 ; 0    ; 0            ; 0 (0)  ; u0|intel_vvp_adv_tpg_0|intel_vvp_adv_tpg_0|scheduler                                                                                               ; intel_vvp_adv_tpg_scheduler                               ; intel_vvp_adv_tpg_scheduler_2451       ;
;                |mixer_cmd_gen[0].mixer_cmd_master_inst|                   ; 2.0 (0.0)            ; 2.8 (0.0)                        ; 0.8 (0.0)                                         ; 0.0 (0.0)                        ; 0.0 (0.0)            ; 4 (0)               ; 4 (0)                     ; 0 (0)         ; 0                 ; 0     ; 0                        ; 0                                      ; 0                                                 ; 0    ; 0            ; 0 (0)  ; u0|intel_vvp_adv_tpg_0|intel_vvp_adv_tpg_0|scheduler|mixer_cmd_gen[0].mixer_cmd_master_inst                                                        ; intel_vvp_axi_master                                      ; intel_vvp_adv_tpg_scheduler_2451       ;
;                   |pipe_bridge_inst|                                      ; 2.0 (2.0)            ; 2.8 (2.8)                        ; 0.8 (0.8)                                         ; 0.0 (0.0)                        ; 0.0 (0.0)            ; 4 (4)               ; 4 (4)                     ; 0 (0)         ; 0                 ; 0     ; 0                        ; 0                                      ; 0                                                 ; 0    ; 0            ; 0 (0)  ; u0|intel_vvp_adv_tpg_0|intel_vvp_adv_tpg_0|scheduler|mixer_cmd_gen[0].mixer_cmd_master_inst|pipe_bridge_inst                                       ; intel_vvp_axi_pipeline_stage                              ; intel_vvp_adv_tpg_scheduler_2451       ;
;                |tpg_core_cmd_gen[0].core_cmd_master_inst|                 ; 2.8 (0.0)            ; 3.5 (0.0)                        ; 0.7 (0.0)                                         ; 0.0 (0.0)                        ; 0.0 (0.0)            ; 5 (0)               ; 6 (0)                     ; 0 (0)         ; 0                 ; 0     ; 0                        ; 0                                      ; 0                                                 ; 0    ; 0            ; 0 (0)  ; u0|intel_vvp_adv_tpg_0|intel_vvp_adv_tpg_0|scheduler|tpg_core_cmd_gen[0].core_cmd_master_inst                                                      ; intel_vvp_axi_master                                      ; intel_vvp_adv_tpg_scheduler_2451       ;
;                   |pipe_bridge_inst|                                      ; 2.8 (2.8)            ; 3.5 (3.5)                        ; 0.7 (0.7)                                         ; 0.0 (0.0)                        ; 0.0 (0.0)            ; 5 (5)               ; 6 (6)                     ; 0 (0)         ; 0                 ; 0     ; 0                        ; 0                                      ; 0                                                 ; 0    ; 0            ; 0 (0)  ; u0|intel_vvp_adv_tpg_0|intel_vvp_adv_tpg_0|scheduler|tpg_core_cmd_gen[0].core_cmd_master_inst|pipe_bridge_inst                                     ; intel_vvp_axi_pipeline_stage                              ; intel_vvp_adv_tpg_scheduler_2451       ;
;                |tpg_core_cmd_gen[1].core_cmd_master_inst|                 ; 10.4 (0.0)           ; 16.2 (0.0)                       ; 6.2 (0.0)                                         ; 0.4 (0.0)                        ; 0.0 (0.0)            ; 5 (0)               ; 33 (0)                    ; 0 (0)         ; 0                 ; 0     ; 0                        ; 0                                      ; 0                                                 ; 0    ; 0            ; 0 (0)  ; u0|intel_vvp_adv_tpg_0|intel_vvp_adv_tpg_0|scheduler|tpg_core_cmd_gen[1].core_cmd_master_inst                                                      ; intel_vvp_axi_master                                      ; intel_vvp_adv_tpg_scheduler_2451       ;
;                   |pipe_bridge_inst|                                      ; 10.4 (10.4)          ; 16.2 (16.2)                      ; 6.2 (6.2)                                         ; 0.4 (0.4)                        ; 0.0 (0.0)            ; 5 (5)               ; 33 (33)                   ; 0 (0)         ; 0                 ; 0     ; 0                        ; 0                                      ; 0                                                 ; 0    ; 0            ; 0 (0)  ; u0|intel_vvp_adv_tpg_0|intel_vvp_adv_tpg_0|scheduler|tpg_core_cmd_gen[1].core_cmd_master_inst|pipe_bridge_inst                                     ; intel_vvp_axi_pipeline_stage                              ; intel_vvp_adv_tpg_scheduler_2451       ;
;       |intel_vvp_dil_0|                                                   ; 284.5 (0.0)          ; 379.2 (0.0)                      ; 95.2 (0.0)                                        ; 0.5 (0.0)                        ; 0.0 (0.0)            ; 461 (0)             ; 628 (0)                   ; 0 (0)         ; 98304             ; 6     ; 0                        ; 0                                      ; 0                                                 ; 0    ; 0            ; 0 (0)  ; u0|intel_vvp_dil_0                                                                                                                                 ; pl_sys_intel_vvp_dil_0                                    ; pl_sys_intel_vvp_dil_0                 ;
;          |intel_vvp_dil_0|                                                ; 284.5 (0.0)          ; 379.2 (0.0)                      ; 95.2 (0.0)                                        ; 0.5 (0.0)                        ; 0.0 (0.0)            ; 461 (0)             ; 628 (0)                   ; 0 (0)         ; 98304             ; 6     ; 0                        ; 0                                      ; 0                                                 ; 0    ; 0            ; 0 (0)  ; u0|intel_vvp_dil_0|intel_vvp_dil_0                                                                                                                 ; pl_sys_intel_vvp_dil_0_intel_vvp_dil_2451_zskkody         ; intel_vvp_dil_2451                     ;
;             |algo_comp|                                                   ; 50.7 (50.7)          ; 51.5 (51.5)                      ; 1.3 (1.3)                                         ; 0.5 (0.5)                        ; 0.0 (0.0)            ; 93 (93)             ; 86 (86)                   ; 0 (0)         ; 0                 ; 0     ; 0                        ; 0                                      ; 0                                                 ; 0    ; 0            ; 0 (0)  ; u0|intel_vvp_dil_0|intel_vvp_dil_0|algo_comp                                                                                                       ; intel_vvp_dil_bob_algo_comp                               ; intel_vvp_dil_bob_algo_comp_2451       ;
;             |duplicator|                                                  ; 5.0 (3.7)            ; 24.3 (22.8)                      ; 19.3 (19.2)                                       ; 0.0 (0.0)                        ; 0.0 (0.0)            ; 6 (4)               ; 56 (56)                   ; 0 (0)         ; 0                 ; 0     ; 0                        ; 0                                      ; 0                                                 ; 0    ; 0            ; 0 (0)  ; u0|intel_vvp_dil_0|intel_vvp_dil_0|duplicator                                                                                                      ; intel_vvp_pkt_duplicator                                  ; intel_vvp_pkt_duplicator_2450          ;
;                |output_gen[0].ccd_master_inst|                            ; 1.0 (1.0)            ; 1.0 (1.0)                        ; 0.0 (0.0)                                         ; 0.0 (0.0)                        ; 0.0 (0.0)            ; 1 (1)               ; 0 (0)                     ; 0 (0)         ; 0                 ; 0     ; 0                        ; 0                                      ; 0                                                 ; 0    ; 0            ; 0 (0)  ; u0|intel_vvp_dil_0|intel_vvp_dil_0|duplicator|output_gen[0].ccd_master_inst                                                                        ; intel_vvp_axi_master                                      ; intel_vvp_pkt_duplicator_2450          ;
;                |output_gen[1].ccd_master_inst|                            ; 0.3 (0.3)            ; 0.5 (0.5)                        ; 0.2 (0.2)                                         ; 0.0 (0.0)                        ; 0.0 (0.0)            ; 1 (1)               ; 0 (0)                     ; 0 (0)         ; 0                 ; 0     ; 0                        ; 0                                      ; 0                                                 ; 0    ; 0            ; 0 (0)  ; u0|intel_vvp_dil_0|intel_vvp_dil_0|duplicator|output_gen[1].ccd_master_inst                                                                        ; intel_vvp_axi_master                                      ; intel_vvp_pkt_duplicator_2450          ;
;             |iib|                                                         ; 11.5 (9.8)           ; 28.6 (26.9)                      ; 17.1 (17.1)                                       ; 0.0 (0.0)                        ; 0.0 (0.0)            ; 15 (13)             ; 50 (50)                   ; 0 (0)         ; 0                 ; 0     ; 0                        ; 0                                      ; 0                                                 ; 0    ; 0            ; 0 (0)  ; u0|intel_vvp_dil_0|intel_vvp_dil_0|iib                                                                                                             ; intel_vvp_input_interface_bridge                          ; intel_vvp_input_interface_bridge_2440  ;
;                |ctrl_master_inst|                                         ; 1.0 (1.0)            ; 1.0 (1.0)                        ; 0.0 (0.0)                                         ; 0.0 (0.0)                        ; 0.0 (0.0)            ; 1 (1)               ; 0 (0)                     ; 0 (0)         ; 0                 ; 0     ; 0                        ; 0                                      ; 0                                                 ; 0    ; 0            ; 0 (0)  ; u0|intel_vvp_dil_0|intel_vvp_dil_0|iib|ctrl_master_inst                                                                                            ; intel_vvp_axi_master                                      ; intel_vvp_input_interface_bridge_2440  ;
;                |data_master_inst|                                         ; 0.7 (0.7)            ; 0.7 (0.7)                        ; 0.0 (0.0)                                         ; 0.0 (0.0)                        ; 0.0 (0.0)            ; 1 (1)               ; 0 (0)                     ; 0 (0)         ; 0                 ; 0     ; 0                        ; 0                                      ; 0                                                 ; 0    ; 0            ; 0 (0)  ; u0|intel_vvp_dil_0|intel_vvp_dil_0|iib|data_master_inst                                                                                            ; intel_vvp_axi_master                                      ; intel_vvp_input_interface_bridge_2440  ;
;             |line_buffer|                                                 ; 86.3 (0.0)           ; 118.1 (0.0)                      ; 31.8 (0.0)                                        ; 0.0 (0.0)                        ; 0.0 (0.0)            ; 163 (0)             ; 207 (0)                   ; 0 (0)         ; 98304             ; 6     ; 0                        ; 0                                      ; 0                                                 ; 0    ; 0            ; 0 (0)  ; u0|intel_vvp_dil_0|intel_vvp_dil_0|line_buffer                                                                                                     ; intel_vvp_line_buffer                                     ; intel_vvp_line_buffer_2440             ;
;                |dout_master_inst|                                         ; 0.3 (0.3)            ; 0.3 (0.3)                        ; 0.0 (0.0)                                         ; 0.0 (0.0)                        ; 0.0 (0.0)            ; 1 (1)               ; 0 (0)                     ; 0 (0)         ; 0                 ; 0     ; 0                        ; 0                                      ; 0                                                 ; 0    ; 0            ; 0 (0)  ; u0|intel_vvp_dil_0|intel_vvp_dil_0|line_buffer|dout_master_inst                                                                                    ; intel_vvp_axi_master                                      ; intel_vvp_line_buffer_2440             ;
;                |resend_inst|                                              ; 85.8 (62.1)          ; 117.8 (68.4)                     ; 32.0 (6.3)                                        ; 0.0 (0.0)                        ; 0.0 (0.0)            ; 162 (117)           ; 207 (93)                  ; 0 (0)         ; 98304             ; 6     ; 0                        ; 0                                      ; 0                                                 ; 0    ; 0            ; 0 (0)  ; u0|intel_vvp_dil_0|intel_vvp_dil_0|line_buffer|resend_inst                                                                                         ; intel_vvp_line_buffer_resend                              ; intel_vvp_line_buffer_2440             ;
;                   |line_buffer_l0_ram_inst|                               ; 12.2 (12.2)          ; 22.3 (22.3)                      ; 10.1 (10.1)                                       ; 0.0 (0.0)                        ; 0.0 (0.0)            ; 23 (23)             ; 52 (52)                   ; 0 (0)         ; 49152             ; 3     ; 0                        ; 0                                      ; 0                                                 ; 0    ; 0            ; 0 (0)  ; u0|intel_vvp_dil_0|intel_vvp_dil_0|line_buffer|resend_inst|line_buffer_l0_ram_inst                                                                 ; intel_vvp_line_buffer_ram                                 ; intel_vvp_line_buffer_2440             ;
;                      |ram_gen[0].line_buffer_l0_ram_inst|                 ; 0.0 (0.0)            ; 0.0 (0.0)                        ; 0.0 (0.0)                                         ; 0.0 (0.0)                        ; 0.0 (0.0)            ; 0 (0)               ; 0 (0)                     ; 0 (0)         ; 20480             ; 1     ; 0                        ; 0                                      ; 0                                                 ; 0    ; 0            ; 0 (0)  ; u0|intel_vvp_dil_0|intel_vvp_dil_0|line_buffer|resend_inst|line_buffer_l0_ram_inst|ram_gen[0].line_buffer_l0_ram_inst                              ; altera_syncram                                            ; altera_work                            ;
;                         |auto_generated|                                  ; 0.0 (0.0)            ; 0.0 (0.0)                        ; 0.0 (0.0)                                         ; 0.0 (0.0)                        ; 0.0 (0.0)            ; 0 (0)               ; 0 (0)                     ; 0 (0)         ; 20480             ; 1     ; 0                        ; 0                                      ; 0                                                 ; 0    ; 0            ; 0 (0)  ; u0|intel_vvp_dil_0|intel_vvp_dil_0|line_buffer|resend_inst|line_buffer_l0_ram_inst|ram_gen[0].line_buffer_l0_ram_inst|auto_generated               ; altera_syncram_e02n1                                      ; altera_work                            ;
;                            |altsyncram1|                                  ; 0.0 (0.0)            ; 0.0 (0.0)                        ; 0.0 (0.0)                                         ; 0.0 (0.0)                        ; 0.0 (0.0)            ; 0 (0)               ; 0 (0)                     ; 0 (0)         ; 20480             ; 1     ; 0                        ; 0                                      ; 0                                                 ; 0    ; 0            ; 0 (0)  ; u0|intel_vvp_dil_0|intel_vvp_dil_0|line_buffer|resend_inst|line_buffer_l0_ram_inst|ram_gen[0].line_buffer_l0_ram_inst|auto_generated|altsyncram1   ; altsyncram_psuc1                                          ; altera_work                            ;
;                      |ram_gen[1].line_buffer_l0_ram_inst|                 ; 0.0 (0.0)            ; 0.0 (0.0)                        ; 0.0 (0.0)                                         ; 0.0 (0.0)                        ; 0.0 (0.0)            ; 0 (0)               ; 0 (0)                     ; 0 (0)         ; 20480             ; 1     ; 0                        ; 0                                      ; 0                                                 ; 0    ; 0            ; 0 (0)  ; u0|intel_vvp_dil_0|intel_vvp_dil_0|line_buffer|resend_inst|line_buffer_l0_ram_inst|ram_gen[1].line_buffer_l0_ram_inst                              ; altera_syncram                                            ; altera_work                            ;
;                         |auto_generated|                                  ; 0.0 (0.0)            ; 0.0 (0.0)                        ; 0.0 (0.0)                                         ; 0.0 (0.0)                        ; 0.0 (0.0)            ; 0 (0)               ; 0 (0)                     ; 0 (0)         ; 20480             ; 1     ; 0                        ; 0                                      ; 0                                                 ; 0    ; 0            ; 0 (0)  ; u0|intel_vvp_dil_0|intel_vvp_dil_0|line_buffer|resend_inst|line_buffer_l0_ram_inst|ram_gen[1].line_buffer_l0_ram_inst|auto_generated               ; altera_syncram_e02n1                                      ; altera_work                            ;
;                            |altsyncram1|                                  ; 0.0 (0.0)            ; 0.0 (0.0)                        ; 0.0 (0.0)                                         ; 0.0 (0.0)                        ; 0.0 (0.0)            ; 0 (0)               ; 0 (0)                     ; 0 (0)         ; 20480             ; 1     ; 0                        ; 0                                      ; 0                                                 ; 0    ; 0            ; 0 (0)  ; u0|intel_vvp_dil_0|intel_vvp_dil_0|line_buffer|resend_inst|line_buffer_l0_ram_inst|ram_gen[1].line_buffer_l0_ram_inst|auto_generated|altsyncram1   ; altsyncram_psuc1                                          ; altera_work                            ;
;                      |ram_gen[2].line_buffer_l0_ram_inst|                 ; 0.0 (0.0)            ; 0.0 (0.0)                        ; 0.0 (0.0)                                         ; 0.0 (0.0)                        ; 0.0 (0.0)            ; 0 (0)               ; 0 (0)                     ; 0 (0)         ; 8192              ; 1     ; 0                        ; 0                                      ; 0                                                 ; 0    ; 0            ; 0 (0)  ; u0|intel_vvp_dil_0|intel_vvp_dil_0|line_buffer|resend_inst|line_buffer_l0_ram_inst|ram_gen[2].line_buffer_l0_ram_inst                              ; altera_syncram                                            ; altera_work                            ;
;                         |auto_generated|                                  ; 0.0 (0.0)            ; 0.0 (0.0)                        ; 0.0 (0.0)                                         ; 0.0 (0.0)                        ; 0.0 (0.0)            ; 0 (0)               ; 0 (0)                     ; 0 (0)         ; 8192              ; 1     ; 0                        ; 0                                      ; 0                                                 ; 0    ; 0            ; 0 (0)  ; u0|intel_vvp_dil_0|intel_vvp_dil_0|line_buffer|resend_inst|line_buffer_l0_ram_inst|ram_gen[2].line_buffer_l0_ram_inst|auto_generated               ; altera_syncram_e02n1                                      ; altera_work                            ;
;                            |altsyncram1|                                  ; 0.0 (0.0)            ; 0.0 (0.0)                        ; 0.0 (0.0)                                         ; 0.0 (0.0)                        ; 0.0 (0.0)            ; 0 (0)               ; 0 (0)                     ; 0 (0)         ; 8192              ; 1     ; 0                        ; 0                                      ; 0                                                 ; 0    ; 0            ; 0 (0)  ; u0|intel_vvp_dil_0|intel_vvp_dil_0|line_buffer|resend_inst|line_buffer_l0_ram_inst|ram_gen[2].line_buffer_l0_ram_inst|auto_generated|altsyncram1   ; altsyncram_psuc1                                          ; altera_work                            ;
;                   |line_buffer_main_ram_inst|                             ; 11.5 (11.5)          ; 27.1 (27.1)                      ; 15.6 (15.6)                                       ; 0.0 (0.0)                        ; 0.0 (0.0)            ; 22 (22)             ; 62 (62)                   ; 0 (0)         ; 49152             ; 3     ; 0                        ; 0                                      ; 0                                                 ; 0    ; 0            ; 0 (0)  ; u0|intel_vvp_dil_0|intel_vvp_dil_0|line_buffer|resend_inst|line_buffer_main_ram_inst                                                               ; intel_vvp_line_buffer_ram                                 ; intel_vvp_line_buffer_2440             ;
;                      |ram_gen[0].line_buffer_l0_ram_inst|                 ; 0.0 (0.0)            ; 0.0 (0.0)                        ; 0.0 (0.0)                                         ; 0.0 (0.0)                        ; 0.0 (0.0)            ; 0 (0)               ; 0 (0)                     ; 0 (0)         ; 20480             ; 1     ; 0                        ; 0                                      ; 0                                                 ; 0    ; 0            ; 0 (0)  ; u0|intel_vvp_dil_0|intel_vvp_dil_0|line_buffer|resend_inst|line_buffer_main_ram_inst|ram_gen[0].line_buffer_l0_ram_inst                            ; altera_syncram                                            ; altera_work                            ;
;                         |auto_generated|                                  ; 0.0 (0.0)            ; 0.0 (0.0)                        ; 0.0 (0.0)                                         ; 0.0 (0.0)                        ; 0.0 (0.0)            ; 0 (0)               ; 0 (0)                     ; 0 (0)         ; 20480             ; 1     ; 0                        ; 0                                      ; 0                                                 ; 0    ; 0            ; 0 (0)  ; u0|intel_vvp_dil_0|intel_vvp_dil_0|line_buffer|resend_inst|line_buffer_main_ram_inst|ram_gen[0].line_buffer_l0_ram_inst|auto_generated             ; altera_syncram_e02n1                                      ; altera_work                            ;
;                            |altsyncram1|                                  ; 0.0 (0.0)            ; 0.0 (0.0)                        ; 0.0 (0.0)                                         ; 0.0 (0.0)                        ; 0.0 (0.0)            ; 0 (0)               ; 0 (0)                     ; 0 (0)         ; 20480             ; 1     ; 0                        ; 0                                      ; 0                                                 ; 0    ; 0            ; 0 (0)  ; u0|intel_vvp_dil_0|intel_vvp_dil_0|line_buffer|resend_inst|line_buffer_main_ram_inst|ram_gen[0].line_buffer_l0_ram_inst|auto_generated|altsyncram1 ; altsyncram_psuc1                                          ; altera_work                            ;
;                      |ram_gen[1].line_buffer_l0_ram_inst|                 ; 0.0 (0.0)            ; 0.0 (0.0)                        ; 0.0 (0.0)                                         ; 0.0 (0.0)                        ; 0.0 (0.0)            ; 0 (0)               ; 0 (0)                     ; 0 (0)         ; 20480             ; 1     ; 0                        ; 0                                      ; 0                                                 ; 0    ; 0            ; 0 (0)  ; u0|intel_vvp_dil_0|intel_vvp_dil_0|line_buffer|resend_inst|line_buffer_main_ram_inst|ram_gen[1].line_buffer_l0_ram_inst                            ; altera_syncram                                            ; altera_work                            ;
;                         |auto_generated|                                  ; 0.0 (0.0)            ; 0.0 (0.0)                        ; 0.0 (0.0)                                         ; 0.0 (0.0)                        ; 0.0 (0.0)            ; 0 (0)               ; 0 (0)                     ; 0 (0)         ; 20480             ; 1     ; 0                        ; 0                                      ; 0                                                 ; 0    ; 0            ; 0 (0)  ; u0|intel_vvp_dil_0|intel_vvp_dil_0|line_buffer|resend_inst|line_buffer_main_ram_inst|ram_gen[1].line_buffer_l0_ram_inst|auto_generated             ; altera_syncram_e02n1                                      ; altera_work                            ;
;                            |altsyncram1|                                  ; 0.0 (0.0)            ; 0.0 (0.0)                        ; 0.0 (0.0)                                         ; 0.0 (0.0)                        ; 0.0 (0.0)            ; 0 (0)               ; 0 (0)                     ; 0 (0)         ; 20480             ; 1     ; 0                        ; 0                                      ; 0                                                 ; 0    ; 0            ; 0 (0)  ; u0|intel_vvp_dil_0|intel_vvp_dil_0|line_buffer|resend_inst|line_buffer_main_ram_inst|ram_gen[1].line_buffer_l0_ram_inst|auto_generated|altsyncram1 ; altsyncram_psuc1                                          ; altera_work                            ;
;                      |ram_gen[2].line_buffer_l0_ram_inst|                 ; 0.0 (0.0)            ; 0.0 (0.0)                        ; 0.0 (0.0)                                         ; 0.0 (0.0)                        ; 0.0 (0.0)            ; 0 (0)               ; 0 (0)                     ; 0 (0)         ; 8192              ; 1     ; 0                        ; 0                                      ; 0                                                 ; 0    ; 0            ; 0 (0)  ; u0|intel_vvp_dil_0|intel_vvp_dil_0|line_buffer|resend_inst|line_buffer_main_ram_inst|ram_gen[2].line_buffer_l0_ram_inst                            ; altera_syncram                                            ; altera_work                            ;
;                         |auto_generated|                                  ; 0.0 (0.0)            ; 0.0 (0.0)                        ; 0.0 (0.0)                                         ; 0.0 (0.0)                        ; 0.0 (0.0)            ; 0 (0)               ; 0 (0)                     ; 0 (0)         ; 8192              ; 1     ; 0                        ; 0                                      ; 0                                                 ; 0    ; 0            ; 0 (0)  ; u0|intel_vvp_dil_0|intel_vvp_dil_0|line_buffer|resend_inst|line_buffer_main_ram_inst|ram_gen[2].line_buffer_l0_ram_inst|auto_generated             ; altera_syncram_e02n1                                      ; altera_work                            ;
;                            |altsyncram1|                                  ; 0.0 (0.0)            ; 0.0 (0.0)                        ; 0.0 (0.0)                                         ; 0.0 (0.0)                        ; 0.0 (0.0)            ; 0 (0)               ; 0 (0)                     ; 0 (0)         ; 8192              ; 1     ; 0                        ; 0                                      ; 0                                                 ; 0    ; 0            ; 0 (0)  ; u0|intel_vvp_dil_0|intel_vvp_dil_0|line_buffer|resend_inst|line_buffer_main_ram_inst|ram_gen[2].line_buffer_l0_ram_inst|auto_generated|altsyncram1 ; altsyncram_psuc1                                          ; altera_work                            ;
;             |main_rst_bridge|                                             ; 0.3 (0.3)            ; 0.8 (0.8)                        ; 0.4 (0.4)                                         ; 0.0 (0.0)                        ; 0.0 (0.0)            ; 0 (0)               ; 3 (3)                     ; 0 (0)         ; 0                 ; 0     ; 0                        ; 0                                      ; 0                                                 ; 0    ; 0            ; 0 (0)  ; u0|intel_vvp_dil_0|intel_vvp_dil_0|main_rst_bridge                                                                                                 ; intel_vvp_reset_sync                                      ; intel_vvp_reset_sync_2440              ;
;             |mux|                                                         ; 18.4 (4.2)           ; 18.4 (4.2)                       ; 0.0 (0.0)                                         ; 0.0 (0.0)                        ; 0.0 (0.0)            ; 9 (7)               ; 31 (4)                    ; 0 (0)         ; 0                 ; 0     ; 0                        ; 0                                      ; 0                                                 ; 0    ; 0            ; 0 (0)  ; u0|intel_vvp_dil_0|intel_vvp_dil_0|mux                                                                                                             ; intel_vvp_pkt_mux                                         ; intel_vvp_pkt_mux_2450                 ;
;                |data_master_inst|                                         ; 0.5 (0.5)            ; 0.5 (0.5)                        ; 0.0 (0.0)                                         ; 0.0 (0.0)                        ; 0.0 (0.0)            ; 1 (1)               ; 0 (0)                     ; 0 (0)         ; 0                 ; 0     ; 0                        ; 0                                      ; 0                                                 ; 0    ; 0            ; 0 (0)  ; u0|intel_vvp_dil_0|intel_vvp_dil_0|mux|data_master_inst                                                                                            ; intel_vvp_axi_master                                      ; intel_vvp_pkt_mux_2450                 ;
;                |data_mux_inst|                                            ; 12.0 (12.0)          ; 12.0 (12.0)                      ; 0.0 (0.0)                                         ; 0.0 (0.0)                        ; 0.0 (0.0)            ; 0 (0)               ; 24 (24)                   ; 0 (0)         ; 0                 ; 0     ; 0                        ; 0                                      ; 0                                                 ; 0    ; 0            ; 0 (0)  ; u0|intel_vvp_dil_0|intel_vvp_dil_0|mux|data_mux_inst                                                                                               ; intel_vvp_pipelined_mux                                   ; intel_vvp_pkt_mux_2450                 ;
;                |last_mux_inst|                                            ; 0.5 (0.5)            ; 0.5 (0.5)                        ; 0.0 (0.0)                                         ; 0.0 (0.0)                        ; 0.0 (0.0)            ; 0 (0)               ; 1 (1)                     ; 0 (0)         ; 0                 ; 0     ; 0                        ; 0                                      ; 0                                                 ; 0    ; 0            ; 0 (0)  ; u0|intel_vvp_dil_0|intel_vvp_dil_0|mux|last_mux_inst                                                                                               ; intel_vvp_pipelined_mux                                   ; intel_vvp_pkt_mux_2450                 ;
;                |user_mux_inst|                                            ; 0.5 (0.5)            ; 0.5 (0.5)                        ; 0.0 (0.0)                                         ; 0.0 (0.0)                        ; 0.0 (0.0)            ; 0 (0)               ; 1 (1)                     ; 0 (0)         ; 0                 ; 0     ; 0                        ; 0                                      ; 0                                                 ; 0    ; 0            ; 0 (0)  ; u0|intel_vvp_dil_0|intel_vvp_dil_0|mux|user_mux_inst                                                                                               ; intel_vvp_pipelined_mux                                   ; intel_vvp_pkt_mux_2450                 ;
;                |valid_mux_inst|                                           ; 0.8 (0.8)            ; 0.8 (0.8)                        ; 0.0 (0.0)                                         ; 0.0 (0.0)                        ; 0.0 (0.0)            ; 1 (1)               ; 1 (1)                     ; 0 (0)         ; 0                 ; 0     ; 0                        ; 0                                      ; 0                                                 ; 0    ; 0            ; 0 (0)  ; u0|intel_vvp_dil_0|intel_vvp_dil_0|mux|valid_mux_inst                                                                                              ; intel_vvp_pipelined_mux                                   ; intel_vvp_pkt_mux_2450                 ;
;             |oib|                                                         ; 26.5 (26.0)          ; 28.7 (28.2)                      ; 2.2 (2.2)                                         ; 0.0 (0.0)                        ; 0.0 (0.0)            ; 37 (36)             ; 30 (30)                   ; 0 (0)         ; 0                 ; 0     ; 0                        ; 0                                      ; 0                                                 ; 0    ; 0            ; 0 (0)  ; u0|intel_vvp_dil_0|intel_vvp_dil_0|oib                                                                                                             ; intel_vvp_output_interface_bridge                         ; intel_vvp_output_interface_bridge_2440 ;
;                |ccd_master_inst|                                          ; 0.5 (0.5)            ; 0.5 (0.5)                        ; 0.0 (0.0)                                         ; 0.0 (0.0)                        ; 0.0 (0.0)            ; 1 (1)               ; 0 (0)                     ; 0 (0)         ; 0                 ; 0     ; 0                        ; 0                                      ; 0                                                 ; 0    ; 0            ; 0 (0)  ; u0|intel_vvp_dil_0|intel_vvp_dil_0|oib|ccd_master_inst                                                                                             ; intel_vvp_axi_master                                      ; intel_vvp_output_interface_bridge_2440 ;
;             |scheduler|                                                   ; 84.8 (83.8)          ; 108.8 (108.1)                    ; 24.0 (24.3)                                       ; 0.0 (0.0)                        ; 0.0 (0.0)            ; 138 (137)           ; 165 (165)                 ; 0 (0)         ; 0                 ; 0     ; 0                        ; 0                                      ; 0                                                 ; 0    ; 0            ; 0 (0)  ; u0|intel_vvp_dil_0|intel_vvp_dil_0|scheduler                                                                                                       ; intel_vvp_dil_bob_scheduler                               ; intel_vvp_dil_bob_scheduler_2451       ;
;                |axi_out|                                                  ; 0.7 (0.7)            ; 0.7 (0.7)                        ; 0.0 (0.0)                                         ; 0.0 (0.0)                        ; 0.0 (0.0)            ; 1 (1)               ; 0 (0)                     ; 0 (0)         ; 0                 ; 0     ; 0                        ; 0                                      ; 0                                                 ; 0    ; 0            ; 0 (0)  ; u0|intel_vvp_dil_0|intel_vvp_dil_0|scheduler|axi_out                                                                                               ; intel_vvp_axi_master                                      ; intel_vvp_dil_bob_scheduler_2451       ;
;       |rst_controller|                                                    ; 0.2 (0.0)            ; 1.2 (0.0)                        ; 1.0 (0.0)                                         ; 0.0 (0.0)                        ; 0.0 (0.0)            ; 0 (0)               ; 3 (0)                     ; 0 (0)         ; 0                 ; 0     ; 0                        ; 0                                      ; 0                                                 ; 0    ; 0            ; 0 (0)  ; u0|rst_controller                                                                                                                                  ; altera_reset_controller                                   ; altera_reset_controller_1924           ;
;          |alt_rst_sync_uq1|                                               ; 0.2 (0.2)            ; 1.2 (1.2)                        ; 1.0 (1.0)                                         ; 0.0 (0.0)                        ; 0.0 (0.0)            ; 0 (0)               ; 3 (3)                     ; 0 (0)         ; 0                 ; 0     ; 0                        ; 0                                      ; 0                                                 ; 0    ; 0            ; 0 (0)  ; u0|rst_controller|alt_rst_sync_uq1                                                                                                                 ; altera_reset_synchronizer                                 ; altera_reset_controller_1924           ;
+---------------------------------------------------------------------------+----------------------+----------------------------------+---------------------------------------------------+----------------------------------+----------------------+---------------------+---------------------------+---------------+-------------------+-------+--------------------------+----------------------------------------+---------------------------------------------------+------+--------------+--------+----------------------------------------------------------------------------------------------------------------------------------------------------+-----------------------------------------------------------+----------------------------------------+
Note: For table entries with two numbers listed, the numbers in parentheses indicate the number of resources of the given type used by the specific entity alone. The numbers listed outside of parentheses indicate the total resources of the given type used by the specific entity and all of its sub-entities in the hierarchy.


+-------------------------------------------------------------------------------------------------------------------------------------------------------------------+
; Delay Chain Summary                                                                                                                                               ;
+------------------+----------+---------------------+--------------------+----------------+-----------------------------------+-------------------------------------+
; Name             ; Pin Type ; Input Delay Chain 0 ; Output Delay Chain ; OE Delay Chain ; IO_12_LANE Input Data Delay Chain ; IO_12_LANE Input Strobe Delay Chain ;
+------------------+----------+---------------------+--------------------+----------------+-----------------------------------+-------------------------------------+
; m_axis_tdata[0]  ; Output   ; --                  ; 0                  ; 0              ; --                                ; --                                  ;
; m_axis_tdata[1]  ; Output   ; --                  ; 0                  ; 0              ; --                                ; --                                  ;
; m_axis_tdata[2]  ; Output   ; --                  ; 0                  ; 0              ; --                                ; --                                  ;
; m_axis_tdata[3]  ; Output   ; --                  ; 0                  ; 0              ; --                                ; --                                  ;
; m_axis_tdata[4]  ; Output   ; --                  ; 0                  ; 0              ; --                                ; --                                  ;
; m_axis_tdata[5]  ; Output   ; --                  ; 0                  ; 0              ; --                                ; --                                  ;
; m_axis_tdata[6]  ; Output   ; --                  ; 0                  ; 0              ; --                                ; --                                  ;
; m_axis_tdata[7]  ; Output   ; --                  ; 0                  ; 0              ; --                                ; --                                  ;
; m_axis_tdata[8]  ; Output   ; --                  ; 0                  ; 0              ; --                                ; --                                  ;
; m_axis_tdata[9]  ; Output   ; --                  ; 0                  ; 0              ; --                                ; --                                  ;
; m_axis_tdata[10] ; Output   ; --                  ; 0                  ; 0              ; --                                ; --                                  ;
; m_axis_tdata[11] ; Output   ; --                  ; 0                  ; 0              ; --                                ; --                                  ;
; m_axis_tdata[12] ; Output   ; --                  ; 0                  ; 0              ; --                                ; --                                  ;
; m_axis_tdata[13] ; Output   ; --                  ; 0                  ; 0              ; --                                ; --                                  ;
; m_axis_tdata[14] ; Output   ; --                  ; 0                  ; 0              ; --                                ; --                                  ;
; m_axis_tdata[15] ; Output   ; --                  ; 0                  ; 0              ; --                                ; --                                  ;
; m_axis_tdata[16] ; Output   ; --                  ; 0                  ; 0              ; --                                ; --                                  ;
; m_axis_tdata[17] ; Output   ; --                  ; 0                  ; 0              ; --                                ; --                                  ;
; m_axis_tdata[18] ; Output   ; --                  ; 0                  ; 0              ; --                                ; --                                  ;
; m_axis_tdata[19] ; Output   ; --                  ; 0                  ; 0              ; --                                ; --                                  ;
; m_axis_tdata[20] ; Output   ; --                  ; 0                  ; 0              ; --                                ; --                                  ;
; m_axis_tdata[21] ; Output   ; --                  ; 0                  ; 0              ; --                                ; --                                  ;
; m_axis_tdata[22] ; Output   ; --                  ; 0                  ; 0              ; --                                ; --                                  ;
; m_axis_tdata[23] ; Output   ; --                  ; 0                  ; 0              ; --                                ; --                                  ;
; m_axis_tvalid    ; Output   ; --                  ; 0                  ; 0              ; --                                ; --                                  ;
; m_axis_tlast     ; Output   ; --                  ; 0                  ; 0              ; --                                ; --                                  ;
; m_axis_tuser[0]  ; Output   ; --                  ; 0                  ; 0              ; --                                ; --                                  ;
; m_axis_tuser[1]  ; Output   ; --                  ; 0                  ; 0              ; --                                ; --                                  ;
; m_axis_tuser[2]  ; Output   ; --                  ; 0                  ; 0              ; --                                ; --                                  ;
; clk              ; Input    ; 0                   ; --                 ; --             ; --                                ; --                                  ;
; m_axis_tready    ; Input    ; 0                   ; --                 ; --             ; --                                ; --                                  ;
; reset            ; Input    ; 0                   ; --                 ; --             ; --                                ; --                                  ;
+------------------+----------+---------------------+--------------------+----------------+-----------------------------------+-------------------------------------+


+----------------------------------------------------------+
; Routing Usage Summary                                    ;
+------------------------------+---------------------------+
; Routing Resource Type        ; Usage                     ;
+------------------------------+---------------------------+
; Block interconnects          ; 2,591 / 664,374 ( < 1 % ) ;
; C27 interconnects            ; 14 / 12,769 ( < 1 % )     ;
; C4 interconnects             ; 1,142 / 514,392 ( < 1 % ) ;
; Direct links                 ; 779 / 664,374 ( < 1 % )   ;
; Global clocks                ; 1 / 32 ( 3 % )            ;
; Periphery clocks             ; 0 / 410 ( 0 % )           ;
; R3 interconnects             ; 680 / 246,936 ( < 1 % )   ;
; R32 interconnects            ; 2 / 28,257 ( < 1 % )      ;
; R32/C27 interconnect drivers ; 14 / 74,920 ( < 1 % )     ;
; R6 interconnects             ; 1,070 / 527,108 ( < 1 % ) ;
; Regional clock lefts         ; 0 / 8 ( 0 % )             ;
; Regional clock out bottoms   ; 0 / 8 ( 0 % )             ;
; Regional clock out tops      ; 0 / 8 ( 0 % )             ;
; Regional clock rights        ; 0 / 8 ( 0 % )             ;
; Regional clocks              ; 0 / 8 ( 0 % )             ;
; Spine buffers                ; 1 / 220 ( < 1 % )         ;
; Spine clocks                 ; 1 / 330 ( < 1 % )         ;
; Spine feedthroughs           ; 0 / 224 ( 0 % )           ;
+------------------------------+---------------------------+


+------------------------------------------------------------+
; Estimated Delay Added for Hold Timing Summary              ;
+-----------------+----------------------+-------------------+
; Source Clock(s) ; Destination Clock(s) ; Delay Added in ns ;
+-----------------+----------------------+-------------------+
; clk~derived     ; clk~derived          ; 170.9             ;
+-----------------+----------------------+-------------------+
Note: For more information on problematic transfers, consider running the Fitter again with the Optimize hold timing option (Settings Menu) turned off.
This will disable optimization of problematic paths and expose them for further analysis using the Timing Analyzer.


+---------------------------------------------------------------------------------------------------------------------------------------------------------------------------------------------------------------------------------------------------------------------------------------------------------------------------------+
; Estimated Delay Added for Hold Timing Details                                                                                                                                                                                                                                                                                   ;
+--------------------------------------------------------------------------------------------------------------------------------------+----------------------------------------------------------------------------------------------------------------------------------------------------------------------+-------------------+
; Source Register                                                                                                                      ; Destination Register                                                                                                                                                 ; Delay Added in ns ;
+--------------------------------------------------------------------------------------------------------------------------------------+----------------------------------------------------------------------------------------------------------------------------------------------------------------------+-------------------+
; u0|intel_vvp_dil_0|intel_vvp_dil_0|line_buffer|resend_inst|line_buffer_main_ram_inst|write_data_pipe[20]                             ; u0|intel_vvp_dil_0|intel_vvp_dil_0|line_buffer|resend_inst|line_buffer_main_ram_inst|ram_gen[2].line_buffer_l0_ram_inst|auto_generated|altsyncram1|ram_block2a0~reg0 ; 0.343             ;
; u0|intel_vvp_dil_0|intel_vvp_dil_0|line_buffer|resend_inst|line_buffer_main_ram_inst|write_data_pipe[10]                             ; u0|intel_vvp_dil_0|intel_vvp_dil_0|line_buffer|resend_inst|line_buffer_main_ram_inst|ram_gen[1].line_buffer_l0_ram_inst|auto_generated|altsyncram1|ram_block2a0~reg0 ; 0.335             ;
; u0|intel_vvp_dil_0|intel_vvp_dil_0|line_buffer|resend_inst|line_buffer_main_ram_inst|write_data_pipe[21]                             ; u0|intel_vvp_dil_0|intel_vvp_dil_0|line_buffer|resend_inst|line_buffer_main_ram_inst|ram_gen[2].line_buffer_l0_ram_inst|auto_generated|altsyncram1|ram_block2a1~reg0 ; 0.328             ;
; u0|intel_vvp_dil_0|intel_vvp_dil_0|line_buffer|resend_inst|line_buffer_main_ram_inst|write_data_pipe[12]                             ; u0|intel_vvp_dil_0|intel_vvp_dil_0|line_buffer|resend_inst|line_buffer_main_ram_inst|ram_gen[1].line_buffer_l0_ram_inst|auto_generated|altsyncram1|ram_block2a2~reg0 ; 0.313             ;
; u0|intel_vvp_dil_0|intel_vvp_dil_0|line_buffer|resend_inst|line_buffer_l0_ram_inst|write_data_pipe[12]                               ; u0|intel_vvp_dil_0|intel_vvp_dil_0|line_buffer|resend_inst|line_buffer_l0_ram_inst|ram_gen[1].line_buffer_l0_ram_inst|auto_generated|altsyncram1|ram_block2a2~reg0   ; 0.310             ;
; u0|intel_vvp_dil_0|intel_vvp_dil_0|line_buffer|resend_inst|line_buffer_main_ram_inst|write_data_pipe[15]                             ; u0|intel_vvp_dil_0|intel_vvp_dil_0|line_buffer|resend_inst|line_buffer_main_ram_inst|ram_gen[1].line_buffer_l0_ram_inst|auto_generated|altsyncram1|ram_block2a5~reg0 ; 0.305             ;
; u0|intel_vvp_dil_0|intel_vvp_dil_0|line_buffer|resend_inst|line_buffer_main_ram_inst|write_data_pipe[16]                             ; u0|intel_vvp_dil_0|intel_vvp_dil_0|line_buffer|resend_inst|line_buffer_main_ram_inst|ram_gen[1].line_buffer_l0_ram_inst|auto_generated|altsyncram1|ram_block2a6~reg0 ; 0.298             ;
; u0|intel_vvp_dil_0|intel_vvp_dil_0|line_buffer|resend_inst|line_buffer_l0_ram_inst|write_data_pipe[15]                               ; u0|intel_vvp_dil_0|intel_vvp_dil_0|line_buffer|resend_inst|line_buffer_l0_ram_inst|ram_gen[1].line_buffer_l0_ram_inst|auto_generated|altsyncram1|ram_block2a5~reg0   ; 0.293             ;
; u0|intel_vvp_dil_0|intel_vvp_dil_0|line_buffer|resend_inst|line_buffer_l0_ram_inst|write_data_pipe[13]                               ; u0|intel_vvp_dil_0|intel_vvp_dil_0|line_buffer|resend_inst|line_buffer_l0_ram_inst|ram_gen[1].line_buffer_l0_ram_inst|auto_generated|altsyncram1|ram_block2a3~reg0   ; 0.287             ;
; u0|intel_vvp_dil_0|intel_vvp_dil_0|line_buffer|resend_inst|line_buffer_main_ram_inst|write_data_pipe[23]                             ; u0|intel_vvp_dil_0|intel_vvp_dil_0|line_buffer|resend_inst|line_buffer_main_ram_inst|ram_gen[2].line_buffer_l0_ram_inst|auto_generated|altsyncram1|ram_block2a3~reg0 ; 0.286             ;
; u0|intel_vvp_dil_0|intel_vvp_dil_0|line_buffer|resend_inst|line_buffer_l0_ram_inst|write_data_pipe[10]                               ; u0|intel_vvp_dil_0|intel_vvp_dil_0|line_buffer|resend_inst|line_buffer_l0_ram_inst|ram_gen[1].line_buffer_l0_ram_inst|auto_generated|altsyncram1|ram_block2a0~reg0   ; 0.283             ;
; u0|intel_vvp_dil_0|intel_vvp_dil_0|line_buffer|resend_inst|line_buffer_main_ram_inst|write_data_pipe[22]                             ; u0|intel_vvp_dil_0|intel_vvp_dil_0|line_buffer|resend_inst|line_buffer_main_ram_inst|ram_gen[2].line_buffer_l0_ram_inst|auto_generated|altsyncram1|ram_block2a2~reg0 ; 0.283             ;
; u0|intel_vvp_adv_tpg_0|intel_vvp_adv_tpg_0|mixer_inst_0|dp_inst|enable_blend_str                                                     ; u0|intel_vvp_adv_tpg_0|intel_vvp_adv_tpg_0|mixer_inst_0|dp_inst|alpha_str[8]                                                                                         ; 0.281             ;
; u0|intel_vvp_dil_0|intel_vvp_dil_0|line_buffer|resend_inst|line_buffer_l0_ram_inst|write_data_pipe[14]                               ; u0|intel_vvp_dil_0|intel_vvp_dil_0|line_buffer|resend_inst|line_buffer_l0_ram_inst|ram_gen[1].line_buffer_l0_ram_inst|auto_generated|altsyncram1|ram_block2a4~reg0   ; 0.275             ;
; u0|intel_vvp_dil_0|intel_vvp_dil_0|line_buffer|resend_inst|line_buffer_l0_ram_inst|write_data_pipe[11]                               ; u0|intel_vvp_dil_0|intel_vvp_dil_0|line_buffer|resend_inst|line_buffer_l0_ram_inst|ram_gen[1].line_buffer_l0_ram_inst|auto_generated|altsyncram1|ram_block2a1~reg0   ; 0.267             ;
; u0|intel_vvp_dil_0|intel_vvp_dil_0|duplicator|output_gen[1].dout_data[0]                                                             ; u0|intel_vvp_dil_0|intel_vvp_dil_0|line_buffer|resend_inst|line_buffer_l0_ram_inst|write_data_pipe[0]                                                                ; 0.263             ;
; u0|intel_vvp_dil_0|intel_vvp_dil_0|duplicator|output_gen[1].dout_data[12]                                                            ; u0|intel_vvp_dil_0|intel_vvp_dil_0|line_buffer|resend_inst|line_buffer_l0_ram_inst|write_data_pipe[12]                                                               ; 0.263             ;
; u0|intel_vvp_dil_0|intel_vvp_dil_0|line_buffer|resend_inst|line_buffer_main_ram_inst|write_data_pipe[17]                             ; u0|intel_vvp_dil_0|intel_vvp_dil_0|line_buffer|resend_inst|line_buffer_main_ram_inst|ram_gen[1].line_buffer_l0_ram_inst|auto_generated|altsyncram1|ram_block2a7~reg0 ; 0.260             ;
; u0|intel_vvp_dil_0|intel_vvp_dil_0|scheduler|iip_packet_received0.count[6]                                                           ; u0|intel_vvp_dil_0|intel_vvp_dil_0|oib|ccd_data[15]                                                                                                                  ; 0.260             ;
; u0|intel_vvp_dil_0|intel_vvp_dil_0|scheduler|iip_packet_received0.packet_type[4]                                                     ; u0|intel_vvp_dil_0|intel_vvp_dil_0|oib|ccd_data[4]                                                                                                                   ; 0.253             ;
; u0|intel_vvp_dil_0|intel_vvp_dil_0|scheduler|iip_packet_received0.count[3]                                                           ; u0|intel_vvp_dil_0|intel_vvp_dil_0|oib|ccd_data[12]                                                                                                                  ; 0.250             ;
; u0|intel_vvp_adv_tpg_0|intel_vvp_adv_tpg_0|scheduler|tpg_core_cmd_gen[1].core_cmd_master_inst|pipe_bridge_inst|tdata_reg[48]         ; u0|intel_vvp_adv_tpg_0|intel_vvp_adv_tpg_0|scheduler|tpg_core_cmd_gen[1].core_cmd_master_inst|pipe_bridge_inst|axi_st_dout_tdata[48]                                 ; 0.250             ;
; u0|intel_vvp_dil_0|intel_vvp_dil_0|duplicator|output_gen[1].dout_data[15]                                                            ; u0|intel_vvp_dil_0|intel_vvp_dil_0|line_buffer|resend_inst|line_buffer_l0_ram_inst|write_data_pipe[15]                                                               ; 0.249             ;
; u0|intel_vvp_dil_0|intel_vvp_dil_0|line_buffer|resend_inst|read_space_minus_safety[11]                                               ; u0|intel_vvp_dil_0|intel_vvp_dil_0|line_buffer|resend_inst|read_has_data                                                                                             ; 0.249             ;
; u0|intel_vvp_dil_0|intel_vvp_dil_0|line_buffer|resend_inst|line_buffer_l0_ram_inst|write_data_pipe[0]                                ; u0|intel_vvp_dil_0|intel_vvp_dil_0|line_buffer|resend_inst|line_buffer_l0_ram_inst|ram_gen[0].line_buffer_l0_ram_inst|auto_generated|altsyncram1|ram_block2a0~reg0   ; 0.248             ;
; u0|intel_vvp_dil_0|intel_vvp_dil_0|duplicator|output_gen[1].dout_data[22]                                                            ; u0|intel_vvp_dil_0|intel_vvp_dil_0|line_buffer|resend_inst|line_buffer_l0_ram_inst|write_data_pipe[22]                                                               ; 0.245             ;
; u0|intel_vvp_dil_0|intel_vvp_dil_0|duplicator|output_gen[1].dout_data[17]                                                            ; u0|intel_vvp_dil_0|intel_vvp_dil_0|line_buffer|resend_inst|line_buffer_l0_ram_inst|write_data_pipe[17]                                                               ; 0.245             ;
; u0|intel_vvp_dil_0|intel_vvp_dil_0|line_buffer|resend_inst|line_buffer_main_ram_inst|write_data_pipe[19]                             ; u0|intel_vvp_dil_0|intel_vvp_dil_0|line_buffer|resend_inst|line_buffer_main_ram_inst|ram_gen[1].line_buffer_l0_ram_inst|auto_generated|altsyncram1|ram_block2a9~reg0 ; 0.242             ;
; u0|intel_vvp_dil_0|intel_vvp_dil_0|duplicator|output_gen[1].dout_data[7]                                                             ; u0|intel_vvp_dil_0|intel_vvp_dil_0|line_buffer|resend_inst|line_buffer_l0_ram_inst|write_data_pipe[7]                                                                ; 0.242             ;
; u0|intel_vvp_dil_0|intel_vvp_dil_0|duplicator|output_gen[1].dout_data[18]                                                            ; u0|intel_vvp_dil_0|intel_vvp_dil_0|line_buffer|resend_inst|line_buffer_l0_ram_inst|write_data_pipe[18]                                                               ; 0.238             ;
; u0|intel_vvp_dil_0|intel_vvp_dil_0|scheduler|iip_packet_received0.count[4]                                                           ; u0|intel_vvp_dil_0|intel_vvp_dil_0|oib|ccd_data[13]                                                                                                                  ; 0.238             ;
; u0|intel_vvp_dil_0|intel_vvp_dil_0|duplicator|output_gen[1].dout_data[9]                                                             ; u0|intel_vvp_dil_0|intel_vvp_dil_0|line_buffer|resend_inst|line_buffer_l0_ram_inst|write_data_pipe[9]                                                                ; 0.238             ;
; u0|intel_vvp_dil_0|intel_vvp_dil_0|mux|data_mux_inst|intermediate_results[0][0][18]                                                  ; u0|intel_vvp_dil_0|intel_vvp_dil_0|oib|ccd_data[18]                                                                                                                  ; 0.238             ;
; u0|intel_vvp_dil_0|intel_vvp_dil_0|line_buffer|resend_inst|read_ignore_pointer                                                       ; u0|intel_vvp_dil_0|intel_vvp_dil_0|line_buffer|resend_inst|read_has_data                                                                                             ; 0.238             ;
; u0|intel_vvp_dil_0|intel_vvp_dil_0|line_buffer|resend_inst|line_buffer_l0_ram_inst|write_data_pipe[21]                               ; u0|intel_vvp_dil_0|intel_vvp_dil_0|line_buffer|resend_inst|line_buffer_l0_ram_inst|ram_gen[2].line_buffer_l0_ram_inst|auto_generated|altsyncram1|ram_block2a1~reg0   ; 0.238             ;
; u0|intel_vvp_dil_0|intel_vvp_dil_0|line_buffer|resend_inst|valid_delay[1]                                                            ; u0|intel_vvp_dil_0|intel_vvp_dil_0|line_buffer|resend_inst|dout_valid                                                                                                ; 0.237             ;
; u0|intel_vvp_dil_0|intel_vvp_dil_0|duplicator|output_gen[1].dout_data[20]                                                            ; u0|intel_vvp_dil_0|intel_vvp_dil_0|line_buffer|resend_inst|line_buffer_l0_ram_inst|write_data_pipe[20]                                                               ; 0.237             ;
; u0|intel_vvp_dil_0|intel_vvp_dil_0|duplicator|output_gen[1].dout_data[5]                                                             ; u0|intel_vvp_dil_0|intel_vvp_dil_0|line_buffer|resend_inst|line_buffer_l0_ram_inst|write_data_pipe[5]                                                                ; 0.237             ;
; u0|intel_vvp_adv_tpg_0|intel_vvp_adv_tpg_0|mixer_inst_0|dp_inst|valid_pipe_delay[1]                                                  ; u0|intel_vvp_adv_tpg_0|intel_vvp_adv_tpg_0|mixer_inst_0|dp_inst|valid_pipe_delay[2]                                                                                  ; 0.234             ;
; u0|intel_vvp_dil_0|intel_vvp_dil_0|algo_comp|valid_pipeline[0]                                                                       ; u0|intel_vvp_dil_0|intel_vvp_dil_0|algo_comp|dout_valid                                                                                                              ; 0.234             ;
; u0|intel_vvp_dil_0|intel_vvp_dil_0|duplicator|output_gen[1].dout_data[4]                                                             ; u0|intel_vvp_dil_0|intel_vvp_dil_0|line_buffer|resend_inst|line_buffer_l0_ram_inst|write_data_pipe[4]                                                                ; 0.233             ;
; u0|intel_vvp_dil_0|intel_vvp_dil_0|line_buffer|resend_inst|write_ignore_pointer                                                      ; u0|intel_vvp_dil_0|intel_vvp_dil_0|line_buffer|resend_inst|write_has_space                                                                                           ; 0.233             ;
; u0|intel_vvp_dil_0|intel_vvp_dil_0|duplicator|output_gen[1].dout_data[3]                                                             ; u0|intel_vvp_dil_0|intel_vvp_dil_0|line_buffer|resend_inst|line_buffer_l0_ram_inst|write_data_pipe[3]                                                                ; 0.231             ;
; u0|intel_vvp_adv_tpg_0|intel_vvp_adv_tpg_0|mixer_inst_0|dp_inst|valid_pipe_delay[2]                                                  ; u0|intel_vvp_adv_tpg_0|intel_vvp_adv_tpg_0|mixer_inst_0|dp_inst|dout_valid                                                                                           ; 0.231             ;
; u0|intel_vvp_dil_0|intel_vvp_dil_0|duplicator|output_gen[1].dout_data[16]                                                            ; u0|intel_vvp_dil_0|intel_vvp_dil_0|line_buffer|resend_inst|line_buffer_l0_ram_inst|write_data_pipe[16]                                                               ; 0.230             ;
; u0|intel_vvp_dil_0|intel_vvp_dil_0|duplicator|output_gen[1].dout_data[10]                                                            ; u0|intel_vvp_dil_0|intel_vvp_dil_0|line_buffer|resend_inst|line_buffer_l0_ram_inst|write_data_pipe[10]                                                               ; 0.230             ;
; u0|intel_vvp_dil_0|intel_vvp_dil_0|line_buffer|resend_inst|line_buffer_main_ram_inst|write_data_pipe[13]                             ; u0|intel_vvp_dil_0|intel_vvp_dil_0|line_buffer|resend_inst|line_buffer_main_ram_inst|ram_gen[1].line_buffer_l0_ram_inst|auto_generated|altsyncram1|ram_block2a3~reg0 ; 0.226             ;
; u0|intel_vvp_adv_tpg_0|intel_vvp_adv_tpg_0|core_inst_1|state.INIT2                                                                   ; u0|intel_vvp_adv_tpg_0|intel_vvp_adv_tpg_0|core_inst_1|state.INIT3                                                                                                   ; 0.226             ;
; u0|intel_vvp_dil_0|intel_vvp_dil_0|line_buffer|resend_inst|line_buffer_l0_ram_inst|write_data_pipe[3]                                ; u0|intel_vvp_dil_0|intel_vvp_dil_0|line_buffer|resend_inst|line_buffer_l0_ram_inst|ram_gen[0].line_buffer_l0_ram_inst|auto_generated|altsyncram1|ram_block2a3~reg0   ; 0.223             ;
; u0|intel_vvp_dil_0|intel_vvp_dil_0|line_buffer|resend_inst|last_delay[1]                                                             ; u0|intel_vvp_dil_0|intel_vvp_dil_0|line_buffer|resend_inst|dout_last                                                                                                 ; 0.223             ;
; u0|intel_vvp_adv_tpg_0|intel_vvp_adv_tpg_0|scheduler|ctrl_out_gen.internal_ctrl_data[1][15]                                          ; u0|intel_vvp_adv_tpg_0|intel_vvp_adv_tpg_0|scheduler|ctrl_out_gen.internal_ctrl_data[0][15]                                                                          ; 0.223             ;
; u0|intel_vvp_adv_tpg_0|intel_vvp_adv_tpg_0|scheduler|tpg_core_cmd_gen[1].core_cmd_master_inst|pipe_bridge_inst|axi_st_dout_tdata[49] ; u0|intel_vvp_adv_tpg_0|intel_vvp_adv_tpg_0|core_inst_1|grey_region                                                                                                   ; 0.223             ;
; u0|intel_vvp_adv_tpg_0|intel_vvp_adv_tpg_0|scheduler|tpg_core_cmd_gen[1].core_cmd_master_inst|pipe_bridge_inst|tdata_reg[47]         ; u0|intel_vvp_adv_tpg_0|intel_vvp_adv_tpg_0|scheduler|tpg_core_cmd_gen[1].core_cmd_master_inst|pipe_bridge_inst|axi_st_dout_tdata[47]                                 ; 0.222             ;
; u0|intel_vvp_dil_0|intel_vvp_dil_0|line_buffer|resend_inst|line_buffer_l0_ram_inst|write_data_pipe[17]                               ; u0|intel_vvp_dil_0|intel_vvp_dil_0|line_buffer|resend_inst|line_buffer_l0_ram_inst|ram_gen[1].line_buffer_l0_ram_inst|auto_generated|altsyncram1|ram_block2a7~reg0   ; 0.222             ;
; u0|intel_vvp_dil_0|intel_vvp_dil_0|duplicator|output_gen[1].dout_data[6]                                                             ; u0|intel_vvp_dil_0|intel_vvp_dil_0|line_buffer|resend_inst|line_buffer_l0_ram_inst|write_data_pipe[6]                                                                ; 0.222             ;
; u0|intel_vvp_dil_0|intel_vvp_dil_0|duplicator|output_gen[1].dout_data[2]                                                             ; u0|intel_vvp_dil_0|intel_vvp_dil_0|line_buffer|resend_inst|line_buffer_l0_ram_inst|write_data_pipe[2]                                                                ; 0.222             ;
; u0|intel_vvp_dil_0|intel_vvp_dil_0|iib|ctrl_data[7]                                                                                  ; u0|intel_vvp_dil_0|intel_vvp_dil_0|oib|ccd_data[7]                                                                                                                   ; 0.222             ;
; u0|intel_vvp_adv_tpg_0|intel_vvp_adv_tpg_0|mixer_inst_0|dp_inst|valid_pipe_delay[0]                                                  ; u0|intel_vvp_adv_tpg_0|intel_vvp_adv_tpg_0|mixer_inst_0|dp_inst|valid_pipe_delay[1]                                                                                  ; 0.222             ;
; u0|intel_vvp_adv_tpg_0|intel_vvp_adv_tpg_0|scheduler|ctrl_out_gen.internal_ctrl_data[1][0]                                           ; u0|intel_vvp_adv_tpg_0|intel_vvp_adv_tpg_0|scheduler|ctrl_out_gen.internal_ctrl_data[0][0]                                                                           ; 0.221             ;
; u0|intel_vvp_dil_0|intel_vvp_dil_0|duplicator|output_gen[1].dout_data[11]                                                            ; u0|intel_vvp_dil_0|intel_vvp_dil_0|line_buffer|resend_inst|line_buffer_l0_ram_inst|write_data_pipe[11]                                                               ; 0.220             ;
; u0|intel_vvp_dil_0|intel_vvp_dil_0|line_buffer|resend_inst|write_state.WRITE_INIT_0                                                  ; u0|intel_vvp_dil_0|intel_vvp_dil_0|line_buffer|resend_inst|write_state.WRITE_INIT_1                                                                                  ; 0.220             ;
; u0|intel_vvp_adv_tpg_0|intel_vvp_adv_tpg_0|out_bridge|ccd_data[12]                                                                   ; u0|intel_vvp_dil_0|intel_vvp_dil_0|iib|ctrl_data[12]                                                                                                                 ; 0.220             ;
; u0|intel_vvp_dil_0|intel_vvp_dil_0|line_buffer|resend_inst|lb_enable_delay[1]                                                        ; u0|intel_vvp_dil_0|intel_vvp_dil_0|line_buffer|resend_inst|line_buffer_main_ram_inst|write_enable_pipe                                                               ; 0.219             ;
; u0|intel_vvp_dil_0|intel_vvp_dil_0|line_buffer|resend_inst|line_buffer_l0_ram_inst|write_data_pipe[1]                                ; u0|intel_vvp_dil_0|intel_vvp_dil_0|line_buffer|resend_inst|line_buffer_l0_ram_inst|ram_gen[0].line_buffer_l0_ram_inst|auto_generated|altsyncram1|ram_block2a1~reg0   ; 0.219             ;
; u0|intel_vvp_adv_tpg_0|intel_vvp_adv_tpg_0|core_inst_0|bar_remainder_gt_zero                                                         ; u0|intel_vvp_adv_tpg_0|intel_vvp_adv_tpg_0|core_inst_0|next_bar_width[1]                                                                                             ; 0.219             ;
; u0|intel_vvp_dil_0|intel_vvp_dil_0|scheduler|iip_packet_received0.packet_type[1]                                                     ; u0|intel_vvp_dil_0|intel_vvp_dil_0|oib|ccd_data[1]                                                                                                                   ; 0.219             ;
; u0|intel_vvp_adv_tpg_0|intel_vvp_adv_tpg_0|core_inst_0|pure_user_out[0]                                                              ; u0|intel_vvp_adv_tpg_0|intel_vvp_adv_tpg_0|mixer_inst_0|dp_inst|user_pipe_delay[0][0]                                                                                ; 0.218             ;
; u0|intel_vvp_dil_0|intel_vvp_dil_0|line_buffer|resend_inst|do_send                                                                   ; u0|intel_vvp_dil_0|intel_vvp_dil_0|line_buffer|resend_inst|valid_delay[0]                                                                                            ; 0.218             ;
; u0|intel_vvp_adv_tpg_0|intel_vvp_adv_tpg_0|scheduler|tpg_core_cmd_gen[1].core_cmd_master_inst|pipe_bridge_inst|tdata_reg[43]         ; u0|intel_vvp_adv_tpg_0|intel_vvp_adv_tpg_0|scheduler|tpg_core_cmd_gen[1].core_cmd_master_inst|pipe_bridge_inst|axi_st_dout_tdata[43]                                 ; 0.218             ;
; u0|intel_vvp_adv_tpg_0|intel_vvp_adv_tpg_0|mixer_inst_0|dp_inst|user_pipe_delay[2][0]                                                ; u0|intel_vvp_adv_tpg_0|intel_vvp_adv_tpg_0|mixer_inst_0|dp_inst|dout_user[0]                                                                                         ; 0.216             ;
; u0|intel_vvp_adv_tpg_0|intel_vvp_adv_tpg_0|core_inst_0|state.INIT2                                                                   ; u0|intel_vvp_adv_tpg_0|intel_vvp_adv_tpg_0|core_inst_0|state.INIT3                                                                                                   ; 0.216             ;
; u0|intel_vvp_adv_tpg_0|intel_vvp_adv_tpg_0|scheduler|tpg_core_cmd_gen[1].core_cmd_master_inst|pipe_bridge_inst|axi_st_dout_tdata[48] ; u0|intel_vvp_adv_tpg_0|intel_vvp_adv_tpg_0|core_inst_1|colour_region                                                                                                 ; 0.216             ;
; u0|intel_vvp_dil_0|intel_vvp_dil_0|line_buffer|resend_inst|line_buffer_l0_ram_inst|write_data_pipe[7]                                ; u0|intel_vvp_dil_0|intel_vvp_dil_0|line_buffer|resend_inst|line_buffer_l0_ram_inst|ram_gen[0].line_buffer_l0_ram_inst|auto_generated|altsyncram1|ram_block2a7~reg0   ; 0.216             ;
; u0|intel_vvp_adv_tpg_0|intel_vvp_adv_tpg_0|scheduler|tpg_core_cmd_gen[1].core_cmd_master_inst|pipe_bridge_inst|tdata_reg[42]         ; u0|intel_vvp_adv_tpg_0|intel_vvp_adv_tpg_0|scheduler|tpg_core_cmd_gen[1].core_cmd_master_inst|pipe_bridge_inst|axi_st_dout_tdata[42]                                 ; 0.216             ;
; u0|intel_vvp_dil_0|intel_vvp_dil_0|duplicator|output_gen[1].dout_data[14]                                                            ; u0|intel_vvp_dil_0|intel_vvp_dil_0|line_buffer|resend_inst|line_buffer_l0_ram_inst|write_data_pipe[14]                                                               ; 0.215             ;
; u0|intel_vvp_dil_0|intel_vvp_dil_0|iib|dout_data[14]                                                                                 ; u0|intel_vvp_dil_0|intel_vvp_dil_0|duplicator|output_gen[0].dout_data[14]                                                                                            ; 0.215             ;
; u0|intel_vvp_dil_0|intel_vvp_dil_0|line_buffer|resend_inst|line_buffer_main_ram_inst|write_data_pipe[11]                             ; u0|intel_vvp_dil_0|intel_vvp_dil_0|line_buffer|resend_inst|line_buffer_main_ram_inst|ram_gen[1].line_buffer_l0_ram_inst|auto_generated|altsyncram1|ram_block2a1~reg0 ; 0.212             ;
; u0|intel_vvp_dil_0|intel_vvp_dil_0|mux|data_mux_inst|intermediate_results[0][0][21]                                                  ; u0|intel_vvp_dil_0|intel_vvp_dil_0|oib|ccd_data[21]                                                                                                                  ; 0.212             ;
; u0|intel_vvp_dil_0|intel_vvp_dil_0|line_buffer|resend_inst|valid_delay[0]                                                            ; u0|intel_vvp_dil_0|intel_vvp_dil_0|line_buffer|resend_inst|valid_delay[1]                                                                                            ; 0.212             ;
; u0|intel_vvp_dil_0|intel_vvp_dil_0|duplicator|output_gen[1].dout_data[19]                                                            ; u0|intel_vvp_dil_0|intel_vvp_dil_0|line_buffer|resend_inst|line_buffer_l0_ram_inst|write_data_pipe[19]                                                               ; 0.212             ;
; u0|intel_vvp_dil_0|intel_vvp_dil_0|duplicator|output_gen[1].dout_data[13]                                                            ; u0|intel_vvp_dil_0|intel_vvp_dil_0|line_buffer|resend_inst|line_buffer_l0_ram_inst|write_data_pipe[13]                                                               ; 0.212             ;
; u0|intel_vvp_adv_tpg_0|intel_vvp_adv_tpg_0|scheduler|tpg_core_cmd_gen[1].core_cmd_master_inst|pipe_bridge_inst|tdata_reg[44]         ; u0|intel_vvp_adv_tpg_0|intel_vvp_adv_tpg_0|scheduler|tpg_core_cmd_gen[1].core_cmd_master_inst|pipe_bridge_inst|axi_st_dout_tdata[44]                                 ; 0.212             ;
; u0|intel_vvp_adv_tpg_0|intel_vvp_adv_tpg_0|scheduler|tpg_core_cmd_gen[1].core_cmd_master_inst|pipe_bridge_inst|tdata_reg[45]         ; u0|intel_vvp_adv_tpg_0|intel_vvp_adv_tpg_0|scheduler|tpg_core_cmd_gen[1].core_cmd_master_inst|pipe_bridge_inst|axi_st_dout_tdata[45]                                 ; 0.212             ;
; u0|intel_vvp_dil_0|intel_vvp_dil_0|line_buffer|resend_inst|do_shift                                                                  ; u0|intel_vvp_dil_0|intel_vvp_dil_0|line_buffer|resend_inst|lb_enable_delay[0]                                                                                        ; 0.212             ;
; u0|intel_vvp_adv_tpg_0|intel_vvp_adv_tpg_0|scheduler|tpg_core_cmd_gen[1].core_cmd_master_inst|pipe_bridge_inst|tdata_reg[41]         ; u0|intel_vvp_adv_tpg_0|intel_vvp_adv_tpg_0|scheduler|tpg_core_cmd_gen[1].core_cmd_master_inst|pipe_bridge_inst|axi_st_dout_tdata[41]                                 ; 0.211             ;
; u0|intel_vvp_dil_0|intel_vvp_dil_0|scheduler|line_count[16]                                                                          ; u0|intel_vvp_dil_0|intel_vvp_dil_0|scheduler|state.INC_LINE_CNT                                                                                                      ; 0.209             ;
; u0|intel_vvp_adv_tpg_0|intel_vvp_adv_tpg_0|scheduler|ctrl_out_gen.internal_ctrl_data[1][6]                                           ; u0|intel_vvp_adv_tpg_0|intel_vvp_adv_tpg_0|scheduler|ctrl_out_gen.internal_ctrl_data[0][6]                                                                           ; 0.208             ;
; u0|intel_vvp_adv_tpg_0|intel_vvp_adv_tpg_0|scheduler|tpg_core_cmd_gen[1].core_cmd_master_inst|pipe_bridge_inst|tdata_reg[36]         ; u0|intel_vvp_adv_tpg_0|intel_vvp_adv_tpg_0|scheduler|tpg_core_cmd_gen[1].core_cmd_master_inst|pipe_bridge_inst|axi_st_dout_tdata[36]                                 ; 0.208             ;
; u0|intel_vvp_adv_tpg_0|intel_vvp_adv_tpg_0|core_inst_1|bar_remainder_gt_zero                                                         ; u0|intel_vvp_adv_tpg_0|intel_vvp_adv_tpg_0|core_inst_1|next_bar_width[1]                                                                                             ; 0.208             ;
; u0|intel_vvp_adv_tpg_0|intel_vvp_adv_tpg_0|scheduler|ctrl_out_gen.internal_ctrl_data[1][14]                                          ; u0|intel_vvp_adv_tpg_0|intel_vvp_adv_tpg_0|scheduler|ctrl_out_gen.internal_ctrl_data[0][14]                                                                          ; 0.204             ;
; u0|intel_vvp_adv_tpg_0|intel_vvp_adv_tpg_0|mixer_inst_0|dp_inst|user_pipe_delay[0][0]                                                ; u0|intel_vvp_adv_tpg_0|intel_vvp_adv_tpg_0|mixer_inst_0|dp_inst|user_pipe_delay[1][0]                                                                                ; 0.204             ;
; u0|intel_vvp_adv_tpg_0|intel_vvp_adv_tpg_0|scheduler|ctrl_out_gen.internal_ctrl_data[1][8]                                           ; u0|intel_vvp_adv_tpg_0|intel_vvp_adv_tpg_0|scheduler|ctrl_out_gen.internal_ctrl_data[0][8]                                                                           ; 0.204             ;
; u0|intel_vvp_dil_0|intel_vvp_dil_0|scheduler|line_buffer_op_code[2]                                                                  ; u0|intel_vvp_dil_0|intel_vvp_dil_0|line_buffer|resend_inst|write_state.WRITE_IDLE                                                                                    ; 0.203             ;
; u0|intel_vvp_dil_0|intel_vvp_dil_0|line_buffer|resend_inst|user_delay[0][0]                                                          ; u0|intel_vvp_dil_0|intel_vvp_dil_0|line_buffer|resend_inst|user_delay[1][0]                                                                                          ; 0.203             ;
; u0|intel_vvp_dil_0|intel_vvp_dil_0|line_buffer|resend_inst|write_state.WRITE_INIT_1                                                  ; u0|intel_vvp_dil_0|intel_vvp_dil_0|line_buffer|resend_inst|write_state.WRITE_WAIT_SPACE                                                                              ; 0.201             ;
; u0|intel_vvp_adv_tpg_0|intel_vvp_adv_tpg_0|mixer_inst_0|dp_inst|user_pipe_delay[1][0]                                                ; u0|intel_vvp_adv_tpg_0|intel_vvp_adv_tpg_0|mixer_inst_0|dp_inst|user_pipe_delay[2][0]                                                                                ; 0.200             ;
; u0|intel_vvp_adv_tpg_0|intel_vvp_adv_tpg_0|scheduler|tpg_core_cmd_gen[0].core_cmd_master_inst|pipe_bridge_inst|tdata_reg[33]         ; u0|intel_vvp_adv_tpg_0|intel_vvp_adv_tpg_0|scheduler|tpg_core_cmd_gen[0].core_cmd_master_inst|pipe_bridge_inst|axi_st_dout_tdata[1]                                  ; 0.198             ;
; u0|intel_vvp_dil_0|intel_vvp_dil_0|iib|dout_data[12]                                                                                 ; u0|intel_vvp_dil_0|intel_vvp_dil_0|duplicator|output_gen[0].dout_data[12]                                                                                            ; 0.197             ;
; u0|intel_vvp_adv_tpg_0|intel_vvp_adv_tpg_0|scheduler|tpg_core_cmd_gen[1].core_cmd_master_inst|pipe_bridge_inst|tdata_reg[1]          ; u0|intel_vvp_adv_tpg_0|intel_vvp_adv_tpg_0|scheduler|tpg_core_cmd_gen[1].core_cmd_master_inst|pipe_bridge_inst|axi_st_dout_tdata[10]                                 ; 0.197             ;
; u0|intel_vvp_dil_0|intel_vvp_dil_0|mux|data_mux_inst|intermediate_results[0][0][16]                                                  ; u0|intel_vvp_dil_0|intel_vvp_dil_0|oib|ccd_data[16]                                                                                                                  ; 0.197             ;
+--------------------------------------------------------------------------------------------------------------------------------------+----------------------------------------------------------------------------------------------------------------------------------------------------------------------+-------------------+
Note: This table only shows the top 100 path(s) that have the largest delay added for hold.


+-------------------------------------------------------------------------------+
; Fitter HSLP Summary                                                           ;
+--------------------------------------------------------+---------------+------+
; Resource                                               ; Usage         ; %    ;
+--------------------------------------------------------+---------------+------+
;                                                        ;               ;      ;
; Programmable power technology high-speed tiles         ; 59 / 3,531    ; 2 %  ;
; Programmable power technology low-power tiles          ; 3,472 / 3,531 ; 98 % ;
;     -- low-power tiles that are used by the design     ; 82 / 3,472    ; 2 %  ;
;     -- unused tiles (low-power)                        ; 3,390 / 3,472 ; 98 % ;
;                                                        ;               ;      ;
; Programmable power technology high-speed LAB tiles     ; 50 / 2,642    ; 2 %  ;
; Programmable power technology low-power LAB tiles      ; 2,592 / 2,642 ; 98 % ;
;     -- low-power LAB tiles that are used by the design ; 81 / 2,592    ; 3 %  ;
;     -- unused LAB tiles (low-power)                    ; 2,511 / 2,592 ; 97 % ;
;                                                        ;               ;      ;
+--------------------------------------------------------+---------------+------+


+-----------------+
; Fitter Messages ;
+-----------------+
Can't read Quartus Prime message file /mnt/ssd2/Faruqi/qdb/_compiler/example_proj/_flat/25.1.1/legacy/1/example_proj.fit.plan.header.qmsgdb.
Make sure the file exists and is up to date, and you have permission to read and write the file.
Info (16677): Loading synthesized database.
Info (16734): Loading "synthesized" snapshot for partition "root_partition".
Info (16678): Successfully loaded synthesized database: elapsed time is 00:00:04.
Info (119006): Selected device 10CX220YF672E5G for design "example_proj"
Info (21077): Low junction temperature is 0 degrees C
Info (21077): High junction temperature is 100 degrees C
Info (171003): Fitter is performing an Auto Fit compilation, which may decrease Fitter effort to reduce compilation time
Info (12262): Starting Fitter periphery placement operations
Info (12290): Loading the periphery placement data.
Info (12291): Periphery placement data loaded: elapsed time is 00:00:06
Info (12627): Pin ~ALTERA_DATA0~ is reserved at location AE5
Warning (25315): Some pins are missing drive strength (current strength) and/or slew rate assignments. Refer to the I/O Assignment Warnings report for details.
Critical Warning (15714): Some pins are missing I/O Standard assignments. Refer to the I/O Assignment Warnings report for details.
Critical Warning (12677): No exact pin location assignment(s) for 32 pins of 32 total pins. For the list of pins please refer to the I/O Assignment Warnings table in the fitter report
Info (16210): Plan updated with currently enabled project assignments.
Info (12295): Periphery placement of all unplaced cells complete: elapsed time is 00:00:00
Critical Warning (17951): There are 10 unused RX channels in the design.
    Info (19540): Add the QSF assignment 'set_instance_assignment -name PRESERVE_UNUSED_XCVR_CHANNEL ON -to <pin_name>' for each unused channel that will be used in future.
    Info (19541): The above QSF assignment will preserve the performance of specified channels over time, and works only if the design uses at least 1 transceiver channel.
Critical Warning (18655): There are 10 unused TX channels in the design.
    Info (19540): Add the QSF assignment 'set_instance_assignment -name PRESERVE_UNUSED_XCVR_CHANNEL ON -to <pin_name>' for each unused channel that will be used in future.
    Info (19541): The above QSF assignment will preserve the performance of specified channels over time, and works only if the design uses at least 1 transceiver channel.
Info (11191): Automatically promoted 1 clock (1 global)
    Info (13173): clk~inputCLKENA0 (1365 fanout) drives Global Clock Region, with the buffer placed at CLKCTRL_3A_G_I23
Info (332164): Evaluating HDL-embedded SDC commands
    Info (332165): Entity intel_vvp_reset_sync
        Info (332166): set_false_path -to [get_registers {*intel_vvp_reset_sync*reset_sync[0]}]
Info (19539): Reading the HDL-embedded SDC files elapsed 00:00:00.
Info (18794): Reading SDC File: 'pl_sys/altera_reset_controller_1924/synth/altera_reset_controller.sdc' for instance: 'u0|rst_controller'
Info (19449): Reading SDC files elapsed 00:00:00.
Info (23800): Derived clock name suffix defaults to '~derived'.
Info (332144): No user constrained base clocks found in the design. They will be automatically derived.
Info (332143): No user constrained clock uncertainty found in the design. Calling "derive_clock_uncertainty"
Info (332123): Deriving Clock Uncertainty. Please refer to report_sdc in the Timing Analyzer to see clock uncertainties.
Info (332129): Detected timing requirements -- optimizing circuit to achieve only the specified requirements
Info (332111): Found 1 clocks
    Info (332111):   Period   Clock Name
    Info (332111): ======== ============
    Info (332111):    1.000  clk~derived
Info (176233): Starting register packing
Info (176235): Finished register packing
    Extra Info (176218): Packed 231 registers into blocks of type DSP block
Info (20273): Intermediate fitter snapshots will not be committed because ENABLE_INTERMEDIATE_SNAPSHOTS QSF assignment is disabled during compilation.
Info (12517): Periphery placement operations ending: elapsed time is 00:00:24
Info (11165): Fitter preparation operations ending: elapsed time is 00:00:19
Info (22300): Design uses Placement Effort Multiplier = 1.0.
Info (170189): Fitter placement preparation operations beginning
Info (25141): The Fitter is using Advanced Physical Optimization.
Info (170190): Fitter placement preparation operations ending: elapsed time is 00:00:04
Info (25133): Total time spent on timing analysis during Global Placement is 0.13 seconds.
Info (22300): Design uses Placement Effort Multiplier = 1.0.
Info (170189): Fitter placement preparation operations beginning
Info (170190): Fitter placement preparation operations ending: elapsed time is 00:00:02
Info (170191): Fitter placement operations beginning
Info (170137): Fitter placement was successful
Info (170192): Fitter placement operations ending: elapsed time is 00:00:09
Info (25133): Total time spent on timing analysis during Placement is 0.01 seconds.
Info (22300): Design uses Placement Effort Multiplier = 1.0.
Info (170193): Fitter routing operations beginning
Info (170202): The Fitter performed an Auto Fit compilation.  No optimizations were skipped because the design's timing and routability requirements required full optimization.
Info (25133): Total time spent on timing analysis during Routing is 0.29 seconds.
Info (16607): Fitter routing operations ending: elapsed time is 00:00:19
Info (22300): Design uses Placement Effort Multiplier = 1.0.
Info (25133): Total time spent on timing analysis during Post-Routing is 0.00 seconds.
Info (16557): Fitter post-fit operations ending: elapsed time is 00:00:10
Info (20274): Successfully committed final database.
Info: Quartus Prime Fitter was successful. 0 errors, 5 warnings
    Info: Peak virtual memory: 5573 megabytes
    Info: Processing ended: Wed Apr 29 17:59:46 2026
    Info: Elapsed time: 00:01:36
    Info: System process ID: 581023
Info (19538): Reading SDC files took 00:00:01 cumulatively in this process.


